"filtered_node","original_node","borough","hour1","hour2","alpha_hat_1","alpha_hat_2","diff","se","z_stat","p_value","q_value_bh"
1,1,"Manhattan","08:00-09:00","18:00-19:00",-2.42333348250733,-3.14697226834896,0.723638785841633,0.662442426646625,1.09237989104169,0.274666157970547,0.657751234740964
2,2,"Manhattan","08:00-09:00","18:00-19:00",-3.20366558065782,-3.98336621892508,0.779700638267258,0.833649714888986,0.935285677355613,0.34964109450649,0.728191639071251
3,3,"Manhattan","08:00-09:00","18:00-19:00",-4.27061505898971,-4.41153051431755,0.140915455327847,1.35165448121556,0.10425405108051,0.916967741063374,0.985792345988022
4,4,"Brooklyn","08:00-09:00","18:00-19:00",-5.36193433827402,-3.06764622773426,-2.29428811053975,1.43796761843633,-1.59550749344036,0.110598795657048,0.434362867859804
5,5,"Manhattan","08:00-09:00","18:00-19:00",-1.94486806396989,-2.62459435677059,0.679726292800701,0.528964346501965,1.28501343671974,0.198787588651592,0.578207008802313
6,7,"Brooklyn","08:00-09:00","18:00-19:00",-6.79523229333668,-6.27137541361353,-0.523856879723152,1.79368979291824,-0.292055450051295,0.77024422809022,0.963483125545555
7,8,"Manhattan","08:00-09:00","18:00-19:00",-2.96907844975427,-3.00561858299202,0.0365401332377506,0.623798129037529,0.0585768560962649,0.953289145181756,0.994417061549103
8,9,"Manhattan","08:00-09:00","18:00-19:00",-1.79297143395025,-1.44663203643607,-0.346339397514177,0.457151440612551,-0.757603207046895,0.448688559695946,0.798552044218355
9,10,"Brooklyn","08:00-09:00","18:00-19:00",-2.977890239292,-3.41877151168807,0.440881272396065,0.942340750753925,0.467857589776666,0.639886433658646,0.929738123656699
10,11,"Brooklyn","08:00-09:00","18:00-19:00",-2.1186684966215,-4.99810630791398,2.87943781129248,1.43165581841457,2.01126400232229,0.0442975786409153,0.234144344244838
11,12,"Manhattan","08:00-09:00","18:00-19:00",-2.44847922723463,-3.35635111004888,0.907871882814249,0.716238869123612,1.26755461334446,0.204957048791923,0.588293211019549
12,13,"Manhattan","08:00-09:00","18:00-19:00",-1.86925559881521,-3.65886820675378,1.78961260793857,0.668731869549614,2.67612878857391,0.00744780194132532,0.0784442950572038
13,14,"Manhattan","08:00-09:00","18:00-19:00",-0.385176043066655,-1.50654394639843,1.12136790333178,0.361625696556392,3.10090768994042,0.00192928424560018,0.0376746340182479
14,15,"Brooklyn","08:00-09:00","18:00-19:00",-4.56322272544981,-3.09196552332768,-1.47125720212213,1.11431286445711,-1.32032685707072,0.186725912422533,0.554977018274375
15,16,"Manhattan","08:00-09:00","18:00-19:00",-2.7882324066646,-2.28454916833253,-0.503683238332067,0.69647560991384,-0.723188624500973,0.469564006629799,0.811609934031128
16,17,"Manhattan","08:00-09:00","18:00-19:00",-0.202859974932723,-0.944755728177387,0.741895753244664,0.328164899008322,2.26074072969593,0.0237753167525533,0.154759700713379
17,18,"Manhattan","08:00-09:00","18:00-19:00",-0.231562330564997,-1.72583816805359,1.49427583748859,0.430784458842946,3.46873199999393,0.000522920811201277,0.0159831882728042
18,19,"Manhattan","08:00-09:00","18:00-19:00",-1.08785820723481,-2.19932003385232,1.11146182661751,0.433996243582001,2.56099411700899,0.0104373123585963,0.096545139317016
19,20,"Manhattan","08:00-09:00","18:00-19:00",-2.14406003675474,-2.61885761101425,0.474797574259506,0.528338386133247,0.898661893061395,0.368832780481606,0.744093982358193
20,21,"Manhattan","08:00-09:00","18:00-19:00",-1.09454829123226,-2.488677736963,1.39412944573073,0.666180421666926,2.09272053093713,0.036374109406069,0.198525886598424
21,22,"Manhattan","08:00-09:00","18:00-19:00",-1.78029801155953,-4.76138772331194,2.98108971175241,0.86744840112093,3.43661906333587,0.000589023399919798,0.0172534770893174
22,23,"Manhattan","08:00-09:00","18:00-19:00",-3.53324420904334,-3.14006178771391,-0.393182421329439,0.665736402165651,-0.590597750176211,0.55478997269069,0.869072407534132
23,24,"Brooklyn","08:00-09:00","18:00-19:00",-6.42691428641239,-3.06320763987881,-3.36370664653358,1.73933104811681,-1.93390824028324,0.0531244107987626,0.269132637737104
24,25,"Brooklyn","08:00-09:00","18:00-19:00",-5.02697008565957,-1.00227991192864,-4.02469017373093,0.936969299514325,-4.29543441371784,1.74351579215163e-05,0.00153211450235325
25,26,"Manhattan","08:00-09:00","18:00-19:00",-4.0218754932302,-2.59698995356705,-1.42488553966316,0.728410042220218,-1.95615856052733,0.0504464784271109,0.260763781869551
26,27,"Manhattan","08:00-09:00","18:00-19:00",-3.67029392561501,-3.78960202221349,0.119308096598475,1.09908959770659,0.108551747598584,0.913558034336742,0.985792345988022
27,28,"Manhattan","08:00-09:00","18:00-19:00",-2.43611005166878,-1.4355624052306,-1.00054764643817,0.517565616359717,-1.93318028634804,0.0532139923832965,0.269132637737104
28,29,"Manhattan","08:00-09:00","18:00-19:00",-0.897002925613466,-1.83452521388349,0.93752228827002,0.430064427893595,2.17995776321677,0.0292605925323319,0.171418304585244
29,30,"Manhattan","08:00-09:00","18:00-19:00",-1.20525557590138,-1.44585164665161,0.240596070750234,0.449177612851562,0.535636825759932,0.592209572471774,0.888262469516615
30,31,"Manhattan","08:00-09:00","18:00-19:00",-3.0938213060751,-1.46797853771391,-1.62584276836119,0.685894829429567,-2.37039659522342,0.0177690135739493,0.133935188876083
31,32,"Manhattan","08:00-09:00","18:00-19:00",-3.62036103308998,-3.41438390640762,-0.20597712668236,0.930100463310246,-0.221456858487397,0.824736724569903,0.963483125545555
32,33,"Brooklyn","08:00-09:00","18:00-19:00",-7.27702836002146,-2.47929353084542,-4.79773482917604,1.08645416650189,-4.41595695161587,1.00564097979208e-05,0.00117827601465639
33,34,"Brooklyn","08:00-09:00","18:00-19:00",-4.63338997231631,-4.04114703655526,-0.592242935761047,1.29306782821933,-0.458013820184992,0.646942512328204,0.929738123656699
34,35,"Brooklyn","08:00-09:00","18:00-19:00",-6.21444821678538,-2.24341288550868,-3.9710353312767,2.06631986777958,-1.92179119660882,0.0546320364961184,0.274330868976937
35,36,"Brooklyn","08:00-09:00","18:00-19:00",-5.53921489027686,-4.55432320796453,-0.984891682312333,1.33133668246173,-0.739776568381789,0.459435579054128,0.80544441913978
36,37,"Brooklyn","08:00-09:00","18:00-19:00",-4.42108223542635,-3.73676214370441,-0.684320091721947,1.0535006032095,-0.649567821448945,0.515971424270322,0.854013429895327
37,38,"Brooklyn","08:00-09:00","18:00-19:00",-6.221262488291,-3.99494455809276,-2.22631793019823,1.53363956526801,-1.45165655647986,0.146597124572179,0.494666967720186
38,39,"Manhattan","08:00-09:00","18:00-19:00",-2.97799954174573,-3.45348330869213,0.475483766946403,0.773682598689113,0.614572135591569,0.538837320866689,0.865753708929015
39,40,"Manhattan","08:00-09:00","18:00-19:00",-4.94706662229346,-2.55045960047667,-2.39660702181679,1.03023494985077,-2.32627229561949,0.0200040290078458,0.146487837422037
40,41,"Manhattan","08:00-09:00","18:00-19:00",-2.11981181772924,-2.68385387440792,0.564042056678687,0.682674969483537,0.826223432661375,0.408677358056154,0.766133820569271
41,42,"Manhattan","08:00-09:00","18:00-19:00",-1.84633978722743,-2.14825386697482,0.301914079747389,0.572219344646646,0.52761949167207,0.597763461649661,0.89220321346011
42,43,"Manhattan","08:00-09:00","18:00-19:00",-3.56446421454951,-2.21825976401216,-1.34620445053735,0.7938014567132,-1.69589566654541,0.0899056404873939,0.392569349457378
43,44,"Manhattan","08:00-09:00","18:00-19:00",-2.97559263925738,-2.79955980800987,-0.17603283124751,0.734599469042759,-0.239631035231885,0.810616303011691,0.963483125545555
44,45,"Manhattan","08:00-09:00","18:00-19:00",-2.06810955956546,-1.96400775516251,-0.104101804402955,0.51009019383489,-0.204085092521209,0.838287003620344,0.963483125545555
45,46,"Brooklyn","08:00-09:00","18:00-19:00",-6.81239639914403,-1.73693842273913,-5.0754579764049,2.21805872851853,-2.28824327829898,0.0221233576734235,0.15247765141585
46,47,"Manhattan","08:00-09:00","18:00-19:00",-1.32661900582476,-1.98388268377297,0.657263677948211,0.540262752099313,1.21656300641542,0.223770525033263,0.611818077000558
47,48,"Manhattan","08:00-09:00","18:00-19:00",-3.04084749944004,-4.68167592912703,1.64082842968699,1.36670213666798,1.20057500874867,0.229916100122689,0.614566609833653
48,49,"Brooklyn","08:00-09:00","18:00-19:00",-4.70325796837063,-2.75140549149379,-1.95185247687684,1.21371692162984,-1.60816121295878,0.107799875592717,0.430587003077726
49,50,"Brooklyn","08:00-09:00","18:00-19:00",-5.89128841721725,-5.00521574375374,-0.886072673463518,1.54923212603129,-0.571943131423046,0.567360502290921,0.874945947843775
50,51,"Manhattan","08:00-09:00","18:00-19:00",-2.17293765354356,-2.33403284342516,0.161095189881597,0.654698380823831,0.246060162358864,0.805635660937862,0.963483125545555
51,52,"Manhattan","08:00-09:00","18:00-19:00",-1.93871462777085,-1.72145677488473,-0.217257852886116,0.547637547364095,-0.396718329361871,0.691575182157526,0.940381727382477
52,53,"Manhattan","08:00-09:00","18:00-19:00",-1.54071996226574,-3.72543589664376,2.18471593437802,0.722424291837228,3.02414517211482,0.00249336762192328,0.0473739848165424
53,54,"Manhattan","08:00-09:00","18:00-19:00",-2.08747898914633,-3.55135019197674,1.46387120283041,0.812774708609909,1.80107868431841,0.0716904789103001,0.331568464960138
54,55,"Manhattan","08:00-09:00","18:00-19:00",-1.76042764265933,-2.23212775609311,0.471700113433777,0.620125582680613,0.760652562332233,0.446864615864619,0.798552044218355
55,56,"Brooklyn","08:00-09:00","18:00-19:00",-7.13413316594742,-2.4804439187894,-4.65368924715803,1.16592032762288,-3.99142989182299,6.56761046135142e-05,0.00384752512860837
56,57,"Brooklyn","08:00-09:00","18:00-19:00",-3.87287543186691,-4.19239246522221,0.319517033355301,1.19396921246806,0.267609105845221,0.789000221091853,0.963483125545555
57,58,"Brooklyn","08:00-09:00","18:00-19:00",-5.92468641119067,-4.79693697762283,-1.12774943356784,1.7959572549421,-0.627937792207754,0.530044692457603,0.856600962753322
58,59,"Manhattan","08:00-09:00","18:00-19:00",-1.97777949384628,-3.64885852848878,1.6710790346425,0.78745717271095,2.12212053245962,0.0338276175960513,0.190246521360192
59,60,"Brooklyn","08:00-09:00","18:00-19:00",-3.17374390508756,-3.31365105437658,0.139907149289026,1.08298864666769,0.129186164342086,0.897210343724427,0.982128618149372
60,61,"Manhattan","08:00-09:00","18:00-19:00",-3.06125898691983,-3.08979015851756,0.0285311715977303,0.83453484507719,0.0341881130141323,0.972727145441627,0.994417061549103
61,62,"Manhattan","08:00-09:00","18:00-19:00",-2.27713209112919,-2.60816877030874,0.331036679179555,0.725479314673475,0.456300644944713,0.648173800231349,0.929738123656699
62,63,"Manhattan","08:00-09:00","18:00-19:00",-3.13451049065849,-4.4355194858481,1.30100899518961,0.583784038011901,2.22857925273231,0.0258419127634021,0.16220414886314
63,64,"Brooklyn","08:00-09:00","18:00-19:00",-1.46760911545561,-3.9289870215511,2.46137790609549,0.769233890158023,3.19977829576627,0.00137533337579795,0.0302143550995613
64,65,"Manhattan","08:00-09:00","18:00-19:00",-3.04117644244273,-1.64355642598326,-1.39762001645947,0.500527633511912,-2.79229341775435,0.0052335874175475,0.0679029096272434
65,66,"Manhattan","08:00-09:00","18:00-19:00",-0.873047775078537,-0.808367401863222,-0.0646803732153153,0.352146945799364,-0.183674383625542,0.854268905896321,0.963687666523086
66,67,"Brooklyn","08:00-09:00","18:00-19:00",-6.57180314701458,-7.12847960407247,0.556676457057885,1.85153896986043,0.300656084543469,0.763676759603343,0.963483125545555
67,68,"Manhattan","08:00-09:00","18:00-19:00",-4.2917498459969,-4.92147556843599,0.629725722439086,1.16991827997183,0.538264708928432,0.590394311901135,0.888262469516615
68,69,"Manhattan","08:00-09:00","18:00-19:00",-1.39490553902343,-1.11945344120076,-0.275452097822679,0.383604528430617,-0.718062685416135,0.472718636576642,0.811609934031128
69,70,"Manhattan","08:00-09:00","18:00-19:00",-2.60138982588732,-4.00511780642505,1.40372798053772,0.886447702467205,1.58354291700548,0.113297772850949,0.439541643619773
70,71,"Manhattan","08:00-09:00","18:00-19:00",-2.11161867063206,-3.05906480677173,0.947446136139676,0.710150207742492,1.33414892484722,0.182155054442172,0.549592288724664
71,72,"Manhattan","08:00-09:00","18:00-19:00",-1.59985727686759,-1.7591652682533,0.159307991385711,0.541499420334824,0.294197898286219,0.768606686545354,0.963483125545555
72,73,"Brooklyn","08:00-09:00","18:00-19:00",-5.63624046025636,-2.93142367813207,-2.70481678212429,1.29287018543027,-2.09210237238483,0.036429358991745,0.198525886598424
73,74,"Manhattan","08:00-09:00","18:00-19:00",-1.07816880122375,-2.38839119402028,1.31022239279653,0.476844064197026,2.74769571684375,0.00600156778133149,0.0706367637232514
74,75,"Manhattan","08:00-09:00","18:00-19:00",-2.93315243002787,-4.8609408786054,1.92778844857754,1.01776927650431,1.89413110916339,0.0582076094074825,0.286153492401819
75,76,"Manhattan","08:00-09:00","18:00-19:00",-1.23684133155642,-2.55331982811529,1.31647849655887,0.523762070816879,2.51350483341729,0.0119538139889201,0.106373813091276
76,77,"Manhattan","08:00-09:00","18:00-19:00",-1.49322805076904,-1.54631950110523,0.0530914503361939,0.44842198172499,0.118396181498422,0.90575375122281,0.985673199860117
77,78,"Manhattan","08:00-09:00","18:00-19:00",-2.28554380379787,-3.49560237836337,1.2100585745655,0.717114490377336,1.68739941920401,0.0915265754479143,0.392677215996386
78,79,"Manhattan","08:00-09:00","18:00-19:00",-2.31239974887427,-2.11067145778354,-0.201728291090725,0.555351198524373,-0.363244540800018,0.716422217858931,0.96172127912433
79,80,"Manhattan","08:00-09:00","18:00-19:00",-4.5874646173994,-4.21184553832362,-0.375619079075784,1.14566684557217,-0.327860652097504,0.74301702579924,0.963390434922276
80,81,"Manhattan","08:00-09:00","18:00-19:00",-2.33711815002428,-3.33952535173647,1.00240720171218,0.691323233157937,1.44998338495471,0.147063152565461,0.494666967720186
81,82,"Brooklyn","08:00-09:00","18:00-19:00",-3.28617406683613,-2.10840922816764,-1.1777648386685,0.824635760867704,-1.42822430769825,0.153227306253429,0.501780274140565
82,83,"Manhattan","08:00-09:00","18:00-19:00",-3.22524181689152,-3.16186280092055,-0.0633790159709711,0.720246515943277,-0.0879962826171622,0.929879630724149,0.99239626443697
83,84,"Manhattan","08:00-09:00","18:00-19:00",-1.90126598626027,-1.75859400948637,-0.142671976773899,0.516067945177919,-0.276459675721017,0.782195027257244,0.963483125545555
84,85,"Brooklyn","08:00-09:00","18:00-19:00",-1.19910232789628,-2.96138852493861,1.76228619704233,0.693056236819759,2.54277517958567,0.0109975965279792,0.0991193635790947
85,86,"Brooklyn","08:00-09:00","18:00-19:00",-4.32324486542396,-2.15705402644406,-2.1661908389799,0.981951428971296,-2.20600609670605,0.0273835728345505,0.165953893988698
86,87,"Manhattan","08:00-09:00","18:00-19:00",-0.98094562409042,-2.67500158931437,1.69405596522395,0.525855205227177,3.22152552334647,0.00127510104663295,0.0298798678594322
87,88,"Manhattan","08:00-09:00","18:00-19:00",-2.44384575368547,-3.48478961053177,1.04094385684629,0.766998130840169,1.35716609335937,0.174728441643198,0.541119358921444
88,89,"Manhattan","08:00-09:00","18:00-19:00",-1.79703680941382,-2.03405522332467,0.237018413910856,0.514666394270181,0.460528250046242,0.64513709895685,0.929738123656699
89,90,"Manhattan","08:00-09:00","18:00-19:00",-2.78453086884029,-2.04439309464338,-0.740137774196918,0.602082739162956,-1.22929578620024,0.218960926602603,0.606021777171772
90,91,"Manhattan","08:00-09:00","18:00-19:00",-2.52103319441686,-5.26876792793523,2.74773473351837,1.06315031375063,2.58452139643808,0.00975142538395688,0.096545139317016
91,92,"Brooklyn","08:00-09:00","18:00-19:00",-5.15130536738751,-0.416045740584376,-4.73525962680314,0.985379262304477,-4.80551987234735,1.54349905266578e-06,0.000390499502705295
92,93,"Brooklyn","08:00-09:00","18:00-19:00",-2.77068454945808,-2.02547911138494,-0.745205438073145,0.654719018823652,-1.13820649262957,0.255034268223942,0.647253034517803
93,94,"Brooklyn","08:00-09:00","18:00-19:00",-4.04086316754872,-2.76981153810427,-1.27105162944445,1.08917847639765,-1.16698195657366,0.243217656281372,0.635620863813398
94,95,"Manhattan","08:00-09:00","18:00-19:00",-1.86819974784818,-1.10267632863333,-0.765523419214851,0.507845604104137,-1.50739400524155,0.131709694469767,0.470009721889573
95,96,"Manhattan","08:00-09:00","18:00-19:00",-2.09496085760386,-2.37299217657022,0.278031318966363,0.603442930015845,0.460741695919883,0.644983936427948,0.929738123656699
96,97,"Manhattan","08:00-09:00","18:00-19:00",-2.53433029681749,-1.50774997851902,-1.02658031829847,0.450173031989269,-2.28041274210078,0.0225832206010828,0.152944976547986
97,98,"Manhattan","08:00-09:00","18:00-19:00",-4.52832986504696,-4.48836164077951,-0.0399682242674482,0.894203315219281,-0.0446970208980348,0.964348808305779,0.994417061549103
98,99,"Manhattan","08:00-09:00","18:00-19:00",-1.85548211330213,-1.93294827145023,0.0774661581481,0.609497256650591,0.127098452540713,0.898862476224036,0.982128618149372
99,100,"Manhattan","08:00-09:00","18:00-19:00",-4.08657073009391,-4.12502030739433,0.0384495773004243,1.03613687807537,0.0371085887531042,0.970398423911946,0.994417061549103
100,101,"Manhattan","08:00-09:00","18:00-19:00",-2.14738885943372,-4.75195984300708,2.60457098357336,0.911627339059091,2.85705668531352,0.00427589468239459,0.0601190792344679
101,102,"Manhattan","08:00-09:00","18:00-19:00",-2.23437526188957,-1.99345436871587,-0.240920893173703,0.557894709981763,-0.431839357612082,0.66585817217404,0.929738123656699
102,103,"Manhattan","08:00-09:00","18:00-19:00",-1.29110729428703,-3.55641051605906,2.26530322177203,0.774449043930071,2.92505135041082,0.00344399387500734,0.052709587431078
103,104,"Manhattan","08:00-09:00","18:00-19:00",-2.16925352222847,-1.9940923729462,-0.175161149282265,0.612553409899865,-0.285952451576262,0.774914539660853,0.963483125545555
104,105,"Manhattan","08:00-09:00","18:00-19:00",-2.35027951781447,-2.17746449697005,-0.172815020844419,0.585206254873512,-0.295306175224958,0.767759999618999,0.963483125545555
105,106,"Manhattan","08:00-09:00","18:00-19:00",-4.49141942735522,-5.60080125475694,1.10938182740172,1.3849577949273,0.801022118843669,0.42311884093286,0.780034158832221
106,107,"Manhattan","08:00-09:00","18:00-19:00",-2.945823559182,-6.27796011269241,3.33213655351041,1.24260756128276,2.68156790392504,0.0073278041020235,0.0784442950572038
107,108,"Manhattan","08:00-09:00","18:00-19:00",-3.99848932027773,-5.43737981023178,1.43889048995405,1.55816690703084,0.923450808422012,0.355772324338969,0.728191639071251
108,109,"Manhattan","08:00-09:00","18:00-19:00",-2.45005015564684,-5.09801895543533,2.64796879978848,1.09838724440349,2.41077890632874,0.0159184949989904,0.126977283293754
109,111,"Brooklyn","08:00-09:00","18:00-19:00",-6.17938146807581,-6.64842705495233,0.469045586876518,1.92332071649135,0.24387278879426,0.80732934438458,0.963483125545555
110,112,"Manhattan","08:00-09:00","18:00-19:00",-3.49535890110242,-3.44299997356739,-0.0523589275350287,0.845739750894577,-0.06190902991097,0.950635276464951,0.994417061549103
111,113,"Manhattan","08:00-09:00","18:00-19:00",-2.04736702553,-2.23434860417289,0.186981578642893,0.468052747711715,0.399488261861588,0.689533471094027,0.939422539106785
112,114,"Manhattan","08:00-09:00","18:00-19:00",-2.73644752119893,-3.01457757512727,0.278130053928341,0.810277598015055,0.343252799546327,0.731408286496227,0.962978816000422
113,115,"Manhattan","08:00-09:00","18:00-19:00",-2.78535227760223,-3.26503269875424,0.479680421152009,0.692493312745582,0.692685997573295,0.488506628335188,0.825529230095281
114,116,"Manhattan","08:00-09:00","18:00-19:00",-2.42211551849262,-3.16264257143248,0.740527052939861,0.72074998475731,1.02743956795117,0.304213527843311,0.687719608701147
115,117,"Brooklyn","08:00-09:00","18:00-19:00",-4.63391916695949,-5.74206704698191,1.10814788002242,1.93837446848725,0.571689267495997,0.567532506709476,0.874945947843775
116,118,"Brooklyn","08:00-09:00","18:00-19:00",-4.90547730370869,-3.13861102423353,-1.76686627947515,1.16934460864136,-1.51098851990949,0.130791375804091,0.470009721889573
117,119,"Manhattan","08:00-09:00","18:00-19:00",-2.47036420075238,-2.5247407700241,0.0543765692717217,0.732752194442908,0.0742086747526738,0.940844343431017,0.994417061549103
118,120,"Manhattan","08:00-09:00","18:00-19:00",-3.29829584767773,-5.36544297506601,2.06714712738828,1.63886284251616,1.26133015757107,0.20718992013167,0.589694388067061
119,121,"Manhattan","08:00-09:00","18:00-19:00",-2.27405852848467,-2.4104885735619,0.136430045077223,0.425669332181884,0.320507104371164,0.748583945685165,0.963483125545555
120,122,"Manhattan","08:00-09:00","18:00-19:00",-0.399116939934867,-1.00105269533522,0.601935755400353,0.316093427972193,1.90429696454589,0.0568715193414257,0.283509237990988
121,123,"Manhattan","08:00-09:00","18:00-19:00",-1.94390704182116,-2.89333792899913,0.949430887177972,0.728426049942437,1.3034005130006,0.192438061472213,0.566041661987303
122,124,"Manhattan","08:00-09:00","18:00-19:00",-1.72617390879537,-1.78468475000697,0.0585108412116044,0.534424353832728,0.109483860142193,0.912818722551776,0.985792345988022
123,125,"Manhattan","08:00-09:00","18:00-19:00",-2.0759987266816,-3.78287057257131,1.70687184588971,0.851317902620321,2.00497586229073,0.0449656275685359,0.235901762542394
124,126,"Manhattan","08:00-09:00","18:00-19:00",-1.97404814652911,-3.39659418473751,1.4225460382084,0.615418642232927,2.31150950034105,0.0208047290194469,0.14773459091587
125,127,"Brooklyn","08:00-09:00","18:00-19:00",-5.87139582468052,-4.27203635652535,-1.59935946815517,1.21795183372104,-1.31315494083938,0.18913074382519,0.558650894576087
126,128,"Manhattan","08:00-09:00","18:00-19:00",-2.15231876449192,-1.98934744371394,-0.162971320777977,0.503523291179865,-0.323661931101737,0.746193995236676,0.963390434922276
127,129,"Manhattan","08:00-09:00","18:00-19:00",-3.3002512785807,-4.15505462227402,0.854803343693322,1.03120965923755,0.828932638514403,0.407142525337117,0.766133820569271
128,130,"Brooklyn","08:00-09:00","18:00-19:00",-7.0460373752071,-4.36359124286297,-2.68244613234413,2.59691196185961,-1.03293687723756,0.301633439630358,0.687719608701147
129,131,"Brooklyn","08:00-09:00","18:00-19:00",-3.00736252481681,-4.08886517809957,1.08150265328276,1.18981955697766,0.908963587747674,0.363369346550951,0.736163258286221
130,132,"Manhattan","08:00-09:00","18:00-19:00",-2.88679171935615,-2.4457341152918,-0.441057604064349,0.723640747573092,-0.609498021695911,0.542194383634871,0.866508064732634
131,133,"Manhattan","08:00-09:00","18:00-19:00",-1.67253999469271,-0.767413103133279,-0.905126891559434,0.427933757486647,-2.11510981717229,0.0344205887034484,0.192045030623208
132,134,"Manhattan","08:00-09:00","18:00-19:00",-1.16715052827375,-0.37578604683999,-0.791364481433757,0.349428121352779,-2.26474182550066,0.0235285272135458,0.154584622720773
133,135,"Manhattan","08:00-09:00","18:00-19:00",-4.47932209795157,-1.8052054285043,-2.67411666944728,0.904275237035965,-2.95719329682465,0.00310453430433079,0.052709587431078
134,136,"Manhattan","08:00-09:00","18:00-19:00",-2.34528995774654,-0.809119358252417,-1.53617059949413,0.460916438314782,-3.33286138613482,0.000859577560504229,0.0232416548090182
135,137,"Manhattan","08:00-09:00","18:00-19:00",-3.44073031883995,-2.6301978514774,-0.810532467362545,0.795496523763157,-1.01890133162149,0.30824981146418,0.687719608701147
136,138,"Manhattan","08:00-09:00","18:00-19:00",-5.75580614764758,-1.36289540621866,-4.39291074142892,1.72061065350889,-2.55311143893613,0.0106765330483687,0.0974753601688723
137,139,"Manhattan","08:00-09:00","18:00-19:00",-2.30297453295226,-5.65163982168043,3.34866528872818,1.26015256174614,2.65734911024429,0.0078757837808456,0.0814217058519773
138,140,"Manhattan","08:00-09:00","18:00-19:00",-2.43468693260505,-0.971648313887457,-1.46303861871759,0.52705834762043,-2.77585702858695,0.00550564132112785,0.0679029096272434
139,141,"Manhattan","08:00-09:00","18:00-19:00",-1.5637222995743,-2.96989518807294,1.40617288849864,0.478153279627003,2.94084124989285,0.00327322238266119,0.052709587431078
140,142,"Brooklyn","08:00-09:00","18:00-19:00",-2.35992913299755,-2.41976238192112,0.0598332489235771,0.680350914619319,0.0879446880100925,0.929920638282387,0.99239626443697
141,143,"Brooklyn","08:00-09:00","18:00-19:00",-3.43432621814046,-2.16798765986525,-1.2663385582752,0.821450775035799,-1.54158787934677,0.123173772790451,0.449524686706314
142,144,"Brooklyn","08:00-09:00","18:00-19:00",-5.15965449865423,-0.986381104979955,-4.17327339367427,0.866924351240086,-4.81388414998915,1.48024640535556e-06,0.000390499502705295
143,145,"Brooklyn","08:00-09:00","18:00-19:00",-1.87097966486728,-0.768472709089353,-1.10250695577793,0.476758804616708,-2.31250465665609,0.0207498889957657,0.14773459091587
144,146,"Manhattan","08:00-09:00","18:00-19:00",-2.2866865490543,-3.21021317087503,0.923526621820726,0.766106128836898,1.20548131265158,0.228017547900635,0.611818077000558
145,147,"Manhattan","08:00-09:00","18:00-19:00",-1.89330709190371,-3.7516055515784,1.85829845967469,0.714552847533803,2.60064523721149,0.00930486226908066,0.0948017126835319
146,149,"Brooklyn","08:00-09:00","18:00-19:00",-6.17147781326104,-4.6768177891561,-1.49466002410494,1.90587695077122,-0.784237420731764,0.432900811491422,0.789936932050028
147,150,"Brooklyn","08:00-09:00","18:00-19:00",-5.29056054956292,-2.71531534942462,-2.5752452001383,1.1934016493963,-2.15790316817563,0.0309353611340414,0.179685656634227
148,151,"Brooklyn","08:00-09:00","18:00-19:00",-3.85499640706743,-4.4163014643256,0.561305057258165,1.36718308088024,0.410555883193623,0.681398218506846,0.937103776014685
149,152,"Manhattan","08:00-09:00","18:00-19:00",-2.87464286310191,-5.54198766034323,2.66734479724132,1.66406306816763,1.6029108801618,0.108954331232836,0.430638191300113
150,153,"Manhattan","08:00-09:00","18:00-19:00",-2.57294776797918,-1.62213675740722,-0.950811010571962,0.689390675323202,-1.37920491907756,0.167831581845227,0.530110361594869
151,154,"Manhattan","08:00-09:00","18:00-19:00",-0.599518829265958,0.120735029677626,-0.720253858943584,0.262269147392793,-2.74623937319201,0.00602827618084861,0.0706367637232514
152,155,"Manhattan","08:00-09:00","18:00-19:00",-1.34549958296208,-0.977954275803769,-0.367545307158313,0.431575564897959,-0.851636044884087,0.394416127312372,0.763841701103574
153,156,"Manhattan","08:00-09:00","18:00-19:00",-4.08777662024134,-2.42301554049632,-1.66476107974502,0.68234990186732,-2.43974693216667,0.0146975539937496,0.122782385112149
154,157,"Brooklyn","08:00-09:00","18:00-19:00",-2.97763179838895,-1.27452488916984,-1.70310690921911,0.683910805392356,-2.49024711379146,0.0127654304323683,0.110791328320431
155,158,"Manhattan","08:00-09:00","18:00-19:00",-4.1624264742774,-5.5582133483439,1.3957868740665,1.37130529674805,1.01785275487268,0.308747936835156,0.687719608701147
156,159,"Manhattan","08:00-09:00","18:00-19:00",-1.82297909961997,-2.90789586473732,1.08491676511736,0.619285281437945,1.75188527426042,0.0797935371541959,0.361902300770321
157,160,"Manhattan","08:00-09:00","18:00-19:00",-6.19623127481061,-4.01163391392476,-2.18459736088585,1.4539450150387,-1.50253093362523,0.132960045248182,0.472075312169051
158,161,"Manhattan","08:00-09:00","18:00-19:00",-3.00709741204761,-0.526903112001765,-2.48019430004584,0.674653894733661,-3.67624691624284,0.00023669044158026,0.00875754633846963
159,162,"Manhattan","08:00-09:00","18:00-19:00",-2.42670636929342,-4.43878345709122,2.01207708779781,0.90039143385973,2.23466929174636,0.0254390680670619,0.161114097758059
160,163,"Brooklyn","08:00-09:00","18:00-19:00",-3.97759060044035,-3.06843171700331,-0.909158883437047,1.06489241984431,-0.853756554648001,0.393239891181519,0.763667523482342
161,164,"Manhattan","08:00-09:00","18:00-19:00",-1.54762342420375,-1.30611923492587,-0.241504189277882,0.441238011230746,-0.547333147033852,0.584149875215132,0.883631561471885
162,165,"Brooklyn","08:00-09:00","18:00-19:00",-3.09286734205693,-3.7158875021341,0.62302016007717,0.940280562430456,0.662589640762939,0.507593406598822,0.843589042172511
163,166,"Brooklyn","08:00-09:00","18:00-19:00",-5.4412118980085,-5.94652211286063,0.505310214852137,2.2604502623134,0.223544053712108,0.823112100552201,0.963483125545555
164,167,"Brooklyn","08:00-09:00","18:00-19:00",-4.901401558914,-4.35467386108736,-0.546727697826642,1.60264089519202,-0.341141736409474,0.732996882604176,0.962978816000422
165,168,"Brooklyn","08:00-09:00","18:00-19:00",-3.18360588300497,-3.92449892568514,0.740893042680163,1.21650134745918,0.609035940837725,0.542500616376993,0.866508064732634
166,169,"Manhattan","08:00-09:00","18:00-19:00",-4.23055737293848,-3.11477242274155,-1.11578495019693,0.69254211678296,-1.61114381805405,0.107148379748733,0.430430348362055
167,170,"Manhattan","08:00-09:00","18:00-19:00",-5.32844265470853,-4.83330924426999,-0.495133410438538,1.31332930333973,-0.377006291704174,0.706168929231842,0.95299459584801
168,171,"Manhattan","08:00-09:00","18:00-19:00",-1.91544152405718,-1.39209274359608,-0.523348780461094,0.360297138212615,-1.45254770286924,0.146349375333973,0.494666967720186
169,172,"Manhattan","08:00-09:00","18:00-19:00",-5.1857407616914,-1.57379235801132,-3.61194840368008,0.809786919475097,-4.46036891534547,8.18186904704598e-06,0.00115037078801466
170,173,"Manhattan","08:00-09:00","18:00-19:00",-2.19425298001471,-1.69569545369654,-0.498557526318171,0.534222111584883,-0.933240155183945,0.350695986224178,0.728191639071251
171,174,"Manhattan","08:00-09:00","18:00-19:00",-2.12146969691633,-2.66941789202028,0.547948195103941,0.580823051278054,0.94339953260847,0.345476582158958,0.728191639071251
172,175,"Manhattan","08:00-09:00","18:00-19:00",-1.59301098268812,-2.22832735885922,0.635316376171105,0.467996722622088,1.35752313095605,0.174615048883386,0.541119358921444
173,177,"Brooklyn","08:00-09:00","18:00-19:00",-6.910550824462,-6.70189864847084,-0.208652175991156,1.65548060746264,-0.126037221487576,0.89970246100739,0.982128618149372
174,178,"Manhattan","08:00-09:00","18:00-19:00",-1.25114778897242,-2.01759362107998,0.766445832107563,0.487480403326086,1.57225978086112,0.115890316378488,0.439541643619773
175,179,"Manhattan","08:00-09:00","18:00-19:00",-1.82278590901657,-2.58986751833948,0.767081609322908,0.607381404197204,1.26293232559002,0.206613501563199,0.589694388067061
176,180,"Manhattan","08:00-09:00","18:00-19:00",-0.961978667524694,-2.9159631204719,1.9539844529472,0.667478068396536,2.92741371659027,0.00341793884083145,0.052709587431078
177,181,"Manhattan","08:00-09:00","18:00-19:00",-2.43849757462394,-1.86739961834293,-0.571097956281011,0.490568223315943,-1.16415603200047,0.244360784802058,0.636193581615019
178,182,"Brooklyn","08:00-09:00","18:00-19:00",-2.18322047384067,-5.00991905883566,2.82669858499499,1.24289221217228,2.27429101036413,0.0229484953105273,0.153235470140085
179,183,"Manhattan","08:00-09:00","18:00-19:00",-1.36869182451093,-0.919880714342316,-0.448811110168616,0.413877464372301,-1.08440576934841,0.278184926821312,0.658464658435631
180,184,"Manhattan","08:00-09:00","18:00-19:00",-3.44458979520765,-2.75018071895377,-0.694409076253879,0.624029774973894,-1.11278196025651,0.265802084959044,0.650082387697999
181,185,"Manhattan","08:00-09:00","18:00-19:00",-3.67011566422521,-1.99354898081814,-1.67656668340707,0.731341630904853,-2.29245350265749,0.0218794877151492,0.152289899641088
182,186,"Manhattan","08:00-09:00","18:00-19:00",-2.61925352202107,-3.64023741849614,1.02098389647508,0.728692405831098,1.40111779442879,0.161178851257538,0.523357271969229
183,187,"Manhattan","08:00-09:00","18:00-19:00",-3.38182448511666,-3.50847545640435,0.126650971287688,0.681482663633087,0.185846211571242,0.852565364160276,0.963687666523086
184,188,"Manhattan","08:00-09:00","18:00-19:00",-3.92081727186522,-2.89301929021507,-1.02779798165015,0.707048629689753,-1.45364539084269,0.146044645583312,0.494666967720186
185,189,"Manhattan","08:00-09:00","18:00-19:00",-0.77105715786677,-0.990123342804547,0.219066184937777,0.377454177543785,0.580378223294044,0.561659587159129,0.869706365138475
186,190,"Manhattan","08:00-09:00","18:00-19:00",-0.582720872830858,-1.0485329360421,0.465812063211241,0.373022307600646,1.2487512240419,0.211756079011721,0.597849492149557
187,191,"Manhattan","08:00-09:00","18:00-19:00",-3.908339554363,-3.06045317862702,-0.847886375735984,1.09239449034911,-0.776172328977069,0.437647241944269,0.789936932050028
188,192,"Manhattan","08:00-09:00","18:00-19:00",-4.57680412495798,-2.58491183978561,-1.99189228517237,0.687328745709412,-2.89801975780379,0.00375526931865294,0.0543986299272234
189,193,"Manhattan","08:00-09:00","18:00-19:00",-2.27874086192153,-2.24213839632387,-0.0366024655976531,0.427037430468112,-0.0857125464564783,0.931694928205406,0.99239626443697
190,194,"Brooklyn","08:00-09:00","18:00-19:00",-1.93776825638954,-2.36569192155911,0.427923665169574,0.584098344172644,0.732622630142384,0.463788624721287,0.807038126680853
191,195,"Manhattan","08:00-09:00","18:00-19:00",-1.2188008269147,-1.54541587897069,0.326615052055986,0.455497959481805,0.717050527355947,0.4733429202742,0.811609934031128
192,196,"Manhattan","08:00-09:00","18:00-19:00",-4.18994210882358,-2.71275729128334,-1.47718481754025,0.641033867997452,-2.30437874079083,0.0212013923228511,0.149045788029643
193,197,"Manhattan","08:00-09:00","18:00-19:00",-0.573238105391679,-0.932277022004005,0.359038916612325,0.342263265831895,1.04901388041061,0.294171730045595,0.684777239145871
194,198,"Manhattan","08:00-09:00","18:00-19:00",-1.56063244251912,-3.04256626407407,1.48193382155495,0.57813579706167,2.56329711650232,0.0103683278148264,0.096545139317016
195,199,"Brooklyn","08:00-09:00","18:00-19:00",-4.47145220946141,-4.46023493252685,-0.0112172769345635,1.10017574543948,-0.010195895502207,0.991864993342986,0.996423557026947
196,200,"Manhattan","08:00-09:00","18:00-19:00",-2.41061064510049,-2.12372222427339,-0.286888420827101,0.49069443340373,-0.584657989366382,0.558777707262344,0.869072407534132
197,201,"Manhattan","08:00-09:00","18:00-19:00",-2.14644990402775,-2.0227844433465,-0.12366546068125,0.547113421449582,-0.226032584529909,0.821176077276256,0.963483125545555
198,202,"Manhattan","08:00-09:00","18:00-19:00",-3.42572157967794,-2.69846644567303,-0.727255134004913,0.637571508951406,-1.14066441770745,0.254009599182608,0.646988218207874
199,203,"Brooklyn","08:00-09:00","18:00-19:00",-1.77430143757466,-4.1216319124174,2.34733047484274,0.844514776623809,2.77950195759377,0.00544423253944843,0.0679029096272434
200,204,"Manhattan","08:00-09:00","18:00-19:00",-0.366488433632112,-1.2821083248526,0.915619891220488,0.384001731700301,2.38441604720443,0.017106250608884,0.130714067152668
201,205,"Manhattan","08:00-09:00","18:00-19:00",-3.52824845637931,-1.27331881884982,-2.25492963752949,1.00582882665946,-2.2418622113054,0.0249702789934355,0.160706744792766
202,206,"Manhattan","08:00-09:00","18:00-19:00",-1.38769386356182,-1.96654948682186,0.578855623260046,0.498166484588373,1.16197223451984,0.245246743410626,0.636193581615019
203,207,"Manhattan","08:00-09:00","18:00-19:00",-2.11652537399027,-0.728821318732417,-1.38770405525785,0.518796350076926,-2.67485315779898,0.00747619881768515,0.0784442950572038
204,208,"Manhattan","08:00-09:00","18:00-19:00",-2.0136749328901,-0.481930241222762,-1.53174469166734,0.437444365275626,-3.50157600201847,0.000462515032336144,0.0147794576241959
205,209,"Manhattan","08:00-09:00","18:00-19:00",-2.8141820172049,-2.79032979426209,-0.0238522229428098,0.68713839115207,-0.0347124003693326,0.972309072822409,0.994417061549103
206,210,"Manhattan","08:00-09:00","18:00-19:00",-3.66901513994135,-3.46338994345987,-0.205625196481482,0.718115258244677,-0.28634010226172,0.774617646176893,0.963483125545555
207,211,"Manhattan","08:00-09:00","18:00-19:00",-7.06177325149315,-3.81943428387851,-3.24233896761465,1.26266290123813,-2.56785794881223,0.0102329079776853,0.096545139317016
208,212,"Brooklyn","08:00-09:00","18:00-19:00",-1.49276039903595,-2.3909180022758,0.898157603239849,0.534169229557686,1.68141022271829,0.0926832612553101,0.394886864621109
209,213,"Manhattan","08:00-09:00","18:00-19:00",-2.8201696619463,-1.20245726725181,-1.61771239469449,0.501592223717235,-3.22515445456039,0.00125904722530805,0.0298798678594322
210,214,"Manhattan","08:00-09:00","18:00-19:00",-2.24738483983197,-1.32870972529269,-0.91867511453928,0.568758149426656,-1.61522980455816,0.106260938438055,0.429577803878604
211,215,"Manhattan","08:00-09:00","18:00-19:00",-1.62960378559435,-0.700919997089609,-0.92868378850474,0.381213947593933,-2.43612227298139,0.0148456653407292,0.122782385112149
212,216,"Manhattan","08:00-09:00","18:00-19:00",-4.15086374342545,-1.46398332762947,-2.68688041579598,0.713078487543225,-3.76800094622558,0.000164560079013796,0.00678866818681788
213,217,"Manhattan","08:00-09:00","18:00-19:00",-1.00541653344997,-1.69201755152489,0.686601018074913,0.437914208665481,1.56788933651477,0.116906960817564,0.439541643619773
214,218,"Manhattan","08:00-09:00","18:00-19:00",-0.174495228449044,-1.95469410371656,1.78019887526752,0.431449295808914,4.12609058019175,3.68981986415952e-05,0.0023581303313674
215,219,"Manhattan","08:00-09:00","18:00-19:00",-2.64210588308978,-3.48373463599833,0.841628752908545,0.606243326930978,1.3882688938931,0.16505518049555,0.529834666156949
216,220,"Manhattan","08:00-09:00","18:00-19:00",-1.54794629220638,-1.76692674999779,0.218980457791406,0.427539514659479,0.512187646481792,0.608519688084212,0.899633801852482
217,221,"Manhattan","08:00-09:00","18:00-19:00",-0.557154359519672,-0.675230549886806,0.118076190367134,0.330528890699263,0.357234098711715,0.720916560694921,0.96172127912433
218,222,"Manhattan","08:00-09:00","18:00-19:00",-1.4340774267838,-0.717752888771706,-0.71632453801209,0.393258677289107,-1.82150980863285,0.0685293970437865,0.321174440811879
219,223,"Manhattan","08:00-09:00","18:00-19:00",-2.82611019684333,-4.26869427393673,1.44258407709339,0.871276886061903,1.65571255265792,0.0977800440260756,0.411612999702582
220,224,"Manhattan","08:00-09:00","18:00-19:00",-4.01293084804515,-3.7903078622682,-0.222622985776947,0.742172245010168,-0.299961346269284,0.764206639916874,0.963483125545555
221,225,"Manhattan","08:00-09:00","18:00-19:00",-2.9990855708897,-3.59063338334313,0.591547812453428,0.764297921628374,0.773975429886171,0.438945321191451,0.789936932050028
222,226,"Manhattan","08:00-09:00","18:00-19:00",-1.85250305202535,-1.98417867300039,0.131675620975044,0.500871243708909,0.262893153937121,0.792632933139716,0.963483125545555
223,227,"Manhattan","08:00-09:00","18:00-19:00",-0.126823938191821,-0.576245713481203,0.449421775289381,0.285987520979036,1.57147337670837,0.116072733741313,0.439541643619773
224,228,"Manhattan","08:00-09:00","18:00-19:00",-4.77894098084615,-2.21499168427489,-2.56394929657126,0.798405289601116,-3.21133806346926,0.00132118409361731,0.0299610457359023
225,229,"Manhattan","08:00-09:00","18:00-19:00",-3.908833283534,-4.76699190122853,0.858158617694525,1.06111143037057,0.808735626752066,0.418667230881254,0.776578003455202
226,230,"Manhattan","08:00-09:00","18:00-19:00",-0.554539771445919,-0.531172299509774,-0.0233674719361449,0.324996818580443,-0.071900617483617,0.942680998642504,0.994417061549103
227,231,"Manhattan","08:00-09:00","18:00-19:00",-5.96449578668173,-3.58780477059524,-2.37669101608649,1.06914015618988,-2.22299293719953,0.0262162762257044,0.162947401535123
228,232,"Manhattan","08:00-09:00","18:00-19:00",-1.64194212493345,-2.1050058521625,0.463063727229057,0.535167870436385,0.86526817622939,0.386891613473002,0.755513345198668
229,233,"Manhattan","08:00-09:00","18:00-19:00",-0.77082761661982,-1.44994792026778,0.679120303647963,0.394601663597504,1.7210274722528,0.0852458388529597,0.379290029833105
230,234,"Manhattan","08:00-09:00","18:00-19:00",-0.882595027707367,-1.20626449685911,0.323669469151739,0.353025299967475,0.916844966016769,0.359223885957804,0.73132169553176
231,235,"Manhattan","08:00-09:00","18:00-19:00",-0.730565974765956,-0.943669166748435,0.21310319198248,0.375260318590671,0.567880965359756,0.570115797680052,0.877005264264938
232,236,"Manhattan","08:00-09:00","18:00-19:00",-2.68111109314903,-3.26264518282426,0.581534089675229,0.657885445134959,0.883944300600741,0.376726281231288,0.754525856711099
233,237,"Manhattan","08:00-09:00","18:00-19:00",-2.83892111655851,-3.53669540040647,0.697774283847958,0.751506131458196,0.928501118805273,0.353147687717151,0.728191639071251
234,238,"Manhattan","08:00-09:00","18:00-19:00",-2.48257740617072,-2.25108721564399,-0.231490190526732,0.413706223463946,-0.55955211064623,0.575784977559443,0.879949650487584
235,239,"Manhattan","08:00-09:00","18:00-19:00",-2.03189118438903,-2.16041996211257,0.128528777723539,0.619700346257697,0.207404721491138,0.835693795554007,0.963483125545555
236,240,"Manhattan","08:00-09:00","18:00-19:00",-1.35711448608441,-0.62644097077615,-0.730673515308256,0.393942665429691,-1.85477121273797,0.0636289045400471,0.306377533504474
237,241,"Manhattan","08:00-09:00","18:00-19:00",-0.829555610567703,-2.03364511737596,1.20408950680825,0.485711250722598,2.47902329834221,0.0131742700422934,0.112945266338198
238,242,"Manhattan","08:00-09:00","18:00-19:00",-0.517660662707467,-0.321892661392372,-0.195768001315095,0.302490155914806,-0.64718800756687,0.517510271885362,0.854013429895327
239,243,"Manhattan","08:00-09:00","18:00-19:00",0.334350855047199,0.400049026441273,-0.0656981713940747,0.20354316226323,-0.322772677124428,0.746867406874311,0.963390434922276
240,244,"Manhattan","08:00-09:00","18:00-19:00",-2.41502503387383,-1.45139823292646,-0.963626800947362,0.440713512437708,-2.1865152162394,0.0287779326836725,0.170408393390086
241,245,"Manhattan","08:00-09:00","18:00-19:00",-5.32144171980803,-1.41083708122419,-3.91060463858384,1.40234291638684,-2.78862223560809,0.00529327679169853,0.0679029096272434
242,246,"Manhattan","08:00-09:00","18:00-19:00",-2.07398633118281,-1.39621393941674,-0.677772391766066,0.439937375558567,-1.54061107198617,0.123411471599315,0.449524686706314
243,247,"Manhattan","08:00-09:00","18:00-19:00",-2.12065191254834,-2.13782635316862,0.0171744406202787,0.465538309805073,0.0368915731714322,0.970571458810223,0.994417061549103
244,248,"Manhattan","08:00-09:00","18:00-19:00",-1.21918551136029,-1.63285253642687,0.413667025066577,0.447941509211369,0.923484465181326,0.355754792364676,0.728191639071251
245,249,"Manhattan","08:00-09:00","18:00-19:00",-1.47287243345083,-0.670367465326936,-0.802504968123892,0.434512699888531,-1.84690796915663,0.0647604795669271,0.30779195472252
246,250,"Manhattan","08:00-09:00","18:00-19:00",-3.70276676170624,-3.17423556028261,-0.528531201423639,0.759927263372985,-0.695502355156624,0.486740535751944,0.825065002657399
247,251,"Manhattan","08:00-09:00","18:00-19:00",-3.75688385852155,-3.16632570835427,-0.590558150167278,0.673009914355485,-0.877488039285175,0.380221612581988,0.75486330838143
248,252,"Manhattan","08:00-09:00","18:00-19:00",-2.27137569635343,-1.49407009170142,-0.777305604652,0.579657118388448,-1.34097482803808,0.179928625433508,0.547574994284657
249,253,"Brooklyn","08:00-09:00","18:00-19:00",-1.21090390206578,-1.15568182242235,-0.0552220796434324,0.403907140268815,-0.136719741093658,0.891252324923866,0.982128618149372
250,254,"Manhattan","08:00-09:00","18:00-19:00",-0.674942226104348,-2.23673891508228,1.56179668897793,0.539481783350318,2.89499430227056,0.00379165414855469,0.0543986299272234
251,255,"Manhattan","08:00-09:00","18:00-19:00",-4.02660603141907,-3.62008939517978,-0.406516636239287,0.891058738288063,-0.456217551965545,0.648233545062337,0.929738123656699
252,256,"Manhattan","08:00-09:00","18:00-19:00",-1.66052189356744,-3.65861637884794,1.99809448528051,0.829589778957345,2.40853315212222,0.0160167715310803,0.126977283293754
253,257,"Brooklyn","08:00-09:00","18:00-19:00",-0.780359830578187,-2.54592262220237,1.76556279162418,0.488723068705484,3.61260375185635,0.000303137754086137,0.0106552920561277
254,258,"Manhattan","08:00-09:00","18:00-19:00",-1.34429970071654,-2.19341960352933,0.84911990281279,0.545185172338374,1.55748898887106,0.119354432853037,0.441574087215719
255,259,"Manhattan","08:00-09:00","18:00-19:00",-0.557248034783167,-1.22827342739865,0.671025392615483,0.395534757919986,1.69650170858367,0.0897909068740133,0.392569349457378
256,260,"Manhattan","08:00-09:00","18:00-19:00",-0.883328112949385,-1.57196847569299,0.688640362743606,0.456182283096665,1.50957279197466,0.131152468262802,0.470009721889573
257,261,"Brooklyn","08:00-09:00","18:00-19:00",-2.07756230741939,-0.649555204453075,-1.42800710296632,0.48565467483496,-2.94037549098358,0.00327814720430982,0.052709587431078
258,262,"Brooklyn","08:00-09:00","18:00-19:00",-0.950163768956315,-2.30192499084613,1.35176122188981,0.466506401775049,2.89762630640519,0.00375998303712961,0.0543986299272234
259,263,"Manhattan","08:00-09:00","18:00-19:00",-0.6032514807358,-1.68565439559179,1.08240291485599,0.43176024067346,2.50695365827955,0.0121776676225029,0.107011254232744
260,265,"Manhattan","08:00-09:00","18:00-19:00",-4.20988117245271,-1.35584453357205,-2.85403663888066,0.595811538686534,-4.7901667785293,1.6664274653142e-06,0.000390499502705295
261,266,"Manhattan","08:00-09:00","18:00-19:00",-3.14401648349574,-3.01624935617867,-0.127767127317071,0.705784222179489,-0.181028596704133,0.856345129910832,0.963687666523086
262,267,"Manhattan","08:00-09:00","18:00-19:00",-4.037113580528,-3.15716458697647,-0.879948993551526,0.921230129274948,-0.955189116799824,0.339482068483643,0.727609433365858
263,268,"Manhattan","08:00-09:00","18:00-19:00",-1.59529403802943,-4.46175821784687,2.86646417981744,0.957518499286498,2.99363843304689,0.00275672418209689,0.0496917205131824
264,269,"Manhattan","08:00-09:00","18:00-19:00",-1.61051980384032,-5.72388205271798,4.11336224887766,1.31815413321384,3.12054724499381,0.00180515338659531,0.0362577951650429
265,270,"Manhattan","08:00-09:00","18:00-19:00",-3.45852838617662,-3.00001025683213,-0.458518129344493,0.714058529953596,-0.64212961558528,0.520789028190441,0.854087853220102
266,271,"Manhattan","08:00-09:00","18:00-19:00",-2.12646239180938,-4.74981210243825,2.62334971062887,1.37978693014751,1.90127160455739,0.0572664463651782,0.283509237990988
267,272,"Manhattan","08:00-09:00","18:00-19:00",-2.97388427157241,-2.16972404646809,-0.804160225104326,0.488699244508802,-1.64551149636541,0.0998643738368997,0.417884850043693
268,273,"Brooklyn","08:00-09:00","18:00-19:00",-1.61376571806768,-1.83258730876226,0.21882159069458,0.494469947028127,0.442537695181974,0.658100159146765,0.929738123656699
269,274,"Brooklyn","08:00-09:00","18:00-19:00",-5.09832670224112,-5.52360846221704,0.42528175997592,1.74213489559056,0.24411528696907,0.80714153335724,0.963483125545555
270,275,"Brooklyn","08:00-09:00","18:00-19:00",-2.24786986137386,-4.9650664932886,2.71719663191474,1.13459887076741,2.39485222656435,0.0166270649104183,0.128448644307957
271,277,"Brooklyn","08:00-09:00","18:00-19:00",-6.68972650646921,-7.19849163001378,0.508765123544569,3.19487632113067,0.15924407470162,0.873476580289827,0.976238530912159
272,278,"Brooklyn","08:00-09:00","18:00-19:00",-5.1549716471984,-7.31791715772912,2.16294551053072,2.56373239702226,0.843670545741416,0.398853531029703,0.766103913425905
273,279,"Brooklyn","08:00-09:00","18:00-19:00",-4.74231584012359,-6.40430394119777,1.66198810107418,2.09008506073349,0.7951772548869,0.426510400602116,0.780825030268979
274,280,"Brooklyn","08:00-09:00","18:00-19:00",-4.08038039886522,-6.92889951081378,2.84851911194856,2.29053461016713,1.24360448399455,0.213645165078311,0.598376697410568
275,281,"Brooklyn","08:00-09:00","18:00-19:00",-3.23445184589326,-4.19206135873252,0.957609512839257,1.15574334897692,0.828565886783559,0.407350097927539,0.766133820569271
276,282,"Brooklyn","08:00-09:00","18:00-19:00",-7.62402569388248,-5.99733534481812,-1.62669034906437,1.95536905459955,-0.831909631196196,0.405459955102429,0.766133820569271
277,283,"Brooklyn","08:00-09:00","18:00-19:00",-2.16438101357565,-4.38332104447019,2.21894003089454,1.04461183684532,2.12417661051557,0.0336553782721474,0.190246521360192
278,284,"Brooklyn","08:00-09:00","18:00-19:00",-4.29030705178075,-6.1960824559357,1.90577540415495,1.70115981817109,1.12028004882213,0.262594441273592,0.64944560526325
279,285,"Brooklyn","08:00-09:00","18:00-19:00",-5.08127007013848,-5.39165052980211,0.310380459663631,1.71093044072058,0.181410332224208,0.856045509490693,0.963687666523086
280,286,"Brooklyn","08:00-09:00","18:00-19:00",-7.6678170219449,-6.30083305537379,-1.36698396657111,2.93605062105195,-0.465585966662025,0.641511889793079,0.929738123656699
281,287,"Brooklyn","08:00-09:00","18:00-19:00",-2.70358391126643,-5.16167958886352,2.45809567759708,1.30965402640614,1.87690460841969,0.0605311691503245,0.293471806294332
282,288,"Brooklyn","08:00-09:00","18:00-19:00",-3.97947136324518,-3.84440690586549,-0.135064457379696,1.4285018284847,-0.0945497266342088,0.924672483189514,0.990921883661933
283,289,"Brooklyn","08:00-09:00","18:00-19:00",-5.12858089935152,-4.49922569962206,-0.629355199729462,1.94149716772513,-0.324159731052754,0.745817107328892,0.963390434922276
284,290,"Brooklyn","08:00-09:00","18:00-19:00",-5.75598769375565,-7.38275149267066,1.62676379891502,2.96139107568073,0.549324205193356,0.582782979046552,0.883631561471885
285,291,"Brooklyn","08:00-09:00","18:00-19:00",-5.25765818226046,-6.76999862515679,1.51234044289634,2.26852024999572,0.666663849661112,0.504986874869148,0.843244116467959
286,293,"Brooklyn","08:00-09:00","18:00-19:00",-5.76638130590957,-5.0738077314513,-0.692573574458268,1.97568476438908,-0.350548623414842,0.725927005915808,0.962880538035496
287,295,"Brooklyn","08:00-09:00","18:00-19:00",-5.28755782966209,-5.8831425744089,0.595584744746812,1.72875162602285,0.344517243415128,0.730457330481659,0.962978816000422
288,296,"Brooklyn","08:00-09:00","18:00-19:00",-6.28181660073072,-5.32928722886703,-0.952529371863687,2.14879678170613,-0.443284995571979,0.657559607259269,0.929738123656699
289,297,"Brooklyn","08:00-09:00","18:00-19:00",-6.8849022093026,-6.420739881714,-0.464162327588592,3.2751859096274,-0.141720910017409,0.887300457843781,0.982128618149372
290,298,"Brooklyn","08:00-09:00","18:00-19:00",-5.1576563339645,-6.9422750532435,1.784618719279,2.48003939646823,0.719592891072792,0.471775690284184,0.811609934031128
291,299,"Brooklyn","08:00-09:00","18:00-19:00",-5.74867998034531,-6.04049361150746,0.291813631162149,2.26283423875846,0.128959349369867,0.897389814671794,0.982128618149372
292,300,"Brooklyn","08:00-09:00","18:00-19:00",-4.08911283806607,-5.8200741263465,1.73096128828043,1.97664652373339,0.875706034183123,0.381189864118646,0.75486330838143
293,301,"Brooklyn","08:00-09:00","18:00-19:00",-3.49768004827431,-4.35487050701366,0.85719045873935,1.38144964748272,0.620500689475958,0.534928200221146,0.862510377879509
294,302,"Brooklyn","08:00-09:00","18:00-19:00",-1.90907394466958,-5.62893699751454,3.71986305284496,1.37599902191977,2.70339076815263,0.00686360030214679,0.0753923595688937
295,303,"Brooklyn","08:00-09:00","18:00-19:00",-2.19960272821297,-4.42790748670984,2.22830475849687,1.03414589849458,2.15472958094273,0.0311830015780592,0.179685656634227
296,304,"Brooklyn","08:00-09:00","18:00-19:00",-2.28379733282899,-3.48725699698494,1.20345966415594,0.813853805743218,1.47871725322576,0.139215899138151,0.483706196585981
297,306,"Brooklyn","08:00-09:00","18:00-19:00",-2.66135781186371,-3.96329922920229,1.30194141733858,0.958766344188131,1.35793400053174,0.174484627443246,0.541119358921444
298,307,"Brooklyn","08:00-09:00","18:00-19:00",-5.12984566993949,-5.17979862794108,0.0499529580015974,2.00839117950898,0.0248721257647676,0.980156960771254,0.994417061549103
299,308,"Brooklyn","08:00-09:00","18:00-19:00",-0.941357908276683,-5.01842645422647,4.07706854594978,0.958295239828826,4.2545015111189,2.09515244956808e-05,0.00163654685782929
300,309,"Brooklyn","08:00-09:00","18:00-19:00",-2.09988353285973,-4.89347196464289,2.79358843178315,0.955203566561431,2.9246000848171,0.0034489914962014,0.052709587431078
301,310,"Brooklyn","08:00-09:00","18:00-19:00",-3.40810580882634,-4.09182163831792,0.683715829491581,1.21195049595501,0.56414501398658,0.57265544546586,0.878988598608077
302,311,"Brooklyn","08:00-09:00","18:00-19:00",-1.46993212726185,-3.26961143538782,1.79967930812596,0.70259525165543,2.5614737701196,0.0104229111490371,0.096545139317016
303,313,"Brooklyn","08:00-09:00","18:00-19:00",-3.23955008285317,-3.69843651977803,0.458886436924859,1.02978134129958,0.445615412244452,0.655875075639214,0.929738123656699
304,314,"Brooklyn","08:00-09:00","18:00-19:00",-2.7956495937294,-4.88984522552543,2.09419563179603,0.904207418513454,2.31605668004688,0.0205551741574515,0.14773459091587
305,315,"Brooklyn","08:00-09:00","18:00-19:00",-2.46914740963216,-5.38800263468037,2.91885522504821,1.04839363159618,2.78412147601875,0.00536729282648202,0.0679029096272434
306,316,"Brooklyn","08:00-09:00","18:00-19:00",-2.81417229023148,-5.06846282333306,2.25429053310158,1.23565797213844,1.82436449562194,0.0680969858444242,0.321174440811879
307,317,"Brooklyn","08:00-09:00","18:00-19:00",-2.44872862650792,-3.17668685999508,0.727958233487156,0.740820671581024,0.98263758209336,0.325785840801278,0.706874833590427
308,318,"Brooklyn","08:00-09:00","18:00-19:00",-1.21768090636139,-3.40446413378545,2.18678322742406,0.552969667621256,3.95461696268275,7.6657363919364e-05,0.00414539437194714
309,319,"Brooklyn","08:00-09:00","18:00-19:00",-5.42588884506088,-4.15475849489493,-1.27113035016595,1.54971628005853,-0.820234236758448,0.412082588010742,0.77046292386051
310,320,"Brooklyn","08:00-09:00","18:00-19:00",-6.12052960650704,-6.45258539553378,0.332055789026737,2.19616749411542,0.151197843478001,0.879819651394486,0.980211117163746
311,321,"Brooklyn","08:00-09:00","18:00-19:00",-1.84393061505667,-4.00626014636705,2.16232953131038,0.759556478928751,2.84683179104739,0.00441566876080435,0.0608669635067737
312,322,"Brooklyn","08:00-09:00","18:00-19:00",-2.98842595176579,-4.39237687885739,1.40395092709161,1.12650227473083,1.24629213680644,0.212657163597904,0.597991944037307
313,323,"Brooklyn","08:00-09:00","18:00-19:00",-2.60587192636894,-2.82786232233814,0.221990395969204,0.811750389254748,0.273471252872461,0.784490987294521,0.963483125545555
314,324,"Brooklyn","08:00-09:00","18:00-19:00",-1.62173539355222,-3.35801919731659,1.73628380376437,0.761632682273716,2.27968657881252,0.0226262838705413,0.152944976547986
315,325,"Brooklyn","08:00-09:00","18:00-19:00",-2.5703055260017,-4.75557208009766,2.18526655409596,1.35183873129344,1.61651423613607,0.105983177971086,0.429577803878604
316,326,"Brooklyn","08:00-09:00","18:00-19:00",-3.6570475481413,-5.01994275104198,1.36289520290068,1.21747816548174,1.11944118715378,0.262951968161059,0.64944560526325
317,327,"Brooklyn","08:00-09:00","18:00-19:00",-3.18375069322297,-5.28893672903723,2.10518603581427,1.18337753615446,1.77896400049585,0.0752456641626147,0.343491570820248
318,328,"Brooklyn","08:00-09:00","18:00-19:00",-1.66355257874178,-4.59150820803947,2.92795562929768,0.902387542552285,3.24467647349868,0.00117584133113152,0.029522016278052
319,329,"Brooklyn","08:00-09:00","18:00-19:00",-1.71575255641174,-4.14763191593046,2.43187935951872,0.892967916264468,2.72336700482134,0.00646202277032835,0.0744408119785946
320,330,"Brooklyn","08:00-09:00","18:00-19:00",-1.44914436831717,-3.06320584583168,1.61406147751451,0.671212678172796,2.40469456254666,0.0161859876554265,0.126977283293754
321,331,"Brooklyn","08:00-09:00","18:00-19:00",-1.4698527797663,-3.91372037181527,2.44386759204897,0.650950159024513,3.75430831096385,0.000173820807059348,0.00678866818681788
322,332,"Brooklyn","08:00-09:00","18:00-19:00",-1.84221768360583,-2.5238465833668,0.681628899760967,0.6349749150323,1.07347374459083,0.283058612665576,0.667752364778188
323,333,"Brooklyn","08:00-09:00","18:00-19:00",-4.26051256192254,-2.86351905253114,-1.3969935093914,1.28324906751783,-1.08863785273859,0.276313617499079,0.657751234740964
324,334,"Brooklyn","08:00-09:00","18:00-19:00",-2.39683145998246,-3.74924919415499,1.35241773417254,0.850115231015269,1.59086402034861,0.111640181324347,0.436016930394535
325,335,"Brooklyn","08:00-09:00","18:00-19:00",-1.72799501146638,-3.82989311161092,2.10189810014454,0.874654890407996,2.40311707302532,0.0162559822139941,0.126977283293754
326,336,"Brooklyn","08:00-09:00","18:00-19:00",-2.5778029009638,-0.957489638127011,-1.62031326283679,0.54810779083312,-2.95619454774384,0.00311460563732554,0.052709587431078
327,337,"Queens","08:00-09:00","18:00-19:00",-2.78334094727207,-0.630512668860377,-2.15282827841169,0.499630221034937,-4.30884319597863,1.64110664787268e-05,0.00153211450235325
328,338,"Queens","08:00-09:00","18:00-19:00",-5.00281647165545,-5.83389758510249,0.831081113447046,2.44783057890054,0.339517416201383,0.734219979198046,0.962978816000422
329,340,"Queens","08:00-09:00","18:00-19:00",-3.7540057534794,-2.61535484469116,-1.13865090878825,1.17764019646257,-0.966892020337418,0.333598016127487,0.72159817026961
330,341,"Queens","08:00-09:00","18:00-19:00",-7.36494232877063,-1.18303399126387,-6.18190833750676,1.87547622892307,-3.29618058718692,0.000980089930392591,0.0255186378172589
331,342,"Queens","08:00-09:00","18:00-19:00",-4.74677530465371,-2.88391106411063,-1.86286424054308,1.26125038366373,-1.47699795748071,0.139676184789408,0.483706196585981
332,343,"Queens","08:00-09:00","18:00-19:00",-5.86113348356913,-1.7465754956264,-4.11455798794272,1.2296582657077,-3.346098751733,0.000819572016715604,0.0230463651100428
333,344,"Queens","08:00-09:00","18:00-19:00",-7.06171476100517,-6.36742814159163,-0.694286619413544,3.84482539979997,-0.180576891592961,0.856699695511816,0.963687666523086
334,345,"Queens","08:00-09:00","18:00-19:00",-6.43912902875878,-6.1487275159494,-0.290401512809384,2.7077767638981,-0.107247213537398,0.914592860406551,0.985792345988022
335,346,"Queens","08:00-09:00","18:00-19:00",-2.35359614716533,-1.5103439195463,-0.843252227619029,0.565051987247752,-1.49234450395676,0.135608855473089,0.477826527111344
336,347,"Queens","08:00-09:00","18:00-19:00",-10.1762232272645,-2.72453573330033,-7.45168749396416,1.58878098610462,-4.69019176282707,2.7294912152677e-06,0.000479708081083297
337,348,"Manhattan","08:00-09:00","18:00-19:00",-4.44631468575451,-2.91988070284467,-1.52643398290983,1.29528260715358,-1.1784563264261,0.238614733664636,0.62896229411769
338,349,"Manhattan","08:00-09:00","18:00-19:00",-3.03632605195374,-1.98395604439584,-1.0523700075579,0.763611289104332,-1.37814883380294,0.168157340875755,0.530110361594869
339,350,"Manhattan","08:00-09:00","18:00-19:00",-1.70207490875059,-2.63115033672415,0.929075427973569,0.604613417078508,1.53664374909651,0.124380572951449,0.45071929270551
340,351,"Manhattan","08:00-09:00","18:00-19:00",-2.62964600813485,-3.54925034729896,0.919604339164116,0.930498794327674,0.988291811628375,0.323009754501704,0.703021230386063
341,354,"Manhattan","08:00-09:00","18:00-19:00",-5.0885279891233,-4.80501128279805,-0.283516706325256,1.42371551908396,-0.19913859371827,0.842154332340191,0.963687666523086
342,355,"Manhattan","08:00-09:00","18:00-19:00",-1.93404792131106,-1.00365813512426,-0.930389786186798,0.49498380221855,-1.87963683259277,0.0601575898660861,0.293471806294332
343,356,"Manhattan","08:00-09:00","18:00-19:00",-1.22364366095943,-0.87428572237788,-0.349357938581555,0.370294630111115,-0.943459370384935,0.345445987781241,0.728191639071251
344,357,"Manhattan","08:00-09:00","18:00-19:00",-1.34674612169656,-0.886922623908668,-0.459823497787893,0.408996237919772,-1.12427317211189,0.260897155911965,0.64944560526325
345,358,"Manhattan","08:00-09:00","18:00-19:00",-4.80544241448861,-2.51027159443798,-2.29517082005063,1.0250187176716,-2.23915015451062,0.025146147833861,0.160706744792766
346,359,"Manhattan","08:00-09:00","18:00-19:00",-4.81575207326251,-3.6822350961378,-1.13351697712471,1.39782681949605,-0.81091374218544,0.417415207944814,0.776303944934404
347,360,"Manhattan","08:00-09:00","18:00-19:00",-4.21061180209204,-2.29561978729634,-1.9149920147957,1.09882810852377,-1.74275848964986,0.08137581003859,0.366712784981595
348,361,"Manhattan","08:00-09:00","18:00-19:00",-2.43907141209923,-2.16761512602299,-0.271456286076242,0.667718682992137,-0.406542894471381,0.684343746447369,0.937103776014685
349,362,"Manhattan","08:00-09:00","18:00-19:00",-4.27493328001847,-3.50687563449763,-0.768057645520841,1.30665630037534,-0.587803881786063,0.556663938220094,0.869072407534132
350,363,"Manhattan","08:00-09:00","18:00-19:00",-2.57877448608241,-2.57403788789551,-0.00473659818689764,0.737104730060421,-0.00642595006344537,0.99487286894154,0.996500954803108
351,364,"Manhattan","08:00-09:00","18:00-19:00",-4.06736066553264,-6.65622612147195,2.58886545593931,2.4209671224104,1.06935176111014,0.284911195113423,0.669441802250974
352,365,"Manhattan","08:00-09:00","18:00-19:00",-3.19266597666513,-2.42206707255208,-0.770598904113049,0.866995582293013,-0.888815260251942,0.374102373127068,0.751411338023797
353,366,"Manhattan","08:00-09:00","18:00-19:00",-2.85701039811157,-2.24852301581185,-0.608487382299711,0.707106125437829,-0.860531906611536,0.389495903233478,0.758492022086248
354,367,"Manhattan","08:00-09:00","18:00-19:00",-2.47486724130132,-2.31442968675942,-0.160437554541901,0.608394809901087,-0.263706316902974,0.7920062276068,0.963483125545555
355,368,"Manhattan","08:00-09:00","18:00-19:00",-3.09459436999929,-4.28691910972718,1.19232473972789,1.32835311562176,0.89759622325258,0.369400853261749,0.744093982358193
356,369,"Manhattan","08:00-09:00","18:00-19:00",-3.51940331883837,-3.16663970617568,-0.352763612662697,0.689933503425308,-0.511300887565735,0.609140383615621,0.899633801852482
357,370,"Manhattan","08:00-09:00","18:00-19:00",-4.14350013249089,-3.2162367033605,-0.927263429130391,0.77623554010326,-1.1945645119612,0.232257221511841,0.618472828495547
358,371,"Manhattan","08:00-09:00","18:00-19:00",-5.31735868190703,-4.75191268332738,-0.565445998579651,1.03746671291038,-0.545025677974209,0.585735857248789,0.883631561471885
359,372,"Manhattan","08:00-09:00","18:00-19:00",-4.75912807650387,-4.50599527052103,-0.253132805982843,0.99587136690469,-0.254182231154628,0.799354777385453,0.963483125545555
360,373,"Manhattan","08:00-09:00","18:00-19:00",-3.99020584134232,-4.60165272446838,0.611446883126058,1.37146493807951,0.4458348632538,0.655716536386777,0.929738123656699
361,374,"Manhattan","08:00-09:00","18:00-19:00",-5.74789812957758,-4.75445522435646,-0.993442905221122,1.07248501559598,-0.926300032890497,0.354290078839223,0.728191639071251
362,375,"Manhattan","08:00-09:00","18:00-19:00",-3.54793692103955,-3.9483768282717,0.400439907232157,0.683022970061275,0.586275901081677,0.557690122898684,0.869072407534132
363,376,"Manhattan","08:00-09:00","18:00-19:00",-5.35649157114248,-3.98069896955384,-1.37579260158864,0.993926043417071,-1.38420017334361,0.166297170307711,0.530110361594869
364,377,"Manhattan","08:00-09:00","18:00-19:00",-3.50118642862997,-2.70025182184694,-0.800934606783022,0.712478066338261,-1.12415335239635,0.260947974854045,0.64944560526325
365,378,"Manhattan","08:00-09:00","18:00-19:00",-4.3228363305704,-2.9409722221686,-1.3818641084018,0.817436085128613,-1.69048581722983,0.0909350493515874,0.392677215996386
366,379,"Manhattan","08:00-09:00","18:00-19:00",-4.56406905403498,-4.35796704150209,-0.206102012532894,0.87724223146462,-0.234943103672508,0.81425289384896,0.963483125545555
367,380,"Manhattan","08:00-09:00","18:00-19:00",-5.6182246215847,-4.62207906011848,-0.996145561466219,1.2881984413913,-0.773285799344971,0.439353258081879,0.789936932050028
368,381,"Manhattan","08:00-09:00","18:00-19:00",-4.29856175170897,-3.27930519622616,-1.01925655548281,0.954674654184616,-1.06764807362918,0.285679289723033,0.669441802250974
369,382,"Manhattan","08:00-09:00","18:00-19:00",-5.41740930615339,-4.177355803472,-1.24005350268139,1.25442113172578,-0.988546407039058,0.322885118420613,0.703021230386063
370,383,"Manhattan","08:00-09:00","18:00-19:00",-5.14397551554138,-5.30608168399117,0.162106168449793,1.26253921091732,0.128396937733136,0.897834854434941,0.982128618149372
371,384,"Manhattan","08:00-09:00","18:00-19:00",-3.24616755153734,-4.21015822735337,0.96399067581603,0.966418807409642,0.997487495509198,0.318527940408767,0.701016431549325
372,385,"Manhattan","08:00-09:00","18:00-19:00",-5.97187531632263,-3.59222905186762,-2.379646264455,1.08716016010207,-2.18886448546053,0.0286066910425013,0.170408393390086
373,386,"Manhattan","08:00-09:00","18:00-19:00",-6.30433145055638,-4.6038169170115,-1.70051453354488,1.44381835695027,-1.17778979977566,0.238880416115823,0.62896229411769
374,387,"Manhattan","08:00-09:00","18:00-19:00",-4.16960587986617,-4.81963911013868,0.650033230272508,1.02177934922253,0.636177694105013,0.524660610087013,0.854087853220102
375,388,"Brooklyn","08:00-09:00","18:00-19:00",-6.61109310933719,-7.48735436019299,0.876261250855803,3.17001248683504,0.276422018681279,0.782223946834847,0.963483125545555
376,390,"Queens","08:00-09:00","18:00-19:00",-3.80117617940353,-4.06824219719147,0.267066017787942,1.42903931655235,0.186885003578668,0.851750797456687,0.963687666523086
377,391,"Manhattan","08:00-09:00","18:00-19:00",-3.58298666330804,-4.84275194239735,1.25976527908931,0.935945290390231,1.34598174917261,0.178308402562703,0.545003508702522
378,392,"Manhattan","08:00-09:00","18:00-19:00",-5.83427195985088,-4.20200545126963,-1.63226650858125,1.73522600891429,-0.940665077745429,0.346876520617508,0.728191639071251
379,393,"Brooklyn","08:00-09:00","18:00-19:00",-3.81640922724431,-1.57357560391277,-2.24283362333154,0.716580784501741,-3.12991036299006,0.00174859651175421,0.0361548043459767
380,394,"Manhattan","08:00-09:00","18:00-19:00",-2.65306895284519,-0.974208491674463,-1.67886046117073,0.432979568587859,-3.87745885249561,0.000105553172267521,0.00504582352051019
381,395,"Manhattan","08:00-09:00","18:00-19:00",-2.03783528887016,-2.34007225692516,0.302236968055007,0.617674370865016,0.489314406281327,0.624619123373202,0.917619548378815
382,396,"Manhattan","08:00-09:00","18:00-19:00",-6.5354998179525,-2.42732104078154,-4.10817877717096,1.99239556290251,-2.06192929439483,0.0392144680560265,0.210441000331196
383,397,"Brooklyn","08:00-09:00","18:00-19:00",-6.89231615665759,-5.11329812101731,-1.77901803564028,1.84880074889492,-0.962255146588217,0.335921453846245,0.722179761632753
384,398,"Brooklyn","08:00-09:00","18:00-19:00",-3.55716284003658,-3.53430532495818,-0.0228575150784023,1.07130026015004,-0.0213362359075699,0.982977438337704,0.994417061549103
385,399,"Manhattan","08:00-09:00","18:00-19:00",-2.88975048195388,-2.09941624505568,-0.790334236898197,0.85320407714456,-0.926313244473971,0.354283214906,0.728191639071251
386,400,"Manhattan","08:00-09:00","18:00-19:00",-2.17997054776692,-1.31798400591853,-0.861986541848392,0.602246782597234,-1.43128459421736,0.152348667372301,0.501780274140565
387,401,"Brooklyn","08:00-09:00","18:00-19:00",-6.1766751888425,-4.18322809676939,-1.99344709207311,1.83355853636397,-1.08720122785183,0.276947888311985,0.657751234740964
388,403,"Manhattan","08:00-09:00","18:00-19:00",-2.00445280474209,-2.47796437049234,0.473511565750253,0.462709149043858,1.02334601926225,0.306144272452999,0.687719608701147
389,404,"Manhattan","08:00-09:00","18:00-19:00",-2.72014966808074,-1.61326925057232,-1.10688041750842,0.65262099091551,-1.69605396227857,0.0898756611504392,0.392569349457378
390,405,"Manhattan","08:00-09:00","18:00-19:00",-5.04745294760616,-2.62478962030545,-2.42266332730072,1.04008698663896,-2.32928914448739,0.0198437530722892,0.146487837422037
391,406,"Manhattan","08:00-09:00","18:00-19:00",-3.70969426417591,-2.41272087446844,-1.29697338970747,0.70233961027964,-1.84664707888406,0.0647983062573727,0.30779195472252
392,407,"Manhattan","08:00-09:00","18:00-19:00",-1.56577159817886,-1.91787993233519,0.352108334156333,0.450352772090922,0.781850042848733,0.434302707281162,0.789936932050028
393,408,"Manhattan","08:00-09:00","18:00-19:00",-5.06301814954314,-2.5282164642437,-2.53480168529944,1.07066700162711,-2.36749772006354,0.0179088303760338,0.133935188876083
394,409,"Manhattan","08:00-09:00","18:00-19:00",-4.56938876544357,-5.41246702982744,0.843078264383871,1.16701101063165,0.722425287082384,0.470033044657567,0.811609934031128
395,410,"Manhattan","08:00-09:00","18:00-19:00",-4.93036583669042,-4.95991599801359,0.0295501613231721,1.5350175378071,0.019250699484116,0.984641112743041,0.994544112440169
396,411,"Manhattan","08:00-09:00","18:00-19:00",-3.52184682684492,-4.2221726134118,0.700325786566878,0.936017370771207,0.748197425000631,0.454341083968302,0.804538493777622
397,412,"Manhattan","08:00-09:00","18:00-19:00",-4.26366525817559,-4.8531251636141,0.589459905438507,1.36661492647322,0.431328455455779,0.66622956279717,0.929738123656699
398,413,"Manhattan","08:00-09:00","18:00-19:00",-3.31871328641011,-3.66360815822489,0.344894871814788,1.0398656134274,0.331672542452878,0.740136536066513,0.963390434922276
399,415,"Manhattan","08:00-09:00","18:00-19:00",-2.06886847625925,-2.07520702621646,0.00633854995720773,0.646009001246611,0.00981186012110692,0.992171393910189,0.996423557026947
400,416,"Manhattan","08:00-09:00","18:00-19:00",-5.83170530769997,-5.38314356552336,-0.44856174217661,1.6601508912336,-0.270193356848003,0.787011503168274,0.963483125545555
401,417,"Manhattan","08:00-09:00","18:00-19:00",-5.03507793398811,-4.62170990875462,-0.413368025233484,1.49097593905168,-0.277246610362071,0.781590751896766,0.963483125545555
402,418,"Manhattan","08:00-09:00","18:00-19:00",-6.14691351365803,-4.77548243159758,-1.37143108206045,2.14986666770126,-0.637914482169652,0.523529349945361,0.854087853220102
403,419,"Manhattan","08:00-09:00","18:00-19:00",-4.0813219938454,-6.13419772112555,2.05287572728015,1.01164530014893,2.02924456524231,0.0424333864702274,0.225989929458863
404,420,"Manhattan","08:00-09:00","18:00-19:00",-5.31304089503217,-6.93479829521863,1.62175740018646,2.08151576350684,0.7791232853573,0.4359070946484,0.789936932050028
405,421,"Brooklyn","08:00-09:00","18:00-19:00",-7.73365955368663,-6.81648936479309,-0.917170188893541,3.07669001027121,-0.298102891689336,0.76562463460715,0.963483125545555
406,422,"Brooklyn","08:00-09:00","18:00-19:00",-5.4363842138126,-3.26373476284675,-2.17264945096585,1.49228077333023,-1.45592537932207,0.145413248914728,0.494666967720186
407,423,"Manhattan","08:00-09:00","18:00-19:00",-6.51232796294683,-6.20279244830913,-0.309535514637695,2.70308579016014,-0.114511909227771,0.908832006301164,0.985792345988022
408,424,"Brooklyn","08:00-09:00","18:00-19:00",-8.50060621173936,-5.21091377831299,-3.28969243342638,2.70715637647124,-1.21518374853339,0.224296017322548,0.611818077000558
409,425,"Manhattan","08:00-09:00","18:00-19:00",-5.61496940735951,-4.87712487828361,-0.737844529075896,1.91987092252531,-0.384319862558973,0.70074138812801,0.950822647167548
410,426,"Manhattan","08:00-09:00","18:00-19:00",-3.82398972310321,-3.51980788696751,-0.304181836135701,1.3397688354647,-0.227040537205954,0.82039222098651,0.963483125545555
411,427,"Brooklyn","08:00-09:00","18:00-19:00",-4.71946108903241,-5.80028036688217,1.08081927784976,2.55115132960972,0.423659414204608,0.671814218144346,0.929738123656699
412,428,"Brooklyn","08:00-09:00","18:00-19:00",-6.06267977804883,-3.95290100822975,-2.10977876981908,1.92380135477708,-1.09667183910657,0.272784871023581,0.657175247310209
413,429,"Manhattan","08:00-09:00","18:00-19:00",-3.50155965446186,-3.94540343121572,0.443843776753853,1.04774693741692,0.423617345852704,0.671844903012238,0.929738123656699
414,430,"Brooklyn","08:00-09:00","18:00-19:00",-7.80946748434645,-6.90302505200825,-0.906442432338198,2.58131955589608,-0.351154676013577,0.725472310866579,0.962880538035496
415,431,"Manhattan","08:00-09:00","18:00-19:00",-4.75333339477826,-4.71937062031713,-0.033962774461135,1.44642441682633,-0.0234805041079536,0.981266989666026,0.994417061549103
416,432,"Brooklyn","08:00-09:00","18:00-19:00",-5.17679165722079,-2.60223450940551,-2.57455714781528,1.64210833394878,-1.56783635682808,0.116919327676952,0.439541643619773
417,433,"Manhattan","08:00-09:00","18:00-19:00",-4.48304124893641,-6.37245109093925,1.88940984200284,2.55215224578869,0.74032019254359,0.459105731375455,0.80544441913978
418,434,"Brooklyn","08:00-09:00","18:00-19:00",-6.64622338260943,-5.55812805396318,-1.08809532864625,2.52777417812692,-0.430455907834506,0.666864033947815,0.929738123656699
419,435,"Brooklyn","08:00-09:00","18:00-19:00",-6.31162032484806,-3.84853850466026,-2.4630818201878,1.72555507242707,-1.42741420401226,0.153460539033032,0.501780274140565
420,436,"Manhattan","08:00-09:00","18:00-19:00",-3.5622608281305,-3.11899177847351,-0.443269049656995,1.0103265354518,-0.43873840199473,0.660851098025425,0.929738123656699
421,437,"Brooklyn","08:00-09:00","18:00-19:00",-6.96883254785477,-6.10488925274537,-0.863943295109397,2.88588663883652,-0.299368410208138,0.764658962536242,0.963483125545555
422,438,"Manhattan","08:00-09:00","18:00-19:00",-6.34292422966352,-4.63689641776139,-1.70602781190213,1.41498571620729,-1.20568553615859,0.227938764055238,0.611818077000558
423,439,"Brooklyn","08:00-09:00","18:00-19:00",-5.29442447450556,-2.92662352359332,-2.36780095091225,1.06825002464654,-2.21652318865679,0.0266556915740243,0.162947401535123
424,440,"Brooklyn","08:00-09:00","18:00-19:00",-7.1098932894695,-7.13119070892413,0.0212974194546307,3.45624448612018,0.00616201184266863,0.995083457001112,0.996500954803108
425,441,"Manhattan","08:00-09:00","18:00-19:00",-8.23140994886032,-4.14916795079978,-4.08224199806054,1.59384584158059,-2.56125272065976,0.0104295457883028,0.096545139317016
426,442,"Brooklyn","08:00-09:00","18:00-19:00",-4.55816375586563,-6.06380781558493,1.5056440597193,1.88753693730231,0.797676606991958,0.425058182425755,0.780198178186178
427,443,"Manhattan","08:00-09:00","18:00-19:00",-5.36088368188412,-4.17477362447871,-1.18611005740541,1.43479723905012,-0.826674337755661,0.40842167038933,0.766133820569271
428,444,"Brooklyn","08:00-09:00","18:00-19:00",-4.37607518891406,-5.17983036537169,0.803755176457629,1.50212807545607,0.535077660547417,0.59259615676144,0.888262469516615
429,445,"Brooklyn","08:00-09:00","18:00-19:00",-4.77829554839974,-6.10540420977186,1.32710866137212,2.49013648375241,0.532946153767559,0.594070854862435,0.888578321209132
430,446,"Manhattan","08:00-09:00","18:00-19:00",-4.24942853663094,-5.34726198386996,1.09783344723902,1.31388481011454,0.835562934275277,0.403400828126717,0.766133820569271
431,449,"Manhattan","08:00-09:00","18:00-19:00",-6.1618989085621,-4.79897330998049,-1.36292559858162,2.14331873577268,-0.635894967852399,0.524844882775368,0.854087853220102
432,450,"Manhattan","08:00-09:00","18:00-19:00",-5.28059733081145,-5.61582947283764,0.335232142026192,1.41127397209891,0.237538669779065,0.812238923343009,0.963483125545555
433,451,"Brooklyn","08:00-09:00","18:00-19:00",-3.94046215200791,-3.76642787188719,-0.174034280120719,1.09257627551427,-0.159287991164555,0.873441981625697,0.976238530912159
434,452,"Brooklyn","08:00-09:00","18:00-19:00",-5.62033079558458,-7.10044360207717,1.48011280649259,2.66291146081315,0.555825016442949,0.578330482098925,0.881922622376451
435,453,"Manhattan","08:00-09:00","18:00-19:00",-4.37332117889016,-4.85493103487839,0.48160985598823,1.15959750938805,0.415325017593722,0.677903989423215,0.934444126597099
436,454,"Brooklyn","08:00-09:00","18:00-19:00",-6.11205442058968,-4.48915649376589,-1.62289792682379,2.52085287659274,-0.643789227801882,0.519712120007767,0.854087853220102
437,456,"Brooklyn","08:00-09:00","18:00-19:00",-6.06182290041143,-4.66033636322862,-1.40148653718281,1.68157154991479,-0.833438539831285,0.404597446605297,0.766133820569271
438,457,"Manhattan","08:00-09:00","18:00-19:00",-5.64494320376386,-4.91817964249249,-0.726763561271366,1.54836737873981,-0.469374110595681,0.638802250405515,0.929738123656699
439,459,"Manhattan","08:00-09:00","18:00-19:00",-6.2644406307252,-5.89323164151268,-0.371208989212516,2.38319461821221,-0.155761089075882,0.876221342616644,0.977751752157937
440,460,"Brooklyn","08:00-09:00","18:00-19:00",-5.43030511072642,-3.27592246883302,-2.1543826418934,1.77817665142423,-1.21156840079294,0.225677636599014,0.611818077000558
441,462,"Manhattan","08:00-09:00","18:00-19:00",-5.92987563312425,-5.28680002546673,-0.643075607657523,1.98655694188217,-0.323713654564685,0.746154832203877,0.963390434922276
442,464,"Manhattan","08:00-09:00","18:00-19:00",-5.44095703525184,-6.91154631541163,1.47058928015979,1.9244606861472,0.764156571628348,0.444773943128845,0.797643066376475
443,465,"Brooklyn","08:00-09:00","18:00-19:00",-5.77913626532363,-7.01589794329616,1.23676167797252,3.73475549316005,0.33114930287607,0.740531712162586,0.963390434922276
444,466,"Manhattan","08:00-09:00","18:00-19:00",-4.34072274711321,-5.31528029693467,0.974557549821456,1.50448859847382,0.647766656929181,0.517135884184564,0.854013429895327
445,467,"Brooklyn","08:00-09:00","18:00-19:00",-8.12863566511862,-4.92525585266658,-3.20337981245204,2.02892741557423,-1.57885382585035,0.114369589119809,0.439541643619773
446,468,"Brooklyn","08:00-09:00","18:00-19:00",-4.76563428268289,-4.74273896044561,-0.0228953222372832,1.7775132549139,-0.012880535306271,0.98972310391524,0.996423557026947
447,469,"Brooklyn","08:00-09:00","18:00-19:00",-5.78473932630182,-6.3206776711817,0.535938344879886,2.20097940202401,0.243499936613237,0.807618134206516,0.963483125545555
448,470,"Brooklyn","08:00-09:00","18:00-19:00",-4.90216043542575,-5.29723682456267,0.395076389136927,1.6093233754929,0.245492233042301,0.806075321347812,0.963483125545555
449,471,"Manhattan","08:00-09:00","18:00-19:00",-6.41334193461781,-4.7984325385316,-1.61490939608621,2.19468675341902,-0.735826829760738,0.46183609113695,0.805634670147086
450,472,"Manhattan","08:00-09:00","18:00-19:00",-5.52820769126538,-5.16454309034869,-0.363664600916694,1.37868916883665,-0.263775627702622,0.791952815911769,0.963483125545555
451,474,"Brooklyn","08:00-09:00","18:00-19:00",-6.75165811596615,-7.18224942945062,0.430591313484465,2.12640500306145,0.202497319590826,0.83952795366472,0.963483125545555
452,475,"Manhattan","08:00-09:00","18:00-19:00",-5.45433882070833,-4.1161927863985,-1.33814603430983,1.6363400660363,-0.817767689054523,0.413489851115331,0.771043409374211
453,476,"Manhattan","08:00-09:00","18:00-19:00",-5.84051425443778,-4.48024922948266,-1.36026502495511,1.47472363476934,-0.922386400329082,0.35632706093956,0.728191639071251
454,477,"Manhattan","08:00-09:00","18:00-19:00",-5.26516182678545,-5.56789105508361,0.302729228298164,1.40600924991228,0.215310979153979,0.829524870237711,0.963483125545555
455,479,"Manhattan","08:00-09:00","18:00-19:00",-5.40715347709181,-5.67177984089648,0.264626363804673,1.97361788975116,0.134081863150337,0.893337841241001,0.982128618149372
456,481,"Brooklyn","08:00-09:00","18:00-19:00",-6.26963875354386,-5.27524616857114,-0.994392584972725,1.63706879275692,-0.607422601525566,0.543570492954611,0.866508064732634
457,483,"Manhattan","08:00-09:00","18:00-19:00",-6.03070057025964,-5.77148738229222,-0.259213187967426,1.81311961743788,-0.142965298855307,0.886317587120009,0.982128618149372
458,484,"Brooklyn","08:00-09:00","18:00-19:00",-6.54795660877724,-5.52387069624998,-1.02408591252726,1.97739322097356,-0.517896947185377,0.604530172112703,0.898487761089281
459,485,"Brooklyn","08:00-09:00","18:00-19:00",-4.34794635807382,-4.86855206023441,0.520605702160592,1.49616435279047,0.347960236580707,0.727870046216219,0.962978816000422
460,486,"Manhattan","08:00-09:00","18:00-19:00",-4.90445692835074,-6.17818515840969,1.27372823005894,1.86059527037058,0.684581031857211,0.493608339850365,0.832150270778913
461,487,"Manhattan","08:00-09:00","18:00-19:00",-5.38358712262586,-5.72470748197976,0.341120359353897,1.36439856061507,0.250015185592193,0.802575605087773,0.963483125545555
462,488,"Brooklyn","08:00-09:00","18:00-19:00",-4.80149498787229,-4.41436021497186,-0.38713477290043,1.47804511145287,-0.261923516339693,0.793380408942954,0.963483125545555
463,489,"Manhattan","08:00-09:00","18:00-19:00",-2.88408757470771,-3.05599695629412,0.171909381586412,0.930846987036729,0.184680601624624,0.853479562103508,0.963687666523086
464,490,"Manhattan","08:00-09:00","18:00-19:00",-5.0127504517318,-3.12540016196663,-1.88735028976517,1.46347551969138,-1.28963570922127,0.197177171216354,0.577564797354571
465,491,"Manhattan","08:00-09:00","18:00-19:00",-4.21784723097473,-1.93110791668528,-2.28673931428945,0.84293422294692,-2.71283245126167,0.00667108272354404,0.0744408119785946
466,493,"Manhattan","08:00-09:00","18:00-19:00",-5.26080794902919,-5.72772884090769,0.466920891878507,1.1516839052835,0.405424517731339,0.685165491993667,0.937103776014685
467,494,"Manhattan","08:00-09:00","18:00-19:00",-4.48867348012589,-3.18029115103281,-1.30838232909307,1.50201513013307,-0.871084653439649,0.38370793288627,0.755422235493568
468,495,"Manhattan","08:00-09:00","18:00-19:00",-6.09902011963753,-2.23757088625235,-3.86144923338517,2.15507105436123,-1.79179671388131,0.0731655354114318,0.336178898001546
469,496,"Brooklyn","08:00-09:00","18:00-19:00",-4.50864630991259,-3.10060245656771,-1.40804385334488,1.09836998091711,-1.28193949016086,0.199863873597386,0.578207008802313
470,497,"Manhattan","08:00-09:00","18:00-19:00",-4.57579086161177,-4.28469898114054,-0.291091880471223,1.25321743976146,-0.232275638078121,0.816323933035971,0.963483125545555
471,498,"Manhattan","08:00-09:00","18:00-19:00",-6.86994618550168,-5.79848892702773,-1.07145725847395,2.20191234525484,-0.486603047929206,0.626539663188949,0.917619548378815
472,499,"Brooklyn","08:00-09:00","18:00-19:00",-6.2133401276647,-3.70057114906694,-2.51276897859776,1.79817251435884,-1.39740150543549,0.162292866698851,0.523357271969229
473,500,"Brooklyn","08:00-09:00","18:00-19:00",-5.46286781679743,-5.77098496004709,0.308117143249651,1.4324542730758,0.215097367532755,0.829691406277221,0.963483125545555
474,501,"Manhattan","08:00-09:00","18:00-19:00",-4.44757862577364,-4.13555741450536,-0.312021211268278,1.09830510973762,-0.284093380338382,0.776338819788193,0.963483125545555
475,502,"Brooklyn","08:00-09:00","18:00-19:00",-7.33029843582618,-6.33915413724781,-0.991144298578363,2.32599647966668,-0.426115992540279,0.670023327393374,0.929738123656699
476,503,"Brooklyn","08:00-09:00","18:00-19:00",-5.56053114455082,-6.20681540521819,0.646284260667366,2.41086198819571,0.268071861364011,0.788644004747831,0.963483125545555
477,504,"Manhattan","08:00-09:00","18:00-19:00",-6.71282169196901,-4.8943059333287,-1.81851575864031,1.77051415510762,-1.02711167453489,0.304367881995514,0.687719608701147
478,505,"Brooklyn","08:00-09:00","18:00-19:00",-6.7123300779139,-5.44838240458675,-1.26394767332716,1.97995655212606,-0.638371418791962,0.523231931477796,0.854087853220102
479,506,"Brooklyn","08:00-09:00","18:00-19:00",-5.8605196378711,-4.67138815345372,-1.18913148441739,1.53573749041277,-0.77430647610079,0.438749574873486,0.789936932050028
480,507,"Manhattan","08:00-09:00","18:00-19:00",-4.87493858490237,-6.0748344889661,1.19989590406373,2.06422425768883,0.581281757345093,0.561050573507915,0.869706365138475
481,508,"Manhattan","08:00-09:00","18:00-19:00",-6.7456539785741,-6.01987809804878,-0.725775880525322,2.58741010131382,-0.280502839560219,0.779091747223202,0.963483125545555
482,513,"Brooklyn","08:00-09:00","18:00-19:00",-5.07492119218407,-5.56910935297415,0.494188160790076,2.20425067355801,0.22419780414193,0.822603392028835,0.963483125545555
483,514,"Brooklyn","08:00-09:00","18:00-19:00",-5.25993560119323,-6.90789414971948,1.64795854852625,2.80115559328799,0.588313820365787,0.556321670814019,0.869072407534132
484,515,"Brooklyn","08:00-09:00","18:00-19:00",-5.09151499328584,-3.48786123589282,-1.60365375739302,1.55674043921585,-1.03013560706421,0.302946352333474,0.687719608701147
485,516,"Brooklyn","08:00-09:00","18:00-19:00",-3.71196981097521,-5.22354385672114,1.51157404574593,1.5671955869477,0.96450887070828,0.334790863194006,0.721956984126953
486,517,"Manhattan","08:00-09:00","18:00-19:00",-3.53424480587507,-5.96378220916927,2.42953740329421,1.65851410808719,1.46488799308211,0.142951479186602,0.49262200915775
487,518,"Brooklyn","08:00-09:00","18:00-19:00",-3.4263567567779,-1.74898399878275,-1.67737275799515,0.767469982560617,-2.18558744460428,0.0288458020105551,0.170408393390086
488,519,"Brooklyn","08:00-09:00","18:00-19:00",-6.18819519294587,-4.87558740926268,-1.31260778368319,2.54441944612393,-0.515877123043832,0.605940232975033,0.898683510087443
489,520,"Brooklyn","08:00-09:00","18:00-19:00",-3.82690887334512,-4.56370015038762,0.736791277042499,1.59179304964563,0.462868761241623,0.643458440263386,0.929738123656699
490,521,"Brooklyn","08:00-09:00","18:00-19:00",-4.7517745683559,-4.47166588884845,-0.280108679507458,1.46746007617614,-0.190879931968818,0.848619663056783,0.963687666523086
491,523,"Brooklyn","08:00-09:00","18:00-19:00",-3.61321067013077,-6.44074036217004,2.82752969203927,1.72166309894054,1.64232461843391,0.100522747791365,0.418150838445739
492,524,"Brooklyn","08:00-09:00","18:00-19:00",-4.17449153913982,-3.41714038334242,-0.757351155797397,1.02282127770448,-0.740453070645069,0.459025126862285,0.80544441913978
493,525,"Brooklyn","08:00-09:00","18:00-19:00",-4.66373288448959,-4.26716849650085,-0.396564387988744,1.58504298332177,-0.250191567144549,0.802439206368438,0.963483125545555
494,526,"Brooklyn","08:00-09:00","18:00-19:00",-6.20787889199243,-5.48874838692567,-0.719130505066759,2.52740003542664,-0.284533708548977,0.776001405361991,0.963483125545555
495,527,"Brooklyn","08:00-09:00","18:00-19:00",-2.54661147304993,-3.24879581279283,0.702184339742903,1.01034410593125,0.69499523540615,0.487058287486231,0.825065002657399
496,528,"Brooklyn","08:00-09:00","18:00-19:00",-2.70563838284106,-1.54047318466088,-1.16516519818017,0.690678685115173,-1.68698589270331,0.0916060646136662,0.392677215996386
497,529,"Brooklyn","08:00-09:00","18:00-19:00",-5.23275598002926,-4.73712733183143,-0.495628648197836,1.57135135456076,-0.315415547744495,0.752446163486197,0.963483125545555
498,530,"Brooklyn","08:00-09:00","18:00-19:00",-6.9191442535367,-3.684186483841,-3.23495776969569,2.34551028936642,-1.37921278127053,0.167829158459333,0.530110361594869
499,531,"Brooklyn","08:00-09:00","18:00-19:00",-5.93608735615345,-6.23966554124222,0.303578185088767,1.68191536438367,0.180495518096425,0.85676357265566,0.963687666523086
500,532,"Brooklyn","08:00-09:00","18:00-19:00",-5.04509270400444,-4.49168999811285,-0.553402705891592,1.67049313408529,-0.331281041867088,0.74043220998534,0.963390434922276
501,533,"Brooklyn","08:00-09:00","18:00-19:00",-8.85694551102335,-6.60090458655186,-2.25604092447149,2.2690558401836,-0.994264171255012,0.320094273865339,0.701016431549325
502,534,"Brooklyn","08:00-09:00","18:00-19:00",-7.22673696374611,-5.70600884015489,-1.52072812359122,2.13771302351626,-0.711380857422023,0.47684825798466,0.813651275153437
503,535,"Brooklyn","08:00-09:00","18:00-19:00",-5.5723886277414,-5.24624547136377,-0.326143156377626,1.46010066356838,-0.223370322687585,0.823247299902185,0.963483125545555
504,536,"Brooklyn","08:00-09:00","18:00-19:00",-5.08480061122788,-5.48843394667234,0.403633335444462,1.93192679056559,0.208927862802862,0.834504552748144,0.963483125545555
505,537,"Brooklyn","08:00-09:00","18:00-19:00",-8.50172039299247,-3.10153561550081,-5.40018477749165,1.79069072505275,-3.01569930638501,0.00256387377286929,0.0474316647980818
506,539,"Manhattan","08:00-09:00","18:00-19:00",-4.09759723046757,-5.67273607782757,1.57513884736,1.53872769634997,1.02366315436864,0.305994404331982,0.687719608701147
507,540,"Manhattan","08:00-09:00","18:00-19:00",-1.6738626378317,-1.61654584127634,-0.0573167965553636,0.477598568933629,-0.120010402634454,0.904474907408661,0.985673199860117
508,541,"Brooklyn","08:00-09:00","18:00-19:00",-2.64582346107692,-1.84818198145113,-0.797641479625796,0.570078339526256,-1.39917871689117,0.161759397159877,0.523357271969229
509,542,"Brooklyn","08:00-09:00","18:00-19:00",-2.7854785877223,-4.34700638283024,1.56152779510793,0.998428022880604,1.56398634585867,0.117820775028967,0.440071317102808
510,543,"Manhattan","08:00-09:00","18:00-19:00",-4.97419075599364,-3.68348984058874,-1.29070091540491,1.14875633803235,-1.12356369464362,0.261198165184288,0.64944560526325
511,544,"Manhattan","08:00-09:00","18:00-19:00",-1.87598145875517,-1.46665503531714,-0.409326423438032,0.483571288570258,-0.846465522484307,0.397293099587135,0.765197394547277
512,545,"Manhattan","08:00-09:00","18:00-19:00",-4.53770034012245,-3.89094049520764,-0.646759844914811,1.0877079976612,-0.594607970434604,0.552105551039947,0.869072407534132
513,546,"Brooklyn","08:00-09:00","18:00-19:00",-2.72289652406255,-1.89610419538542,-0.826792328677132,0.575513615588471,-1.43661645230013,0.150827006172452,0.501780274140565
514,547,"Manhattan","08:00-09:00","18:00-19:00",-3.19894539802385,-5.99340740503986,2.79446200701601,1.95557418539649,1.42897264030382,0.153012097304714,0.501780274140565
515,548,"Manhattan","08:00-09:00","18:00-19:00",-1.70227272788429,-1.35767006993881,-0.344602657945483,0.393041273955319,-0.876759467212234,0.380617299052719,0.75486330838143
516,549,"Brooklyn","08:00-09:00","18:00-19:00",-4.03994079069921,-4.16855399309397,0.128613202394766,1.47186264137224,0.0873812533721615,0.930368470017117,0.99239626443697
517,550,"Brooklyn","08:00-09:00","18:00-19:00",-2.44660730778058,-3.53841140874223,1.09180410096165,0.899982051757321,1.21313986076697,0.225076352332158,0.611818077000558
518,551,"Brooklyn","08:00-09:00","18:00-19:00",-2.0711138004348,-4.23079260459327,2.15967880415847,0.893611101045411,2.41679943504721,0.0156576419500994,0.126977283293754
519,552,"Brooklyn","08:00-09:00","18:00-19:00",-3.05337630453554,-5.01350945583312,1.96013315129758,1.21050006378823,1.61927554564796,0.105387989847719,0.429577803878604
520,554,"Manhattan","08:00-09:00","18:00-19:00",-0.778766780856693,0.039171189167995,-0.817937970024688,0.291675769944768,-2.80427122959022,0.00504304616886096,0.0679029096272434
521,555,"Manhattan","08:00-09:00","18:00-19:00",-2.16944307862495,-1.62251342538647,-0.546929653238477,0.517028036648858,-1.05783364628237,0.290131290377319,0.677615605100516
522,556,"Manhattan","08:00-09:00","18:00-19:00",-1.05109675822584,-1.63834332347073,0.587246565244886,0.474937813281755,1.23647043638638,0.216283748252313,0.603362996116572
523,557,"Manhattan","08:00-09:00","18:00-19:00",-2.8516327730418,-2.35062578882008,-0.501006984221717,0.668459691567181,-0.749494682390083,0.453559102513666,0.804538493777622
524,558,"Brooklyn","08:00-09:00","18:00-19:00",-1.98877510365321,-4.48193707925707,2.49316197560386,1.00998555410201,2.46851251037998,0.013567590944856,0.114915860653419
525,559,"Manhattan","08:00-09:00","18:00-19:00",-4.28369909613472,-3.5607704338251,-0.722928662309626,0.828684921932536,-0.872380615570655,0.383000771864091,0.755422235493568
526,561,"Brooklyn","08:00-09:00","18:00-19:00",-6.09623556786352,-4.69741068092629,-1.39882488693723,2.69764391735562,-0.518535777808823,0.604084504286626,0.898487761089281
527,563,"Brooklyn","08:00-09:00","18:00-19:00",-3.76529461164537,-3.400805098581,-0.364489513064366,0.967160098252191,-0.376865747173663,0.706273377577259,0.95299459584801
528,564,"Manhattan","08:00-09:00","18:00-19:00",-6.03560718014586,-6.66711843133939,0.631511251193525,2.4273829093079,0.260161365053684,0.794739304572932,0.963483125545555
529,565,"Manhattan","08:00-09:00","18:00-19:00",-6.72378175219489,-4.61077014887768,-2.11301160331721,1.93680041458171,-1.09098056124361,0.275281436150247,0.657751234740964
530,568,"Manhattan","08:00-09:00","18:00-19:00",-7.09714567741406,-5.31729427250137,-1.77985140491269,2.63427383312421,-0.675651628366141,0.499261854111581,0.839667663733114
531,569,"Manhattan","08:00-09:00","18:00-19:00",-7.29618187124237,-6.61087005983089,-0.685311811411474,2.83186500364443,-0.242000169686592,0.808780031746307,0.963483125545555
532,570,"Manhattan","08:00-09:00","18:00-19:00",-8.52363589430758,-6.14178303110629,-2.38185286320129,2.14609174355102,-1.10985603032057,0.267061070327608,0.650082387697999
533,571,"Manhattan","08:00-09:00","18:00-19:00",-7.10317275141976,-5.61475917885792,-1.48841357256185,2.05842578638385,-0.723083427348926,0.469628630381673,0.811609934031128
534,572,"Manhattan","08:00-09:00","18:00-19:00",-7.53686493883436,-6.8754330023109,-0.661431936523451,2.60443147388293,-0.253964039045085,0.799523340117525,0.963483125545555
535,573,"Manhattan","08:00-09:00","18:00-19:00",-6.49467179782882,-5.89599587685383,-0.598675920974996,2.33758553511205,-0.256108669386637,0.797866927980889,0.963483125545555
536,574,"Manhattan","08:00-09:00","18:00-19:00",-6.54727268073473,-5.54497385656517,-1.00229882416956,2.61917164967956,-0.382677792153173,0.701958682617293,0.950822647167548
537,575,"Manhattan","08:00-09:00","18:00-19:00",-7.21210967112519,-5.37154356276766,-1.84056610835753,2.12214683156899,-0.867313270211713,0.385770387684482,0.755422235493568
538,576,"Manhattan","08:00-09:00","18:00-19:00",-4.97541155744885,-5.920182861177,0.94477130372815,1.49505199707669,0.631932070306238,0.527431266209433,0.856314503799611
539,577,"Manhattan","08:00-09:00","18:00-19:00",-7.49291459269536,-4.91492622118548,-2.57798837150988,2.51825111840708,-1.02372172205788,0.305966732397342,0.687719608701147
540,578,"Manhattan","08:00-09:00","18:00-19:00",-8.2596711030316,-5.8031438508932,-2.4565272521384,2.96946463008854,-0.827262674640833,0.408088194720563,0.766133820569271
541,579,"Manhattan","08:00-09:00","18:00-19:00",-6.96214667394122,-5.07041266554458,-1.89173400839663,1.98661434787727,-0.952240182105796,0.340975186829792,0.728191639071251
542,580,"Manhattan","08:00-09:00","18:00-19:00",-7.1707300600089,-6.76307988003173,-0.407650179977168,3.03869382178456,-0.134153094679925,0.893281515567156,0.982128618149372
543,581,"Manhattan","08:00-09:00","18:00-19:00",-6.02921548989965,-4.79984946877865,-1.229366021121,1.07629104712337,-1.14222451669254,0.253360707702084,0.646988218207874
544,582,"Manhattan","08:00-09:00","18:00-19:00",-6.58958921459423,-6.00649161389395,-0.583097600700287,1.63245402180321,-0.357190826150311,0.720948953198466,0.96172127912433
545,583,"Manhattan","08:00-09:00","18:00-19:00",-4.27388638106395,-5.840995868855,1.56710948779105,1.71178845333818,0.915480814662002,0.359939269778078,0.73132169553176
546,584,"Manhattan","08:00-09:00","18:00-19:00",-5.33758625870627,-5.45396264867646,0.116376389970198,1.73005947718878,0.0672672769373809,0.946368927084392,0.994417061549103
547,585,"Manhattan","08:00-09:00","18:00-19:00",-7.05752057976537,-6.2378386029958,-0.819681976769574,2.41097263189348,-0.339979793186549,0.73387174521259,0.962978816000422
548,587,"Queens","08:00-09:00","18:00-19:00",-6.91462479668006,-7.16792185957593,0.253297062895867,2.27183186350688,0.11149463433657,0.911224120252005,0.985792345988022
549,588,"Queens","08:00-09:00","18:00-19:00",-8.15094287395929,-8.46814046851789,0.317197594558603,4.0715416766644,0.0779060168723279,0.937902813188473,0.994417061549103
550,589,"Queens","08:00-09:00","18:00-19:00",-8.25046725121794,-6.77875451584584,-1.4717127353721,3.53719511737931,-0.416067727827943,0.677360444224436,0.934444126597099
551,590,"Queens","08:00-09:00","18:00-19:00",-5.84988493030039,-4.46308386003284,-1.38680107026756,1.63604852661919,-0.847652772948802,0.39663137501872,0.765197394547277
552,592,"Manhattan","08:00-09:00","18:00-19:00",-5.27385429596383,-4.91015888002143,-0.3636954159424,1.70534822950086,-0.213267536595063,0.831118293110868,0.963483125545555
553,593,"Manhattan","08:00-09:00","18:00-19:00",-6.61075112268047,-6.53585727642962,-0.074893846250851,2.36560440192483,-0.0316594973318074,0.974743595129133,0.994417061549103
554,594,"Manhattan","08:00-09:00","18:00-19:00",-5.9333413677372,-3.93047052727343,-2.00287084046377,1.34323079569466,-1.49108466458884,0.135939268025987,0.477826527111344
555,595,"Queens","08:00-09:00","18:00-19:00",-8.17078426671108,-5.41585768137503,-2.75492658533605,2.43336272134467,-1.1321479371615,0.257572244024092,0.64944560526325
556,597,"Queens","08:00-09:00","18:00-19:00",-7.65234842664944,-7.7135686967004,0.0612202700509634,2.30040262394743,0.0266128500348826,0.978768524044605,0.994417061549103
557,599,"Queens","08:00-09:00","18:00-19:00",-7.40354716886375,-6.0598169278587,-1.34373024100504,1.82429003888637,-0.736577086078546,0.461379573707275,0.805634670147086
558,600,"Manhattan","08:00-09:00","18:00-19:00",-6.26302095542569,-6.28794399405894,0.024923038633248,2.29891818290568,0.0108412029704106,0.991350140968458,0.996423557026947
559,601,"Queens","08:00-09:00","18:00-19:00",-6.04495497900297,-5.91898049908145,-0.12597447992152,2.51155686336228,-0.0501579246558945,0.959996540584587,0.994417061549103
560,602,"Manhattan","08:00-09:00","18:00-19:00",-5.21950999413379,-4.44390309357697,-0.775606900556818,1.26378711470166,-0.613716417531218,0.53940273756886,0.865753708929015
561,603,"Queens","08:00-09:00","18:00-19:00",-5.73984701602584,-6.35039269826784,0.610545682242005,2.24592523875266,0.271845950928042,0.785740471461025,0.963483125545555
562,605,"Queens","08:00-09:00","18:00-19:00",-7.61388898535293,-7.46891254655588,-0.144976438797059,3.03852741841047,-0.0477127301595651,0.961945188458474,0.994417061549103
563,607,"Manhattan","08:00-09:00","18:00-19:00",-6.10624273876653,-5.63304810228811,-0.473194636478421,1.6412214004697,-0.288318587816974,0.773102879978711,0.963483125545555
564,608,"Manhattan","08:00-09:00","18:00-19:00",-7.00626779920466,-6.32560833125594,-0.680659467948721,2.15610472787919,-0.31568942785921,0.752238252002211,0.963483125545555
565,609,"Manhattan","08:00-09:00","18:00-19:00",-5.32943957116827,-4.6570639294889,-0.672375641679375,1.58514088442439,-0.424174058145963,0.671438878541313,0.929738123656699
566,610,"Brooklyn","08:00-09:00","18:00-19:00",-4.4373758058237,-4.36546114857213,-0.0719146572515639,1.49090176584917,-0.0482356778285814,0.961528416473479,0.994417061549103
567,611,"Manhattan","08:00-09:00","18:00-19:00",-6.01057676264779,-5.92619983189574,-0.0843769307520494,1.87731198053378,-0.044945609268449,0.964150662615955,0.994417061549103
568,613,"Manhattan","08:00-09:00","18:00-19:00",-6.97302633393202,-5.83851612842338,-1.13451020550863,1.91337730461375,-0.592935958199659,0.553224012261523,0.869072407534132
569,614,"Manhattan","08:00-09:00","18:00-19:00",-6.11504033398756,-5.67951027149002,-0.43553006249754,2.15907851898014,-0.20172034442882,0.840135356983535,0.963483125545555
570,615,"Manhattan","08:00-09:00","18:00-19:00",-6.59006898469125,-5.97173086691103,-0.618338117780229,1.91119775915804,-0.323534346363314,0.746290600336011,0.963390434922276
571,616,"Manhattan","08:00-09:00","18:00-19:00",-7.32899090708604,-7.23538872009916,-0.093602186986879,3.67669916925246,-0.0254582120206234,0.979689479651095,0.994417061549103
572,617,"Brooklyn","08:00-09:00","18:00-19:00",-5.19984554494791,-6.27258691009742,1.07274136514951,2.47925240222037,0.432687436014497,0.665241858596738,0.929738123656699
573,618,"Manhattan","08:00-09:00","18:00-19:00",-6.04134943795359,-4.83766727372521,-1.20368216422838,1.9129200591117,-0.62923808995308,0.529193195644851,0.856600962753322
574,619,"Brooklyn","08:00-09:00","18:00-19:00",-3.39617416636185,-6.17323007307239,2.77705590671054,2.29214063556534,1.21155563651774,0.225682525256161,0.611818077000558
575,620,"Manhattan","08:00-09:00","18:00-19:00",-5.24666244144245,-3.7528347708772,-1.49382767056526,1.13236173549092,-1.31921419078827,0.187097515406866,0.554977018274375
576,621,"Brooklyn","08:00-09:00","18:00-19:00",-6.75459113442847,-4.6636259508436,-2.09096518358487,1.75468965412238,-1.19164387769225,0.233400912562766,0.619172986911792
577,622,"Manhattan","08:00-09:00","18:00-19:00",-6.52524984621165,-6.25595333483422,-0.269296511377438,2.52365600420995,-0.106708882243935,0.915019935833614,0.985792345988022
578,623,"Manhattan","08:00-09:00","18:00-19:00",-6.19753402508361,-5.30780356453228,-0.889730460551332,1.58655881910068,-0.560792609665531,0.574938925342903,0.879949650487584
579,624,"Manhattan","08:00-09:00","18:00-19:00",-6.81354999436125,-5.06788674286036,-1.74566325150089,1.56962426523848,-1.11215358360662,0.266072121186869,0.650082387697999
580,626,"Queens","08:00-09:00","18:00-19:00",-3.79206218826156,-3.0628026316478,-0.729259556613759,0.985105416499344,-0.740285805355984,0.459126592105032,0.80544441913978
581,627,"Queens","08:00-09:00","18:00-19:00",-7.40885107680698,-3.35775969766513,-4.05109137914184,2.23793176155371,-1.81019432707337,0.0702656570441908,0.327130840411034
582,629,"Brooklyn","08:00-09:00","18:00-19:00",-6.52090004950609,-5.28670761001036,-1.23419243949573,2.06488156840542,-0.597706163094292,0.55003601241923,0.869072407534132
583,631,"Queens","08:00-09:00","18:00-19:00",-7.15361832320997,-7.34453574276586,0.190917419555896,4.00973188691101,0.047613512559059,0.962024262779555,0.994417061549103
584,632,"Queens","08:00-09:00","18:00-19:00",-3.85748362771097,-7.31119136692079,3.45370773920982,2.12448190801394,1.6256705816989,0.104019751437863,0.429577803878604
585,633,"Brooklyn","08:00-09:00","18:00-19:00",-5.68752522820029,-4.81190382153857,-0.875621406661721,1.60611637959627,-0.545179301939394,0.585630205519051,0.883631561471885
586,634,"Queens","08:00-09:00","18:00-19:00",-5.09985865938681,-2.16057526425014,-2.93928339513668,1.41172401980815,-2.08205240818678,0.0373376829568878,0.201910700913016
587,637,"Queens","08:00-09:00","18:00-19:00",-6.10172976878821,-5.23399095853427,-0.867738810253937,2.41473231024111,-0.359351968983798,0.719331801401399,0.96172127912433
588,640,"Brooklyn","08:00-09:00","18:00-19:00",-4.54565494870615,-5.87611997247414,1.33046502376798,1.75273674459016,0.759078639661361,0.447805516027067,0.798552044218355
589,641,"Queens","08:00-09:00","18:00-19:00",-6.34729347588937,-7.34310163484623,0.995808158956858,2.47069888778629,0.403047155555684,0.686913534664216,0.937670320133872
590,642,"Brooklyn","08:00-09:00","18:00-19:00",-3.63154070601246,-4.09527799654064,0.463737290528179,1.30855875363419,0.354387824956478,0.723048257568387,0.962694933845788
591,643,"Queens","08:00-09:00","18:00-19:00",-3.58710987011558,-5.55034181159963,1.96323194148406,1.21567352525253,1.61493353330718,0.106325089437948,0.429577803878604
592,645,"Brooklyn","08:00-09:00","18:00-19:00",-7.94371598940744,-4.72593786078275,-3.21777812862469,2.93523934669032,-1.09625749336351,0.272966105568394,0.657175247310209
593,646,"Queens","08:00-09:00","18:00-19:00",-4.17307954154222,-8.69002265916691,4.51694311762469,3.59757156190952,1.25555337535167,0.209277944702029,0.593235464215832
594,647,"Brooklyn","08:00-09:00","18:00-19:00",-4.8390501012252,-3.32966541750748,-1.50938468371772,1.29008758445776,-1.16998621016273,0.242006518290826,0.634815605815114
595,648,"Queens","08:00-09:00","18:00-19:00",-5.36175183825415,-5.21665019843024,-0.145101639823912,2.16056186236563,-0.0671592155500874,0.946454953060907,0.994417061549103
596,649,"Brooklyn","08:00-09:00","18:00-19:00",-4.84326743647157,-5.61184827116784,0.76858083469627,1.80123906579939,0.426695628187019,0.669601035236564,0.929738123656699
597,650,"Brooklyn","08:00-09:00","18:00-19:00",-7.84707144058581,-5.46521354431842,-2.38185789626739,2.53668043432014,-0.938966479199326,0.347747955017844,0.728191639071251
598,651,"Brooklyn","08:00-09:00","18:00-19:00",-7.08860703262497,-5.08140415652002,-2.00720287610495,2.01818295370768,-0.994559424068787,0.31995059032843,0.701016431549325
599,652,"Brooklyn","08:00-09:00","18:00-19:00",-6.70726570977192,-5.36486004273434,-1.34240566703758,1.87893505479859,-0.714450275228636,0.474948793386468,0.812381999393399
600,653,"Brooklyn","08:00-09:00","18:00-19:00",-7.8798353058309,-6.89893910238558,-0.980896203445325,3.70502027762726,-0.26474786369415,0.791203702761745,0.963483125545555
601,654,"Brooklyn","08:00-09:00","18:00-19:00",-4.50691801741581,-6.77354006587851,2.2666220484627,2.04305564131932,1.10942746865132,0.267245817986802,0.650082387697999
602,655,"Brooklyn","08:00-09:00","18:00-19:00",-4.48121950403797,-4.80131896953115,0.320099465493181,1.66180493165613,0.192621564297667,0.847255355324156,0.963687666523086
603,657,"Queens","08:00-09:00","18:00-19:00",-8.32743028142727,-7.35572022865066,-0.971710052776615,3.80410952989594,-0.25543692817993,0.798385651967901,0.963483125545555
604,658,"Brooklyn","08:00-09:00","18:00-19:00",-5.15275066877835,-6.23600032953214,1.08324966075379,2.19745055572746,0.49295746742988,0.622042640409393,0.916763052846548
605,659,"Queens","08:00-09:00","18:00-19:00",-6.26121991157593,-3.34605682640812,-2.91516308516781,1.68038172384335,-1.73482194182657,0.0827723485014696,0.370630324818683
606,662,"Queens","08:00-09:00","18:00-19:00",-5.105852500928,-6.65897096316522,1.55311846223723,3.58584428464745,0.433124904192523,0.664924031112864,0.929738123656699
607,663,"Queens","08:00-09:00","18:00-19:00",-4.41638839547532,-5.68591630992735,1.26952791445204,1.8938322452974,0.670348663459723,0.502635552167151,0.842089294222148
608,664,"Queens","08:00-09:00","18:00-19:00",-6.60724849752626,-4.18888216267323,-2.41836633485303,1.54835177542352,-1.56189722079889,0.118312203317825,0.440071317102808
609,666,"Brooklyn","08:00-09:00","18:00-19:00",-7.39163565447728,-4.89068465399916,-2.50095100047812,2.99160296592648,-0.835990279780856,0.403160371384041,0.766133820569271
610,667,"Queens","08:00-09:00","18:00-19:00",-5.04174607829964,-5.74665937392977,0.704913295630128,1.93247883886897,0.36477154701611,0.715281945971095,0.96172127912433
611,668,"Brooklyn","08:00-09:00","18:00-19:00",-6.25726879945917,-6.38464284160723,0.12737404214806,2.37257124081077,0.0536860769266228,0.957185275807019,0.994417061549103
612,670,"Queens","08:00-09:00","18:00-19:00",-5.83199302467983,-6.93286840526572,1.10087538058589,2.56714514465793,0.428832542981352,0.668045094186678,0.929738123656699
613,672,"Brooklyn","08:00-09:00","18:00-19:00",-4.59631034296411,-5.39206757442497,0.795757231460867,2.22224456587211,0.358087153719094,0.720278092353493,0.96172127912433
614,673,"Queens","08:00-09:00","18:00-19:00",-4.69091182137216,-7.39728743074405,2.70637560937189,2.36129806979326,1.14613891570616,0.251737677732528,0.64588170600718
615,674,"Queens","08:00-09:00","18:00-19:00",-4.98106816732527,-2.35060077301505,-2.63046739431022,1.31629460552533,-1.99838803810976,0.0456746074659733,0.237846289248735
616,676,"Queens","08:00-09:00","18:00-19:00",-6.43605114523706,-6.30913166430154,-0.126919480935517,3.1156766764888,-0.0407357675760338,0.967506546848035,0.994417061549103
617,677,"Queens","08:00-09:00","18:00-19:00",-7.11742338391485,-4.50524043033187,-2.61218295358298,1.66064475614786,-1.57299322682497,0.115720386555472,0.439541643619773
618,678,"Queens","08:00-09:00","18:00-19:00",-6.6378676309933,-8.29613237117007,1.65826474017677,2.77204430777951,0.598210041420692,0.549699792146899,0.869072407534132
619,679,"Queens","08:00-09:00","18:00-19:00",-6.16564061222021,-4.36259549738073,-1.80304511483948,1.59613377790768,-1.12963282889924,0.258630971868836,0.64944560526325
620,680,"Queens","08:00-09:00","18:00-19:00",-6.91711459564376,-6.26899969356314,-0.648114902080619,2.85259711266578,-0.227201696027431,0.820266908940696,0.963483125545555
621,681,"Queens","08:00-09:00","18:00-19:00",-4.19079729917066,-2.23544343512282,-1.95535386404784,1.00968490704962,-1.93659809153882,0.0527944914448171,0.269132637737104
622,682,"Queens","08:00-09:00","18:00-19:00",-7.37948829678715,-5.97088001019191,-1.40860828659524,2.89165782731667,-0.487128274060824,0.626167430766983,0.917619548378815
623,683,"Queens","08:00-09:00","18:00-19:00",-7.78173845892259,-1.3172416596839,-6.46449679923869,1.6692744458541,-3.87263868760123,0.000107663375259819,0.00504582352051019
624,684,"Queens","08:00-09:00","18:00-19:00",-4.12207943495403,-7.86269826082441,3.74061882587038,2.24776615818486,1.66414945444816,0.0960825661620408,0.406903879589847
625,685,"Queens","08:00-09:00","18:00-19:00",-5.16597916334403,-5.29025965336544,0.124280490021405,1.82095625377084,0.0682501239467144,0.945586526818865,0.994417061549103
626,686,"Queens","08:00-09:00","18:00-19:00",-4.70757200933915,-2.40119973408385,-2.3063722752553,1.43920438982514,-1.60253282408034,0.109037835066031,0.430638191300113
627,687,"Queens","08:00-09:00","18:00-19:00",-7.27506440179193,-5.30919363880717,-1.96587076298477,1.70097511926775,-1.15573163929114,0.247790942409007,0.640430266593868
628,689,"Queens","08:00-09:00","18:00-19:00",-7.56675150600413,-6.44518950270861,-1.12156200329552,2.48083363193285,-0.452090776607901,0.65120358796656,0.929738123656699
629,690,"Manhattan","08:00-09:00","18:00-19:00",-7.36876331074489,-5.04690878235794,-2.32185452838695,2.90324788724433,-0.799743810574433,0.423859244201861,0.780034158832221
630,691,"Manhattan","08:00-09:00","18:00-19:00",-5.15481886232805,-5.29313110407776,0.138312241749709,1.45612479400917,0.0949865302196333,0.924325525870236,0.990921883661933
631,692,"Manhattan","08:00-09:00","18:00-19:00",-6.59906619142559,-6.72984498825665,0.13077879683106,2.69662519410266,0.0484972094442582,0.961319988367667,0.994417061549103
632,693,"Manhattan","08:00-09:00","18:00-19:00",-6.4544533283226,-6.60065485296891,0.146201524646316,2.36149699609255,0.0619105274697484,0.950634083873608,0.994417061549103
633,694,"Manhattan","08:00-09:00","18:00-19:00",-6.5469181886636,-5.14515882601973,-1.40175936264387,1.7431569375736,-0.804149834377537,0.421310446760183,0.779424326506339
634,695,"Brooklyn","08:00-09:00","18:00-19:00",-3.36011578989654,-3.57312590441925,0.213010114522715,1.04132427427811,0.204556947133862,0.837918295247901,0.963483125545555
635,696,"Manhattan","08:00-09:00","18:00-19:00",-1.5336534855273,-1.73960790799705,0.20595442246975,0.460632068165869,0.447112645217718,0.654793729306017,0.929738123656699
636,697,"Queens","08:00-09:00","18:00-19:00",-9.84726650537319,-5.73658006911766,-4.11068643625553,2.84672336672908,-1.44400628606873,0.148737207123011,0.497915507654651
637,698,"Queens","08:00-09:00","18:00-19:00",-4.86742225258574,-2.66188053539343,-2.20554171719231,1.41845593433496,-1.55488913247515,0.119972476042962,0.441574087215719
638,699,"Brooklyn","08:00-09:00","18:00-19:00",-2.37592511249631,-2.91380179296361,0.537876680467297,0.758215197337447,0.70939844302265,0.478077253687543,0.813773146107367
639,700,"Manhattan","08:00-09:00","18:00-19:00",-7.81746566181795,-4.80757823749267,-3.00988742432528,2.23452640362868,-1.34699121005573,0.177983063649049,0.545003508702522
640,702,"Manhattan","08:00-09:00","18:00-19:00",-2.79168844160408,-3.43613574640412,0.644447304800043,0.734336140761905,0.877591703618729,0.380165333177464,0.75486330838143
641,704,"Queens","08:00-09:00","18:00-19:00",-7.45688914909378,-7.29655819205751,-0.160330957036269,3.11945927833563,-0.0513970347841221,0.959009147551712,0.994417061549103
642,705,"Manhattan","08:00-09:00","18:00-19:00",-2.85837221064959,-1.61694121487409,-1.2414309957755,0.457036440062162,-2.716262614873,0.00660235237515142,0.0744408119785946
643,706,"Brooklyn","08:00-09:00","18:00-19:00",-2.03444383548704,-4.11904567002508,2.08460183453804,0.759082077102378,2.74621400955155,0.00602874228078959,0.0706367637232514
644,707,"Manhattan","08:00-09:00","18:00-19:00",-5.37756503467065,-3.45795397113718,-1.91961106353347,1.91156940221592,-1.00420683722402,0.315278927220151,0.699183236074971
645,708,"Brooklyn","08:00-09:00","18:00-19:00",-5.59373629017754,-5.43467410425539,-0.159062185922155,1.91175641557474,-0.0832021195934293,0.933690827393662,0.993017627318827
646,709,"Brooklyn","08:00-09:00","18:00-19:00",-1.24804338204577,-0.384621979452581,-0.863421402593192,0.337028900590618,-2.5618616121054,0.0104112794272111,0.096545139317016
647,710,"Manhattan","08:00-09:00","18:00-19:00",-6.06867037027113,-4.11242960726779,-1.95624076300334,1.88248584667868,-1.03917953298549,0.298721247354812,0.687719608701147
648,712,"Manhattan","08:00-09:00","18:00-19:00",-1.99128911803539,-3.09179479409296,1.10050567605757,0.742027032544687,1.48310725592237,0.138045916518272,0.482817310011669
649,713,"Manhattan","08:00-09:00","18:00-19:00",-1.98023903934462,-1.87475778093234,-0.105481258412277,0.507322606794686,-0.207917520330343,0.835293368862123,0.963483125545555
650,714,"Manhattan","08:00-09:00","18:00-19:00",-0.450985237279321,-0.0848341310864272,-0.366151106192894,0.285522894022113,-1.28238790604489,0.199706604569432,0.578207008802313
651,715,"Manhattan","08:00-09:00","18:00-19:00",-4.33863135989332,-4.56553879482848,0.226907434935168,1.59502575336916,0.142259417727816,0.886875100405377,0.982128618149372
652,716,"Manhattan","08:00-09:00","18:00-19:00",-1.95783811158267,-1.30412253576219,-0.653715575820481,0.54063395664084,-1.20916484765822,0.226599519740636,0.611818077000558
653,717,"Queens","08:00-09:00","18:00-19:00",-6.89877378000563,-7.25015673799676,0.351382957991128,2.1573574998653,0.16287655523624,0.870615630519942,0.976144797855693
654,718,"Brooklyn","08:00-09:00","18:00-19:00",-4.70663580805867,-2.9910738005635,-1.71556200749517,1.55809830219009,-1.10106147030887,0.270869904643254,0.656626010221406
655,719,"Brooklyn","08:00-09:00","18:00-19:00",-4.89788035768204,-4.01058453394481,-0.887295823737235,1.61097070320839,-0.550783339492211,0.581782206425115,0.883631561471885
656,720,"Manhattan","08:00-09:00","18:00-19:00",-4.49959427350505,-3.49896583877196,-1.00062843473309,0.813422397407683,-1.23014615521041,0.218642378906915,0.606021777171772
657,721,"Manhattan","08:00-09:00","18:00-19:00",-2.94350890113863,-3.48357895170118,0.540070050562548,0.909164184181876,0.594029175322758,0.552492599499893,0.869072407534132
658,723,"Manhattan","08:00-09:00","18:00-19:00",-0.973203220085462,-0.626808427709814,-0.346394792375648,0.369225720067826,-0.938165391923445,0.34815942066567,0.728191639071251
659,724,"Manhattan","08:00-09:00","18:00-19:00",-2.17132049937375,-1.53394226505827,-0.637378234315483,0.569773625892759,-1.11865169841232,0.263288758890507,0.64944560526325
660,725,"Manhattan","08:00-09:00","18:00-19:00",-1.23908824734895,-1.6972288403885,0.458140593039551,0.450461909933995,1.017046242837,0.309131431507201,0.687719608701147
661,726,"Manhattan","08:00-09:00","18:00-19:00",-2.80148887541651,-2.78395205409941,-0.0175368213171065,0.731866200096072,-0.023961786068006,0.980883090248311,0.994417061549103
662,727,"Brooklyn","08:00-09:00","18:00-19:00",-2.13161731617882,-5.03109786840382,2.89948055222501,1.27635364948182,2.27169057212486,0.0231052060239673,0.153235470140085
663,728,"Brooklyn","08:00-09:00","18:00-19:00",-1.09780664355212,-4.47466273083189,3.37685608727977,0.799827402585887,4.22198098785088,2.42164540382756e-05,0.00170241671889078
664,730,"Manhattan","08:00-09:00","18:00-19:00",-2.36866881694496,-1.89492154335374,-0.473747273591218,0.545640099921491,-0.86824130715353,0.385262245414646,0.755422235493568
665,731,"Brooklyn","08:00-09:00","18:00-19:00",-7.17557024315021,-3.43861443102946,-3.73695581212075,2.7715970927547,-1.34830413189912,0.177560583724106,0.545003508702522
666,732,"Queens","08:00-09:00","18:00-19:00",-6.74225567947017,-5.15532920642826,-1.58692647304191,1.25214398724089,-1.26736740280062,0.205023949786329,0.588293211019549
667,734,"Manhattan","08:00-09:00","18:00-19:00",-4.99452526764838,-2.6184310304216,-2.37609423722678,0.746493206008568,-3.18300852318743,0.00145753323729519,0.0310498747217733
668,735,"Manhattan","08:00-09:00","18:00-19:00",-3.16549051765562,-2.42972250973867,-0.735768007916947,0.736213990057166,-0.999394222133452,0.317603757676669,0.701016431549325
669,736,"Queens","08:00-09:00","18:00-19:00",-6.8701600101305,-5.80604591537089,-1.06411409475961,2.60374327721444,-0.408686257232712,0.682769920371015,0.937103776014685
670,737,"Brooklyn","08:00-09:00","18:00-19:00",-4.34859629497449,-6.4985441787854,2.14994788381091,2.092461861493,1.02747291282857,0.304197833824944,0.687719608701147
671,738,"Brooklyn","08:00-09:00","18:00-19:00",-4.73507742489642,-2.28070207668306,-2.45437534821336,1.17065420852405,-2.09658439728997,0.0360303816666339,0.198525886598424
672,739,"Manhattan","08:00-09:00","18:00-19:00",-1.02509541289649,-4.20269403509716,3.17759862220067,0.8346304759614,3.80719218111517,0.000140553520112547,0.00617557028994505
673,740,"Manhattan","08:00-09:00","18:00-19:00",-1.01307799141004,-1.53093751562611,0.517859524216067,0.451571751751694,1.14679344358286,0.251466999581844,0.64588170600718
674,741,"Manhattan","08:00-09:00","18:00-19:00",-3.58129030528984,-3.67415916125362,0.0928688559637862,0.892018746625858,0.104110879188438,0.917081357434092,0.985792345988022
675,742,"Queens","08:00-09:00","18:00-19:00",-6.45847682926335,-3.90095482575173,-2.55752200351161,1.9304974627885,-1.32479946377003,0.185237672728687,0.554136527354327
676,743,"Manhattan","08:00-09:00","18:00-19:00",-1.70033586655762,-1.11872623147207,-0.58160963508555,0.434980855974393,-1.33709248831813,0.181192448831286,0.549044360036181
677,744,"Manhattan","08:00-09:00","18:00-19:00",-3.0850091809805,-1.5762966742363,-1.50871250674421,0.703555330333283,-2.14441201949179,0.0319998880366741,0.182893669022617
678,745,"Manhattan","08:00-09:00","18:00-19:00",-2.99298765880031,-1.18905099014847,-1.80393666865184,0.813435161351795,-2.21767727086446,0.0265768450813105,0.162947401535123
679,746,"Brooklyn","08:00-09:00","18:00-19:00",-3.83779206088957,-4.10136371943129,0.263571658541713,1.45413912686364,0.181256149203686,0.856166523717551,0.963687666523086
680,747,"Brooklyn","08:00-09:00","18:00-19:00",-6.0582528525566,-5.38501076710372,-0.673242085452875,2.38373005785274,-0.282432183642191,0.777612140069648,0.963483125545555
681,748,"Brooklyn","08:00-09:00","18:00-19:00",-5.84444180076662,-6.05133867963159,0.206896878864971,2.82168968771723,0.0733237534111531,0.941548490084559,0.994417061549103
682,751,"Brooklyn","08:00-09:00","18:00-19:00",-5.55733655638342,-5.06697969716326,-0.490356859220156,2.29295780468905,-0.213853415975377,0.830661368447028,0.963483125545555
683,752,"Brooklyn","08:00-09:00","18:00-19:00",-5.02195767039679,-5.26187183043812,0.239914160041329,1.83267400052886,0.130909348837871,0.895847019027946,0.982128618149372
684,753,"Brooklyn","08:00-09:00","18:00-19:00",-4.83222896678878,-5.36279435095693,0.530565384168143,2.40341014657326,0.220755240184292,0.825283016888051,0.963483125545555
685,754,"Brooklyn","08:00-09:00","18:00-19:00",-4.2789107095019,-4.54577089742945,0.26686018792755,1.62292112355729,0.164432013394846,0.869391063504357,0.976144797855693
686,757,"Brooklyn","08:00-09:00","18:00-19:00",-5.16584289719222,-3.58184500766097,-1.58399788953125,1.55508928587216,-1.01858967451048,0.30839780831981,0.687719608701147
687,758,"Brooklyn","08:00-09:00","18:00-19:00",-4.70118000103926,-4.74758418681845,0.0464041857791893,1.81520151094266,0.025564206232448,0.97960493602188,0.994417061549103
688,759,"Brooklyn","08:00-09:00","18:00-19:00",-6.07270787006692,-5.04304090589416,-1.02966696417275,2.22037108879569,-0.46373643098156,0.642836592609527,0.929738123656699
689,762,"Brooklyn","08:00-09:00","18:00-19:00",-5.6445347152054,-3.06041056193222,-2.58412415327318,1.942716341508,-1.33016030084315,0.18346546110001,0.551180423732082
690,764,"Brooklyn","08:00-09:00","18:00-19:00",-5.71980605257219,-5.02842285555215,-0.69138319702004,2.24040491214171,-0.308597429541928,0.757627776419524,0.963483125545555
691,766,"Brooklyn","08:00-09:00","18:00-19:00",-5.93063291499555,-4.12554072346786,-1.80509219152769,1.92783114500938,-0.936333141105524,0.349101689840295,0.728191639071251
692,767,"Brooklyn","08:00-09:00","18:00-19:00",-5.93180524830074,-5.98103114401848,0.0492258957177452,2.32399345092566,0.0211815982950117,0.983100793423367,0.994417061549103
693,768,"Brooklyn","08:00-09:00","18:00-19:00",-2.80838652496997,-3.79833591695171,0.989949391981747,1.05062807051429,0.942245329022245,0.346067051327932,0.728191639071251
694,769,"Brooklyn","08:00-09:00","18:00-19:00",-6.43407568333976,-6.30258119126511,-0.131494492074647,2.76107008547118,-0.0476244673275677,0.962015532043278,0.994417061549103
695,771,"Brooklyn","08:00-09:00","18:00-19:00",-6.54699666974288,-4.41873524915652,-2.12826142058637,2.0699890246086,-1.02815106519165,0.30387877295704,0.687719608701147
696,773,"Manhattan","08:00-09:00","18:00-19:00",-3.41894303548566,-3.20291176279684,-0.216031272688819,0.780826794664591,-0.276669901910342,0.782033584820944,0.963483125545555
697,775,"Manhattan","08:00-09:00","18:00-19:00",-2.9937386006696,-2.45795598618738,-0.535782614482225,0.800124445306362,-0.669624103631876,0.503097444627741,0.842089294222148
698,776,"Brooklyn","08:00-09:00","18:00-19:00",-4.34936210962924,-5.62698949304924,1.27762738342,1.9270894823095,0.662982905126358,0.507341502642763,0.843589042172511
699,777,"Brooklyn","08:00-09:00","18:00-19:00",-3.27995229466548,-2.6679996795227,-0.611952615142779,1.03481502255666,-0.591364255256813,0.554276385051421,0.869072407534132
700,778,"Manhattan","08:00-09:00","18:00-19:00",-5.77583407527414,-3.5670264608095,-2.20880761446464,1.62656987304314,-1.35795433757309,0.174478173789876,0.541119358921444
701,779,"Brooklyn","08:00-09:00","18:00-19:00",-6.5400680575887,-6.5475170414584,0.00744898386969961,2.91585061460375,0.00255465209102007,0.997961684755444,0.997961684755444
702,780,"Manhattan","08:00-09:00","18:00-19:00",-3.55147059564398,-3.67321370927604,0.121743113632054,0.954607463565406,0.127532120037434,0.898519252616263,0.982128618149372
703,781,"Manhattan","08:00-09:00","18:00-19:00",-4.64642153689116,-0.52912257511897,-4.11729896177219,1.14604710031664,-3.59260885580936,0.000327383820916443,0.0109595631478219
