"rep","seed","n","k","family","method","eta0","eta_mult","eta_init","eta_times_n","eps_grad","max_gd_steps","beta_ls","c_ls","Rprime","error","error_message","elapsed_sec","num_of_steps","converged","exploded","score_Y_max_abs","bt_mean","bt_max","bt_frac0","bt_frac_hit_cap","ls_fail_frac","record_id"
1,3123,4000,2,"gaussian","fixed",0.000125,10,0.00125,5,0.01,2000,0.5,1,0,0,NA,335.536,14,0,1,NA,0,0,1,1,0,1
1,3123,4000,2,"gaussian","linesearch",0.000125,10,0.00125,5,0.01,2000,0.5,1,9,0,NA,484.639,66,1,0,0.00868172320623556,3,3,0,0,0,2
1,3123,4000,2,"gaussian","fixed",0.000125,5,0.000625,2.5,0.01,2000,0.5,1,0,0,NA,330.347,19,0,1,NA,0,0,1,1,0,3
1,3123,4000,2,"gaussian","linesearch",0.000125,5,0.000625,2.5,0.01,2000,0.5,1,9,0,NA,452.155,66,1,0,0.00868172320623556,2,2,0,0,0,4
1,3123,4000,2,"gaussian","fixed",0.000125,1,0.000125,0.5,0.01,2000,0.5,1,0,0,NA,345.778,83,1,0,0.00937960246453357,0,0,1,1,0,5
1,3123,4000,2,"gaussian","linesearch",0.000125,1,0.000125,0.5,0.01,2000,0.5,1,9,0,NA,434.715,83,1,0,0.00937960246453357,0,0,1,0,0,6
1,3123,4000,2,"gaussian","fixed",0.000125,0.2,2.5e-05,0.1,0.01,2000,0.5,1,0,0,NA,470.572,430,1,0,0.00988004771736845,0,0,1,1,0,7
1,3123,4000,2,"gaussian","linesearch",0.000125,0.2,2.5e-05,0.1,0.01,2000,0.5,1,9,0,NA,1063.44,430,1,0,0.00988004771736845,0,0,1,0,0,8
2,4123,4000,2,"gaussian","fixed",0.000125,10,0.00125,5,0.01,2000,0.5,1,0,0,NA,331.026,14,0,1,NA,0,0,1,1,0,9
2,4123,4000,2,"gaussian","linesearch",0.000125,10,0.00125,5,0.01,2000,0.5,1,9,0,NA,455.483,63,1,0,0.00987492020713088,3,3,0,0,0,10
2,4123,4000,2,"gaussian","fixed",0.000125,5,0.000625,2.5,0.01,2000,0.5,1,0,0,NA,330.333,20,0,1,NA,0,0,1,1,0,11
2,4123,4000,2,"gaussian","linesearch",0.000125,5,0.000625,2.5,0.01,2000,0.5,1,9,0,NA,433.729,63,1,0,0.00987492020713088,2,2,0,0,0,12
2,4123,4000,2,"gaussian","fixed",0.000125,1,0.000125,0.5,0.01,2000,0.5,1,0,0,NA,348.714,80,1,0,0.00963586253214499,0,0,1,1,0,13
2,4123,4000,2,"gaussian","linesearch",0.000125,1,0.000125,0.5,0.01,2000,0.5,1,9,0,NA,408.18,80,1,0,0.00963586253214499,0,0,1,0,0,14
2,4123,4000,2,"gaussian","fixed",0.000125,0.2,2.5e-05,0.1,0.01,2000,0.5,1,0,0,NA,457.242,415,1,0,0.00999410322277572,0,0,1,1,0,15
2,4123,4000,2,"gaussian","linesearch",0.000125,0.2,2.5e-05,0.1,0.01,2000,0.5,1,9,0,NA,859.129,415,1,0,0.00999410322277572,0,0,1,0,0,16
3,5123,4000,2,"gaussian","fixed",0.000125,10,0.00125,5,0.01,2000,0.5,1,0,0,NA,334.481,14,0,1,NA,0,0,1,1,0,17
3,5123,4000,2,"gaussian","linesearch",0.000125,10,0.00125,5,0.01,2000,0.5,1,9,0,NA,477.758,64,1,0,0.00885747771093894,3,3,0,0,0,18
3,5123,4000,2,"gaussian","fixed",0.000125,5,0.000625,2.5,0.01,2000,0.5,1,0,0,NA,330.292,20,0,1,NA,0,0,1,1,0,19
3,5123,4000,2,"gaussian","linesearch",0.000125,5,0.000625,2.5,0.01,2000,0.5,1,9,0,NA,450.918,64,1,0,0.00885747771093894,2,2,0,0,0,20
3,5123,4000,2,"gaussian","fixed",0.000125,1,0.000125,0.5,0.01,2000,0.5,1,0,0,NA,350.045,81,1,0,0.00893819804424438,0,0,1,1,0,21
3,5123,4000,2,"gaussian","linesearch",0.000125,1,0.000125,0.5,0.01,2000,0.5,1,9,0,NA,424.188,81,1,0,0.00893819804424438,0,0,1,0,0,22
3,5123,4000,2,"gaussian","fixed",0.000125,0.2,2.5e-05,0.1,0.01,2000,0.5,1,0,0,NA,464.781,418,1,0,0.00976613109507148,0,0,1,1,0,23
3,5123,4000,2,"gaussian","linesearch",0.000125,0.2,2.5e-05,0.1,0.01,2000,0.5,1,9,0,NA,952.181,418,1,0,0.00976613109507148,0,0,1,0,0,24
4,6123,4000,2,"gaussian","fixed",0.000125,10,0.00125,5,0.01,2000,0.5,1,0,0,NA,323.646,15,0,1,NA,0,0,1,1,0,25
4,6123,4000,2,"gaussian","linesearch",0.000125,10,0.00125,5,0.01,2000,0.5,1,9,0,NA,468.996,66,1,0,0.00878916306993517,3,3,0,0,0,26
4,6123,4000,2,"gaussian","fixed",0.000125,5,0.000625,2.5,0.01,2000,0.5,1,0,0,NA,327.01,21,0,1,NA,0,0,1,1,0,27
4,6123,4000,2,"gaussian","linesearch",0.000125,5,0.000625,2.5,0.01,2000,0.5,1,9,0,NA,450.025,66,1,0,0.00878916306993517,2,2,0,0,0,28
4,6123,4000,2,"gaussian","fixed",0.000125,1,0.000125,0.5,0.01,2000,0.5,1,0,0,NA,342.873,83,1,0,0.00953105102807919,0,0,1,1,0,29
4,6123,4000,2,"gaussian","linesearch",0.000125,1,0.000125,0.5,0.01,2000,0.5,1,9,0,NA,425.548,83,1,0,0.00953105102807919,0,0,1,0,0,30
4,6123,4000,2,"gaussian","fixed",0.000125,0.2,2.5e-05,0.1,0.01,2000,0.5,1,0,0,NA,463.615,431,1,0,0.00988064579579737,0,0,1,1,0,31
4,6123,4000,2,"gaussian","linesearch",0.000125,0.2,2.5e-05,0.1,0.01,2000,0.5,1,9,0,NA,1002.158,431,1,0,0.00988064579579737,0,0,1,0,0,32
5,7123,4000,2,"gaussian","fixed",0.000125,10,0.00125,5,0.01,2000,0.5,1,0,0,NA,326.189,14,0,1,NA,0,0,1,1,0,33
5,7123,4000,2,"gaussian","linesearch",0.000125,10,0.00125,5,0.01,2000,0.5,1,9,0,NA,482.513,66,1,0,0.00930259922545118,3,3,0,0,0,34
5,7123,4000,2,"gaussian","fixed",0.000125,5,0.000625,2.5,0.01,2000,0.5,1,0,0,NA,332.761,18,0,1,NA,0,0,1,1,0,35
5,7123,4000,2,"gaussian","linesearch",0.000125,5,0.000625,2.5,0.01,2000,0.5,1,9,0,NA,468.312,66,1,0,0.00930259922545118,2,2,0,0,0,36
5,7123,4000,2,"gaussian","fixed",0.000125,1,0.000125,0.5,0.01,2000,0.5,1,0,0,NA,353.063,84,1,0,0.00887735000577028,0,0,1,1,0,37
5,7123,4000,2,"gaussian","linesearch",0.000125,1,0.000125,0.5,0.01,2000,0.5,1,9,0,NA,443.435,84,1,0,0.00887735000577028,0,0,1,0,0,38
5,7123,4000,2,"gaussian","fixed",0.000125,0.2,2.5e-05,0.1,0.01,2000,0.5,1,0,0,NA,461.36,433,1,0,0.00997865258911557,0,0,1,1,0,39
5,7123,4000,2,"gaussian","linesearch",0.000125,0.2,2.5e-05,0.1,0.01,2000,0.5,1,9,0,NA,1093.441,433,1,0,0.00997865258911557,0,0,1,0,0,40
6,8123,4000,2,"gaussian","fixed",0.000125,10,0.00125,5,0.01,2000,0.5,1,0,0,NA,335.837,14,0,1,NA,0,0,1,1,0,41
6,8123,4000,2,"gaussian","linesearch",0.000125,10,0.00125,5,0.01,2000,0.5,1,9,0,NA,476.749,65,1,0,0.00992131025746279,3,3,0,0,0,42
6,8123,4000,2,"gaussian","fixed",0.000125,5,0.000625,2.5,0.01,2000,0.5,1,0,0,NA,329.613,18,0,1,NA,0,0,1,1,0,43
6,8123,4000,2,"gaussian","linesearch",0.000125,5,0.000625,2.5,0.01,2000,0.5,1,9,0,NA,449.504,65,1,0,0.00992131025746279,2,2,0,0,0,44
6,8123,4000,2,"gaussian","fixed",0.000125,1,0.000125,0.5,0.01,2000,0.5,1,0,0,NA,342.827,83,1,0,0.00913917122952246,0,0,1,1,0,45
6,8123,4000,2,"gaussian","linesearch",0.000125,1,0.000125,0.5,0.01,2000,0.5,1,9,0,NA,432.142,83,1,0,0.00913917122952246,0,0,1,0,0,46
6,8123,4000,2,"gaussian","fixed",0.000125,0.2,2.5e-05,0.1,0.01,2000,0.5,1,0,0,NA,456.018,429,1,0,0.00992937845404718,0,0,1,1,0,47
6,8123,4000,2,"gaussian","linesearch",0.000125,0.2,2.5e-05,0.1,0.01,2000,0.5,1,9,0,NA,1068.253,429,1,0,0.00992937845404718,0,0,1,0,0,48
7,9123,4000,2,"gaussian","fixed",0.000125,10,0.00125,5,0.01,2000,0.5,1,0,0,NA,334.11,15,0,1,NA,0,0,1,1,0,49
7,9123,4000,2,"gaussian","linesearch",0.000125,10,0.00125,5,0.01,2000,0.5,1,9,0,NA,464.765,65,1,0,0.00855424867524079,3,3,0,0,0,50
7,9123,4000,2,"gaussian","fixed",0.000125,5,0.000625,2.5,0.01,2000,0.5,1,0,0,NA,330.551,21,0,1,NA,0,0,1,1,0,51
7,9123,4000,2,"gaussian","linesearch",0.000125,5,0.000625,2.5,0.01,2000,0.5,1,9,0,NA,436.756,65,1,0,0.00855424867524079,2,2,0,0,0,52
7,9123,4000,2,"gaussian","fixed",0.000125,1,0.000125,0.5,0.01,2000,0.5,1,0,0,NA,349.905,82,1,0,0.00892141515101197,0,0,1,1,0,53
7,9123,4000,2,"gaussian","linesearch",0.000125,1,0.000125,0.5,0.01,2000,0.5,1,9,0,NA,420.188,82,1,0,0.00892141515101197,0,0,1,0,0,54
7,9123,4000,2,"gaussian","fixed",0.000125,0.2,2.5e-05,0.1,0.01,2000,0.5,1,0,0,NA,455.529,423,1,0,0.00977271023737181,0,0,1,1,0,55
7,9123,4000,2,"gaussian","linesearch",0.000125,0.2,2.5e-05,0.1,0.01,2000,0.5,1,9,0,NA,933.373,423,1,0,0.00977271023737181,0,0,1,0,0,56
8,10123,4000,2,"gaussian","fixed",0.000125,10,0.00125,5,0.01,2000,0.5,1,0,0,NA,325.228,14,0,1,NA,0,0,1,1,0,57
8,10123,4000,2,"gaussian","linesearch",0.000125,10,0.00125,5,0.01,2000,0.5,1,9,0,NA,490.444,66,1,0,0.0095501307011413,3,3,0,0,0,58
8,10123,4000,2,"gaussian","fixed",0.000125,5,0.000625,2.5,0.01,2000,0.5,1,0,0,NA,328.729,20,0,1,NA,0,0,1,1,0,59
8,10123,4000,2,"gaussian","linesearch",0.000125,5,0.000625,2.5,0.01,2000,0.5,1,9,0,NA,461.3,66,1,0,0.0095501307011413,2,2,0,0,0,60
8,10123,4000,2,"gaussian","fixed",0.000125,1,0.000125,0.5,0.01,2000,0.5,1,0,0,NA,344.12,84,1,0,0.00910303534621226,0,0,1,1,0,61
8,10123,4000,2,"gaussian","linesearch",0.000125,1,0.000125,0.5,0.01,2000,0.5,1,9,0,NA,442.441,84,1,0,0.00910303534621226,0,0,1,0,0,62
8,10123,4000,2,"gaussian","fixed",0.000125,0.2,2.5e-05,0.1,0.01,2000,0.5,1,0,0,NA,461.203,434,1,0,0.00992988908791392,0,0,1,1,0,63
8,10123,4000,2,"gaussian","linesearch",0.000125,0.2,2.5e-05,0.1,0.01,2000,0.5,1,9,0,NA,1161.754,434,1,0,0.00992988908791392,0,0,1,0,0,64
9,11123,4000,2,"gaussian","fixed",0.000125,10,0.00125,5,0.01,2000,0.5,1,0,0,NA,331.589,14,0,1,NA,0,0,1,1,0,65
9,11123,4000,2,"gaussian","linesearch",0.000125,10,0.00125,5,0.01,2000,0.5,1,9,0,NA,473.529,65,1,0,0.00910061466625034,3,3,0,0,0,66
9,11123,4000,2,"gaussian","fixed",0.000125,5,0.000625,2.5,0.01,2000,0.5,1,0,0,NA,329.243,19,0,1,NA,0,0,1,1,0,67
9,11123,4000,2,"gaussian","linesearch",0.000125,5,0.000625,2.5,0.01,2000,0.5,1,9,0,NA,448.949,65,1,0,0.00910061466625034,2,2,0,0,0,68
9,11123,4000,2,"gaussian","fixed",0.000125,1,0.000125,0.5,0.01,2000,0.5,1,0,0,NA,347.654,82,1,0,0.00954894044496746,0,0,1,1,0,69
9,11123,4000,2,"gaussian","linesearch",0.000125,1,0.000125,0.5,0.01,2000,0.5,1,9,0,NA,422.272,82,1,0,0.00954894044496746,0,0,1,0,0,70
9,11123,4000,2,"gaussian","fixed",0.000125,0.2,2.5e-05,0.1,0.01,2000,0.5,1,0,0,NA,463.72,426,1,0,0.00987631306983561,0,0,1,1,0,71
9,11123,4000,2,"gaussian","linesearch",0.000125,0.2,2.5e-05,0.1,0.01,2000,0.5,1,9,0,NA,1043.09,426,1,0,0.00987631306983561,0,0,1,0,0,72
10,12123,4000,2,"gaussian","fixed",0.000125,10,0.00125,5,0.01,2000,0.5,1,0,0,NA,333.685,14,0,1,NA,0,0,1,1,0,73
10,12123,4000,2,"gaussian","linesearch",0.000125,10,0.00125,5,0.01,2000,0.5,1,9,0,NA,462.439,64,1,0,0.00904456522195307,3,3,0,0,0,74
10,12123,4000,2,"gaussian","fixed",0.000125,5,0.000625,2.5,0.01,2000,0.5,1,0,0,NA,326.299,19,0,1,NA,0,0,1,1,0,75
10,12123,4000,2,"gaussian","linesearch",0.000125,5,0.000625,2.5,0.01,2000,0.5,1,9,0,NA,430.539,64,1,0,0.00904456522195307,2,2,0,0,0,76
10,12123,4000,2,"gaussian","fixed",0.000125,1,0.000125,0.5,0.01,2000,0.5,1,0,0,NA,345.203,81,1,0,0.0091499148954719,0,0,1,1,0,77
10,12123,4000,2,"gaussian","linesearch",0.000125,1,0.000125,0.5,0.01,2000,0.5,1,9,0,NA,409.05,81,1,0,0.0091499148954719,0,0,1,0,0,78
10,12123,4000,2,"gaussian","fixed",0.000125,0.2,2.5e-05,0.1,0.01,2000,0.5,1,0,0,NA,449.408,419,1,0,0.00983286304371123,0,0,1,1,0,79
10,12123,4000,2,"gaussian","linesearch",0.000125,0.2,2.5e-05,0.1,0.01,2000,0.5,1,9,0,NA,896.381,419,1,0,0.00983286304371123,0,0,1,0,0,80
11,13123,4000,2,"gaussian","fixed",0.000125,10,0.00125,5,0.01,2000,0.5,1,0,0,NA,331.713,14,0,1,NA,0,0,1,1,0,81
11,13123,4000,2,"gaussian","linesearch",0.000125,10,0.00125,5,0.01,2000,0.5,1,9,0,NA,488.055,67,1,0,0.00950985495453692,3,3,0,0,0,82
11,13123,4000,2,"gaussian","fixed",0.000125,5,0.000625,2.5,0.01,2000,0.5,1,0,0,NA,324.113,20,0,1,NA,0,0,1,1,0,83
11,13123,4000,2,"gaussian","linesearch",0.000125,5,0.000625,2.5,0.01,2000,0.5,1,9,0,NA,466.398,67,1,0,0.00950985495453692,2,2,0,0,0,84
11,13123,4000,2,"gaussian","fixed",0.000125,1,0.000125,0.5,0.01,2000,0.5,1,0,0,NA,340.327,85,1,0,0.00937603586647479,0,0,1,1,0,85
11,13123,4000,2,"gaussian","linesearch",0.000125,1,0.000125,0.5,0.01,2000,0.5,1,9,0,NA,437.878,85,1,0,0.00937603586647479,0,0,1,0,0,86
11,13123,4000,2,"gaussian","fixed",0.000125,0.2,2.5e-05,0.1,0.01,2000,0.5,1,0,0,NA,461.522,441,1,0,0.00978221411865039,0,0,1,1,0,87
11,13123,4000,2,"gaussian","linesearch",0.000125,0.2,2.5e-05,0.1,0.01,2000,0.5,1,9,0,NA,1254.481,441,1,0,0.00978221411865039,0,0,1,0,0,88
12,14123,4000,2,"gaussian","fixed",0.000125,10,0.00125,5,0.01,2000,0.5,1,0,0,NA,325.546,14,0,1,NA,0,0,1,1,0,89
12,14123,4000,2,"gaussian","linesearch",0.000125,10,0.00125,5,0.01,2000,0.5,1,9,0,NA,459.854,64,1,0,0.00988815787301051,3,3,0,0,0,90
12,14123,4000,2,"gaussian","fixed",0.000125,5,0.000625,2.5,0.01,2000,0.5,1,0,0,NA,329.098,19,0,1,NA,0,0,1,1,0,91
12,14123,4000,2,"gaussian","linesearch",0.000125,5,0.000625,2.5,0.01,2000,0.5,1,9,0,NA,440.189,64,1,0,0.00988815787301051,2,2,0,0,0,92
12,14123,4000,2,"gaussian","fixed",0.000125,1,0.000125,0.5,0.01,2000,0.5,1,0,0,NA,347.814,81,1,0,0.00999393960653105,0,0,1,1,0,93
12,14123,4000,2,"gaussian","linesearch",0.000125,1,0.000125,0.5,0.01,2000,0.5,1,9,0,NA,415.965,81,1,0,0.00999393960653105,0,0,1,0,0,94
12,14123,4000,2,"gaussian","fixed",0.000125,0.2,2.5e-05,0.1,0.01,2000,0.5,1,0,0,NA,456.737,422,1,0,0.00995714747028137,0,0,1,1,0,95
12,14123,4000,2,"gaussian","linesearch",0.000125,0.2,2.5e-05,0.1,0.01,2000,0.5,1,9,0,NA,937.125,422,1,0,0.00995714747028137,0,0,1,0,0,96
13,15123,4000,2,"gaussian","fixed",0.000125,10,0.00125,5,0.01,2000,0.5,1,0,0,NA,325.001,14,0,1,NA,0,0,1,1,0,97
13,15123,4000,2,"gaussian","linesearch",0.000125,10,0.00125,5,0.01,2000,0.5,1,9,0,NA,446.861,63,1,0,0.00968642456602234,3,3,0,0,0,98
13,15123,4000,2,"gaussian","fixed",0.000125,5,0.000625,2.5,0.01,2000,0.5,1,0,0,NA,322.469,19,0,1,NA,0,0,1,1,0,99
13,15123,4000,2,"gaussian","linesearch",0.000125,5,0.000625,2.5,0.01,2000,0.5,1,9,0,NA,418.927,63,1,0,0.00968642456602234,2,2,0,0,0,100
13,15123,4000,2,"gaussian","fixed",0.000125,1,0.000125,0.5,0.01,2000,0.5,1,0,0,NA,340.658,80,1,0,0.00944725050104633,0,0,1,1,0,101
13,15123,4000,2,"gaussian","linesearch",0.000125,1,0.000125,0.5,0.01,2000,0.5,1,9,0,NA,395.047,80,1,0,0.00944725050104633,0,0,1,0,0,102
13,15123,4000,2,"gaussian","fixed",0.000125,0.2,2.5e-05,0.1,0.01,2000,0.5,1,0,0,NA,441.936,415,1,0,0.00978173718330005,0,0,1,1,0,103
13,15123,4000,2,"gaussian","linesearch",0.000125,0.2,2.5e-05,0.1,0.01,2000,0.5,1,9,0,NA,842.84,415,1,0,0.00978173718330005,0,0,1,0,0,104
14,16123,4000,2,"gaussian","fixed",0.000125,10,0.00125,5,0.01,2000,0.5,1,0,0,NA,332.471,14,0,1,NA,0,0,1,1,0,105
14,16123,4000,2,"gaussian","linesearch",0.000125,10,0.00125,5,0.01,2000,0.5,1,9,0,NA,469.037,66,1,0,0.00868897369795082,3,3,0,0,0,106
14,16123,4000,2,"gaussian","fixed",0.000125,5,0.000625,2.5,0.01,2000,0.5,1,0,0,NA,333.038,19,0,1,NA,0,0,1,1,0,107
14,16123,4000,2,"gaussian","linesearch",0.000125,5,0.000625,2.5,0.01,2000,0.5,1,9,0,NA,448.239,66,1,0,0.00868897369795082,2,2,0,0,0,108
14,16123,4000,2,"gaussian","fixed",0.000125,1,0.000125,0.5,0.01,2000,0.5,1,0,0,NA,347.836,83,1,0,0.00940138105471282,0,0,1,1,0,109
14,16123,4000,2,"gaussian","linesearch",0.000125,1,0.000125,0.5,0.01,2000,0.5,1,9,0,NA,417.433,83,1,0,0.00940138105471282,0,0,1,0,0,110
14,16123,4000,2,"gaussian","fixed",0.000125,0.2,2.5e-05,0.1,0.01,2000,0.5,1,0,0,NA,465.51,430,1,0,0.00993716008912698,0,0,1,1,0,111
14,16123,4000,2,"gaussian","linesearch",0.000125,0.2,2.5e-05,0.1,0.01,2000,0.5,1,9,0,NA,1024.165,430,1,0,0.00993716008912698,0,0,1,0,0,112
15,17123,4000,2,"gaussian","fixed",0.000125,10,0.00125,5,0.01,2000,0.5,1,0,0,NA,332.781,14,0,1,NA,0,0,1,1,0,113
15,17123,4000,2,"gaussian","linesearch",0.000125,10,0.00125,5,0.01,2000,0.5,1,9,0,NA,481.738,66,1,0,0.00963084346990639,3,3,0,0,0,114
15,17123,4000,2,"gaussian","fixed",0.000125,5,0.000625,2.5,0.01,2000,0.5,1,0,0,NA,325.498,19,0,1,NA,0,0,1,1,0,115
15,17123,4000,2,"gaussian","linesearch",0.000125,5,0.000625,2.5,0.01,2000,0.5,1,9,0,NA,459.042,66,1,0,0.00963084346990639,2,2,0,0,0,116
15,17123,4000,2,"gaussian","fixed",0.000125,1,0.000125,0.5,0.01,2000,0.5,1,0,0,NA,353.679,84,1,0,0.00917637872112825,0,0,1,1,0,117
15,17123,4000,2,"gaussian","linesearch",0.000125,1,0.000125,0.5,0.01,2000,0.5,1,9,0,NA,442.262,84,1,0,0.00917637872112825,0,0,1,0,0,118
15,17123,4000,2,"gaussian","fixed",0.000125,0.2,2.5e-05,0.1,0.01,2000,0.5,1,0,0,NA,470.925,434,1,0,0.00999307221785239,0,0,1,1,0,119
15,17123,4000,2,"gaussian","linesearch",0.000125,0.2,2.5e-05,0.1,0.01,2000,0.5,1,9,0,NA,1072.566,434,1,0,0.00999307221785239,0,0,1,0,0,120
16,18123,4000,2,"gaussian","fixed",0.000125,10,0.00125,5,0.01,2000,0.5,1,0,0,NA,334.161,14,0,1,NA,0,0,1,1,0,121
16,18123,4000,2,"gaussian","linesearch",0.000125,10,0.00125,5,0.01,2000,0.5,1,9,0,NA,486.589,66,1,0,0.00885106722903496,3,3,0,0,0,122
16,18123,4000,2,"gaussian","fixed",0.000125,5,0.000625,2.5,0.01,2000,0.5,1,0,0,NA,330.579,19,0,1,NA,0,0,1,1,0,123
16,18123,4000,2,"gaussian","linesearch",0.000125,5,0.000625,2.5,0.01,2000,0.5,1,9,0,NA,457.872,66,1,0,0.00885106722903496,2,2,0,0,0,124
16,18123,4000,2,"gaussian","fixed",0.000125,1,0.000125,0.5,0.01,2000,0.5,1,0,0,NA,345.417,83,1,0,0.00960145337617614,0,0,1,1,0,125
16,18123,4000,2,"gaussian","linesearch",0.000125,1,0.000125,0.5,0.01,2000,0.5,1,9,0,NA,433.466,83,1,0,0.00960145337617614,0,0,1,0,0,126
16,18123,4000,2,"gaussian","fixed",0.000125,0.2,2.5e-05,0.1,0.01,2000,0.5,1,0,0,NA,473.087,431,1,0,0.00996056823299511,0,0,1,1,0,127
16,18123,4000,2,"gaussian","linesearch",0.000125,0.2,2.5e-05,0.1,0.01,2000,0.5,1,9,0,NA,1109.427,431,1,0,0.00996056823299511,0,0,1,0,0,128
17,19123,4000,2,"gaussian","fixed",0.000125,10,0.00125,5,0.01,2000,0.5,1,0,0,NA,332.98,14,0,1,Inf,0,0,1,1,0,129
17,19123,4000,2,"gaussian","linesearch",0.000125,10,0.00125,5,0.01,2000,0.5,1,9,0,NA,478.221,65,1,0,0.00935581396567159,3,3,0,0,0,130
17,19123,4000,2,"gaussian","fixed",0.000125,5,0.000625,2.5,0.01,2000,0.5,1,0,0,NA,331.057,19,0,1,NA,0,0,1,1,0,131
17,19123,4000,2,"gaussian","linesearch",0.000125,5,0.000625,2.5,0.01,2000,0.5,1,9,0,NA,450.478,65,1,0,0.00935581396567159,2,2,0,0,0,132
17,19123,4000,2,"gaussian","fixed",0.000125,1,0.000125,0.5,0.01,2000,0.5,1,0,0,NA,342.706,82,1,0,0.00978082981325367,0,0,1,1,0,133
17,19123,4000,2,"gaussian","linesearch",0.000125,1,0.000125,0.5,0.01,2000,0.5,1,9,0,NA,429.611,82,1,0,0.00978082981325367,0,0,1,0,0,134
17,19123,4000,2,"gaussian","fixed",0.000125,0.2,2.5e-05,0.1,0.01,2000,0.5,1,0,0,NA,464.948,427,1,0,0.00978853646736604,0,0,1,1,0,135
17,19123,4000,2,"gaussian","linesearch",0.000125,0.2,2.5e-05,0.1,0.01,2000,0.5,1,9,0,NA,1044.428,427,1,0,0.00978853646736604,0,0,1,0,0,136
18,20123,4000,2,"gaussian","fixed",0.000125,10,0.00125,5,0.01,2000,0.5,1,0,0,NA,336.55,14,0,1,NA,0,0,1,1,0,137
18,20123,4000,2,"gaussian","linesearch",0.000125,10,0.00125,5,0.01,2000,0.5,1,9,0,NA,487.671,65,1,0,0.00939859618945775,3,3,0,0,0,138
18,20123,4000,2,"gaussian","fixed",0.000125,5,0.000625,2.5,0.01,2000,0.5,1,0,0,NA,330.085,20,0,1,NA,0,0,1,1,0,139
18,20123,4000,2,"gaussian","linesearch",0.000125,5,0.000625,2.5,0.01,2000,0.5,1,9,0,NA,461.616,65,1,0,0.00939859618945775,2,2,0,0,0,140
18,20123,4000,2,"gaussian","fixed",0.000125,1,0.000125,0.5,0.01,2000,0.5,1,0,0,NA,354.158,82,1,0,0.00982740772577506,0,0,1,1,0,141
18,20123,4000,2,"gaussian","linesearch",0.000125,1,0.000125,0.5,0.01,2000,0.5,1,9,0,NA,427.074,82,1,0,0.00982740772577506,0,0,1,0,0,142
18,20123,4000,2,"gaussian","fixed",0.000125,0.2,2.5e-05,0.1,0.01,2000,0.5,1,0,0,NA,463.068,427,1,0,0.00983887720986047,0,0,1,1,0,143
18,20123,4000,2,"gaussian","linesearch",0.000125,0.2,2.5e-05,0.1,0.01,2000,0.5,1,9,0,NA,1025.11,427,1,0,0.00983887720986047,0,0,1,0,0,144
19,21123,4000,2,"gaussian","fixed",0.000125,10,0.00125,5,0.01,2000,0.5,1,0,0,NA,326.869,14,0,1,NA,0,0,1,1,0,145
19,21123,4000,2,"gaussian","linesearch",0.000125,10,0.00125,5,0.01,2000,0.5,1,9,0,NA,457.982,63,1,0,0.00996696105376793,3,3,0,0,0,146
19,21123,4000,2,"gaussian","fixed",0.000125,5,0.000625,2.5,0.01,2000,0.5,1,0,0,NA,331.168,19,0,1,NA,0,0,1,1,0,147
19,21123,4000,2,"gaussian","linesearch",0.000125,5,0.000625,2.5,0.01,2000,0.5,1,9,0,NA,435.692,63,1,0,0.00996696105376793,2,2,0,0,0,148
19,21123,4000,2,"gaussian","fixed",0.000125,1,0.000125,0.5,0.01,2000,0.5,1,0,0,NA,348.967,80,1,0,0.00971882257081691,0,0,1,1,0,149
19,21123,4000,2,"gaussian","linesearch",0.000125,1,0.000125,0.5,0.01,2000,0.5,1,9,0,NA,414.559,80,1,0,0.00971882257081691,0,0,1,0,0,150
19,21123,4000,2,"gaussian","fixed",0.000125,0.2,2.5e-05,0.1,0.01,2000,0.5,1,0,0,NA,458.612,416,1,0,0.0098145786945622,0,0,1,1,0,151
19,21123,4000,2,"gaussian","linesearch",0.000125,0.2,2.5e-05,0.1,0.01,2000,0.5,1,9,0,NA,919.849,416,1,0,0.0098145786945622,0,0,1,0,0,152
20,22123,4000,2,"gaussian","fixed",0.000125,10,0.00125,5,0.01,2000,0.5,1,0,0,NA,326.307,14,0,1,NA,0,0,1,1,0,153
20,22123,4000,2,"gaussian","linesearch",0.000125,10,0.00125,5,0.01,2000,0.5,1,9,0,NA,462.013,63,1,0,0.00968903820014633,3,3,0,0,0,154
20,22123,4000,2,"gaussian","fixed",0.000125,5,0.000625,2.5,0.01,2000,0.5,1,0,0,NA,324.272,19,0,1,NA,0,0,1,1,0,155
20,22123,4000,2,"gaussian","linesearch",0.000125,5,0.000625,2.5,0.01,2000,0.5,1,9,0,NA,433.385,63,1,0,0.00968903820014633,2,2,0,0,0,156
20,22123,4000,2,"gaussian","fixed",0.000125,1,0.000125,0.5,0.01,2000,0.5,1,0,0,NA,348.953,80,1,0,0.009464987134137,0,0,1,1,0,157
20,22123,4000,2,"gaussian","linesearch",0.000125,1,0.000125,0.5,0.01,2000,0.5,1,9,0,NA,407.836,80,1,0,0.009464987134137,0,0,1,0,0,158
20,22123,4000,2,"gaussian","fixed",0.000125,0.2,2.5e-05,0.1,0.01,2000,0.5,1,0,0,NA,458.016,415,1,0,0.00985617592363798,0,0,1,1,0,159
20,22123,4000,2,"gaussian","linesearch",0.000125,0.2,2.5e-05,0.1,0.01,2000,0.5,1,9,0,NA,877.551,415,1,0,0.00985617592363798,0,0,1,0,0,160
21,23123,4000,2,"gaussian","fixed",0.000125,10,0.00125,5,0.01,2000,0.5,1,0,0,NA,323.291,14,0,1,NA,0,0,1,1,0,161
21,23123,4000,2,"gaussian","linesearch",0.000125,10,0.00125,5,0.01,2000,0.5,1,9,0,NA,466.222,64,1,0,0.00973117885486177,3,3,0,0,0,162
21,23123,4000,2,"gaussian","fixed",0.000125,5,0.000625,2.5,0.01,2000,0.5,1,0,0,NA,326.724,19,0,1,NA,0,0,1,1,0,163
21,23123,4000,2,"gaussian","linesearch",0.000125,5,0.000625,2.5,0.01,2000,0.5,1,9,0,NA,436.511,64,1,0,0.00973117885486177,2,2,0,0,0,164
21,23123,4000,2,"gaussian","fixed",0.000125,1,0.000125,0.5,0.01,2000,0.5,1,0,0,NA,340.049,81,1,0,0.00983877001838222,0,0,1,1,0,165
21,23123,4000,2,"gaussian","linesearch",0.000125,1,0.000125,0.5,0.01,2000,0.5,1,9,0,NA,414.149,81,1,0,0.00983877001838222,0,0,1,0,0,166
21,23123,4000,2,"gaussian","fixed",0.000125,0.2,2.5e-05,0.1,0.01,2000,0.5,1,0,0,NA,458.363,422,1,0,0.00981041255051207,0,0,1,1,0,167
21,23123,4000,2,"gaussian","linesearch",0.000125,0.2,2.5e-05,0.1,0.01,2000,0.5,1,9,0,NA,977.315,422,1,0,0.00981041255051207,0,0,1,0,0,168
22,24123,4000,2,"gaussian","fixed",0.000125,10,0.00125,5,0.01,2000,0.5,1,0,0,NA,325.099,14,0,1,NA,0,0,1,1,0,169
22,24123,4000,2,"gaussian","linesearch",0.000125,10,0.00125,5,0.01,2000,0.5,1,9,0,NA,463.209,65,1,0,0.00914327936978426,3,3,0,0,0,170
22,24123,4000,2,"gaussian","fixed",0.000125,5,0.000625,2.5,0.01,2000,0.5,1,0,0,NA,323.557,19,0,1,NA,0,0,1,1,0,171
22,24123,4000,2,"gaussian","linesearch",0.000125,5,0.000625,2.5,0.01,2000,0.5,1,9,0,NA,438.548,65,1,0,0.00914327936978426,2,2,0,0,0,172
22,24123,4000,2,"gaussian","fixed",0.000125,1,0.000125,0.5,0.01,2000,0.5,1,0,0,NA,340.78,82,1,0,0.00958665600846448,0,0,1,1,0,173
22,24123,4000,2,"gaussian","linesearch",0.000125,1,0.000125,0.5,0.01,2000,0.5,1,9,0,NA,414.469,82,1,0,0.00958665600846448,0,0,1,0,0,174
22,24123,4000,2,"gaussian","fixed",0.000125,0.2,2.5e-05,0.1,0.01,2000,0.5,1,0,0,NA,450.45,426,1,0,0.00989998691296867,0,0,1,1,0,175
22,24123,4000,2,"gaussian","linesearch",0.000125,0.2,2.5e-05,0.1,0.01,2000,0.5,1,9,0,NA,1052.134,426,1,0,0.00989998691296867,0,0,1,0,0,176
23,25123,4000,2,"gaussian","fixed",0.000125,10,0.00125,5,0.01,2000,0.5,1,0,0,NA,334.032,15,0,1,NA,0,0,1,1,0,177
23,25123,4000,2,"gaussian","linesearch",0.000125,10,0.00125,5,0.01,2000,0.5,1,9,0,NA,470.592,65,1,0,0.00997808310822812,3,3,0,0,0,178
23,25123,4000,2,"gaussian","fixed",0.000125,5,0.000625,2.5,0.01,2000,0.5,1,0,0,NA,328.121,20,0,1,NA,0,0,1,1,0,179
23,25123,4000,2,"gaussian","linesearch",0.000125,5,0.000625,2.5,0.01,2000,0.5,1,9,0,NA,445.283,65,1,0,0.00997808310822812,2,2,0,0,0,180
23,25123,4000,2,"gaussian","fixed",0.000125,1,0.000125,0.5,0.01,2000,0.5,1,0,0,NA,343.819,83,1,0,0.00918629474990662,0,0,1,1,0,181
23,25123,4000,2,"gaussian","linesearch",0.000125,1,0.000125,0.5,0.01,2000,0.5,1,9,0,NA,424.548,83,1,0,0.00918629474990662,0,0,1,0,0,182
23,25123,4000,2,"gaussian","fixed",0.000125,0.2,2.5e-05,0.1,0.01,2000,0.5,1,0,0,NA,460.741,429,1,0,0.00994953763675677,0,0,1,1,0,183
23,25123,4000,2,"gaussian","linesearch",0.000125,0.2,2.5e-05,0.1,0.01,2000,0.5,1,9,0,NA,1111.993,429,1,0,0.00994953763675677,0,0,1,0,0,184
24,26123,4000,2,"gaussian","fixed",0.000125,10,0.00125,5,0.01,2000,0.5,1,0,0,NA,334.77,14,0,1,Inf,0,0,1,1,0,185
24,26123,4000,2,"gaussian","linesearch",0.000125,10,0.00125,5,0.01,2000,0.5,1,9,0,NA,487.972,66,1,0,0.00867860676703259,3,3,0,0,0,186
24,26123,4000,2,"gaussian","fixed",0.000125,5,0.000625,2.5,0.01,2000,0.5,1,0,0,NA,331.027,20,0,1,NA,0,0,1,1,0,187
24,26123,4000,2,"gaussian","linesearch",0.000125,5,0.000625,2.5,0.01,2000,0.5,1,9,0,NA,459.324,66,1,0,0.00867860676703259,2,2,0,0,0,188
24,26123,4000,2,"gaussian","fixed",0.000125,1,0.000125,0.5,0.01,2000,0.5,1,0,0,NA,354.901,83,1,0,0.00937054157692257,0,0,1,1,0,189
24,26123,4000,2,"gaussian","linesearch",0.000125,1,0.000125,0.5,0.01,2000,0.5,1,9,0,NA,427.662,83,1,0,0.00937054157692257,0,0,1,0,0,190
24,26123,4000,2,"gaussian","fixed",0.000125,0.2,2.5e-05,0.1,0.01,2000,0.5,1,0,0,NA,466.931,430,1,0,0.00985613369322158,0,0,1,1,0,191
24,26123,4000,2,"gaussian","linesearch",0.000125,0.2,2.5e-05,0.1,0.01,2000,0.5,1,9,0,NA,1075.644,430,1,0,0.00985613369322158,0,0,1,0,0,192
25,27123,4000,2,"gaussian","fixed",0.000125,10,0.00125,5,0.01,2000,0.5,1,0,0,NA,325.86,15,0,1,NA,0,0,1,1,0,193
25,27123,4000,2,"gaussian","linesearch",0.000125,10,0.00125,5,0.01,2000,0.5,1,9,0,NA,482.776,66,1,0,0.00876608829972281,3,3,0,0,0,194
25,27123,4000,2,"gaussian","fixed",0.000125,5,0.000625,2.5,0.01,2000,0.5,1,0,0,NA,331.597,20,0,1,NA,0,0,1,1,0,195
25,27123,4000,2,"gaussian","linesearch",0.000125,5,0.000625,2.5,0.01,2000,0.5,1,9,0,NA,465.556,66,1,0,0.00876608829972281,2,2,0,0,0,196
25,27123,4000,2,"gaussian","fixed",0.000125,1,0.000125,0.5,0.01,2000,0.5,1,0,0,NA,351.31,83,1,0,0.00950586257795261,0,0,1,1,0,197
25,27123,4000,2,"gaussian","linesearch",0.000125,1,0.000125,0.5,0.01,2000,0.5,1,9,0,NA,438.236,83,1,0,0.00950586257795261,0,0,1,0,0,198
25,27123,4000,2,"gaussian","fixed",0.000125,0.2,2.5e-05,0.1,0.01,2000,0.5,1,0,0,NA,471.674,431,1,0,0.00985278603297512,0,0,1,1,0,199
25,27123,4000,2,"gaussian","linesearch",0.000125,0.2,2.5e-05,0.1,0.01,2000,0.5,1,9,0,NA,1192.134,431,1,0,0.00985278603297512,0,0,1,0,0,200
26,28123,4000,2,"gaussian","fixed",0.000125,10,0.00125,5,0.01,2000,0.5,1,0,0,NA,324.13,14,0,1,NA,0,0,1,1,0,201
26,28123,4000,2,"gaussian","linesearch",0.000125,10,0.00125,5,0.01,2000,0.5,1,9,0,NA,443.361,65,1,0,0.00870050609079226,3,3,0,0,0,202
26,28123,4000,2,"gaussian","fixed",0.000125,5,0.000625,2.5,0.01,2000,0.5,1,0,0,NA,333.531,19,0,1,NA,0,0,1,1,0,203
26,28123,4000,2,"gaussian","linesearch",0.000125,5,0.000625,2.5,0.01,2000,0.5,1,9,0,NA,434.331,65,1,0,0.00870050609079226,2,2,0,0,0,204
26,28123,4000,2,"gaussian","fixed",0.000125,1,0.000125,0.5,0.01,2000,0.5,1,0,0,NA,354.182,82,1,0,0.00911091793892041,0,0,1,1,0,205
26,28123,4000,2,"gaussian","linesearch",0.000125,1,0.000125,0.5,0.01,2000,0.5,1,9,0,NA,414.491,82,1,0,0.00911091793892041,0,0,1,0,0,206
26,28123,4000,2,"gaussian","fixed",0.000125,0.2,2.5e-05,0.1,0.01,2000,0.5,1,0,0,NA,446.232,424,1,0,0.0098478297248812,0,0,1,1,0,207
26,28123,4000,2,"gaussian","linesearch",0.000125,0.2,2.5e-05,0.1,0.01,2000,0.5,1,9,0,NA,976.301,424,1,0,0.0098478297248812,0,0,1,0,0,208
27,29123,4000,2,"gaussian","fixed",0.000125,10,0.00125,5,0.01,2000,0.5,1,0,0,NA,330.345,14,0,1,NA,0,0,1,1,0,209
27,29123,4000,2,"gaussian","linesearch",0.000125,10,0.00125,5,0.01,2000,0.5,1,9,0,NA,455.517,64,1,0,0.00964263583210662,3,3,0,0,0,210
27,29123,4000,2,"gaussian","fixed",0.000125,5,0.000625,2.5,0.01,2000,0.5,1,0,0,NA,338.858,20,0,1,NA,0,0,1,1,0,211
27,29123,4000,2,"gaussian","linesearch",0.000125,5,0.000625,2.5,0.01,2000,0.5,1,9,0,NA,422.681,64,1,0,0.00964263583210662,2,2,0,0,0,212
27,29123,4000,2,"gaussian","fixed",0.000125,1,0.000125,0.5,0.01,2000,0.5,1,0,0,NA,360.175,81,1,0,0.00971933899959726,0,0,1,1,0,213
27,29123,4000,2,"gaussian","linesearch",0.000125,1,0.000125,0.5,0.01,2000,0.5,1,9,0,NA,412.214,81,1,0,0.00971933899959726,0,0,1,0,0,214
27,29123,4000,2,"gaussian","fixed",0.000125,0.2,2.5e-05,0.1,0.01,2000,0.5,1,0,0,NA,456.530000000001,421,1,0,0.0098450629850565,0,0,1,1,0,215
27,29123,4000,2,"gaussian","linesearch",0.000125,0.2,2.5e-05,0.1,0.01,2000,0.5,1,9,0,NA,927.334000000001,421,1,0,0.0098450629850565,0,0,1,0,0,216
28,30123,4000,2,"gaussian","fixed",0.000125,10,0.00125,5,0.01,2000,0.5,1,0,0,NA,324.91,14,0,1,NA,0,0,1,1,0,217
28,30123,4000,2,"gaussian","linesearch",0.000125,10,0.00125,5,0.01,2000,0.5,1,9,0,NA,454.296,65,1,0,0.00883888948940686,3,3,0,0,0,218
28,30123,4000,2,"gaussian","fixed",0.000125,5,0.000625,2.5,0.01,2000,0.5,1,0,0,NA,342.155000000001,19,0,1,NA,0,0,1,1,0,219
28,30123,4000,2,"gaussian","linesearch",0.000125,5,0.000625,2.5,0.01,2000,0.5,1,9,0,NA,449.110000000001,65,1,0,0.00883888948940686,2,2,0,0,0,220
28,30123,4000,2,"gaussian","fixed",0.000125,1,0.000125,0.5,0.01,2000,0.5,1,0,0,NA,359.323,82,1,0,0.00925896526996012,0,0,1,1,0,221
28,30123,4000,2,"gaussian","linesearch",0.000125,1,0.000125,0.5,0.01,2000,0.5,1,9,0,NA,433.186,82,1,0,0.00925896526996012,0,0,1,0,0,222
28,30123,4000,2,"gaussian","fixed",0.000125,0.2,2.5e-05,0.1,0.01,2000,0.5,1,0,0,NA,462.394,425,1,0,0.0097743659884745,0,0,1,1,0,223
28,30123,4000,2,"gaussian","linesearch",0.000125,0.2,2.5e-05,0.1,0.01,2000,0.5,1,9,0,NA,1186.528,425,1,0,0.0097743659884745,0,0,1,0,0,224
29,31123,4000,2,"gaussian","fixed",0.000125,10,0.00125,5,0.01,2000,0.5,1,0,0,NA,327.279,14,0,1,NA,0,0,1,1,0,225
29,31123,4000,2,"gaussian","linesearch",0.000125,10,0.00125,5,0.01,2000,0.5,1,9,0,NA,436.238,64,1,0,0.00929229465809528,3,3,0,0,0,226
29,31123,4000,2,"gaussian","fixed",0.000125,5,0.000625,2.5,0.01,2000,0.5,1,0,0,NA,329.912,19,0,1,Inf,0,0,1,1,0,227
29,31123,4000,2,"gaussian","linesearch",0.000125,5,0.000625,2.5,0.01,2000,0.5,1,9,0,NA,417.981,64,1,0,0.00929229465809528,2,2,0,0,0,228
29,31123,4000,2,"gaussian","fixed",0.000125,1,0.000125,0.5,0.01,2000,0.5,1,0,0,NA,353.815,81,1,0,0.00938207761708951,0,0,1,1,0,229
29,31123,4000,2,"gaussian","linesearch",0.000125,1,0.000125,0.5,0.01,2000,0.5,1,9,0,NA,404.956,81,1,0,0.00938207761708951,0,0,1,0,0,230
29,31123,4000,2,"gaussian","fixed",0.000125,0.2,2.5e-05,0.1,0.01,2000,0.5,1,0,0,NA,457.992,420,1,0,0.0097816168055179,0,0,1,1,0,231
29,31123,4000,2,"gaussian","linesearch",0.000125,0.2,2.5e-05,0.1,0.01,2000,0.5,1,9,0,NA,898.449,420,1,0,0.0097816168055179,0,0,1,0,0,232
30,32123,4000,2,"gaussian","fixed",0.000125,10,0.00125,5,0.01,2000,0.5,1,0,0,NA,319.562,14,0,1,Inf,0,0,1,1,0,233
30,32123,4000,2,"gaussian","linesearch",0.000125,10,0.00125,5,0.01,2000,0.5,1,9,0,NA,447.719,64,1,0,0.00976983649723837,3,3,0,0,0,234
30,32123,4000,2,"gaussian","fixed",0.000125,5,0.000625,2.5,0.01,2000,0.5,1,0,0,NA,339.196,19,0,1,NA,0,0,1,1,0,235
30,32123,4000,2,"gaussian","linesearch",0.000125,5,0.000625,2.5,0.01,2000,0.5,1,9,0,NA,425.811000000001,64,1,0,0.00976983649723837,2,2,0,0,0,236
30,32123,4000,2,"gaussian","fixed",0.000125,1,0.000125,0.5,0.01,2000,0.5,1,0,0,NA,355.484,81,1,0,0.00988113110461994,0,0,1,1,0,237
30,32123,4000,2,"gaussian","linesearch",0.000125,1,0.000125,0.5,0.01,2000,0.5,1,9,0,NA,407.032,81,1,0,0.00988113110461994,0,0,1,0,0,238
30,32123,4000,2,"gaussian","fixed",0.000125,0.2,2.5e-05,0.1,0.01,2000,0.5,1,0,0,NA,458.771,422,1,0,0.00986123662525967,0,0,1,1,0,239
30,32123,4000,2,"gaussian","linesearch",0.000125,0.2,2.5e-05,0.1,0.01,2000,0.5,1,9,0,NA,914.285000000001,422,1,0,0.00986123662525967,0,0,1,0,0,240
31,33123,4000,2,"gaussian","fixed",0.000125,10,0.00125,5,0.01,2000,0.5,1,0,0,NA,317.307,14,0,1,NA,0,0,1,1,0,241
31,33123,4000,2,"gaussian","linesearch",0.000125,10,0.00125,5,0.01,2000,0.5,1,9,0,NA,453.717000000001,65,1,0,0.00885840348014627,3,3,0,0,0,242
31,33123,4000,2,"gaussian","fixed",0.000125,5,0.000625,2.5,0.01,2000,0.5,1,0,0,NA,331.094,20,0,1,NA,0,0,1,1,0,243
31,33123,4000,2,"gaussian","linesearch",0.000125,5,0.000625,2.5,0.01,2000,0.5,1,9,0,NA,437.04,65,1,0,0.00885840348014627,2,2,0,0,0,244
31,33123,4000,2,"gaussian","fixed",0.000125,1,0.000125,0.5,0.01,2000,0.5,1,0,0,NA,350.691000000001,82,1,0,0.00925473725505904,0,0,1,1,0,245
31,33123,4000,2,"gaussian","linesearch",0.000125,1,0.000125,0.5,0.01,2000,0.5,1,9,0,NA,415.223,82,1,0,0.00925473725505904,0,0,1,0,0,246
31,33123,4000,2,"gaussian","fixed",0.000125,0.2,2.5e-05,0.1,0.01,2000,0.5,1,0,0,NA,457.802000000001,424,1,0,0.0099416607574942,0,0,1,1,0,247
31,33123,4000,2,"gaussian","linesearch",0.000125,0.2,2.5e-05,0.1,0.01,2000,0.5,1,9,0,NA,940.777,424,1,0,0.0099416607574942,0,0,1,0,0,248
32,34123,4000,2,"gaussian","fixed",0.000125,10,0.00125,5,0.01,2000,0.5,1,0,0,NA,318.609,14,0,1,NA,0,0,1,1,0,249
32,34123,4000,2,"gaussian","linesearch",0.000125,10,0.00125,5,0.01,2000,0.5,1,9,0,NA,463.451,66,1,0,0.00906414071689926,3,3,0,0,0,250
32,34123,4000,2,"gaussian","fixed",0.000125,5,0.000625,2.5,0.01,2000,0.5,1,0,0,NA,330.095,18,0,1,NA,0,0,1,1,0,251
32,34123,4000,2,"gaussian","linesearch",0.000125,5,0.000625,2.5,0.01,2000,0.5,1,9,0,NA,443.041999999999,66,1,0,0.00906414071689926,2,2,0,0,0,252
32,34123,4000,2,"gaussian","fixed",0.000125,1,0.000125,0.5,0.01,2000,0.5,1,0,0,NA,349.007000000001,83,1,0,0.00979821307523909,0,0,1,1,0,253
32,34123,4000,2,"gaussian","linesearch",0.000125,1,0.000125,0.5,0.01,2000,0.5,1,9,0,NA,418.47,83,1,0,0.00979821307523909,0,0,1,0,0,254
32,34123,4000,2,"gaussian","fixed",0.000125,0.2,2.5e-05,0.1,0.01,2000,0.5,1,0,0,NA,454.21,432,1,0,0.00984591746395735,0,0,1,1,0,255
32,34123,4000,2,"gaussian","linesearch",0.000125,0.2,2.5e-05,0.1,0.01,2000,0.5,1,9,0,NA,1144.161,432,1,0,0.00984591746395735,0,0,1,0,0,256
33,35123,4000,2,"gaussian","fixed",0.000125,10,0.00125,5,0.01,2000,0.5,1,0,0,NA,322.115,14,0,1,NA,0,0,1,1,0,257
33,35123,4000,2,"gaussian","linesearch",0.000125,10,0.00125,5,0.01,2000,0.5,1,9,0,NA,449.727,64,1,0,0.00962764046618644,3,3,0,0,0,258
33,35123,4000,2,"gaussian","fixed",0.000125,5,0.000625,2.5,0.01,2000,0.5,1,0,0,NA,326.511,19,0,1,NA,0,0,1,1,0,259
33,35123,4000,2,"gaussian","linesearch",0.000125,5,0.000625,2.5,0.01,2000,0.5,1,9,0,NA,429.687000000001,64,1,0,0.00962764046618644,2,2,0,0,0,260
33,35123,4000,2,"gaussian","fixed",0.000125,1,0.000125,0.5,0.01,2000,0.5,1,0,0,NA,345.559,81,1,0,0.00974405266219065,0,0,1,1,0,261
33,35123,4000,2,"gaussian","linesearch",0.000125,1,0.000125,0.5,0.01,2000,0.5,1,9,0,NA,412.07,81,1,0,0.00974405266219065,0,0,1,0,0,262
33,35123,4000,2,"gaussian","fixed",0.000125,0.2,2.5e-05,0.1,0.01,2000,0.5,1,0,0,NA,462.934999999999,421,1,0,0.00998562079466103,0,0,1,1,0,263
33,35123,4000,2,"gaussian","linesearch",0.000125,0.2,2.5e-05,0.1,0.01,2000,0.5,1,9,0,NA,923.652,421,1,0,0.00998562079466103,0,0,1,0,0,264
34,36123,4000,2,"gaussian","fixed",0.000125,10,0.00125,5,0.01,2000,0.5,1,0,0,NA,323.115,14,0,1,NA,0,0,1,1,0,265
34,36123,4000,2,"gaussian","linesearch",0.000125,10,0.00125,5,0.01,2000,0.5,1,9,0,NA,474.255,66,1,0,0.00909220528562452,3,3,0,0,0,266
34,36123,4000,2,"gaussian","fixed",0.000125,5,0.000625,2.5,0.01,2000,0.5,1,0,0,NA,337.172,19,0,1,NA,0,0,1,1,0,267
34,36123,4000,2,"gaussian","linesearch",0.000125,5,0.000625,2.5,0.01,2000,0.5,1,9,0,NA,457.716,66,1,0,0.00909220528562452,2,2,0,0,0,268
34,36123,4000,2,"gaussian","fixed",0.000125,1,0.000125,0.5,0.01,2000,0.5,1,0,0,NA,355.588,83,1,0,0.00985730885669783,0,0,1,1,0,269
34,36123,4000,2,"gaussian","linesearch",0.000125,1,0.000125,0.5,0.01,2000,0.5,1,9,0,NA,436.302,83,1,0,0.00985730885669783,0,0,1,0,0,270
34,36123,4000,2,"gaussian","fixed",0.000125,0.2,2.5e-05,0.1,0.01,2000,0.5,1,0,0,NA,461.286,432,1,0,0.00996933173364548,0,0,1,1,0,271
34,36123,4000,2,"gaussian","linesearch",0.000125,0.2,2.5e-05,0.1,0.01,2000,0.5,1,9,0,NA,1149.586,432,1,0,0.00996933173364548,0,0,1,0,0,272
35,37123,4000,2,"gaussian","fixed",0.000125,10,0.00125,5,0.01,2000,0.5,1,0,0,NA,320.768,14,0,1,NA,0,0,1,1,0,273
35,37123,4000,2,"gaussian","linesearch",0.000125,10,0.00125,5,0.01,2000,0.5,1,9,0,NA,453.150000000001,64,1,0,0.00880248600411065,3,3,0,0,0,274
35,37123,4000,2,"gaussian","fixed",0.000125,5,0.000625,2.5,0.01,2000,0.5,1,0,0,NA,324.813,19,0,1,NA,0,0,1,1,0,275
35,37123,4000,2,"gaussian","linesearch",0.000125,5,0.000625,2.5,0.01,2000,0.5,1,9,0,NA,431.793000000001,64,1,0,0.00880248600411065,2,2,0,0,0,276
35,37123,4000,2,"gaussian","fixed",0.000125,1,0.000125,0.5,0.01,2000,0.5,1,0,0,NA,342.462,81,1,0,0.00888890710229984,0,0,1,1,0,277
35,37123,4000,2,"gaussian","linesearch",0.000125,1,0.000125,0.5,0.01,2000,0.5,1,9,0,NA,410.74,81,1,0,0.00888890710229984,0,0,1,0,0,278
35,37123,4000,2,"gaussian","fixed",0.000125,0.2,2.5e-05,0.1,0.01,2000,0.5,1,0,0,NA,445.968000000001,417,1,0,0.00996990812288573,0,0,1,1,0,279
35,37123,4000,2,"gaussian","linesearch",0.000125,0.2,2.5e-05,0.1,0.01,2000,0.5,1,9,0,NA,862.023,417,1,0,0.00996990812288573,0,0,1,0,0,280
36,38123,4000,2,"gaussian","fixed",0.000125,10,0.00125,5,0.01,2000,0.5,1,0,0,NA,320.564,14,0,1,NA,0,0,1,1,0,281
36,38123,4000,2,"gaussian","linesearch",0.000125,10,0.00125,5,0.01,2000,0.5,1,9,0,NA,465.838,65,1,0,0.00932657232861391,3,3,0,0,0,282
36,38123,4000,2,"gaussian","fixed",0.000125,5,0.000625,2.5,0.01,2000,0.5,1,0,0,NA,326.383000000001,19,0,1,NA,0,0,1,1,0,283
36,38123,4000,2,"gaussian","linesearch",0.000125,5,0.000625,2.5,0.01,2000,0.5,1,9,0,NA,443.852,65,1,0,0.00932657232861391,2,2,0,0,0,284
36,38123,4000,2,"gaussian","fixed",0.000125,1,0.000125,0.5,0.01,2000,0.5,1,0,0,NA,343.366,82,1,0,0.00977416344877259,0,0,1,1,0,285
36,38123,4000,2,"gaussian","linesearch",0.000125,1,0.000125,0.5,0.01,2000,0.5,1,9,0,NA,423.764,82,1,0,0.00977416344877259,0,0,1,0,0,286
36,38123,4000,2,"gaussian","fixed",0.000125,0.2,2.5e-05,0.1,0.01,2000,0.5,1,0,0,NA,450.78,427,1,0,0.00983546081722203,0,0,1,1,0,287
36,38123,4000,2,"gaussian","linesearch",0.000125,0.2,2.5e-05,0.1,0.01,2000,0.5,1,9,0,NA,1086.567,427,1,0,0.00983546081722203,0,0,1,0,0,288
37,39123,4000,2,"gaussian","fixed",0.000125,10,0.00125,5,0.01,2000,0.5,1,0,0,NA,322.53,14,0,1,NA,0,0,1,1,0,289
37,39123,4000,2,"gaussian","linesearch",0.000125,10,0.00125,5,0.01,2000,0.5,1,9,0,NA,468.722,65,1,0,0.00861772937769285,3,3,0,0,0,290
37,39123,4000,2,"gaussian","fixed",0.000125,5,0.000625,2.5,0.01,2000,0.5,1,0,0,NA,329.987,19,0,1,NA,0,0,1,1,0,291
37,39123,4000,2,"gaussian","linesearch",0.000125,5,0.000625,2.5,0.01,2000,0.5,1,9,0,NA,442.314,65,1,0,0.00861772937769285,2,2,0,0,0,292
37,39123,4000,2,"gaussian","fixed",0.000125,1,0.000125,0.5,0.01,2000,0.5,1,0,0,NA,350.214,82,1,0,0.00900474817092935,0,0,1,1,0,293
37,39123,4000,2,"gaussian","linesearch",0.000125,1,0.000125,0.5,0.01,2000,0.5,1,9,0,NA,422.033,82,1,0,0.00900474817092935,0,0,1,0,0,294
37,39123,4000,2,"gaussian","fixed",0.000125,0.2,2.5e-05,0.1,0.01,2000,0.5,1,0,0,NA,460.518,423,1,0,0.00991232474440078,0,0,1,1,0,295
37,39123,4000,2,"gaussian","linesearch",0.000125,0.2,2.5e-05,0.1,0.01,2000,0.5,1,9,0,NA,1007.708,423,1,0,0.00991232474440078,0,0,1,0,0,296
38,40123,4000,2,"gaussian","fixed",0.000125,10,0.00125,5,0.01,2000,0.5,1,0,0,NA,322.964999999999,14,0,1,Inf,0,0,1,1,0,297
38,40123,4000,2,"gaussian","linesearch",0.000125,10,0.00125,5,0.01,2000,0.5,1,9,0,NA,465.839999999999,65,1,0,0.00913976316963427,3,3,0,0,0,298
38,40123,4000,2,"gaussian","fixed",0.000125,5,0.000625,2.5,0.01,2000,0.5,1,0,0,NA,328.228,19,0,1,NA,0,0,1,1,0,299
38,40123,4000,2,"gaussian","linesearch",0.000125,5,0.000625,2.5,0.01,2000,0.5,1,9,0,NA,442.589,65,1,0,0.00913976316963427,2,2,0,0,0,300
38,40123,4000,2,"gaussian","fixed",0.000125,1,0.000125,0.5,0.01,2000,0.5,1,0,0,NA,347.569,82,1,0,0.00956496493746217,0,0,1,1,0,301
38,40123,4000,2,"gaussian","linesearch",0.000125,1,0.000125,0.5,0.01,2000,0.5,1,9,0,NA,415.876999999999,82,1,0,0.00956496493746217,0,0,1,0,0,302
38,40123,4000,2,"gaussian","fixed",0.000125,0.2,2.5e-05,0.1,0.01,2000,0.5,1,0,0,NA,449.509,426,1,0,0.00983071178395689,0,0,1,1,0,303
38,40123,4000,2,"gaussian","linesearch",0.000125,0.2,2.5e-05,0.1,0.01,2000,0.5,1,9,0,NA,974.444,426,1,0,0.00983071178395689,0,0,1,0,0,304
39,41123,4000,2,"gaussian","fixed",0.000125,10,0.00125,5,0.01,2000,0.5,1,0,0,NA,325.165,14,0,1,NA,0,0,1,1,0,305
39,41123,4000,2,"gaussian","linesearch",0.000125,10,0.00125,5,0.01,2000,0.5,1,9,0,NA,450.567,64,1,0,0.00972162882959093,3,3,0,0,0,306
39,41123,4000,2,"gaussian","fixed",0.000125,5,0.000625,2.5,0.01,2000,0.5,1,0,0,NA,329.66,20,0,1,NA,0,0,1,1,0,307
39,41123,4000,2,"gaussian","linesearch",0.000125,5,0.000625,2.5,0.01,2000,0.5,1,9,0,NA,424.89,64,1,0,0.00972162882959093,2,2,0,0,0,308
39,41123,4000,2,"gaussian","fixed",0.000125,1,0.000125,0.5,0.01,2000,0.5,1,0,0,NA,351.016000000001,81,1,0,0.00984049628146117,0,0,1,1,0,309
39,41123,4000,2,"gaussian","linesearch",0.000125,1,0.000125,0.5,0.01,2000,0.5,1,9,0,NA,404.484,81,1,0,0.00984049628146117,0,0,1,0,0,310
39,41123,4000,2,"gaussian","fixed",0.000125,0.2,2.5e-05,0.1,0.01,2000,0.5,1,0,0,NA,459.951,422,1,0,0.00984302961626931,0,0,1,1,0,311
39,41123,4000,2,"gaussian","linesearch",0.000125,0.2,2.5e-05,0.1,0.01,2000,0.5,1,9,0,NA,883.978999999999,422,1,0,0.00984302961626931,0,0,1,0,0,312
40,42123,4000,2,"gaussian","fixed",0.000125,10,0.00125,5,0.01,2000,0.5,1,0,0,NA,319.549,15,0,1,NA,0,0,1,1,0,313
40,42123,4000,2,"gaussian","linesearch",0.000125,10,0.00125,5,0.01,2000,0.5,1,9,0,NA,464.878,65,1,0,0.00863459588206188,3,3,0,0,0,314
40,42123,4000,2,"gaussian","fixed",0.000125,5,0.000625,2.5,0.01,2000,0.5,1,0,0,NA,326.73,21,0,1,Inf,0,0,1,1,0,315
40,42123,4000,2,"gaussian","linesearch",0.000125,5,0.000625,2.5,0.01,2000,0.5,1,9,0,NA,440.912,65,1,0,0.00863459588206188,2,2,0,0,0,316
40,42123,4000,2,"gaussian","fixed",0.000125,1,0.000125,0.5,0.01,2000,0.5,1,0,0,NA,348.668000000001,82,1,0,0.00902435005194024,0,0,1,1,0,317
40,42123,4000,2,"gaussian","linesearch",0.000125,1,0.000125,0.5,0.01,2000,0.5,1,9,0,NA,430.371,82,1,0,0.00902435005194024,0,0,1,0,0,318
40,42123,4000,2,"gaussian","fixed",0.000125,0.2,2.5e-05,0.1,0.01,2000,0.5,1,0,0,NA,467.49,423,1,0,0.00994142379506288,0,0,1,1,0,319
40,42123,4000,2,"gaussian","linesearch",0.000125,0.2,2.5e-05,0.1,0.01,2000,0.5,1,9,0,NA,1059.218,423,1,0,0.00994142379506288,0,0,1,0,0,320
41,43123,4000,2,"gaussian","fixed",0.000125,10,0.00125,5,0.01,2000,0.5,1,0,0,NA,327.524,14,0,1,NA,0,0,1,1,0,321
41,43123,4000,2,"gaussian","linesearch",0.000125,10,0.00125,5,0.01,2000,0.5,1,9,0,NA,462.778,64,1,0,0.00996470253696408,3,3,0,0,0,322
41,43123,4000,2,"gaussian","fixed",0.000125,5,0.000625,2.5,0.01,2000,0.5,1,0,0,NA,326.475,19,0,1,NA,0,0,1,1,0,323
41,43123,4000,2,"gaussian","linesearch",0.000125,5,0.000625,2.5,0.01,2000,0.5,1,9,0,NA,437.2,64,1,0,0.00996470253696408,2,2,0,0,0,324
41,43123,4000,2,"gaussian","fixed",0.000125,1,0.000125,0.5,0.01,2000,0.5,1,0,0,NA,351.062,82,1,0,0.00886291030921166,0,0,1,1,0,325
41,43123,4000,2,"gaussian","linesearch",0.000125,1,0.000125,0.5,0.01,2000,0.5,1,9,0,NA,415.965,82,1,0,0.00886291030921166,0,0,1,0,0,326
41,43123,4000,2,"gaussian","fixed",0.000125,0.2,2.5e-05,0.1,0.01,2000,0.5,1,0,0,NA,459.204,423,1,0,0.00976121756878784,0,0,1,1,0,327
41,43123,4000,2,"gaussian","linesearch",0.000125,0.2,2.5e-05,0.1,0.01,2000,0.5,1,9,0,NA,936.056,423,1,0,0.00976121756878784,0,0,1,0,0,328
42,44123,4000,2,"gaussian","fixed",0.000125,10,0.00125,5,0.01,2000,0.5,1,0,0,NA,321.424,14,0,1,NA,0,0,1,1,0,329
42,44123,4000,2,"gaussian","linesearch",0.000125,10,0.00125,5,0.01,2000,0.5,1,9,0,NA,448.811,64,1,0,0.00956996590468839,3,3,0,0,0,330
42,44123,4000,2,"gaussian","fixed",0.000125,5,0.000625,2.5,0.01,2000,0.5,1,0,0,NA,324.577,20,0,1,NA,0,0,1,1,0,331
42,44123,4000,2,"gaussian","linesearch",0.000125,5,0.000625,2.5,0.01,2000,0.5,1,9,0,NA,426.869000000001,64,1,0,0.00956996590468839,2,2,0,0,0,332
42,44123,4000,2,"gaussian","fixed",0.000125,1,0.000125,0.5,0.01,2000,0.5,1,0,0,NA,346.126,81,1,0,0.00966409086797659,0,0,1,1,0,333
42,44123,4000,2,"gaussian","linesearch",0.000125,1,0.000125,0.5,0.01,2000,0.5,1,9,0,NA,407.52,81,1,0,0.00966409086797659,0,0,1,0,0,334
42,44123,4000,2,"gaussian","fixed",0.000125,0.2,2.5e-05,0.1,0.01,2000,0.5,1,0,0,NA,465.769,421,1,0,0.00984129716798665,0,0,1,1,0,335
42,44123,4000,2,"gaussian","linesearch",0.000125,0.2,2.5e-05,0.1,0.01,2000,0.5,1,9,0,NA,883.078,421,1,0,0.00984129716798665,0,0,1,0,0,336
43,45123,4000,2,"gaussian","fixed",0.000125,10,0.00125,5,0.01,2000,0.5,1,0,0,NA,324.638,14,0,1,NA,0,0,1,1,0,337
43,45123,4000,2,"gaussian","linesearch",0.000125,10,0.00125,5,0.01,2000,0.5,1,9,0,NA,455.375,64,1,0,0.00969599578364555,3,3,0,0,0,338
43,45123,4000,2,"gaussian","fixed",0.000125,5,0.000625,2.5,0.01,2000,0.5,1,0,0,NA,330.069,19,0,1,NA,0,0,1,1,0,339
43,45123,4000,2,"gaussian","linesearch",0.000125,5,0.000625,2.5,0.01,2000,0.5,1,9,0,NA,437.806,64,1,0,0.00969599578364555,2,2,0,0,0,340
43,45123,4000,2,"gaussian","fixed",0.000125,1,0.000125,0.5,0.01,2000,0.5,1,0,0,NA,344.643999999999,81,1,0,0.00981791027289319,0,0,1,1,0,341
43,45123,4000,2,"gaussian","linesearch",0.000125,1,0.000125,0.5,0.01,2000,0.5,1,9,0,NA,412.199,81,1,0,0.00981791027289319,0,0,1,0,0,342
43,45123,4000,2,"gaussian","fixed",0.000125,0.2,2.5e-05,0.1,0.01,2000,0.5,1,0,0,NA,454.794,422,1,0,0.00983040379003142,0,0,1,1,0,343
43,45123,4000,2,"gaussian","linesearch",0.000125,0.2,2.5e-05,0.1,0.01,2000,0.5,1,9,0,NA,975.295,422,1,0,0.00983040379003142,0,0,1,0,0,344
44,46123,4000,2,"gaussian","fixed",0.000125,10,0.00125,5,0.01,2000,0.5,1,0,0,NA,327.125999999999,14,0,1,NA,0,0,1,1,0,345
44,46123,4000,2,"gaussian","linesearch",0.000125,10,0.00125,5,0.01,2000,0.5,1,9,0,NA,461.71,65,1,0,0.00887322690646586,3,3,0,0,0,346
44,46123,4000,2,"gaussian","fixed",0.000125,5,0.000625,2.5,0.01,2000,0.5,1,0,0,NA,325.821,19,0,1,NA,0,0,1,1,0,347
44,46123,4000,2,"gaussian","linesearch",0.000125,5,0.000625,2.5,0.01,2000,0.5,1,9,0,NA,437.295999999999,65,1,0,0.00887322690646586,2,2,0,0,0,348
44,46123,4000,2,"gaussian","fixed",0.000125,1,0.000125,0.5,0.01,2000,0.5,1,0,0,NA,349.428000000001,82,1,0,0.00927301895841826,0,0,1,1,0,349
44,46123,4000,2,"gaussian","linesearch",0.000125,1,0.000125,0.5,0.01,2000,0.5,1,9,0,NA,415.404,82,1,0,0.00927301895841826,0,0,1,0,0,350
44,46123,4000,2,"gaussian","fixed",0.000125,0.2,2.5e-05,0.1,0.01,2000,0.5,1,0,0,NA,460.941,424,1,0,0.00996797056710319,0,0,1,1,0,351
44,46123,4000,2,"gaussian","linesearch",0.000125,0.2,2.5e-05,0.1,0.01,2000,0.5,1,9,0,NA,1023.544,424,1,0,0.00996797056710319,0,0,1,0,0,352
45,47123,4000,2,"gaussian","fixed",0.000125,10,0.00125,5,0.01,2000,0.5,1,0,0,NA,330.726,14,0,1,NA,0,0,1,1,0,353
45,47123,4000,2,"gaussian","linesearch",0.000125,10,0.00125,5,0.01,2000,0.5,1,9,0,NA,467.825,64,1,0,0.00889795720301167,3,3,0,0,0,354
45,47123,4000,2,"gaussian","fixed",0.000125,5,0.000625,2.5,0.01,2000,0.5,1,0,0,NA,334.37,19,0,1,NA,0,0,1,1,0,355
45,47123,4000,2,"gaussian","linesearch",0.000125,5,0.000625,2.5,0.01,2000,0.5,1,9,0,NA,448.08,64,1,0,0.00889795720301167,2,2,0,0,0,356
45,47123,4000,2,"gaussian","fixed",0.000125,1,0.000125,0.5,0.01,2000,0.5,1,0,0,NA,347.351,81,1,0,0.00902268861054298,0,0,1,1,0,357
45,47123,4000,2,"gaussian","linesearch",0.000125,1,0.000125,0.5,0.01,2000,0.5,1,9,0,NA,430.092000000001,81,1,0,0.00902268861054298,0,0,1,0,0,358
45,47123,4000,2,"gaussian","fixed",0.000125,0.2,2.5e-05,0.1,0.01,2000,0.5,1,0,0,NA,459.024,419,1,0,0.00976487128882683,0,0,1,1,0,359
45,47123,4000,2,"gaussian","linesearch",0.000125,0.2,2.5e-05,0.1,0.01,2000,0.5,1,9,0,NA,929.191,419,1,0,0.00976487128882683,0,0,1,0,0,360
46,48123,4000,2,"gaussian","fixed",0.000125,10,0.00125,5,0.01,2000,0.5,1,0,0,NA,329.92,14,0,1,NA,0,0,1,1,0,361
46,48123,4000,2,"gaussian","linesearch",0.000125,10,0.00125,5,0.01,2000,0.5,1,9,0,NA,456.87,64,1,0,0.00986739597133102,3,3,0,0,0,362
46,48123,4000,2,"gaussian","fixed",0.000125,5,0.000625,2.5,0.01,2000,0.5,1,0,0,NA,334.535999999999,20,0,1,NA,0,0,1,1,0,363
46,48123,4000,2,"gaussian","linesearch",0.000125,5,0.000625,2.5,0.01,2000,0.5,1,9,0,NA,438.294,64,1,0,0.00986739597133102,2,2,0,0,0,364
46,48123,4000,2,"gaussian","fixed",0.000125,1,0.000125,0.5,0.01,2000,0.5,1,0,0,NA,349.643,81,1,0,0.00995833213948832,0,0,1,1,0,365
46,48123,4000,2,"gaussian","linesearch",0.000125,1,0.000125,0.5,0.01,2000,0.5,1,9,0,NA,412.298,81,1,0,0.00995833213948832,0,0,1,0,0,366
46,48123,4000,2,"gaussian","fixed",0.000125,0.2,2.5e-05,0.1,0.01,2000,0.5,1,0,0,NA,463.505,422,1,0,0.00988205424063326,0,0,1,1,0,367
46,48123,4000,2,"gaussian","linesearch",0.000125,0.2,2.5e-05,0.1,0.01,2000,0.5,1,9,0,NA,958.953999999999,422,1,0,0.00988205424063326,0,0,1,0,0,368
47,49123,4000,2,"gaussian","fixed",0.000125,10,0.00125,5,0.01,2000,0.5,1,0,0,NA,320.959,14,0,1,NA,0,0,1,1,0,369
47,49123,4000,2,"gaussian","linesearch",0.000125,10,0.00125,5,0.01,2000,0.5,1,9,0,NA,461.125,64,1,0,0.00938550818619291,3,3,0,0,0,370
47,49123,4000,2,"gaussian","fixed",0.000125,5,0.000625,2.5,0.01,2000,0.5,1,0,0,NA,324.281,20,0,1,NA,0,0,1,1,0,371
47,49123,4000,2,"gaussian","linesearch",0.000125,5,0.000625,2.5,0.01,2000,0.5,1,9,0,NA,442.7,64,1,0,0.00938550818619291,2,2,0,0,0,372
47,49123,4000,2,"gaussian","fixed",0.000125,1,0.000125,0.5,0.01,2000,0.5,1,0,0,NA,347.261,81,1,0,0.00948493614600909,0,0,1,1,0,373
47,49123,4000,2,"gaussian","linesearch",0.000125,1,0.000125,0.5,0.01,2000,0.5,1,9,0,NA,423.789,81,1,0,0.00948493614600909,0,0,1,0,0,374
47,49123,4000,2,"gaussian","fixed",0.000125,0.2,2.5e-05,0.1,0.01,2000,0.5,1,0,0,NA,465.545,420,1,0,0.00991685429168979,0,0,1,1,0,375
47,49123,4000,2,"gaussian","linesearch",0.000125,0.2,2.5e-05,0.1,0.01,2000,0.5,1,9,0,NA,954.298000000001,420,1,0,0.00991685429168979,0,0,1,0,0,376
48,50123,4000,2,"gaussian","fixed",0.000125,10,0.00125,5,0.01,2000,0.5,1,0,0,NA,323.03,14,0,1,Inf,0,0,1,1,0,377
48,50123,4000,2,"gaussian","linesearch",0.000125,10,0.00125,5,0.01,2000,0.5,1,9,0,NA,463.963000000001,66,1,0,0.00910519054110235,3,3,0,0,0,378
48,50123,4000,2,"gaussian","fixed",0.000125,5,0.000625,2.5,0.01,2000,0.5,1,0,0,NA,324.159,19,0,1,NA,0,0,1,1,0,379
48,50123,4000,2,"gaussian","linesearch",0.000125,5,0.000625,2.5,0.01,2000,0.5,1,9,0,NA,443.309999999999,66,1,0,0.00910519054110235,2,2,0,0,0,380
48,50123,4000,2,"gaussian","fixed",0.000125,1,0.000125,0.5,0.01,2000,0.5,1,0,0,NA,348.401000000001,83,1,0,0.00983819481660044,0,0,1,1,0,381
48,50123,4000,2,"gaussian","linesearch",0.000125,1,0.000125,0.5,0.01,2000,0.5,1,9,0,NA,419.304,83,1,0,0.00983819481660044,0,0,1,0,0,382
48,50123,4000,2,"gaussian","fixed",0.000125,0.2,2.5e-05,0.1,0.01,2000,0.5,1,0,0,NA,457.974999999999,432,1,0,0.00988050098973283,0,0,1,1,0,383
48,50123,4000,2,"gaussian","linesearch",0.000125,0.2,2.5e-05,0.1,0.01,2000,0.5,1,9,0,NA,995.726,432,1,0,0.00988050098973283,0,0,1,0,0,384
49,51123,4000,2,"gaussian","fixed",0.000125,10,0.00125,5,0.01,2000,0.5,1,0,0,NA,325.916,15,0,1,NA,0,0,1,1,0,385
49,51123,4000,2,"gaussian","linesearch",0.000125,10,0.00125,5,0.01,2000,0.5,1,9,0,NA,455.824000000001,64,1,0,0.00917098581907938,3,3,0,0,0,386
49,51123,4000,2,"gaussian","fixed",0.000125,5,0.000625,2.5,0.01,2000,0.5,1,0,0,NA,332.517,20,0,1,NA,0,0,1,1,0,387
49,51123,4000,2,"gaussian","linesearch",0.000125,5,0.000625,2.5,0.01,2000,0.5,1,9,0,NA,437.832,64,1,0,0.00917098581907938,2,2,0,0,0,388
49,51123,4000,2,"gaussian","fixed",0.000125,1,0.000125,0.5,0.01,2000,0.5,1,0,0,NA,346.654,81,1,0,0.00926440976397325,0,0,1,1,0,389
49,51123,4000,2,"gaussian","linesearch",0.000125,1,0.000125,0.5,0.01,2000,0.5,1,9,0,NA,410.121999999999,81,1,0,0.00926440976397325,0,0,1,0,0,390
49,51123,4000,2,"gaussian","fixed",0.000125,0.2,2.5e-05,0.1,0.01,2000,0.5,1,0,0,NA,465.157,419,1,0,0.00991254692958451,0,0,1,1,0,391
49,51123,4000,2,"gaussian","linesearch",0.000125,0.2,2.5e-05,0.1,0.01,2000,0.5,1,9,0,NA,818.316,419,1,0,0.00991254692958451,0,0,1,0,0,392
50,52123,4000,2,"gaussian","fixed",0.000125,10,0.00125,5,0.01,2000,0.5,1,0,0,NA,328.892,14,0,1,NA,0,0,1,1,0,393
50,52123,4000,2,"gaussian","linesearch",0.000125,10,0.00125,5,0.01,2000,0.5,1,9,0,NA,464.603999999999,65,1,0,0.00910813377075709,3,3,0,0,0,394
50,52123,4000,2,"gaussian","fixed",0.000125,5,0.000625,2.5,0.01,2000,0.5,1,0,0,NA,333.402,20,0,1,NA,0,0,1,1,0,395
50,52123,4000,2,"gaussian","linesearch",0.000125,5,0.000625,2.5,0.01,2000,0.5,1,9,0,NA,445.426,65,1,0,0.00910813377075709,2,2,0,0,0,396
50,52123,4000,2,"gaussian","fixed",0.000125,1,0.000125,0.5,0.01,2000,0.5,1,0,0,NA,349.808,82,1,0,0.00954072417206839,0,0,1,1,0,397
50,52123,4000,2,"gaussian","linesearch",0.000125,1,0.000125,0.5,0.01,2000,0.5,1,9,0,NA,441.080999999999,82,1,0,0.00954072417206839,0,0,1,0,0,398
50,52123,4000,2,"gaussian","fixed",0.000125,0.2,2.5e-05,0.1,0.01,2000,0.5,1,0,0,NA,465.988,426,1,0,0.00982768246701315,0,0,1,1,0,399
50,52123,4000,2,"gaussian","linesearch",0.000125,0.2,2.5e-05,0.1,0.01,2000,0.5,1,9,0,NA,1131.132,426,1,0,0.00982768246701315,0,0,1,0,0,400
51,53123,4000,2,"gaussian","fixed",0.000125,10,0.00125,5,0.01,2000,0.5,1,0,0,NA,319.512000000001,14,0,1,NA,0,0,1,1,0,401
51,53123,4000,2,"gaussian","linesearch",0.000125,10,0.00125,5,0.01,2000,0.5,1,9,0,NA,451.875,65,1,0,0.00883162535743523,3,3,0,0,0,402
51,53123,4000,2,"gaussian","fixed",0.000125,5,0.000625,2.5,0.01,2000,0.5,1,0,0,NA,329.516,19,0,1,NA,0,0,1,1,0,403
51,53123,4000,2,"gaussian","linesearch",0.000125,5,0.000625,2.5,0.01,2000,0.5,1,9,0,NA,437.963000000002,65,1,0,0.00883162535743523,2,2,0,0,0,404
51,53123,4000,2,"gaussian","fixed",0.000125,1,0.000125,0.5,0.01,2000,0.5,1,0,0,NA,345.821,82,1,0,0.00924031303389516,0,0,1,1,0,405
51,53123,4000,2,"gaussian","linesearch",0.000125,1,0.000125,0.5,0.01,2000,0.5,1,9,0,NA,421.773999999999,82,1,0,0.00924031303389516,0,0,1,0,0,406
51,53123,4000,2,"gaussian","fixed",0.000125,0.2,2.5e-05,0.1,0.01,2000,0.5,1,0,0,NA,453.059000000001,424,1,0,0.00999054708493785,0,0,1,1,0,407
51,53123,4000,2,"gaussian","linesearch",0.000125,0.2,2.5e-05,0.1,0.01,2000,0.5,1,9,0,NA,1054.247,424,1,0,0.00999054708493785,0,0,1,0,0,408
52,54123,4000,2,"gaussian","fixed",0.000125,10,0.00125,5,0.01,2000,0.5,1,0,0,NA,320.819,14,0,1,NA,0,0,1,1,0,409
52,54123,4000,2,"gaussian","linesearch",0.000125,10,0.00125,5,0.01,2000,0.5,1,9,0,NA,437.967000000001,64,1,0,0.00923884541598605,3,3,0,0,0,410
52,54123,4000,2,"gaussian","fixed",0.000125,5,0.000625,2.5,0.01,2000,0.5,1,0,0,NA,328.48,19,0,1,NA,0,0,1,1,0,411
52,54123,4000,2,"gaussian","linesearch",0.000125,5,0.000625,2.5,0.01,2000,0.5,1,9,0,NA,434.736000000001,64,1,0,0.00923884541598605,2,2,0,0,0,412
52,54123,4000,2,"gaussian","fixed",0.000125,1,0.000125,0.5,0.01,2000,0.5,1,0,0,NA,348.810000000001,81,1,0,0.00933337689254507,0,0,1,1,0,413
52,54123,4000,2,"gaussian","linesearch",0.000125,1,0.000125,0.5,0.01,2000,0.5,1,9,0,NA,414.335999999999,81,1,0,0.00933337689254507,0,0,1,0,0,414
52,54123,4000,2,"gaussian","fixed",0.000125,0.2,2.5e-05,0.1,0.01,2000,0.5,1,0,0,NA,446.736999999999,419,1,0,0.00998612131114338,0,0,1,1,0,415
52,54123,4000,2,"gaussian","linesearch",0.000125,0.2,2.5e-05,0.1,0.01,2000,0.5,1,9,0,NA,951.190000000001,419,1,0,0.00998612131114338,0,0,1,0,0,416
53,55123,4000,2,"gaussian","fixed",0.000125,10,0.00125,5,0.01,2000,0.5,1,0,0,NA,325.537999999999,14,0,1,NA,0,0,1,1,0,417
53,55123,4000,2,"gaussian","linesearch",0.000125,10,0.00125,5,0.01,2000,0.5,1,9,0,NA,446.594999999999,65,1,0,0.00956631811039034,3,3,0,0,0,418
53,55123,4000,2,"gaussian","fixed",0.000125,5,0.000625,2.5,0.01,2000,0.5,1,0,0,NA,335.319000000001,19,0,1,NA,0,0,1,1,0,419
53,55123,4000,2,"gaussian","linesearch",0.000125,5,0.000625,2.5,0.01,2000,0.5,1,9,0,NA,423.228999999999,65,1,0,0.00956631811039034,2,2,0,0,0,420
53,55123,4000,2,"gaussian","fixed",0.000125,1,0.000125,0.5,0.01,2000,0.5,1,0,0,NA,346.960000000001,82,1,0,0.0099836608152704,0,0,1,1,0,421
53,55123,4000,2,"gaussian","linesearch",0.000125,1,0.000125,0.5,0.01,2000,0.5,1,9,0,NA,414.558999999999,82,1,0,0.0099836608152704,0,0,1,0,0,422
53,55123,4000,2,"gaussian","fixed",0.000125,0.2,2.5e-05,0.1,0.01,2000,0.5,1,0,0,NA,455.208999999999,427,1,0,0.00995163488125936,0,0,1,1,0,423
53,55123,4000,2,"gaussian","linesearch",0.000125,0.2,2.5e-05,0.1,0.01,2000,0.5,1,9,0,NA,993.072999999999,427,1,0,0.00995163488125936,0,0,1,0,0,424
54,56123,4000,2,"gaussian","fixed",0.000125,10,0.00125,5,0.01,2000,0.5,1,0,0,NA,319.646999999999,14,0,1,NA,0,0,1,1,0,425
54,56123,4000,2,"gaussian","linesearch",0.000125,10,0.00125,5,0.01,2000,0.5,1,9,0,NA,461.498,65,1,0,0.0098883246977748,3,3,0,0,0,426
54,56123,4000,2,"gaussian","fixed",0.000125,5,0.000625,2.5,0.01,2000,0.5,1,0,0,NA,340.438,19,0,1,NA,0,0,1,1,0,427
54,56123,4000,2,"gaussian","linesearch",0.000125,5,0.000625,2.5,0.01,2000,0.5,1,9,0,NA,444.666999999999,65,1,0,0.0098883246977748,2,2,0,0,0,428
54,56123,4000,2,"gaussian","fixed",0.000125,1,0.000125,0.5,0.01,2000,0.5,1,0,0,NA,359.029,83,1,0,0.00911133279938246,0,0,1,1,0,429
54,56123,4000,2,"gaussian","linesearch",0.000125,1,0.000125,0.5,0.01,2000,0.5,1,9,0,NA,432.260999999999,83,1,0,0.00911133279938246,0,0,1,0,0,430
54,56123,4000,2,"gaussian","fixed",0.000125,0.2,2.5e-05,0.1,0.01,2000,0.5,1,0,0,NA,455.199999999999,429,1,0,0.00991595074007731,0,0,1,1,0,431
54,56123,4000,2,"gaussian","linesearch",0.000125,0.2,2.5e-05,0.1,0.01,2000,0.5,1,9,0,NA,1076.451,429,1,0,0.00991595074007731,0,0,1,0,0,432
55,57123,4000,2,"gaussian","fixed",0.000125,10,0.00125,5,0.01,2000,0.5,1,0,0,NA,317.536,14,0,1,NA,0,0,1,1,0,433
55,57123,4000,2,"gaussian","linesearch",0.000125,10,0.00125,5,0.01,2000,0.5,1,9,0,NA,446.036999999998,64,1,0,0.0095221678941165,3,3,0,0,0,434
55,57123,4000,2,"gaussian","fixed",0.000125,5,0.000625,2.5,0.01,2000,0.5,1,0,0,NA,331.091,19,0,1,NA,0,0,1,1,0,435
55,57123,4000,2,"gaussian","linesearch",0.000125,5,0.000625,2.5,0.01,2000,0.5,1,9,0,NA,428.219000000001,64,1,0,0.0095221678941165,2,2,0,0,0,436
55,57123,4000,2,"gaussian","fixed",0.000125,1,0.000125,0.5,0.01,2000,0.5,1,0,0,NA,347.809000000001,81,1,0,0.00962492880135611,0,0,1,1,0,437
55,57123,4000,2,"gaussian","linesearch",0.000125,1,0.000125,0.5,0.01,2000,0.5,1,9,0,NA,409.347,81,1,0,0.00962492880135611,0,0,1,0,0,438
55,57123,4000,2,"gaussian","fixed",0.000125,0.2,2.5e-05,0.1,0.01,2000,0.5,1,0,0,NA,445.938,421,1,0,0.00982727774886311,0,0,1,1,0,439
55,57123,4000,2,"gaussian","linesearch",0.000125,0.2,2.5e-05,0.1,0.01,2000,0.5,1,9,0,NA,909.534000000001,421,1,0,0.00982727774886311,0,0,1,0,0,440
56,58123,4000,2,"gaussian","fixed",0.000125,10,0.00125,5,0.01,2000,0.5,1,0,0,NA,324.942000000001,14,0,1,Inf,0,0,1,1,0,441
56,58123,4000,2,"gaussian","linesearch",0.000125,10,0.00125,5,0.01,2000,0.5,1,9,0,NA,446.385,64,1,0,0.00963346761296752,3,3,0,0,0,442
56,58123,4000,2,"gaussian","fixed",0.000125,5,0.000625,2.5,0.01,2000,0.5,1,0,0,NA,328.795999999998,19,0,1,NA,0,0,1,1,0,443
56,58123,4000,2,"gaussian","linesearch",0.000125,5,0.000625,2.5,0.01,2000,0.5,1,9,0,NA,435.885,64,1,0,0.00963346761296752,2,2,0,0,0,444
56,58123,4000,2,"gaussian","fixed",0.000125,1,0.000125,0.5,0.01,2000,0.5,1,0,0,NA,351.401,81,1,0,0.00975494194997911,0,0,1,1,0,445
56,58123,4000,2,"gaussian","linesearch",0.000125,1,0.000125,0.5,0.01,2000,0.5,1,9,0,NA,425.586000000001,81,1,0,0.00975494194997911,0,0,1,0,0,446
56,58123,4000,2,"gaussian","fixed",0.000125,0.2,2.5e-05,0.1,0.01,2000,0.5,1,0,0,NA,459.566999999999,422,1,0,0.00976741833807659,0,0,1,1,0,447
56,58123,4000,2,"gaussian","linesearch",0.000125,0.2,2.5e-05,0.1,0.01,2000,0.5,1,9,0,NA,1035.844,422,1,0,0.00976741833807659,0,0,1,0,0,448
57,59123,4000,2,"gaussian","fixed",0.000125,10,0.00125,5,0.01,2000,0.5,1,0,0,NA,424.725,14,0,1,NA,0,0,1,1,0,449
57,59123,4000,2,"gaussian","linesearch",0.000125,10,0.00125,5,0.01,2000,0.5,1,9,0,NA,561.722,65,1,0,0.00938596460049578,3,3,0,0,0,450
57,59123,4000,2,"gaussian","fixed",0.000125,5,0.000625,2.5,0.01,2000,0.5,1,0,0,NA,438.529999999999,19,0,1,NA,0,0,1,1,0,451
57,59123,4000,2,"gaussian","linesearch",0.000125,5,0.000625,2.5,0.01,2000,0.5,1,9,0,NA,543.652,65,1,0,0.00938596460049578,2,2,0,0,0,452
57,59123,4000,2,"gaussian","fixed",0.000125,1,0.000125,0.5,0.01,2000,0.5,1,0,0,NA,457.473,82,1,0,0.00982874363543254,0,0,1,1,0,453
57,59123,4000,2,"gaussian","linesearch",0.000125,1,0.000125,0.5,0.01,2000,0.5,1,9,0,NA,528.272999999999,82,1,0,0.00982874363543254,0,0,1,0,0,454
57,59123,4000,2,"gaussian","fixed",0.000125,0.2,2.5e-05,0.1,0.01,2000,0.5,1,0,0,NA,577.793,427,1,0,0.00987565468608111,0,0,1,1,0,455
57,59123,4000,2,"gaussian","linesearch",0.000125,0.2,2.5e-05,0.1,0.01,2000,0.5,1,9,0,NA,1074.864,427,1,0,0.00987565468608111,0,0,1,0,0,456
58,60123,4000,2,"gaussian","fixed",0.000125,10,0.00125,5,0.01,2000,0.5,1,0,0,NA,324.467000000001,14,0,1,NA,0,0,1,1,0,457
58,60123,4000,2,"gaussian","linesearch",0.000125,10,0.00125,5,0.01,2000,0.5,1,9,0,NA,442.486999999999,65,1,0,0.00879466836471615,3,3,0,0,0,458
58,60123,4000,2,"gaussian","fixed",0.000125,5,0.000625,2.5,0.01,2000,0.5,1,0,0,NA,337.453,19,0,1,NA,0,0,1,1,0,459
58,60123,4000,2,"gaussian","linesearch",0.000125,5,0.000625,2.5,0.01,2000,0.5,1,9,0,NA,435.484999999999,65,1,0,0.00879466836471615,2,2,0,0,0,460
58,60123,4000,2,"gaussian","fixed",0.000125,1,0.000125,0.5,0.01,2000,0.5,1,0,0,NA,356.360999999999,82,1,0,0.00921476598913296,0,0,1,1,0,461
58,60123,4000,2,"gaussian","linesearch",0.000125,1,0.000125,0.5,0.01,2000,0.5,1,9,0,NA,404.698999999999,82,1,0,0.00921476598913296,0,0,1,0,0,462
58,60123,4000,2,"gaussian","fixed",0.000125,0.2,2.5e-05,0.1,0.01,2000,0.5,1,0,0,NA,452.971,424,1,0,0.00997617298416847,0,0,1,1,0,463
58,60123,4000,2,"gaussian","linesearch",0.000125,0.2,2.5e-05,0.1,0.01,2000,0.5,1,9,0,NA,998.777,424,1,0,0.00997617298416847,0,0,1,0,0,464
59,61123,4000,2,"gaussian","fixed",0.000125,10,0.00125,5,0.01,2000,0.5,1,0,0,NA,319.103000000001,14,0,1,NA,0,0,1,1,0,465
59,61123,4000,2,"gaussian","linesearch",0.000125,10,0.00125,5,0.01,2000,0.5,1,9,0,NA,450.611999999999,65,1,0,0.00880367674292927,3,3,0,0,0,466
59,61123,4000,2,"gaussian","fixed",0.000125,5,0.000625,2.5,0.01,2000,0.5,1,0,0,NA,327.896999999999,20,0,1,NA,0,0,1,1,0,467
59,61123,4000,2,"gaussian","linesearch",0.000125,5,0.000625,2.5,0.01,2000,0.5,1,9,0,NA,431.610999999999,65,1,0,0.00880367674292927,2,2,0,0,0,468
59,61123,4000,2,"gaussian","fixed",0.000125,1,0.000125,0.5,0.01,2000,0.5,1,0,0,NA,344.115000000002,82,1,0,0.00923094093513921,0,0,1,1,0,469
59,61123,4000,2,"gaussian","linesearch",0.000125,1,0.000125,0.5,0.01,2000,0.5,1,9,0,NA,413.508,82,1,0,0.00923094093513921,0,0,1,0,0,470
59,61123,4000,2,"gaussian","fixed",0.000125,0.2,2.5e-05,0.1,0.01,2000,0.5,1,0,0,NA,451.746000000001,425,1,0,0.0097685172040796,0,0,1,1,0,471
59,61123,4000,2,"gaussian","linesearch",0.000125,0.2,2.5e-05,0.1,0.01,2000,0.5,1,9,0,NA,993.489,425,1,0,0.0097685172040796,0,0,1,0,0,472
60,62123,4000,2,"gaussian","fixed",0.000125,10,0.00125,5,0.01,2000,0.5,1,0,0,NA,318.264999999999,14,0,1,Inf,0,0,1,1,0,473
60,62123,4000,2,"gaussian","linesearch",0.000125,10,0.00125,5,0.01,2000,0.5,1,9,0,NA,467.941000000001,65,1,0,0.00962263082006559,3,3,0,0,0,474
60,62123,4000,2,"gaussian","fixed",0.000125,5,0.000625,2.5,0.01,2000,0.5,1,0,0,NA,327.557999999999,19,0,1,NA,0,0,1,1,0,475
60,62123,4000,2,"gaussian","linesearch",0.000125,5,0.000625,2.5,0.01,2000,0.5,1,9,0,NA,446.291000000001,65,1,0,0.00962263082006559,2,2,0,0,0,476
60,62123,4000,2,"gaussian","fixed",0.000125,1,0.000125,0.5,0.01,2000,0.5,1,0,0,NA,349.227000000001,83,1,0,0.00885842131977746,0,0,1,1,0,477
60,62123,4000,2,"gaussian","linesearch",0.000125,1,0.000125,0.5,0.01,2000,0.5,1,9,0,NA,425.163999999999,83,1,0,0.00885842131977746,0,0,1,0,0,478
60,62123,4000,2,"gaussian","fixed",0.000125,0.2,2.5e-05,0.1,0.01,2000,0.5,1,0,0,NA,454.471000000001,428,1,0,0.00981611464841756,0,0,1,1,0,479
60,62123,4000,2,"gaussian","linesearch",0.000125,0.2,2.5e-05,0.1,0.01,2000,0.5,1,9,0,NA,1058.669,428,1,0,0.00981611464841756,0,0,1,0,0,480
61,63123,4000,2,"gaussian","fixed",0.000125,10,0.00125,5,0.01,2000,0.5,1,0,0,NA,325.981,14,0,1,Inf,0,0,1,1,0,481
61,63123,4000,2,"gaussian","linesearch",0.000125,10,0.00125,5,0.01,2000,0.5,1,9,0,NA,463.003999999999,65,1,0,0.00934781181693592,3,3,0,0,0,482
61,63123,4000,2,"gaussian","fixed",0.000125,5,0.000625,2.5,0.01,2000,0.5,1,0,0,NA,329.063,19,0,1,NA,0,0,1,1,0,483
61,63123,4000,2,"gaussian","linesearch",0.000125,5,0.000625,2.5,0.01,2000,0.5,1,9,0,NA,430.106,65,1,0,0.00934781181693592,2,2,0,0,0,484
61,63123,4000,2,"gaussian","fixed",0.000125,1,0.000125,0.5,0.01,2000,0.5,1,0,0,NA,346.751999999999,82,1,0,0.00979591943299174,0,0,1,1,0,485
61,63123,4000,2,"gaussian","linesearch",0.000125,1,0.000125,0.5,0.01,2000,0.5,1,9,0,NA,421.949999999999,82,1,0,0.00979591943299174,0,0,1,0,0,486
61,63123,4000,2,"gaussian","fixed",0.000125,0.2,2.5e-05,0.1,0.01,2000,0.5,1,0,0,NA,463.084000000001,427,1,0,0.00986022803993661,0,0,1,1,0,487
61,63123,4000,2,"gaussian","linesearch",0.000125,0.2,2.5e-05,0.1,0.01,2000,0.5,1,9,0,NA,1030.023,427,1,0,0.00986022803993661,0,0,1,0,0,488
62,64123,4000,2,"gaussian","fixed",0.000125,10,0.00125,5,0.01,2000,0.5,1,0,0,NA,320.282999999999,14,0,1,NA,0,0,1,1,0,489
62,64123,4000,2,"gaussian","linesearch",0.000125,10,0.00125,5,0.01,2000,0.5,1,9,0,NA,453.591,65,1,0,0.00879971204458896,3,3,0,0,0,490
62,64123,4000,2,"gaussian","fixed",0.000125,5,0.000625,2.5,0.01,2000,0.5,1,0,0,NA,323.482,19,0,1,NA,0,0,1,1,0,491
62,64123,4000,2,"gaussian","linesearch",0.000125,5,0.000625,2.5,0.01,2000,0.5,1,9,0,NA,434.768,65,1,0,0.00879971204458896,2,2,0,0,0,492
62,64123,4000,2,"gaussian","fixed",0.000125,1,0.000125,0.5,0.01,2000,0.5,1,0,0,NA,349.380000000001,82,1,0,0.00921264411324241,0,0,1,1,0,493
62,64123,4000,2,"gaussian","linesearch",0.000125,1,0.000125,0.5,0.01,2000,0.5,1,9,0,NA,413.552,82,1,0,0.00921264411324241,0,0,1,0,0,494
62,64123,4000,2,"gaussian","fixed",0.000125,0.2,2.5e-05,0.1,0.01,2000,0.5,1,0,0,NA,455.754000000001,424,1,0,0.00995195458223663,0,0,1,1,0,495
62,64123,4000,2,"gaussian","linesearch",0.000125,0.2,2.5e-05,0.1,0.01,2000,0.5,1,9,0,NA,897.584999999999,424,1,0,0.00995195458223663,0,0,1,0,0,496
63,65123,4000,2,"gaussian","fixed",0.000125,10,0.00125,5,0.01,2000,0.5,1,0,0,NA,324.234,14,0,1,NA,0,0,1,1,0,497
63,65123,4000,2,"gaussian","linesearch",0.000125,10,0.00125,5,0.01,2000,0.5,1,9,0,NA,470.891,66,1,0,0.0087503732829517,3,3,0,0,0,498
63,65123,4000,2,"gaussian","fixed",0.000125,5,0.000625,2.5,0.01,2000,0.5,1,0,0,NA,325.477000000001,20,0,1,NA,0,0,1,1,0,499
63,65123,4000,2,"gaussian","linesearch",0.000125,5,0.000625,2.5,0.01,2000,0.5,1,9,0,NA,451.108,66,1,0,0.0087503732829517,2,2,0,0,0,500
63,65123,4000,2,"gaussian","fixed",0.000125,1,0.000125,0.5,0.01,2000,0.5,1,0,0,NA,346.982,83,1,0,0.00948253482395423,0,0,1,1,0,501
63,65123,4000,2,"gaussian","linesearch",0.000125,1,0.000125,0.5,0.01,2000,0.5,1,9,0,NA,430.553,83,1,0,0.00948253482395423,0,0,1,0,0,502
63,65123,4000,2,"gaussian","fixed",0.000125,0.2,2.5e-05,0.1,0.01,2000,0.5,1,0,0,NA,455.776,431,1,0,0.00981450351860369,0,0,1,1,0,503
63,65123,4000,2,"gaussian","linesearch",0.000125,0.2,2.5e-05,0.1,0.01,2000,0.5,1,9,0,NA,1115.735,431,1,0,0.00981450351860369,0,0,1,0,0,504
64,66123,4000,2,"gaussian","fixed",0.000125,10,0.00125,5,0.01,2000,0.5,1,0,0,NA,328.860000000001,15,0,1,NA,0,0,1,1,0,505
64,66123,4000,2,"gaussian","linesearch",0.000125,10,0.00125,5,0.01,2000,0.5,1,9,0,NA,469.357,66,1,0,0.00910164094260107,3,3,0,0,0,506
64,66123,4000,2,"gaussian","fixed",0.000125,5,0.000625,2.5,0.01,2000,0.5,1,0,0,NA,333.316000000001,22,0,1,NA,0,0,1,1,0,507
64,66123,4000,2,"gaussian","linesearch",0.000125,5,0.000625,2.5,0.01,2000,0.5,1,9,0,NA,445.584000000001,66,1,0,0.00910164094260107,2,2,0,0,0,508
64,66123,4000,2,"gaussian","fixed",0.000125,1,0.000125,0.5,0.01,2000,0.5,1,0,0,NA,354.457999999999,83,1,0,0.00982244791395379,0,0,1,1,0,509
64,66123,4000,2,"gaussian","linesearch",0.000125,1,0.000125,0.5,0.01,2000,0.5,1,9,0,NA,427.032999999999,83,1,0,0.00982244791395379,0,0,1,0,0,510
64,66123,4000,2,"gaussian","fixed",0.000125,0.2,2.5e-05,0.1,0.01,2000,0.5,1,0,0,NA,458.259,432,1,0,0.00983843902477732,0,0,1,1,0,511
64,66123,4000,2,"gaussian","linesearch",0.000125,0.2,2.5e-05,0.1,0.01,2000,0.5,1,9,0,NA,1068.863,432,1,0,0.00983843902477732,0,0,1,0,0,512
65,67123,4000,2,"gaussian","fixed",0.000125,10,0.00125,5,0.01,2000,0.5,1,0,0,NA,326.111000000001,14,0,1,NA,0,0,1,1,0,513
65,67123,4000,2,"gaussian","linesearch",0.000125,10,0.00125,5,0.01,2000,0.5,1,9,0,NA,474.342000000001,65,1,0,0.0093896556484917,3,3,0,0,0,514
65,67123,4000,2,"gaussian","fixed",0.000125,5,0.000625,2.5,0.01,2000,0.5,1,0,0,NA,328.607,19,0,1,NA,0,0,1,1,0,515
65,67123,4000,2,"gaussian","linesearch",0.000125,5,0.000625,2.5,0.01,2000,0.5,1,9,0,NA,461.815999999999,65,1,0,0.0093896556484917,2,2,0,0,0,516
65,67123,4000,2,"gaussian","fixed",0.000125,1,0.000125,0.5,0.01,2000,0.5,1,0,0,NA,350.272000000001,82,1,0,0.00981777157407845,0,0,1,1,0,517
65,67123,4000,2,"gaussian","linesearch",0.000125,1,0.000125,0.5,0.01,2000,0.5,1,9,0,NA,431.137999999999,82,1,0,0.00981777157407845,0,0,1,0,0,518
65,67123,4000,2,"gaussian","fixed",0.000125,0.2,2.5e-05,0.1,0.01,2000,0.5,1,0,0,NA,455.357,427,1,0,0.0098299197852149,0,0,1,1,0,519
65,67123,4000,2,"gaussian","linesearch",0.000125,0.2,2.5e-05,0.1,0.01,2000,0.5,1,9,0,NA,1149.594,427,1,0,0.0098299197852149,0,0,1,0,0,520
66,68123,4000,2,"gaussian","fixed",0.000125,10,0.00125,5,0.01,2000,0.5,1,0,0,NA,324.040999999999,14,0,1,NA,0,0,1,1,0,521
66,68123,4000,2,"gaussian","linesearch",0.000125,10,0.00125,5,0.01,2000,0.5,1,9,0,NA,461.487999999999,65,1,0,0.00918925193106282,3,3,0,0,0,522
66,68123,4000,2,"gaussian","fixed",0.000125,5,0.000625,2.5,0.01,2000,0.5,1,0,0,NA,333.281000000001,19,0,1,NA,0,0,1,1,0,523
66,68123,4000,2,"gaussian","linesearch",0.000125,5,0.000625,2.5,0.01,2000,0.5,1,9,0,NA,446.594999999999,65,1,0,0.00918925193106282,2,2,0,0,0,524
66,68123,4000,2,"gaussian","fixed",0.000125,1,0.000125,0.5,0.01,2000,0.5,1,0,0,NA,353.59,82,1,0,0.00961335454986401,0,0,1,1,0,525
66,68123,4000,2,"gaussian","linesearch",0.000125,1,0.000125,0.5,0.01,2000,0.5,1,9,0,NA,426.593999999999,82,1,0,0.00961335454986401,0,0,1,0,0,526
66,68123,4000,2,"gaussian","fixed",0.000125,0.2,2.5e-05,0.1,0.01,2000,0.5,1,0,0,NA,464.485000000001,426,1,0,0.00987320263185526,0,0,1,1,0,527
66,68123,4000,2,"gaussian","linesearch",0.000125,0.2,2.5e-05,0.1,0.01,2000,0.5,1,9,0,NA,936.255999999999,426,1,0,0.00987320263185526,0,0,1,0,0,528
67,69123,4000,2,"gaussian","fixed",0.000125,10,0.00125,5,0.01,2000,0.5,1,0,0,NA,319.639000000001,14,0,1,NA,0,0,1,1,0,529
67,69123,4000,2,"gaussian","linesearch",0.000125,10,0.00125,5,0.01,2000,0.5,1,9,0,NA,453.638999999999,65,1,0,0.00988079141341064,3,3,0,0,0,530
67,69123,4000,2,"gaussian","fixed",0.000125,5,0.000625,2.5,0.01,2000,0.5,1,0,0,NA,322.349,20,0,1,NA,0,0,1,1,0,531
67,69123,4000,2,"gaussian","linesearch",0.000125,5,0.000625,2.5,0.01,2000,0.5,1,9,0,NA,434.083000000001,65,1,0,0.00988079141341064,2,2,0,0,0,532
67,69123,4000,2,"gaussian","fixed",0.000125,1,0.000125,0.5,0.01,2000,0.5,1,0,0,NA,344.239,83,1,0,0.00910144501998233,0,0,1,1,0,533
67,69123,4000,2,"gaussian","linesearch",0.000125,1,0.000125,0.5,0.01,2000,0.5,1,9,0,NA,417.514000000001,83,1,0,0.00910144501998233,0,0,1,0,0,534
67,69123,4000,2,"gaussian","fixed",0.000125,0.2,2.5e-05,0.1,0.01,2000,0.5,1,0,0,NA,452.413999999999,429,1,0,0.0098847000490041,0,0,1,1,0,535
67,69123,4000,2,"gaussian","linesearch",0.000125,0.2,2.5e-05,0.1,0.01,2000,0.5,1,9,0,NA,1022.08,429,1,0,0.0098847000490041,0,0,1,0,0,536
68,70123,4000,2,"gaussian","fixed",0.000125,10,0.00125,5,0.01,2000,0.5,1,0,0,NA,328.291000000001,14,0,1,NA,0,0,1,1,0,537
68,70123,4000,2,"gaussian","linesearch",0.000125,10,0.00125,5,0.01,2000,0.5,1,9,0,NA,464.469000000001,65,1,0,0.00906814254581417,3,3,0,0,0,538
68,70123,4000,2,"gaussian","fixed",0.000125,5,0.000625,2.5,0.01,2000,0.5,1,0,0,NA,326.510999999999,19,0,1,NA,0,0,1,1,0,539
68,70123,4000,2,"gaussian","linesearch",0.000125,5,0.000625,2.5,0.01,2000,0.5,1,9,0,NA,440.959999999999,65,1,0,0.00906814254581417,2,2,0,0,0,540
68,70123,4000,2,"gaussian","fixed",0.000125,1,0.000125,0.5,0.01,2000,0.5,1,0,0,NA,351.745000000001,82,1,0,0.0094848881650641,0,0,1,1,0,541
68,70123,4000,2,"gaussian","linesearch",0.000125,1,0.000125,0.5,0.01,2000,0.5,1,9,0,NA,431.357,82,1,0,0.0094848881650641,0,0,1,0,0,542
68,70123,4000,2,"gaussian","fixed",0.000125,0.2,2.5e-05,0.1,0.01,2000,0.5,1,0,0,NA,468.922,425,1,0,0.0099759852994501,0,0,1,1,0,543
68,70123,4000,2,"gaussian","linesearch",0.000125,0.2,2.5e-05,0.1,0.01,2000,0.5,1,9,0,NA,1043.009,425,1,0,0.0099759852994501,0,0,1,0,0,544
69,71123,4000,2,"gaussian","fixed",0.000125,10,0.00125,5,0.01,2000,0.5,1,0,0,NA,327.679,14,0,1,NA,0,0,1,1,0,545
69,71123,4000,2,"gaussian","linesearch",0.000125,10,0.00125,5,0.01,2000,0.5,1,9,0,NA,458.788999999999,65,1,0,0.00983504578313402,3,3,0,0,0,546
69,71123,4000,2,"gaussian","fixed",0.000125,5,0.000625,2.5,0.01,2000,0.5,1,0,0,NA,330.409,19,0,1,NA,0,0,1,1,0,547
69,71123,4000,2,"gaussian","linesearch",0.000125,5,0.000625,2.5,0.01,2000,0.5,1,9,0,NA,441.093999999999,65,1,0,0.00983504578313402,2,2,0,0,0,548
69,71123,4000,2,"gaussian","fixed",0.000125,1,0.000125,0.5,0.01,2000,0.5,1,0,0,NA,343.57,83,1,0,0.00904585684546433,0,0,1,1,0,549
69,71123,4000,2,"gaussian","linesearch",0.000125,1,0.000125,0.5,0.01,2000,0.5,1,9,0,NA,426.121000000001,83,1,0,0.00904585684546433,0,0,1,0,0,550
69,71123,4000,2,"gaussian","fixed",0.000125,0.2,2.5e-05,0.1,0.01,2000,0.5,1,0,0,NA,468.069000000001,428,1,0,0.0099767593521253,0,0,1,1,0,551
69,71123,4000,2,"gaussian","linesearch",0.000125,0.2,2.5e-05,0.1,0.01,2000,0.5,1,9,0,NA,1055.77,428,1,0,0.0099767593521253,0,0,1,0,0,552
70,72123,4000,2,"gaussian","fixed",0.000125,10,0.00125,5,0.01,2000,0.5,1,0,0,NA,324.057999999999,14,0,1,NA,0,0,1,1,0,553
70,72123,4000,2,"gaussian","linesearch",0.000125,10,0.00125,5,0.01,2000,0.5,1,9,0,NA,463.777,65,1,0,0.00996304883943577,3,3,0,0,0,554
70,72123,4000,2,"gaussian","fixed",0.000125,5,0.000625,2.5,0.01,2000,0.5,1,0,0,NA,326.237999999999,19,0,1,NA,0,0,1,1,0,555
70,72123,4000,2,"gaussian","linesearch",0.000125,5,0.000625,2.5,0.01,2000,0.5,1,9,0,NA,448.384,65,1,0,0.00996304883943577,2,2,0,0,0,556
70,72123,4000,2,"gaussian","fixed",0.000125,1,0.000125,0.5,0.01,2000,0.5,1,0,0,NA,348.898000000001,83,1,0,0.00917054443840604,0,0,1,1,0,557
70,72123,4000,2,"gaussian","linesearch",0.000125,1,0.000125,0.5,0.01,2000,0.5,1,9,0,NA,432.739,83,1,0,0.00917054443840604,0,0,1,0,0,558
70,72123,4000,2,"gaussian","fixed",0.000125,0.2,2.5e-05,0.1,0.01,2000,0.5,1,0,0,NA,465.287,429,1,0,0.00992029245680115,0,0,1,1,0,559
70,72123,4000,2,"gaussian","linesearch",0.000125,0.2,2.5e-05,0.1,0.01,2000,0.5,1,9,0,NA,1135.352,429,1,0,0.00992029245680115,0,0,1,0,0,560
71,73123,4000,2,"gaussian","fixed",0.000125,10,0.00125,5,0.01,2000,0.5,1,0,0,NA,329.061,14,0,1,NA,0,0,1,1,0,561
71,73123,4000,2,"gaussian","linesearch",0.000125,10,0.00125,5,0.01,2000,0.5,1,9,0,NA,455.686000000002,64,1,0,0.00883715238942675,3,3,0,0,0,562
71,73123,4000,2,"gaussian","fixed",0.000125,5,0.000625,2.5,0.01,2000,0.5,1,0,0,NA,331.594999999999,20,0,1,NA,0,0,1,1,0,563
71,73123,4000,2,"gaussian","linesearch",0.000125,5,0.000625,2.5,0.01,2000,0.5,1,9,0,NA,436.865,64,1,0,0.00883715238942675,2,2,0,0,0,564
71,73123,4000,2,"gaussian","fixed",0.000125,1,0.000125,0.5,0.01,2000,0.5,1,0,0,NA,352.894,81,1,0,0.00892557301240638,0,0,1,1,0,565
71,73123,4000,2,"gaussian","linesearch",0.000125,1,0.000125,0.5,0.01,2000,0.5,1,9,0,NA,418.868,81,1,0,0.00892557301240638,0,0,1,0,0,566
71,73123,4000,2,"gaussian","fixed",0.000125,0.2,2.5e-05,0.1,0.01,2000,0.5,1,0,0,NA,464.514000000001,418,1,0,0.00977806102418058,0,0,1,1,0,567
71,73123,4000,2,"gaussian","linesearch",0.000125,0.2,2.5e-05,0.1,0.01,2000,0.5,1,9,0,NA,955.907999999999,418,1,0,0.00977806102418058,0,0,1,0,0,568
72,74123,4000,2,"gaussian","fixed",0.000125,10,0.00125,5,0.01,2000,0.5,1,0,0,NA,330.309999999999,14,0,1,NA,0,0,1,1,0,569
72,74123,4000,2,"gaussian","linesearch",0.000125,10,0.00125,5,0.01,2000,0.5,1,9,0,NA,478.788,66,1,0,0.00887991643344062,3,3,0,0,0,570
72,74123,4000,2,"gaussian","fixed",0.000125,5,0.000625,2.5,0.01,2000,0.5,1,0,0,NA,333.725,19,0,1,NA,0,0,1,1,0,571
72,74123,4000,2,"gaussian","linesearch",0.000125,5,0.000625,2.5,0.01,2000,0.5,1,9,0,NA,459.971000000001,66,1,0,0.00887991643344062,2,2,0,0,0,572
72,74123,4000,2,"gaussian","fixed",0.000125,1,0.000125,0.5,0.01,2000,0.5,1,0,0,NA,355.385,83,1,0,0.0096149955979937,0,0,1,1,0,573
72,74123,4000,2,"gaussian","linesearch",0.000125,1,0.000125,0.5,0.01,2000,0.5,1,9,0,NA,445.298999999999,83,1,0,0.0096149955979937,0,0,1,0,0,574
72,74123,4000,2,"gaussian","fixed",0.000125,0.2,2.5e-05,0.1,0.01,2000,0.5,1,0,0,NA,476.016,431,1,0,0.00993586776967334,0,0,1,1,0,575
72,74123,4000,2,"gaussian","linesearch",0.000125,0.2,2.5e-05,0.1,0.01,2000,0.5,1,9,0,NA,1052.557,431,1,0,0.00993586776967334,0,0,1,0,0,576
73,75123,4000,2,"gaussian","fixed",0.000125,10,0.00125,5,0.01,2000,0.5,1,0,0,NA,324.998,14,0,1,NA,0,0,1,1,0,577
73,75123,4000,2,"gaussian","linesearch",0.000125,10,0.00125,5,0.01,2000,0.5,1,9,0,NA,464.984999999999,65,1,0,0.00928112970161434,3,3,0,0,0,578
73,75123,4000,2,"gaussian","fixed",0.000125,5,0.000625,2.5,0.01,2000,0.5,1,0,0,NA,325.482,19,0,1,NA,0,0,1,1,0,579
73,75123,4000,2,"gaussian","linesearch",0.000125,5,0.000625,2.5,0.01,2000,0.5,1,9,0,NA,436.385,65,1,0,0.00928112970161434,2,2,0,0,0,580
73,75123,4000,2,"gaussian","fixed",0.000125,1,0.000125,0.5,0.01,2000,0.5,1,0,0,NA,343.753000000001,82,1,0,0.00969948248720068,0,0,1,1,0,581
73,75123,4000,2,"gaussian","linesearch",0.000125,1,0.000125,0.5,0.01,2000,0.5,1,9,0,NA,425.393,82,1,0,0.00969948248720068,0,0,1,0,0,582
73,75123,4000,2,"gaussian","fixed",0.000125,0.2,2.5e-05,0.1,0.01,2000,0.5,1,0,0,NA,462.708000000001,426,1,0,0.00993570318679365,0,0,1,1,0,583
73,75123,4000,2,"gaussian","linesearch",0.000125,0.2,2.5e-05,0.1,0.01,2000,0.5,1,9,0,NA,1006.519,426,1,0,0.00993570318679365,0,0,1,0,0,584
74,76123,4000,2,"gaussian","fixed",0.000125,10,0.00125,5,0.01,2000,0.5,1,0,0,NA,323.035,14,0,1,Inf,0,0,1,1,0,585
74,76123,4000,2,"gaussian","linesearch",0.000125,10,0.00125,5,0.01,2000,0.5,1,9,0,NA,459.545,65,1,0,0.0096081602239394,3,3,0,0,0,586
74,76123,4000,2,"gaussian","fixed",0.000125,5,0.000625,2.5,0.01,2000,0.5,1,0,0,NA,327.079,19,0,1,NA,0,0,1,1,0,587
74,76123,4000,2,"gaussian","linesearch",0.000125,5,0.000625,2.5,0.01,2000,0.5,1,9,0,NA,436.274000000001,65,1,0,0.0096081602239394,2,2,0,0,0,588
74,76123,4000,2,"gaussian","fixed",0.000125,1,0.000125,0.5,0.01,2000,0.5,1,0,0,NA,350.362000000001,83,1,0,0.00884440033887912,0,0,1,1,0,589
74,76123,4000,2,"gaussian","linesearch",0.000125,1,0.000125,0.5,0.01,2000,0.5,1,9,0,NA,430.552,83,1,0,0.00884440033887912,0,0,1,0,0,590
74,76123,4000,2,"gaussian","fixed",0.000125,0.2,2.5e-05,0.1,0.01,2000,0.5,1,0,0,NA,463.866,428,1,0,0.00980128496717148,0,0,1,1,0,591
74,76123,4000,2,"gaussian","linesearch",0.000125,0.2,2.5e-05,0.1,0.01,2000,0.5,1,9,0,NA,978.897999999999,428,1,0,0.00980128496717148,0,0,1,0,0,592
75,77123,4000,2,"gaussian","fixed",0.000125,10,0.00125,5,0.01,2000,0.5,1,0,0,NA,339.388999999999,15,0,1,NA,0,0,1,1,0,593
75,77123,4000,2,"gaussian","linesearch",0.000125,10,0.00125,5,0.01,2000,0.5,1,9,0,NA,451.355,65,1,0,0.00922350045969832,3,3,0,0,0,594
75,77123,4000,2,"gaussian","fixed",0.000125,5,0.000625,2.5,0.01,2000,0.5,1,0,0,NA,332.003999999999,21,0,1,NA,0,0,1,1,0,595
75,77123,4000,2,"gaussian","linesearch",0.000125,5,0.000625,2.5,0.01,2000,0.5,1,9,0,NA,432.534,65,1,0,0.00922350045969832,2,2,0,0,0,596
75,77123,4000,2,"gaussian","fixed",0.000125,1,0.000125,0.5,0.01,2000,0.5,1,0,0,NA,346.764999999999,82,1,0,0.00964749761679382,0,0,1,1,0,597
75,77123,4000,2,"gaussian","linesearch",0.000125,1,0.000125,0.5,0.01,2000,0.5,1,9,0,NA,412.920999999998,82,1,0,0.00964749761679382,0,0,1,0,0,598
75,77123,4000,2,"gaussian","fixed",0.000125,0.2,2.5e-05,0.1,0.01,2000,0.5,1,0,0,NA,470.280000000001,426,1,0,0.00990391724018502,0,0,1,1,0,599
75,77123,4000,2,"gaussian","linesearch",0.000125,0.2,2.5e-05,0.1,0.01,2000,0.5,1,9,0,NA,996.221000000001,426,1,0,0.00990391724018502,0,0,1,0,0,600
76,78123,4000,2,"gaussian","fixed",0.000125,10,0.00125,5,0.01,2000,0.5,1,0,0,NA,320.942000000001,14,0,1,NA,0,0,1,1,0,601
76,78123,4000,2,"gaussian","linesearch",0.000125,10,0.00125,5,0.01,2000,0.5,1,9,0,NA,451.610000000001,64,1,0,0.00972284224221576,3,3,0,0,0,602
76,78123,4000,2,"gaussian","fixed",0.000125,5,0.000625,2.5,0.01,2000,0.5,1,0,0,NA,332.759,19,0,1,NA,0,0,1,1,0,603
76,78123,4000,2,"gaussian","linesearch",0.000125,5,0.000625,2.5,0.01,2000,0.5,1,9,0,NA,432.642,64,1,0,0.00972284224221576,2,2,0,0,0,604
76,78123,4000,2,"gaussian","fixed",0.000125,1,0.000125,0.5,0.01,2000,0.5,1,0,0,NA,353.769999999999,81,1,0,0.00981890961166476,0,0,1,1,0,605
76,78123,4000,2,"gaussian","linesearch",0.000125,1,0.000125,0.5,0.01,2000,0.5,1,9,0,NA,418.637999999999,81,1,0,0.00981890961166476,0,0,1,0,0,606
76,78123,4000,2,"gaussian","fixed",0.000125,0.2,2.5e-05,0.1,0.01,2000,0.5,1,0,0,NA,457.516,422,1,0,0.00976103554435603,0,0,1,1,0,607
76,78123,4000,2,"gaussian","linesearch",0.000125,0.2,2.5e-05,0.1,0.01,2000,0.5,1,9,0,NA,923.912,422,1,0,0.00976103554435603,0,0,1,0,0,608
77,79123,4000,2,"gaussian","fixed",0.000125,10,0.00125,5,0.01,2000,0.5,1,0,0,NA,320.779,14,0,1,NA,0,0,1,1,0,609
77,79123,4000,2,"gaussian","linesearch",0.000125,10,0.00125,5,0.01,2000,0.5,1,9,0,NA,443.537,65,1,0,0.00993423797777013,3,3,0,0,0,610
77,79123,4000,2,"gaussian","fixed",0.000125,5,0.000625,2.5,0.01,2000,0.5,1,0,0,NA,328.605000000001,19,0,1,NA,0,0,1,1,0,611
77,79123,4000,2,"gaussian","linesearch",0.000125,5,0.000625,2.5,0.01,2000,0.5,1,9,0,NA,433.341,65,1,0,0.00993423797777013,2,2,0,0,0,612
77,79123,4000,2,"gaussian","fixed",0.000125,1,0.000125,0.5,0.01,2000,0.5,1,0,0,NA,347.972,83,1,0,0.00915291519548145,0,0,1,1,0,613
77,79123,4000,2,"gaussian","linesearch",0.000125,1,0.000125,0.5,0.01,2000,0.5,1,9,0,NA,417.195,83,1,0,0.00915291519548145,0,0,1,0,0,614
77,79123,4000,2,"gaussian","fixed",0.000125,0.2,2.5e-05,0.1,0.01,2000,0.5,1,0,0,NA,450.695,429,1,0,0.00995485914454995,0,0,1,1,0,615
77,79123,4000,2,"gaussian","linesearch",0.000125,0.2,2.5e-05,0.1,0.01,2000,0.5,1,9,0,NA,1012.149,429,1,0,0.00995485914454995,0,0,1,0,0,616
78,80123,4000,2,"gaussian","fixed",0.000125,10,0.00125,5,0.01,2000,0.5,1,0,0,NA,317.785,14,0,1,NA,0,0,1,1,0,617
78,80123,4000,2,"gaussian","linesearch",0.000125,10,0.00125,5,0.01,2000,0.5,1,9,0,NA,443.087,66,1,0,0.00884327258892287,3,3,0,0,0,618
78,80123,4000,2,"gaussian","fixed",0.000125,5,0.000625,2.5,0.01,2000,0.5,1,0,0,NA,326.831999999999,19,0,1,NA,0,0,1,1,0,619
78,80123,4000,2,"gaussian","linesearch",0.000125,5,0.000625,2.5,0.01,2000,0.5,1,9,0,NA,433.045,66,1,0,0.00884327258892287,2,2,0,0,0,620
78,80123,4000,2,"gaussian","fixed",0.000125,1,0.000125,0.5,0.01,2000,0.5,1,0,0,NA,345.17,83,1,0,0.00957966548395645,0,0,1,1,0,621
78,80123,4000,2,"gaussian","linesearch",0.000125,1,0.000125,0.5,0.01,2000,0.5,1,9,0,NA,421.321,83,1,0,0.00957966548395645,0,0,1,0,0,622
78,80123,4000,2,"gaussian","fixed",0.000125,0.2,2.5e-05,0.1,0.01,2000,0.5,1,0,0,NA,448.882,431,1,0,0.00990654971069838,0,0,1,1,0,623
78,80123,4000,2,"gaussian","linesearch",0.000125,0.2,2.5e-05,0.1,0.01,2000,0.5,1,9,0,NA,1011.023,431,1,0,0.00990654971069838,0,0,1,0,0,624
79,81123,4000,2,"gaussian","fixed",0.000125,10,0.00125,5,0.01,2000,0.5,1,0,0,NA,325.378000000001,14,0,1,NA,0,0,1,1,0,625
79,81123,4000,2,"gaussian","linesearch",0.000125,10,0.00125,5,0.01,2000,0.5,1,9,0,NA,459.348,66,1,0,0.0085202136322318,3,3,0,0,0,626
79,81123,4000,2,"gaussian","fixed",0.000125,5,0.000625,2.5,0.01,2000,0.5,1,0,0,NA,337.156999999999,19,0,1,NA,0,0,1,1,0,627
79,81123,4000,2,"gaussian","linesearch",0.000125,5,0.000625,2.5,0.01,2000,0.5,1,9,0,NA,447.706,66,1,0,0.0085202136322318,2,2,0,0,0,628
79,81123,4000,2,"gaussian","fixed",0.000125,1,0.000125,0.5,0.01,2000,0.5,1,0,0,NA,353.074000000001,83,1,0,0.00923132958513158,0,0,1,1,0,629
79,81123,4000,2,"gaussian","linesearch",0.000125,1,0.000125,0.5,0.01,2000,0.5,1,9,0,NA,428.666000000001,83,1,0,0.00923132958513158,0,0,1,0,0,630
79,81123,4000,2,"gaussian","fixed",0.000125,0.2,2.5e-05,0.1,0.01,2000,0.5,1,0,0,NA,464.279,430,1,0,0.00978599917832122,0,0,1,1,0,631
79,81123,4000,2,"gaussian","linesearch",0.000125,0.2,2.5e-05,0.1,0.01,2000,0.5,1,9,0,NA,1137.237,430,1,0,0.00978599917832122,0,0,1,0,0,632
80,82123,4000,2,"gaussian","fixed",0.000125,10,0.00125,5,0.01,2000,0.5,1,0,0,NA,327.692000000001,14,0,1,NA,0,0,1,1,0,633
80,82123,4000,2,"gaussian","linesearch",0.000125,10,0.00125,5,0.01,2000,0.5,1,9,0,NA,457.82,65,1,0,0.00995178316365504,3,3,0,0,0,634
80,82123,4000,2,"gaussian","fixed",0.000125,5,0.000625,2.5,0.01,2000,0.5,1,0,0,NA,333.689,19,0,1,NA,0,0,1,1,0,635
80,82123,4000,2,"gaussian","linesearch",0.000125,5,0.000625,2.5,0.01,2000,0.5,1,9,0,NA,440.375,65,1,0,0.00995178316365504,2,2,0,0,0,636
80,82123,4000,2,"gaussian","fixed",0.000125,1,0.000125,0.5,0.01,2000,0.5,1,0,0,NA,353.735999999999,83,1,0,0.00915174603166222,0,0,1,1,0,637
80,82123,4000,2,"gaussian","linesearch",0.000125,1,0.000125,0.5,0.01,2000,0.5,1,9,0,NA,421.719999999999,83,1,0,0.00915174603166222,0,0,1,0,0,638
80,82123,4000,2,"gaussian","fixed",0.000125,0.2,2.5e-05,0.1,0.01,2000,0.5,1,0,0,NA,459.639999999999,429,1,0,0.00984753854450322,0,0,1,1,0,639
80,82123,4000,2,"gaussian","linesearch",0.000125,0.2,2.5e-05,0.1,0.01,2000,0.5,1,9,0,NA,965.054,429,1,0,0.00984753854450322,0,0,1,0,0,640
81,83123,4000,2,"gaussian","fixed",0.000125,10,0.00125,5,0.01,2000,0.5,1,0,0,NA,317.770999999999,14,0,1,Inf,0,0,1,1,0,641
81,83123,4000,2,"gaussian","linesearch",0.000125,10,0.00125,5,0.01,2000,0.5,1,9,0,NA,450.24,65,1,0,0.00942303074901329,3,3,0,0,0,642
81,83123,4000,2,"gaussian","fixed",0.000125,5,0.000625,2.5,0.01,2000,0.5,1,0,0,NA,332.255999999999,19,0,1,NA,0,0,1,1,0,643
81,83123,4000,2,"gaussian","linesearch",0.000125,5,0.000625,2.5,0.01,2000,0.5,1,9,0,NA,448.249,65,1,0,0.00942303074901329,2,2,0,0,0,644
81,83123,4000,2,"gaussian","fixed",0.000125,1,0.000125,0.5,0.01,2000,0.5,1,0,0,NA,357.177,82,1,0,0.00982050719450794,0,0,1,1,0,645
81,83123,4000,2,"gaussian","linesearch",0.000125,1,0.000125,0.5,0.01,2000,0.5,1,9,0,NA,422.897999999999,82,1,0,0.00982050719450794,0,0,1,0,0,646
81,83123,4000,2,"gaussian","fixed",0.000125,0.2,2.5e-05,0.1,0.01,2000,0.5,1,0,0,NA,455.601000000001,426,1,0,0.00999390342761036,0,0,1,1,0,647
81,83123,4000,2,"gaussian","linesearch",0.000125,0.2,2.5e-05,0.1,0.01,2000,0.5,1,9,0,NA,972.073,426,1,0,0.00999390342761036,0,0,1,0,0,648
82,84123,4000,2,"gaussian","fixed",0.000125,10,0.00125,5,0.01,2000,0.5,1,0,0,NA,328.41,14,0,1,NA,0,0,1,1,0,649
82,84123,4000,2,"gaussian","linesearch",0.000125,10,0.00125,5,0.01,2000,0.5,1,9,0,NA,444.561,64,1,0,0.00890050224405911,3,3,0,0,0,650
82,84123,4000,2,"gaussian","fixed",0.000125,5,0.000625,2.5,0.01,2000,0.5,1,0,0,NA,335.169000000002,20,0,1,NA,0,0,1,1,0,651
82,84123,4000,2,"gaussian","linesearch",0.000125,5,0.000625,2.5,0.01,2000,0.5,1,9,0,NA,429.632,64,1,0,0.00890050224405911,2,2,0,0,0,652
82,84123,4000,2,"gaussian","fixed",0.000125,1,0.000125,0.5,0.01,2000,0.5,1,0,0,NA,349.788,81,1,0,0.00899219797226326,0,0,1,1,0,653
82,84123,4000,2,"gaussian","linesearch",0.000125,1,0.000125,0.5,0.01,2000,0.5,1,9,0,NA,413.109999999999,81,1,0,0.00899219797226326,0,0,1,0,0,654
82,84123,4000,2,"gaussian","fixed",0.000125,0.2,2.5e-05,0.1,0.01,2000,0.5,1,0,0,NA,443.945,418,1,0,0.00986063681321521,0,0,1,1,0,655
82,84123,4000,2,"gaussian","linesearch",0.000125,0.2,2.5e-05,0.1,0.01,2000,0.5,1,9,0,NA,960.795,418,1,0,0.00986063681321521,0,0,1,0,0,656
83,85123,4000,2,"gaussian","fixed",0.000125,10,0.00125,5,0.01,2000,0.5,1,0,0,NA,332.077000000001,14,0,1,NA,0,0,1,1,0,657
83,85123,4000,2,"gaussian","linesearch",0.000125,10,0.00125,5,0.01,2000,0.5,1,9,0,NA,456.366,65,1,0,0.00893801542283782,3,3,0,0,0,658
83,85123,4000,2,"gaussian","fixed",0.000125,5,0.000625,2.5,0.01,2000,0.5,1,0,0,NA,336.512000000001,19,0,1,NA,0,0,1,1,0,659
83,85123,4000,2,"gaussian","linesearch",0.000125,5,0.000625,2.5,0.01,2000,0.5,1,9,0,NA,442.01,65,1,0,0.00893801542283782,2,2,0,0,0,660
83,85123,4000,2,"gaussian","fixed",0.000125,1,0.000125,0.5,0.01,2000,0.5,1,0,0,NA,352.194,82,1,0,0.0093396501538266,0,0,1,1,0,661
83,85123,4000,2,"gaussian","linesearch",0.000125,1,0.000125,0.5,0.01,2000,0.5,1,9,0,NA,419.16,82,1,0,0.0093396501538266,0,0,1,0,0,662
83,85123,4000,2,"gaussian","fixed",0.000125,0.2,2.5e-05,0.1,0.01,2000,0.5,1,0,0,NA,461.323,425,1,0,0.00980142683367459,0,0,1,1,0,663
83,85123,4000,2,"gaussian","linesearch",0.000125,0.2,2.5e-05,0.1,0.01,2000,0.5,1,9,0,NA,970.133,425,1,0,0.00980142683367459,0,0,1,0,0,664
84,86123,4000,2,"gaussian","fixed",0.000125,10,0.00125,5,0.01,2000,0.5,1,0,0,NA,329.907999999999,14,0,1,NA,0,0,1,1,0,665
84,86123,4000,2,"gaussian","linesearch",0.000125,10,0.00125,5,0.01,2000,0.5,1,9,0,NA,480.078,66,1,0,0.008799085825537,3,3,0,0,0,666
84,86123,4000,2,"gaussian","fixed",0.000125,5,0.000625,2.5,0.01,2000,0.5,1,0,0,NA,337.409000000001,20,0,1,NA,0,0,1,1,0,667
84,86123,4000,2,"gaussian","linesearch",0.000125,5,0.000625,2.5,0.01,2000,0.5,1,9,0,NA,455.103000000001,66,1,0,0.008799085825537,2,2,0,0,0,668
84,86123,4000,2,"gaussian","fixed",0.000125,1,0.000125,0.5,0.01,2000,0.5,1,0,0,NA,357.876,83,1,0,0.00952273271228133,0,0,1,1,0,669
84,86123,4000,2,"gaussian","linesearch",0.000125,1,0.000125,0.5,0.01,2000,0.5,1,9,0,NA,422.799000000001,83,1,0,0.00952273271228133,0,0,1,0,0,670
84,86123,4000,2,"gaussian","fixed",0.000125,0.2,2.5e-05,0.1,0.01,2000,0.5,1,0,0,NA,465.403999999999,431,1,0,0.00982939763976432,0,0,1,1,0,671
84,86123,4000,2,"gaussian","linesearch",0.000125,0.2,2.5e-05,0.1,0.01,2000,0.5,1,9,0,NA,1119.52,431,1,0,0.00982939763976432,0,0,1,0,0,672
85,87123,4000,2,"gaussian","fixed",0.000125,10,0.00125,5,0.01,2000,0.5,1,0,0,NA,320.547,14,0,1,NA,0,0,1,1,0,673
85,87123,4000,2,"gaussian","linesearch",0.000125,10,0.00125,5,0.01,2000,0.5,1,9,0,NA,442.249,64,1,0,0.00987052741891279,3,3,0,0,0,674
85,87123,4000,2,"gaussian","fixed",0.000125,5,0.000625,2.5,0.01,2000,0.5,1,0,0,NA,332.785,19,0,1,NA,0,0,1,1,0,675
85,87123,4000,2,"gaussian","linesearch",0.000125,5,0.000625,2.5,0.01,2000,0.5,1,9,0,NA,423.824000000001,64,1,0,0.00987052741891279,2,2,0,0,0,676
85,87123,4000,2,"gaussian","fixed",0.000125,1,0.000125,0.5,0.01,2000,0.5,1,0,0,NA,344.02,81,1,0,0.00998122171722997,0,0,1,1,0,677
85,87123,4000,2,"gaussian","linesearch",0.000125,1,0.000125,0.5,0.01,2000,0.5,1,9,0,NA,404.119999999999,81,1,0,0.00998122171722997,0,0,1,0,0,678
85,87123,4000,2,"gaussian","fixed",0.000125,0.2,2.5e-05,0.1,0.01,2000,0.5,1,0,0,NA,450.598000000002,422,1,0,0.00995772951680806,0,0,1,1,0,679
85,87123,4000,2,"gaussian","linesearch",0.000125,0.2,2.5e-05,0.1,0.01,2000,0.5,1,9,0,NA,961.157999999999,422,1,0,0.00995772951680806,0,0,1,0,0,680
86,88123,4000,2,"gaussian","fixed",0.000125,10,0.00125,5,0.01,2000,0.5,1,0,0,NA,325.275,14,0,1,NA,0,0,1,1,0,681
86,88123,4000,2,"gaussian","linesearch",0.000125,10,0.00125,5,0.01,2000,0.5,1,9,0,NA,439.108,65,1,0,0.008796903287279,3,3,0,0,0,682
86,88123,4000,2,"gaussian","fixed",0.000125,5,0.000625,2.5,0.01,2000,0.5,1,0,0,NA,329.185000000001,20,0,1,NA,0,0,1,1,0,683
86,88123,4000,2,"gaussian","linesearch",0.000125,5,0.000625,2.5,0.01,2000,0.5,1,9,0,NA,422.799999999999,65,1,0,0.008796903287279,2,2,0,0,0,684
86,88123,4000,2,"gaussian","fixed",0.000125,1,0.000125,0.5,0.01,2000,0.5,1,0,0,NA,346.799999999999,82,1,0,0.00920152880951564,0,0,1,1,0,685
86,88123,4000,2,"gaussian","linesearch",0.000125,1,0.000125,0.5,0.01,2000,0.5,1,9,0,NA,404.389999999999,82,1,0,0.00920152880951564,0,0,1,0,0,686
86,88123,4000,2,"gaussian","fixed",0.000125,0.2,2.5e-05,0.1,0.01,2000,0.5,1,0,0,NA,457.911,424,1,0,0.00991767823398992,0,0,1,1,0,687
86,88123,4000,2,"gaussian","linesearch",0.000125,0.2,2.5e-05,0.1,0.01,2000,0.5,1,9,0,NA,900.555,424,1,0,0.00991767823398992,0,0,1,0,0,688
87,89123,4000,2,"gaussian","fixed",0.000125,10,0.00125,5,0.01,2000,0.5,1,0,0,NA,317.263999999999,14,0,1,Inf,0,0,1,1,0,689
87,89123,4000,2,"gaussian","linesearch",0.000125,10,0.00125,5,0.01,2000,0.5,1,9,0,NA,452.225999999999,66,1,0,0.00856694742675661,3,3,0,0,0,690
87,89123,4000,2,"gaussian","fixed",0.000125,5,0.000625,2.5,0.01,2000,0.5,1,0,0,NA,327.456999999999,19,0,1,NA,0,0,1,1,0,691
87,89123,4000,2,"gaussian","linesearch",0.000125,5,0.000625,2.5,0.01,2000,0.5,1,9,0,NA,435.517,66,1,0,0.00856694742675661,2,2,0,0,0,692
87,89123,4000,2,"gaussian","fixed",0.000125,1,0.000125,0.5,0.01,2000,0.5,1,0,0,NA,348.347,83,1,0,0.00925527314204313,0,0,1,1,0,693
87,89123,4000,2,"gaussian","linesearch",0.000125,1,0.000125,0.5,0.01,2000,0.5,1,9,0,NA,410.924999999999,83,1,0,0.00925527314204313,0,0,1,0,0,694
87,89123,4000,2,"gaussian","fixed",0.000125,0.2,2.5e-05,0.1,0.01,2000,0.5,1,0,0,NA,448.073,429,1,0,0.0099856419663568,0,0,1,1,0,695
87,89123,4000,2,"gaussian","linesearch",0.000125,0.2,2.5e-05,0.1,0.01,2000,0.5,1,9,0,NA,997.688999999998,429,1,0,0.0099856419663568,0,0,1,0,0,696
88,90123,4000,2,"gaussian","fixed",0.000125,10,0.00125,5,0.01,2000,0.5,1,0,0,NA,326.360999999999,14,0,1,NA,0,0,1,1,0,697
88,90123,4000,2,"gaussian","linesearch",0.000125,10,0.00125,5,0.01,2000,0.5,1,9,0,NA,452.243,65,1,0,0.00903017912503679,3,3,0,0,0,698
88,90123,4000,2,"gaussian","fixed",0.000125,5,0.000625,2.5,0.01,2000,0.5,1,0,0,NA,335.248,19,0,1,NA,0,0,1,1,0,699
88,90123,4000,2,"gaussian","linesearch",0.000125,5,0.000625,2.5,0.01,2000,0.5,1,9,0,NA,440.413,65,1,0,0.00903017912503679,2,2,0,0,0,700
88,90123,4000,2,"gaussian","fixed",0.000125,1,0.000125,0.5,0.01,2000,0.5,1,0,0,NA,351.817000000001,82,1,0,0.00945376955740118,0,0,1,1,0,701
88,90123,4000,2,"gaussian","linesearch",0.000125,1,0.000125,0.5,0.01,2000,0.5,1,9,0,NA,416.653,82,1,0,0.00945376955740118,0,0,1,0,0,702
88,90123,4000,2,"gaussian","fixed",0.000125,0.2,2.5e-05,0.1,0.01,2000,0.5,1,0,0,NA,462.671,425,1,0,0.0099655711795732,0,0,1,1,0,703
88,90123,4000,2,"gaussian","linesearch",0.000125,0.2,2.5e-05,0.1,0.01,2000,0.5,1,9,0,NA,948.975000000002,425,1,0,0.0099655711795732,0,0,1,0,0,704
89,91123,4000,2,"gaussian","fixed",0.000125,10,0.00125,5,0.01,2000,0.5,1,0,0,NA,324.196,14,0,1,NA,0,0,1,1,0,705
89,91123,4000,2,"gaussian","linesearch",0.000125,10,0.00125,5,0.01,2000,0.5,1,9,0,NA,453.138000000001,64,1,0,0.00903422823545467,3,3,0,0,0,706
89,91123,4000,2,"gaussian","fixed",0.000125,5,0.000625,2.5,0.01,2000,0.5,1,0,0,NA,331.816999999999,20,0,1,NA,0,0,1,1,0,707
89,91123,4000,2,"gaussian","linesearch",0.000125,5,0.000625,2.5,0.01,2000,0.5,1,9,0,NA,428.856,64,1,0,0.00903422823545467,2,2,0,0,0,708
89,91123,4000,2,"gaussian","fixed",0.000125,1,0.000125,0.5,0.01,2000,0.5,1,0,0,NA,347.179,81,1,0,0.00910462190681226,0,0,1,1,0,709
89,91123,4000,2,"gaussian","linesearch",0.000125,1,0.000125,0.5,0.01,2000,0.5,1,9,0,NA,413.052,81,1,0,0.00910462190681226,0,0,1,0,0,710
89,91123,4000,2,"gaussian","fixed",0.000125,0.2,2.5e-05,0.1,0.01,2000,0.5,1,0,0,NA,460.868,418,1,0,0.00990392281544387,0,0,1,1,0,711
89,91123,4000,2,"gaussian","linesearch",0.000125,0.2,2.5e-05,0.1,0.01,2000,0.5,1,9,0,NA,880.261,418,1,0,0.00990392281544387,0,0,1,0,0,712
90,92123,4000,2,"gaussian","fixed",0.000125,10,0.00125,5,0.01,2000,0.5,1,0,0,NA,321.796,15,0,1,NA,0,0,1,1,0,713
90,92123,4000,2,"gaussian","linesearch",0.000125,10,0.00125,5,0.01,2000,0.5,1,9,0,NA,459.737999999999,66,1,0,0.00902955524718674,3,3,0,0,0,714
90,92123,4000,2,"gaussian","fixed",0.000125,5,0.000625,2.5,0.01,2000,0.5,1,0,0,NA,324.004999999999,20,0,1,NA,0,0,1,1,0,715
90,92123,4000,2,"gaussian","linesearch",0.000125,5,0.000625,2.5,0.01,2000,0.5,1,9,0,NA,433.204000000002,66,1,0,0.00902955524718674,2,2,0,0,0,716
90,92123,4000,2,"gaussian","fixed",0.000125,1,0.000125,0.5,0.01,2000,0.5,1,0,0,NA,352.214,83,1,0,0.00976620546250984,0,0,1,1,0,717
90,92123,4000,2,"gaussian","linesearch",0.000125,1,0.000125,0.5,0.01,2000,0.5,1,9,0,NA,416.334999999999,83,1,0,0.00976620546250984,0,0,1,0,0,718
90,92123,4000,2,"gaussian","fixed",0.000125,0.2,2.5e-05,0.1,0.01,2000,0.5,1,0,0,NA,459.305,432,1,0,0.0098258112866354,0,0,1,1,0,719
90,92123,4000,2,"gaussian","linesearch",0.000125,0.2,2.5e-05,0.1,0.01,2000,0.5,1,9,0,NA,985.708000000001,432,1,0,0.0098258112866354,0,0,1,0,0,720
91,93123,4000,2,"gaussian","fixed",0.000125,10,0.00125,5,0.01,2000,0.5,1,0,0,NA,331.581,14,0,1,Inf,0,0,1,1,0,721
91,93123,4000,2,"gaussian","linesearch",0.000125,10,0.00125,5,0.01,2000,0.5,1,9,0,NA,463.756000000001,65,1,0,0.00949192273654453,3,3,0,0,0,722
91,93123,4000,2,"gaussian","fixed",0.000125,5,0.000625,2.5,0.01,2000,0.5,1,0,0,NA,332.068000000001,19,0,1,NA,0,0,1,1,0,723
91,93123,4000,2,"gaussian","linesearch",0.000125,5,0.000625,2.5,0.01,2000,0.5,1,9,0,NA,442.993,65,1,0,0.00949192273654453,2,2,0,0,0,724
91,93123,4000,2,"gaussian","fixed",0.000125,1,0.000125,0.5,0.01,2000,0.5,1,0,0,NA,354.516,82,1,0,0.00992066390377122,0,0,1,1,0,725
91,93123,4000,2,"gaussian","linesearch",0.000125,1,0.000125,0.5,0.01,2000,0.5,1,9,0,NA,435.653,82,1,0,0.00992066390377122,0,0,1,0,0,726
91,93123,4000,2,"gaussian","fixed",0.000125,0.2,2.5e-05,0.1,0.01,2000,0.5,1,0,0,NA,471.815999999999,427,1,0,0.00992469155890952,0,0,1,1,0,727
91,93123,4000,2,"gaussian","linesearch",0.000125,0.2,2.5e-05,0.1,0.01,2000,0.5,1,9,0,NA,947.724,427,1,0,0.00992469155890952,0,0,1,0,0,728
92,94123,4000,2,"gaussian","fixed",0.000125,10,0.00125,5,0.01,2000,0.5,1,0,0,NA,327.249,14,0,1,Inf,0,0,1,1,0,729
92,94123,4000,2,"gaussian","linesearch",0.000125,10,0.00125,5,0.01,2000,0.5,1,9,0,NA,457.227000000001,64,1,0,0.0092568908934825,3,3,0,0,0,730
92,94123,4000,2,"gaussian","fixed",0.000125,5,0.000625,2.5,0.01,2000,0.5,1,0,0,NA,325.989,19,0,1,NA,0,0,1,1,0,731
92,94123,4000,2,"gaussian","linesearch",0.000125,5,0.000625,2.5,0.01,2000,0.5,1,9,0,NA,434.764000000001,64,1,0,0.0092568908934825,2,2,0,0,0,732
92,94123,4000,2,"gaussian","fixed",0.000125,1,0.000125,0.5,0.01,2000,0.5,1,0,0,NA,345.354000000001,81,1,0,0.0093632861887081,0,0,1,1,0,733
92,94123,4000,2,"gaussian","linesearch",0.000125,1,0.000125,0.5,0.01,2000,0.5,1,9,0,NA,412.535,81,1,0,0.0093632861887081,0,0,1,0,0,734
92,94123,4000,2,"gaussian","fixed",0.000125,0.2,2.5e-05,0.1,0.01,2000,0.5,1,0,0,NA,461.902,420,1,0,0.00981574273207697,0,0,1,1,0,735
92,94123,4000,2,"gaussian","linesearch",0.000125,0.2,2.5e-05,0.1,0.01,2000,0.5,1,9,0,NA,905.679,420,1,0,0.00981574273207697,0,0,1,0,0,736
93,95123,4000,2,"gaussian","fixed",0.000125,10,0.00125,5,0.01,2000,0.5,1,0,0,NA,323.976000000001,14,0,1,NA,0,0,1,1,0,737
93,95123,4000,2,"gaussian","linesearch",0.000125,10,0.00125,5,0.01,2000,0.5,1,9,0,NA,463.753000000001,65,1,0,0.00976437485457501,3,3,0,0,0,738
93,95123,4000,2,"gaussian","fixed",0.000125,5,0.000625,2.5,0.01,2000,0.5,1,0,0,NA,325.742,19,0,1,NA,0,0,1,1,0,739
93,95123,4000,2,"gaussian","linesearch",0.000125,5,0.000625,2.5,0.01,2000,0.5,1,9,0,NA,434.406000000001,65,1,0,0.00976437485457501,2,2,0,0,0,740
93,95123,4000,2,"gaussian","fixed",0.000125,1,0.000125,0.5,0.01,2000,0.5,1,0,0,NA,343.869000000001,83,1,0,0.0089857293061907,0,0,1,1,0,741
93,95123,4000,2,"gaussian","linesearch",0.000125,1,0.000125,0.5,0.01,2000,0.5,1,9,0,NA,419.847,83,1,0,0.0089857293061907,0,0,1,0,0,742
93,95123,4000,2,"gaussian","fixed",0.000125,0.2,2.5e-05,0.1,0.01,2000,0.5,1,0,0,NA,455.799000000001,428,1,0,0.00993665128578483,0,0,1,1,0,743
93,95123,4000,2,"gaussian","linesearch",0.000125,0.2,2.5e-05,0.1,0.01,2000,0.5,1,9,0,NA,967.369999999999,428,1,0,0.00993665128578483,0,0,1,0,0,744
94,96123,4000,2,"gaussian","fixed",0.000125,10,0.00125,5,0.01,2000,0.5,1,0,0,NA,328.444,14,0,1,NA,0,0,1,1,0,745
94,96123,4000,2,"gaussian","linesearch",0.000125,10,0.00125,5,0.01,2000,0.5,1,9,0,NA,467.589,65,1,0,0.00989247988322439,3,3,0,0,0,746
94,96123,4000,2,"gaussian","fixed",0.000125,5,0.000625,2.5,0.01,2000,0.5,1,0,0,NA,332.418,19,0,1,NA,0,0,1,1,0,747
94,96123,4000,2,"gaussian","linesearch",0.000125,5,0.000625,2.5,0.01,2000,0.5,1,9,0,NA,440.130999999999,65,1,0,0.00989247988322439,2,2,0,0,0,748
94,96123,4000,2,"gaussian","fixed",0.000125,1,0.000125,0.5,0.01,2000,0.5,1,0,0,NA,348.502999999999,83,1,0,0.00910598376892313,0,0,1,1,0,749
94,96123,4000,2,"gaussian","linesearch",0.000125,1,0.000125,0.5,0.01,2000,0.5,1,9,0,NA,429.597,83,1,0,0.00910598376892313,0,0,1,0,0,750
94,96123,4000,2,"gaussian","fixed",0.000125,0.2,2.5e-05,0.1,0.01,2000,0.5,1,0,0,NA,457.221000000001,429,1,0,0.00984930433861764,0,0,1,1,0,751
94,96123,4000,2,"gaussian","linesearch",0.000125,0.2,2.5e-05,0.1,0.01,2000,0.5,1,9,0,NA,1030.583,429,1,0,0.00984930433861764,0,0,1,0,0,752
95,97123,4000,2,"gaussian","fixed",0.000125,10,0.00125,5,0.01,2000,0.5,1,0,0,NA,328.019,14,0,1,NA,0,0,1,1,0,753
95,97123,4000,2,"gaussian","linesearch",0.000125,10,0.00125,5,0.01,2000,0.5,1,9,0,NA,454.634999999998,64,1,0,0.00987128657561982,3,3,0,0,0,754
95,97123,4000,2,"gaussian","fixed",0.000125,5,0.000625,2.5,0.01,2000,0.5,1,0,0,NA,332.710000000001,20,0,1,NA,0,0,1,1,0,755
95,97123,4000,2,"gaussian","linesearch",0.000125,5,0.000625,2.5,0.01,2000,0.5,1,9,0,NA,436.17,64,1,0,0.00987128657561982,2,2,0,0,0,756
95,97123,4000,2,"gaussian","fixed",0.000125,1,0.000125,0.5,0.01,2000,0.5,1,0,0,NA,355.651,81,1,0,0.0099678929158972,0,0,1,1,0,757
95,97123,4000,2,"gaussian","linesearch",0.000125,1,0.000125,0.5,0.01,2000,0.5,1,9,0,NA,422.460999999999,81,1,0,0.0099678929158972,0,0,1,0,0,758
95,97123,4000,2,"gaussian","fixed",0.000125,0.2,2.5e-05,0.1,0.01,2000,0.5,1,0,0,NA,470.295,422,1,0,0.00990646591473338,0,0,1,1,0,759
95,97123,4000,2,"gaussian","linesearch",0.000125,0.2,2.5e-05,0.1,0.01,2000,0.5,1,9,0,NA,926.401999999998,422,1,0,0.00990646591473338,0,0,1,0,0,760
96,98123,4000,2,"gaussian","fixed",0.000125,10,0.00125,5,0.01,2000,0.5,1,0,0,NA,331.383,14,0,1,NA,0,0,1,1,0,761
96,98123,4000,2,"gaussian","linesearch",0.000125,10,0.00125,5,0.01,2000,0.5,1,9,0,NA,451.26,65,1,0,0.00882934391684079,3,3,0,0,0,762
96,98123,4000,2,"gaussian","fixed",0.000125,5,0.000625,2.5,0.01,2000,0.5,1,0,0,NA,334.731,20,0,1,NA,0,0,1,1,0,763
96,98123,4000,2,"gaussian","linesearch",0.000125,5,0.000625,2.5,0.01,2000,0.5,1,9,0,NA,439.422999999999,65,1,0,0.00882934391684079,2,2,0,0,0,764
96,98123,4000,2,"gaussian","fixed",0.000125,1,0.000125,0.5,0.01,2000,0.5,1,0,0,NA,351.389999999999,82,1,0,0.00921372317524882,0,0,1,1,0,765
96,98123,4000,2,"gaussian","linesearch",0.000125,1,0.000125,0.5,0.01,2000,0.5,1,9,0,NA,421.123,82,1,0,0.00921372317524882,0,0,1,0,0,766
96,98123,4000,2,"gaussian","fixed",0.000125,0.2,2.5e-05,0.1,0.01,2000,0.5,1,0,0,NA,467.035,424,1,0,0.0098685487753653,0,0,1,1,0,767
96,98123,4000,2,"gaussian","linesearch",0.000125,0.2,2.5e-05,0.1,0.01,2000,0.5,1,9,0,NA,848.666000000001,424,1,0,0.0098685487753653,0,0,1,0,0,768
97,99123,4000,2,"gaussian","fixed",0.000125,10,0.00125,5,0.01,2000,0.5,1,0,0,NA,321.342000000001,14,0,1,NA,0,0,1,1,0,769
97,99123,4000,2,"gaussian","linesearch",0.000125,10,0.00125,5,0.01,2000,0.5,1,9,0,NA,462.587,65,1,0,0.00918807113094244,3,3,0,0,0,770
97,99123,4000,2,"gaussian","fixed",0.000125,5,0.000625,2.5,0.01,2000,0.5,1,0,0,NA,327.347,20,0,1,NA,0,0,1,1,0,771
97,99123,4000,2,"gaussian","linesearch",0.000125,5,0.000625,2.5,0.01,2000,0.5,1,9,0,NA,453.777,65,1,0,0.00918807113094244,2,2,0,0,0,772
97,99123,4000,2,"gaussian","fixed",0.000125,1,0.000125,0.5,0.01,2000,0.5,1,0,0,NA,348.07,82,1,0,0.00958612386482283,0,0,1,1,0,773
97,99123,4000,2,"gaussian","linesearch",0.000125,1,0.000125,0.5,0.01,2000,0.5,1,9,0,NA,442.929999999998,82,1,0,0.00958612386482283,0,0,1,0,0,774
97,99123,4000,2,"gaussian","fixed",0.000125,0.2,2.5e-05,0.1,0.01,2000,0.5,1,0,0,NA,458.147000000001,426,1,0,0.00977917217057034,0,0,1,1,0,775
97,99123,4000,2,"gaussian","linesearch",0.000125,0.2,2.5e-05,0.1,0.01,2000,0.5,1,9,0,NA,989.114000000001,426,1,0,0.00977917217057034,0,0,1,0,0,776
98,100123,4000,2,"gaussian","fixed",0.000125,10,0.00125,5,0.01,2000,0.5,1,0,0,NA,323.571,14,0,1,NA,0,0,1,1,0,777
98,100123,4000,2,"gaussian","linesearch",0.000125,10,0.00125,5,0.01,2000,0.5,1,9,0,NA,457.305,65,1,0,0.00903393603831537,3,3,0,0,0,778
98,100123,4000,2,"gaussian","fixed",0.000125,5,0.000625,2.5,0.01,2000,0.5,1,0,0,NA,332.529,19,0,1,NA,0,0,1,1,0,779
98,100123,4000,2,"gaussian","linesearch",0.000125,5,0.000625,2.5,0.01,2000,0.5,1,9,0,NA,441.337,65,1,0,0.00903393603831537,2,2,0,0,0,780
98,100123,4000,2,"gaussian","fixed",0.000125,1,0.000125,0.5,0.01,2000,0.5,1,0,0,NA,342.825000000001,82,1,0,0.00945356396611108,0,0,1,1,0,781
98,100123,4000,2,"gaussian","linesearch",0.000125,1,0.000125,0.5,0.01,2000,0.5,1,9,0,NA,417.286,82,1,0,0.00945356396611108,0,0,1,0,0,782
98,100123,4000,2,"gaussian","fixed",0.000125,0.2,2.5e-05,0.1,0.01,2000,0.5,1,0,0,NA,461.993,425,1,0,0.00995371461253214,0,0,1,1,0,783
98,100123,4000,2,"gaussian","linesearch",0.000125,0.2,2.5e-05,0.1,0.01,2000,0.5,1,9,0,NA,896.099999999999,425,1,0,0.00995371461253214,0,0,1,0,0,784
99,101123,4000,2,"gaussian","fixed",0.000125,10,0.00125,5,0.01,2000,0.5,1,0,0,NA,332.313,14,0,1,NA,0,0,1,1,0,785
99,101123,4000,2,"gaussian","linesearch",0.000125,10,0.00125,5,0.01,2000,0.5,1,9,0,NA,452.942000000001,63,1,0,0.00997636807244223,3,3,0,0,0,786
99,101123,4000,2,"gaussian","fixed",0.000125,5,0.000625,2.5,0.01,2000,0.5,1,0,0,NA,337.4,19,0,1,NA,0,0,1,1,0,787
99,101123,4000,2,"gaussian","linesearch",0.000125,5,0.000625,2.5,0.01,2000,0.5,1,9,0,NA,432.588,63,1,0,0.00997636807244223,2,2,0,0,0,788
99,101123,4000,2,"gaussian","fixed",0.000125,1,0.000125,0.5,0.01,2000,0.5,1,0,0,NA,352.697,80,1,0,0.00973289626392461,0,0,1,1,0,789
99,101123,4000,2,"gaussian","linesearch",0.000125,1,0.000125,0.5,0.01,2000,0.5,1,9,0,NA,419.554,80,1,0,0.00973289626392461,0,0,1,0,0,790
99,101123,4000,2,"gaussian","fixed",0.000125,0.2,2.5e-05,0.1,0.01,2000,0.5,1,0,0,NA,469.927000000001,416,1,0,0.00984581844833498,0,0,1,1,0,791
99,101123,4000,2,"gaussian","linesearch",0.000125,0.2,2.5e-05,0.1,0.01,2000,0.5,1,9,0,NA,835.852999999999,416,1,0,0.00984581844833498,0,0,1,0,0,792
100,102123,4000,2,"gaussian","fixed",0.000125,10,0.00125,5,0.01,2000,0.5,1,0,0,NA,332.304,14,0,1,NA,0,0,1,1,0,793
100,102123,4000,2,"gaussian","linesearch",0.000125,10,0.00125,5,0.01,2000,0.5,1,9,0,NA,460.133,65,1,0,0.00906566427875469,3,3,0,0,0,794
100,102123,4000,2,"gaussian","fixed",0.000125,5,0.000625,2.5,0.01,2000,0.5,1,0,0,NA,334.293,19,0,1,NA,0,0,1,1,0,795
100,102123,4000,2,"gaussian","linesearch",0.000125,5,0.000625,2.5,0.01,2000,0.5,1,9,0,NA,441.93,65,1,0,0.00906566427875469,2,2,0,0,0,796
100,102123,4000,2,"gaussian","fixed",0.000125,1,0.000125,0.5,0.01,2000,0.5,1,0,0,NA,356.637000000001,82,1,0,0.00945236997168797,0,0,1,1,0,797
100,102123,4000,2,"gaussian","linesearch",0.000125,1,0.000125,0.5,0.01,2000,0.5,1,9,0,NA,437.130999999999,82,1,0,0.00945236997168797,0,0,1,0,0,798
100,102123,4000,2,"gaussian","fixed",0.000125,0.2,2.5e-05,0.1,0.01,2000,0.5,1,0,0,NA,472.166999999999,425,1,0,0.0098617085899122,0,0,1,1,0,799
100,102123,4000,2,"gaussian","linesearch",0.000125,0.2,2.5e-05,0.1,0.01,2000,0.5,1,9,0,NA,794.485000000002,425,1,0,0.0098617085899122,0,0,1,0,0,800
