"rep","seed","n","k","family","method","eta0","eta_mult","eta_init","eta_times_n","eps_grad","max_gd_steps","beta_ls","c_ls","Rprime","error","error_message","elapsed_sec","num_of_steps","converged","exploded","score_Y_max_abs","bt_mean","bt_max","bt_frac0","bt_frac_hit_cap","ls_fail_frac","record_id"
1,3123,1000,2,"bernoulli","fixed",0.000800000000000022,10,0.00800000000000022,8.00000000000022,0.01,2000,0.5,1,0,0,NA,74.45,2000,0,0,469.66204736925,0,0,1,1,0,1
1,3123,1000,2,"bernoulli","linesearch",0.000800000000000022,10,0.00800000000000022,8.00000000000022,0.01,2000,0.5,1,7,0,NA,225.667,432,1,0,0.0099890406677455,4,4,0,0,0,2
1,3123,1000,2,"bernoulli","fixed",0.000800000000000022,5,0.00400000000000011,4.00000000000011,0.01,2000,0.5,1,0,0,NA,5.988,61,1,0,0.00942268203558694,0,0,1,1,0,3
1,3123,1000,2,"bernoulli","linesearch",0.000800000000000022,5,0.00400000000000011,4.00000000000011,0.01,2000,0.5,1,7,0,NA,201.875,432,1,0,0.0099890406677455,3,3,0,0,0,4
1,3123,1000,2,"bernoulli","fixed",0.000800000000000022,1,0.000800000000000022,0.800000000000022,0.01,2000,0.5,1,0,0,NA,11.41,269,1,0,0.00998982950364492,0,0,1,1,0,5
1,3123,1000,2,"bernoulli","linesearch",0.000800000000000022,1,0.000800000000000022,0.800000000000022,0.01,2000,0.5,1,7,0,NA,73.176,269,1,0,0.00998982950364492,0,0,1,0,0,6
1,3123,1000,2,"bernoulli","fixed",0.000800000000000022,0.2,0.000160000000000004,0.160000000000004,0.01,2000,0.5,1,0,0,NA,39.4829999999999,1356,1,0,0.00996945640060404,0,0,1,1,0,7
1,3123,1000,2,"bernoulli","linesearch",0.000800000000000022,0.2,0.000160000000000004,0.160000000000004,0.01,2000,0.5,1,7,0,NA,350.857,1356,1,0,0.00996945640060404,0,0,1,0,0,8
2,4123,1000,2,"bernoulli","fixed",0.000800000000000001,10,0.00800000000000001,8.00000000000001,0.01,2000,0.5,1,0,0,NA,77.256,2000,0,0,468.455600521381,0,0,1,1,0,9
2,4123,1000,2,"bernoulli","linesearch",0.000800000000000001,10,0.00800000000000001,8.00000000000001,0.01,2000,0.5,1,7,0,NA,218.925,420,1,0,0.00986080969423547,4,4,0,0,0,10
2,4123,1000,2,"bernoulli","fixed",0.000800000000000001,5,0.004,4,0.01,2000,0.5,1,0,0,NA,5.78699999999998,59,1,0,0.00944689165396656,0,0,1,1,0,11
2,4123,1000,2,"bernoulli","linesearch",0.000800000000000001,5,0.004,4,0.01,2000,0.5,1,7,0,NA,192.617,420,1,0,0.00986080969423547,3,3,0,0,0,12
2,4123,1000,2,"bernoulli","fixed",0.000800000000000001,1,0.000800000000000001,0.800000000000001,0.01,2000,0.5,1,0,0,NA,11.058,261,1,0,0.00999559566840535,0,0,1,1,0,13
2,4123,1000,2,"bernoulli","linesearch",0.000800000000000001,1,0.000800000000000001,0.800000000000001,0.01,2000,0.5,1,7,0,NA,67.823,261,1,0,0.00999559566840535,0,0,1,0,0,14
2,4123,1000,2,"bernoulli","fixed",0.000800000000000001,0.2,0.00016,0.16,0.01,2000,0.5,1,0,0,NA,38.408,1316,1,0,0.00997301661024139,0,0,1,1,0,15
2,4123,1000,2,"bernoulli","linesearch",0.000800000000000001,0.2,0.00016,0.16,0.01,2000,0.5,1,7,0,NA,324.618,1316,1,0,0.00997301661024139,0,0,1,0,0,16
3,5123,1000,2,"bernoulli","fixed",0.000800000000000009,10,0.00800000000000009,8.00000000000009,0.01,2000,0.5,1,0,0,NA,77.379,2000,0,0,478.085626011146,0,0,1,1,0,17
3,5123,1000,2,"bernoulli","linesearch",0.000800000000000009,10,0.00800000000000009,8.00000000000009,0.01,2000,0.5,1,7,0,NA,210.632,404,1,0,0.00991945163299149,4,4,0,0,0,18
3,5123,1000,2,"bernoulli","fixed",0.000800000000000009,5,0.00400000000000005,4.00000000000005,0.01,2000,0.5,1,0,0,NA,5.97000000000003,60,1,0,0.00946081170430246,0,0,1,1,0,19
3,5123,1000,2,"bernoulli","linesearch",0.000800000000000009,5,0.00400000000000005,4.00000000000005,0.01,2000,0.5,1,7,0,NA,188.75,404,1,0,0.00991945163299149,3,3,0,0,0,20
3,5123,1000,2,"bernoulli","fixed",0.000800000000000009,1,0.000800000000000009,0.800000000000009,0.01,2000,0.5,1,0,0,NA,10.943,252,1,0,0.0098140047637727,0,0,1,1,0,21
3,5123,1000,2,"bernoulli","linesearch",0.000800000000000009,1,0.000800000000000009,0.800000000000009,0.01,2000,0.5,1,7,0,NA,67.817,252,1,0,0.0098140047637727,0,0,1,0,0,22
3,5123,1000,2,"bernoulli","fixed",0.000800000000000009,0.2,0.000160000000000002,0.160000000000002,0.01,2000,0.5,1,0,0,NA,37.6890000000001,1267,1,0,0.00995149592609368,0,0,1,1,0,23
3,5123,1000,2,"bernoulli","linesearch",0.000800000000000009,0.2,0.000160000000000002,0.160000000000002,0.01,2000,0.5,1,7,0,NA,312.293,1267,1,0,0.00995149592609368,0,0,1,0,0,24
4,6123,1000,2,"bernoulli","fixed",0.000800000000000005,10,0.00800000000000005,8.00000000000005,0.01,2000,0.5,1,0,0,NA,75.701,2000,0,0,478.79535279984,0,0,1,1,0,25
4,6123,1000,2,"bernoulli","linesearch",0.000800000000000005,10,0.00800000000000005,8.00000000000005,0.01,2000,0.5,1,7,0,NA,201.502,394,1,0,0.00988781259000268,4,4,0,0,0,26
4,6123,1000,2,"bernoulli","fixed",0.000800000000000005,5,0.00400000000000002,4.00000000000002,0.01,2000,0.5,1,0,0,NA,5.89600000000002,61,1,0,0.00942400141645183,0,0,1,1,0,27
4,6123,1000,2,"bernoulli","linesearch",0.000800000000000005,5,0.00400000000000002,4.00000000000002,0.01,2000,0.5,1,7,0,NA,174.219,394,1,0,0.00988781259000268,3,3,0,0,0,28
4,6123,1000,2,"bernoulli","fixed",0.000800000000000005,1,0.000800000000000005,0.800000000000005,0.01,2000,0.5,1,0,0,NA,10.344,245,1,0,0.00997483503232127,0,0,1,1,0,29
4,6123,1000,2,"bernoulli","linesearch",0.000800000000000005,1,0.000800000000000005,0.800000000000005,0.01,2000,0.5,1,7,0,NA,60.345,245,1,0,0.00997483503232127,0,0,1,0,0,30
4,6123,1000,2,"bernoulli","fixed",0.000800000000000005,0.2,0.000160000000000001,0.160000000000001,0.01,2000,0.5,1,0,0,NA,34.8729999999999,1235,1,0,0.00996851355839071,0,0,1,1,0,31
4,6123,1000,2,"bernoulli","linesearch",0.000800000000000005,0.2,0.000160000000000001,0.160000000000001,0.01,2000,0.5,1,7,0,NA,286.071,1235,1,0,0.00996851355839071,0,0,1,0,0,32
5,7123,1000,2,"bernoulli","fixed",0.000800000000000001,10,0.00800000000000001,8.00000000000001,0.01,2000,0.5,1,0,0,NA,77.233,2000,0,0,462.060313258993,0,0,1,1,0,33
5,7123,1000,2,"bernoulli","linesearch",0.000800000000000001,10,0.00800000000000001,8.00000000000001,0.01,2000,0.5,1,7,0,NA,230.854,444,1,0,0.00992376592889174,4,4,0,0,0,34
5,7123,1000,2,"bernoulli","fixed",0.000800000000000001,5,0.004,4,0.01,2000,0.5,1,0,0,NA,5.923,63,1,0,0.00970497807924026,0,0,1,1,0,35
5,7123,1000,2,"bernoulli","linesearch",0.000800000000000001,5,0.004,4,0.01,2000,0.5,1,7,0,NA,204.839,444,1,0,0.00992376592889174,3,3,0,0,0,36
5,7123,1000,2,"bernoulli","fixed",0.000800000000000001,1,0.000800000000000001,0.800000000000001,0.01,2000,0.5,1,0,0,NA,11.385,277,1,0,0.00980913519785834,0,0,1,1,0,37
5,7123,1000,2,"bernoulli","linesearch",0.000800000000000001,1,0.000800000000000001,0.800000000000001,0.01,2000,0.5,1,7,0,NA,71.1800000000001,277,1,0,0.00980913519785834,0,0,1,0,0,38
5,7123,1000,2,"bernoulli","fixed",0.000800000000000001,0.2,0.00016,0.16,0.01,2000,0.5,1,0,0,NA,40.3140000000001,1392,1,0,0.00997011017675972,0,0,1,1,0,39
5,7123,1000,2,"bernoulli","linesearch",0.000800000000000001,0.2,0.00016,0.16,0.01,2000,0.5,1,7,0,NA,332.941,1392,1,0,0.00997011017675972,0,0,1,0,0,40
6,8123,1000,2,"bernoulli","fixed",0.000800000000000033,10,0.00800000000000033,8.00000000000033,0.01,2000,0.5,1,0,0,NA,77.422,2000,0,0,473.029873433646,0,0,1,1,0,41
6,8123,1000,2,"bernoulli","linesearch",0.000800000000000033,10,0.00800000000000033,8.00000000000033,0.01,2000,0.5,1,7,0,NA,207.982,401,1,0,0.00992592567979819,4,4,0,0,0,42
6,8123,1000,2,"bernoulli","fixed",0.000800000000000033,5,0.00400000000000017,4.00000000000017,0.01,2000,0.5,1,0,0,NA,5.91500000000002,61,1,0,0.00975352853734746,0,0,1,1,0,43
6,8123,1000,2,"bernoulli","linesearch",0.000800000000000033,5,0.00400000000000017,4.00000000000017,0.01,2000,0.5,1,7,0,NA,178.542,401,1,0,0.00992592567979819,3,3,0,0,0,44
6,8123,1000,2,"bernoulli","fixed",0.000800000000000033,1,0.000800000000000033,0.800000000000033,0.01,2000,0.5,1,0,0,NA,10.507,250,1,0,0.00984061830078919,0,0,1,1,0,45
6,8123,1000,2,"bernoulli","linesearch",0.000800000000000033,1,0.000800000000000033,0.800000000000033,0.01,2000,0.5,1,7,0,NA,61.367,250,1,0,0.00984061830078919,0,0,1,0,0,46
6,8123,1000,2,"bernoulli","fixed",0.000800000000000033,0.2,0.000160000000000007,0.160000000000007,0.01,2000,0.5,1,0,0,NA,36.569,1258,1,0,0.00994968697848858,0,0,1,1,0,47
6,8123,1000,2,"bernoulli","linesearch",0.000800000000000033,0.2,0.000160000000000007,0.160000000000007,0.01,2000,0.5,1,7,0,NA,294.059,1258,1,0,0.00994968697848858,0,0,1,0,0,48
7,9123,1000,2,"bernoulli","fixed",0.000800000000000001,10,0.00800000000000001,8.00000000000001,0.01,2000,0.5,1,0,0,NA,74.149,2000,0,0,463.572367326105,0,0,1,1,0,49
7,9123,1000,2,"bernoulli","linesearch",0.000800000000000001,10,0.00800000000000001,8.00000000000001,0.01,2000,0.5,1,7,0,NA,221.877,430,1,0,0.00984917289341536,4,4,0,0,0,50
7,9123,1000,2,"bernoulli","fixed",0.000800000000000001,5,0.00400000000000001,4.00000000000001,0.01,2000,0.5,1,0,0,NA,5.904,60,1,0,0.00978267022618601,0,0,1,1,0,51
7,9123,1000,2,"bernoulli","linesearch",0.000800000000000001,5,0.00400000000000001,4.00000000000001,0.01,2000,0.5,1,7,0,NA,197.499,430,1,0,0.00984917289341536,3,3,0,0,0,52
7,9123,1000,2,"bernoulli","fixed",0.000800000000000001,1,0.000800000000000001,0.800000000000001,0.01,2000,0.5,1,0,0,NA,10.968,268,1,0,0.00979461600105338,0,0,1,1,0,53
7,9123,1000,2,"bernoulli","linesearch",0.000800000000000001,1,0.000800000000000001,0.800000000000001,0.01,2000,0.5,1,7,0,NA,70.047,268,1,0,0.00979461600105338,0,0,1,0,0,54
7,9123,1000,2,"bernoulli","fixed",0.000800000000000001,0.2,0.00016,0.16,0.01,2000,0.5,1,0,0,NA,37.8770000000001,1347,1,0,0.00996027079056636,0,0,1,1,0,55
7,9123,1000,2,"bernoulli","linesearch",0.000800000000000001,0.2,0.00016,0.16,0.01,2000,0.5,1,7,0,NA,331.686,1347,1,0,0.00996027079056636,0,0,1,0,0,56
8,10123,1000,2,"bernoulli","fixed",8e-04,10,0.008,8,0.01,2000,0.5,1,0,0,NA,75.517,2000,0,0,463.174610929802,0,0,1,1,0,57
8,10123,1000,2,"bernoulli","linesearch",8e-04,10,0.008,8,0.01,2000,0.5,1,7,0,NA,203.849,390,1,0,0.00990182161908632,4,4,0,0,0,58
8,10123,1000,2,"bernoulli","fixed",8e-04,5,0.004,4,0.01,2000,0.5,1,0,0,NA,5.839,60,1,0,0.00936033019634852,0,0,1,1,0,59
8,10123,1000,2,"bernoulli","linesearch",8e-04,5,0.004,4,0.01,2000,0.5,1,7,0,NA,179.192,390,1,0,0.00990182161908632,3,3,0,0,0,60
8,10123,1000,2,"bernoulli","fixed",8e-04,1,8e-04,0.8,0.01,2000,0.5,1,0,0,NA,10.539,243,1,0,0.00986736710504968,0,0,1,1,0,61
8,10123,1000,2,"bernoulli","linesearch",8e-04,1,8e-04,0.8,0.01,2000,0.5,1,7,0,NA,62.42,243,1,0,0.00986736710504968,0,0,1,0,0,62
8,10123,1000,2,"bernoulli","fixed",8e-04,0.2,0.00016,0.16,0.01,2000,0.5,1,0,0,NA,35.4309999999999,1222,1,0,0.00999208663867618,0,0,1,1,0,63
8,10123,1000,2,"bernoulli","linesearch",8e-04,0.2,0.00016,0.16,0.01,2000,0.5,1,7,0,NA,292.109,1222,1,0,0.00999208663867618,0,0,1,0,0,64
9,11123,1000,2,"bernoulli","fixed",0.000800000000000046,10,0.00800000000000047,8.00000000000047,0.01,2000,0.5,1,0,0,NA,74.79,2000,0,0,478.528028024945,0,0,1,1,0,65
9,11123,1000,2,"bernoulli","linesearch",0.000800000000000046,10,0.00800000000000047,8.00000000000047,0.01,2000,0.5,1,7,0,NA,188.914,363,1,0,0.0098372497553175,4,4,0,0,0,66
9,11123,1000,2,"bernoulli","fixed",0.000800000000000046,5,0.00400000000000023,4.00000000000023,0.01,2000,0.5,1,0,0,NA,5.822,61,1,0,0.00957802865160973,0,0,1,1,0,67
9,11123,1000,2,"bernoulli","linesearch",0.000800000000000046,5,0.00400000000000023,4.00000000000023,0.01,2000,0.5,1,7,0,NA,163.275,363,1,0,0.0098372497553175,3,3,0,0,0,68
9,11123,1000,2,"bernoulli","fixed",0.000800000000000046,1,0.000800000000000046,0.800000000000046,0.01,2000,0.5,1,0,0,NA,9.99299999999999,226,1,0,0.00983556908702507,0,0,1,1,0,69
9,11123,1000,2,"bernoulli","linesearch",0.000800000000000046,1,0.000800000000000046,0.800000000000046,0.01,2000,0.5,1,7,0,NA,56.212,226,1,0,0.00983556908702507,0,0,1,0,0,70
9,11123,1000,2,"bernoulli","fixed",0.000800000000000046,0.2,0.000160000000000009,0.160000000000009,0.01,2000,0.5,1,0,0,NA,33.609,1137,1,0,0.00997016423738686,0,0,1,1,0,71
9,11123,1000,2,"bernoulli","linesearch",0.000800000000000046,0.2,0.000160000000000009,0.160000000000009,0.01,2000,0.5,1,7,0,NA,265.729,1137,1,0,0.00997016423738686,0,0,1,0,0,72
10,12123,1000,2,"bernoulli","fixed",0.000800000000000201,10,0.00800000000000201,8.00000000000201,0.01,2000,0.5,1,0,0,NA,77.066,2000,0,0,463.192962073004,0,0,1,1,0,73
10,12123,1000,2,"bernoulli","linesearch",0.000800000000000201,10,0.00800000000000201,8.00000000000201,0.01,2000,0.5,1,7,0,NA,202.23,389,1,0,0.00988337287833171,4,4,0,0,0,74
10,12123,1000,2,"bernoulli","fixed",0.000800000000000201,5,0.004000000000001,4.000000000001,0.01,2000,0.5,1,0,0,NA,5.98400000000004,60,1,0,0.00940114912234497,0,0,1,1,0,75
10,12123,1000,2,"bernoulli","linesearch",0.000800000000000201,5,0.004000000000001,4.000000000001,0.01,2000,0.5,1,7,0,NA,180.552,389,1,0,0.00988337287833171,3,3,0,0,0,76
10,12123,1000,2,"bernoulli","fixed",0.000800000000000201,1,0.000800000000000201,0.800000000000201,0.01,2000,0.5,1,0,0,NA,10.688,242,1,0,0.00994033210538514,0,0,1,1,0,77
10,12123,1000,2,"bernoulli","linesearch",0.000800000000000201,1,0.000800000000000201,0.800000000000201,0.01,2000,0.5,1,7,0,NA,63.382,242,1,0,0.00994033210538514,0,0,1,0,0,78
10,12123,1000,2,"bernoulli","fixed",0.000800000000000201,0.2,0.00016000000000004,0.16000000000004,0.01,2000,0.5,1,0,0,NA,36.045,1219,1,0,0.00998149411970764,0,0,1,1,0,79
10,12123,1000,2,"bernoulli","linesearch",0.000800000000000201,0.2,0.00016000000000004,0.16000000000004,0.01,2000,0.5,1,7,0,NA,298.516,1219,1,0,0.00998149411970764,0,0,1,0,0,80
11,13123,1000,2,"bernoulli","fixed",0.000800000000000005,10,0.00800000000000005,8.00000000000004,0.01,2000,0.5,1,0,0,NA,75.223,2000,0,0,496.362367728584,0,0,1,1,0,81
11,13123,1000,2,"bernoulli","linesearch",0.000800000000000005,10,0.00800000000000005,8.00000000000004,0.01,2000,0.5,1,7,0,NA,216.175,414,1,0,0.00997034304757083,4,4,0,0,0,82
11,13123,1000,2,"bernoulli","fixed",0.000800000000000005,5,0.00400000000000002,4.00000000000002,0.01,2000,0.5,1,0,0,NA,5.935,60,1,0,0.00982884400570372,0,0,1,1,0,83
11,13123,1000,2,"bernoulli","linesearch",0.000800000000000005,5,0.00400000000000002,4.00000000000002,0.01,2000,0.5,1,7,0,NA,188.083,414,1,0,0.00997034304757083,3,3,0,0,0,84
11,13123,1000,2,"bernoulli","fixed",0.000800000000000005,1,0.000800000000000005,0.800000000000005,0.01,2000,0.5,1,0,0,NA,10.766,258,1,0,0.00991699198128454,0,0,1,1,0,85
11,13123,1000,2,"bernoulli","linesearch",0.000800000000000005,1,0.000800000000000005,0.800000000000005,0.01,2000,0.5,1,7,0,NA,65.97,258,1,0,0.00991699198128454,0,0,1,0,0,86
11,13123,1000,2,"bernoulli","fixed",0.000800000000000005,0.2,0.000160000000000001,0.160000000000001,0.01,2000,0.5,1,0,0,NA,37.011,1299,1,0,0.00997643115802221,0,0,1,1,0,87
11,13123,1000,2,"bernoulli","linesearch",0.000800000000000005,0.2,0.000160000000000001,0.160000000000001,0.01,2000,0.5,1,7,0,NA,314.396,1299,1,0,0.00997643115802221,0,0,1,0,0,88
12,14123,1000,2,"bernoulli","fixed",0.000800000000000121,10,0.00800000000000121,8.00000000000122,0.01,2000,0.5,1,0,0,NA,76.997,2000,0,0,460.98873037259,0,0,1,1,0,89
12,14123,1000,2,"bernoulli","linesearch",0.000800000000000121,10,0.00800000000000121,8.00000000000122,0.01,2000,0.5,1,7,0,NA,207.754,402,1,0,0.00991553259140743,4,4,0,0,0,90
12,14123,1000,2,"bernoulli","fixed",0.000800000000000121,5,0.00400000000000061,4.00000000000061,0.01,2000,0.5,1,0,0,NA,5.916,61,1,0,0.00996103068096488,0,0,1,1,0,91
12,14123,1000,2,"bernoulli","linesearch",0.000800000000000121,5,0.00400000000000061,4.00000000000061,0.01,2000,0.5,1,7,0,NA,180.349,402,1,0,0.00991553259140743,3,3,0,0,0,92
12,14123,1000,2,"bernoulli","fixed",0.000800000000000121,1,0.000800000000000121,0.800000000000121,0.01,2000,0.5,1,0,0,NA,10.829,250,1,0,0.00999299076957427,0,0,1,1,0,93
12,14123,1000,2,"bernoulli","linesearch",0.000800000000000121,1,0.000800000000000121,0.800000000000121,0.01,2000,0.5,1,7,0,NA,62.681,250,1,0,0.00999299076957427,0,0,1,0,0,94
12,14123,1000,2,"bernoulli","fixed",0.000800000000000121,0.2,0.000160000000000024,0.160000000000024,0.01,2000,0.5,1,0,0,NA,36.8099999999999,1261,1,0,0.00995323155858163,0,0,1,1,0,95
12,14123,1000,2,"bernoulli","linesearch",0.000800000000000121,0.2,0.000160000000000024,0.160000000000024,0.01,2000,0.5,1,7,0,NA,307.828,1261,1,0,0.00995323155858163,0,0,1,0,0,96
13,15123,1000,2,"bernoulli","fixed",0.000800000000000022,10,0.00800000000000022,8.00000000000022,0.01,2000,0.5,1,0,0,NA,75.146,2000,0,0,460.373846609842,0,0,1,1,0,97
13,15123,1000,2,"bernoulli","linesearch",0.000800000000000022,10,0.00800000000000022,8.00000000000022,0.01,2000,0.5,1,7,0,NA,208.927,396,1,0,0.00988448579379198,4,4,0,0,0,98
13,15123,1000,2,"bernoulli","fixed",0.000800000000000022,5,0.00400000000000011,4.00000000000011,0.01,2000,0.5,1,0,0,NA,5.959,60,1,0,0.00973207958134659,0,0,1,1,0,99
13,15123,1000,2,"bernoulli","linesearch",0.000800000000000022,5,0.00400000000000011,4.00000000000011,0.01,2000,0.5,1,7,0,NA,182.465,396,1,0,0.00988448579379198,3,3,0,0,0,100
13,15123,1000,2,"bernoulli","fixed",0.000800000000000022,1,0.000800000000000022,0.800000000000022,0.01,2000,0.5,1,0,0,NA,10.515,247,1,0,0.00977095164488304,0,0,1,1,0,101
13,15123,1000,2,"bernoulli","linesearch",0.000800000000000022,1,0.000800000000000022,0.800000000000022,0.01,2000,0.5,1,7,0,NA,65.6290000000001,247,1,0,0.00977095164488304,0,0,1,0,0,102
13,15123,1000,2,"bernoulli","fixed",0.000800000000000022,0.2,0.000160000000000004,0.160000000000004,0.01,2000,0.5,1,0,0,NA,36.184,1241,1,0,0.00997622518821045,0,0,1,1,0,103
13,15123,1000,2,"bernoulli","linesearch",0.000800000000000022,0.2,0.000160000000000004,0.160000000000004,0.01,2000,0.5,1,7,0,NA,314.057,1241,1,0,0.00997622518821045,0,0,1,0,0,104
14,16123,1000,2,"bernoulli","fixed",0.00080000000000001,10,0.0080000000000001,8.0000000000001,0.01,2000,0.5,1,0,0,NA,77.68,2000,0,0,462.704445945194,0,0,1,1,0,105
14,16123,1000,2,"bernoulli","linesearch",0.00080000000000001,10,0.0080000000000001,8.0000000000001,0.01,2000,0.5,1,7,0,NA,212.573,402,1,0,0.0098735444854583,4,4,0,0,0,106
14,16123,1000,2,"bernoulli","fixed",0.00080000000000001,5,0.00400000000000005,4.00000000000005,0.01,2000,0.5,1,0,0,NA,5.92999999999995,61,1,0,0.00983479617309102,0,0,1,1,0,107
14,16123,1000,2,"bernoulli","linesearch",0.00080000000000001,5,0.00400000000000005,4.00000000000005,0.01,2000,0.5,1,7,0,NA,188.172,402,1,0,0.0098735444854583,3,3,0,0,0,108
14,16123,1000,2,"bernoulli","fixed",0.00080000000000001,1,0.00080000000000001,0.80000000000001,0.01,2000,0.5,1,0,0,NA,10.854,250,1,0,0.0099577824282521,0,0,1,1,0,109
14,16123,1000,2,"bernoulli","linesearch",0.00080000000000001,1,0.00080000000000001,0.80000000000001,0.01,2000,0.5,1,7,0,NA,66.3150000000001,250,1,0,0.0099577824282521,0,0,1,0,0,110
14,16123,1000,2,"bernoulli","fixed",0.00080000000000001,0.2,0.000160000000000002,0.160000000000002,0.01,2000,0.5,1,0,0,NA,35.9109999999999,1260,1,0,0.00995372662876179,0,0,1,1,0,111
14,16123,1000,2,"bernoulli","linesearch",0.00080000000000001,0.2,0.000160000000000002,0.160000000000002,0.01,2000,0.5,1,7,0,NA,311.989,1260,1,0,0.00995372662876179,0,0,1,0,0,112
15,17123,1000,2,"bernoulli","fixed",0.000800000000000068,10,0.00800000000000068,8.00000000000068,0.01,2000,0.5,1,0,0,NA,77.391,2000,0,0,486.441476286692,0,0,1,1,0,113
15,17123,1000,2,"bernoulli","linesearch",0.000800000000000068,10,0.00800000000000068,8.00000000000068,0.01,2000,0.5,1,7,0,NA,206.509,398,1,0,0.00983976377565529,4,4,0,0,0,114
15,17123,1000,2,"bernoulli","fixed",0.000800000000000068,5,0.00400000000000034,4.00000000000034,0.01,2000,0.5,1,0,0,NA,5.84000000000003,61,1,0,0.00948997364131532,0,0,1,1,0,115
15,17123,1000,2,"bernoulli","linesearch",0.000800000000000068,5,0.00400000000000034,4.00000000000034,0.01,2000,0.5,1,7,0,NA,177.493,398,1,0,0.00983976377565529,3,3,0,0,0,116
15,17123,1000,2,"bernoulli","fixed",0.000800000000000068,1,0.000800000000000068,0.800000000000068,0.01,2000,0.5,1,0,0,NA,10.691,248,1,0,0.00979202956651765,0,0,1,1,0,117
15,17123,1000,2,"bernoulli","linesearch",0.000800000000000068,1,0.000800000000000068,0.800000000000068,0.01,2000,0.5,1,7,0,NA,61.666,248,1,0,0.00979202956651765,0,0,1,0,0,118
15,17123,1000,2,"bernoulli","fixed",0.000800000000000068,0.2,0.000160000000000014,0.160000000000014,0.01,2000,0.5,1,0,0,NA,35.696,1246,1,0,0.00999951039185301,0,0,1,1,0,119
15,17123,1000,2,"bernoulli","linesearch",0.000800000000000068,0.2,0.000160000000000014,0.160000000000014,0.01,2000,0.5,1,7,0,NA,300.748,1246,1,0,0.00999951039185301,0,0,1,0,0,120
16,18123,1000,2,"bernoulli","fixed",0.000800000000000019,10,0.00800000000000019,8.00000000000019,0.01,2000,0.5,1,0,0,NA,77.067,2000,0,0,477.019862781309,0,0,1,1,0,121
16,18123,1000,2,"bernoulli","linesearch",0.000800000000000019,10,0.00800000000000019,8.00000000000019,0.01,2000,0.5,1,7,0,NA,215.468,417,1,0,0.00989685552025592,4,4,0,0,0,122
16,18123,1000,2,"bernoulli","fixed",0.000800000000000019,5,0.0040000000000001,4.0000000000001,0.01,2000,0.5,1,0,0,NA,5.96199999999999,62,1,0,0.00940287370319559,0,0,1,1,0,123
16,18123,1000,2,"bernoulli","linesearch",0.000800000000000019,5,0.0040000000000001,4.0000000000001,0.01,2000,0.5,1,7,0,NA,187.103,417,1,0,0.00989685552025592,3,3,0,0,0,124
16,18123,1000,2,"bernoulli","fixed",0.000800000000000019,1,0.000800000000000019,0.800000000000019,0.01,2000,0.5,1,0,0,NA,11.15,260,1,0,0.00979784047345647,0,0,1,1,0,125
16,18123,1000,2,"bernoulli","linesearch",0.000800000000000019,1,0.000800000000000019,0.800000000000019,0.01,2000,0.5,1,7,0,NA,64.361,260,1,0,0.00979784047345647,0,0,1,0,0,126
16,18123,1000,2,"bernoulli","fixed",0.000800000000000019,0.2,0.000160000000000004,0.160000000000004,0.01,2000,0.5,1,0,0,NA,37.521,1307,1,0,0.00998969796542043,0,0,1,1,0,127
16,18123,1000,2,"bernoulli","linesearch",0.000800000000000019,0.2,0.000160000000000004,0.160000000000004,0.01,2000,0.5,1,7,0,NA,306.088,1307,1,0,0.00998969796542043,0,0,1,0,0,128
17,19123,1000,2,"bernoulli","fixed",0.000800000000000008,10,0.00800000000000007,8.00000000000007,0.01,2000,0.5,1,0,0,NA,76.813,2000,0,0,463.237897724743,0,0,1,1,0,129
17,19123,1000,2,"bernoulli","linesearch",0.000800000000000008,10,0.00800000000000007,8.00000000000007,0.01,2000,0.5,1,7,0,NA,207.701,398,1,0,0.00997936842542183,4,4,0,0,0,130
17,19123,1000,2,"bernoulli","fixed",0.000800000000000008,5,0.00400000000000004,4.00000000000004,0.01,2000,0.5,1,0,0,NA,5.90999999999997,61,1,0,0.00976930238301676,0,0,1,1,0,131
17,19123,1000,2,"bernoulli","linesearch",0.000800000000000008,5,0.00400000000000004,4.00000000000004,0.01,2000,0.5,1,7,0,NA,183.492,398,1,0,0.00997936842542183,3,3,0,0,0,132
17,19123,1000,2,"bernoulli","fixed",0.000800000000000008,1,0.000800000000000008,0.800000000000007,0.01,2000,0.5,1,0,0,NA,10.67,248,1,0,0.00993295535256252,0,0,1,1,0,133
17,19123,1000,2,"bernoulli","linesearch",0.000800000000000008,1,0.000800000000000008,0.800000000000007,0.01,2000,0.5,1,7,0,NA,65.353,248,1,0,0.00993295535256252,0,0,1,0,0,134
17,19123,1000,2,"bernoulli","fixed",0.000800000000000008,0.2,0.000160000000000002,0.160000000000002,0.01,2000,0.5,1,0,0,NA,35.799,1249,1,0,0.00997728779488397,0,0,1,1,0,135
17,19123,1000,2,"bernoulli","linesearch",0.000800000000000008,0.2,0.000160000000000002,0.160000000000002,0.01,2000,0.5,1,7,0,NA,310.294,1249,1,0,0.00997728779488397,0,0,1,0,0,136
18,20123,1000,2,"bernoulli","fixed",0.000800000000000105,10,0.00800000000000105,8.00000000000105,0.01,2000,0.5,1,0,0,NA,74.35,2000,0,0,463.518704910092,0,0,1,1,0,137
18,20123,1000,2,"bernoulli","linesearch",0.000800000000000105,10,0.00800000000000105,8.00000000000105,0.01,2000,0.5,1,7,0,NA,230.818,450,1,0,0.00985437465359226,4,4,0,0,0,138
18,20123,1000,2,"bernoulli","fixed",0.000800000000000105,5,0.00400000000000052,4.00000000000052,0.01,2000,0.5,1,0,0,NA,5.94200000000001,61,1,0,0.00950148902889314,0,0,1,1,0,139
18,20123,1000,2,"bernoulli","linesearch",0.000800000000000105,5,0.00400000000000052,4.00000000000052,0.01,2000,0.5,1,7,0,NA,208.068,450,1,0,0.00985437465359226,3,3,0,0,0,140
18,20123,1000,2,"bernoulli","fixed",0.000800000000000105,1,0.000800000000000105,0.800000000000105,0.01,2000,0.5,1,0,0,NA,11.75,280,1,0,0.00990794215577388,0,0,1,1,0,141
18,20123,1000,2,"bernoulli","linesearch",0.000800000000000105,1,0.000800000000000105,0.800000000000105,0.01,2000,0.5,1,7,0,NA,75.5319999999999,280,1,0,0.00990794215577388,0,0,1,0,0,142
18,20123,1000,2,"bernoulli","fixed",0.000800000000000105,0.2,0.000160000000000021,0.160000000000021,0.01,2000,0.5,1,0,0,NA,41.698,1410,1,0,0.00996141139404497,0,0,1,1,0,143
18,20123,1000,2,"bernoulli","linesearch",0.000800000000000105,0.2,0.000160000000000021,0.160000000000021,0.01,2000,0.5,1,7,0,NA,363.991,1410,1,0,0.00996141139404497,0,0,1,0,0,144
19,21123,1000,2,"bernoulli","fixed",0.000800000000000007,10,0.00800000000000007,8.00000000000007,0.01,2000,0.5,1,0,0,NA,77.309,2000,0,0,473.633865108007,0,0,1,1,0,145
19,21123,1000,2,"bernoulli","linesearch",0.000800000000000007,10,0.00800000000000007,8.00000000000007,0.01,2000,0.5,1,7,0,NA,201.425,391,1,0,0.00990967727948233,4,4,0,0,0,146
19,21123,1000,2,"bernoulli","fixed",0.000800000000000007,5,0.00400000000000004,4.00000000000004,0.01,2000,0.5,1,0,0,NA,5.89300000000003,63,1,0,0.00956298514456755,0,0,1,1,0,147
19,21123,1000,2,"bernoulli","linesearch",0.000800000000000007,5,0.00400000000000004,4.00000000000004,0.01,2000,0.5,1,7,0,NA,174.858,391,1,0,0.00990967727948233,3,3,0,0,0,148
19,21123,1000,2,"bernoulli","fixed",0.000800000000000007,1,0.000800000000000007,0.800000000000007,0.01,2000,0.5,1,0,0,NA,10.421,244,1,0,0.00976839506995281,0,0,1,1,0,149
19,21123,1000,2,"bernoulli","linesearch",0.000800000000000007,1,0.000800000000000007,0.800000000000007,0.01,2000,0.5,1,7,0,NA,60.3099999999999,244,1,0,0.00976839506995281,0,0,1,0,0,150
19,21123,1000,2,"bernoulli","fixed",0.000800000000000007,0.2,0.000160000000000001,0.160000000000001,0.01,2000,0.5,1,0,0,NA,34.693,1226,1,0,0.00996167977670548,0,0,1,1,0,151
19,21123,1000,2,"bernoulli","linesearch",0.000800000000000007,0.2,0.000160000000000001,0.160000000000001,0.01,2000,0.5,1,7,0,NA,285.726,1226,1,0,0.00996167977670548,0,0,1,0,0,152
20,22123,1000,2,"bernoulli","fixed",0.00080000000000001,10,0.0080000000000001,8.0000000000001,0.01,2000,0.5,1,0,0,NA,76.453,2000,0,0,484.340658558728,0,0,1,1,0,153
20,22123,1000,2,"bernoulli","linesearch",0.00080000000000001,10,0.0080000000000001,8.0000000000001,0.01,2000,0.5,1,7,0,NA,239.86,470,1,0,0.00999757193979789,4,4,0,0,0,154
20,22123,1000,2,"bernoulli","fixed",0.00080000000000001,5,0.00400000000000005,4.00000000000005,0.01,2000,0.5,1,0,0,NA,5.88499999999999,61,1,0,0.00949737860221822,0,0,1,1,0,155
20,22123,1000,2,"bernoulli","linesearch",0.00080000000000001,5,0.00400000000000005,4.00000000000005,0.01,2000,0.5,1,7,0,NA,213.469,470,1,0,0.00999757193979789,3,3,0,0,0,156
20,22123,1000,2,"bernoulli","fixed",0.00080000000000001,1,0.00080000000000001,0.80000000000001,0.01,2000,0.5,1,0,0,NA,11.8019999999999,293,1,0,0.00992392606065753,0,0,1,1,0,157
20,22123,1000,2,"bernoulli","linesearch",0.00080000000000001,1,0.00080000000000001,0.80000000000001,0.01,2000,0.5,1,7,0,NA,74.265,293,1,0,0.00992392606065753,0,0,1,0,0,158
20,22123,1000,2,"bernoulli","fixed",0.00080000000000001,0.2,0.000160000000000002,0.160000000000002,0.01,2000,0.5,1,0,0,NA,41.013,1475,1,0,0.00998125218049985,0,0,1,1,0,159
20,22123,1000,2,"bernoulli","linesearch",0.00080000000000001,0.2,0.000160000000000002,0.160000000000002,0.01,2000,0.5,1,7,0,NA,354.772,1475,1,0,0.00998125218049985,0,0,1,0,0,160
21,23123,1000,2,"bernoulli","fixed",0.000800000000000003,10,0.00800000000000003,8.00000000000003,0.01,2000,0.5,1,0,0,NA,74.879,2000,0,0,466.117078274151,0,0,1,1,0,161
21,23123,1000,2,"bernoulli","linesearch",0.000800000000000003,10,0.00800000000000003,8.00000000000003,0.01,2000,0.5,1,7,0,NA,201.997,393,1,0,0.00996619801277632,4,4,0,0,0,162
21,23123,1000,2,"bernoulli","fixed",0.000800000000000003,5,0.00400000000000002,4.00000000000002,0.01,2000,0.5,1,0,0,NA,5.86700000000002,61,1,0,0.00941670261720717,0,0,1,1,0,163
21,23123,1000,2,"bernoulli","linesearch",0.000800000000000003,5,0.00400000000000002,4.00000000000002,0.01,2000,0.5,1,7,0,NA,175.119,393,1,0,0.00996619801277632,3,3,0,0,0,164
21,23123,1000,2,"bernoulli","fixed",0.000800000000000003,1,0.000800000000000003,0.800000000000003,0.01,2000,0.5,1,0,0,NA,10.424,245,1,0,0.00989375589841951,0,0,1,1,0,165
21,23123,1000,2,"bernoulli","linesearch",0.000800000000000003,1,0.000800000000000003,0.800000000000003,0.01,2000,0.5,1,7,0,NA,60.6200000000001,245,1,0,0.00989375589841951,0,0,1,0,0,166
21,23123,1000,2,"bernoulli","fixed",0.000800000000000003,0.2,0.000160000000000001,0.160000000000001,0.01,2000,0.5,1,0,0,NA,36.6700000000001,1233,1,0,0.00997631011751419,0,0,1,1,0,167
21,23123,1000,2,"bernoulli","linesearch",0.000800000000000003,0.2,0.000160000000000001,0.160000000000001,0.01,2000,0.5,1,7,0,NA,298.393,1233,1,0,0.00997631011751419,0,0,1,0,0,168
22,24123,1000,2,"bernoulli","fixed",8e-04,10,0.008,8,0.01,2000,0.5,1,0,0,NA,77.474,2000,0,0,477.20699331834,0,0,1,1,0,169
22,24123,1000,2,"bernoulli","linesearch",8e-04,10,0.008,8,0.01,2000,0.5,1,7,0,NA,225.875,432,1,0,0.00998527353751347,4,4,0,0,0,170
22,24123,1000,2,"bernoulli","fixed",8e-04,5,0.004,4,0.01,2000,0.5,1,0,0,NA,6.01900000000001,61,1,0,0.00965301527243317,0,0,1,1,0,171
22,24123,1000,2,"bernoulli","linesearch",8e-04,5,0.004,4,0.01,2000,0.5,1,7,0,NA,200.035,432,1,0,0.00998527353751347,3,3,0,0,0,172
22,24123,1000,2,"bernoulli","fixed",8e-04,1,8e-04,0.8,0.01,2000,0.5,1,0,0,NA,11.2670000000001,269,1,0,0.00998791749099856,0,0,1,1,0,173
22,24123,1000,2,"bernoulli","linesearch",8e-04,1,8e-04,0.8,0.01,2000,0.5,1,7,0,NA,71.269,269,1,0,0.00998791749099856,0,0,1,0,0,174
22,24123,1000,2,"bernoulli","fixed",8e-04,0.2,0.00016,0.16,0.01,2000,0.5,1,0,0,NA,39.518,1356,1,0,0.00996374593669702,0,0,1,1,0,175
22,24123,1000,2,"bernoulli","linesearch",8e-04,0.2,0.00016,0.16,0.01,2000,0.5,1,7,0,NA,335.975,1356,1,0,0.00996374593669702,0,0,1,0,0,176
23,25123,1000,2,"bernoulli","fixed",0.000800000000000016,10,0.00800000000000016,8.00000000000016,0.01,2000,0.5,1,0,0,NA,76.872,2000,0,0,476.518049273918,0,0,1,1,0,177
23,25123,1000,2,"bernoulli","linesearch",0.000800000000000016,10,0.00800000000000016,8.00000000000016,0.01,2000,0.5,1,7,0,NA,224.476,424,1,0,0.00998219919827692,4,4,0,0,0,178
23,25123,1000,2,"bernoulli","fixed",0.000800000000000016,5,0.00400000000000008,4.00000000000008,0.01,2000,0.5,1,0,0,NA,5.95699999999999,61,1,0,0.00936655709241219,0,0,1,1,0,179
23,25123,1000,2,"bernoulli","linesearch",0.000800000000000016,5,0.00400000000000008,4.00000000000008,0.01,2000,0.5,1,7,0,NA,197.638,424,1,0,0.00998219919827692,3,3,0,0,0,180
23,25123,1000,2,"bernoulli","fixed",0.000800000000000016,1,0.000800000000000016,0.800000000000016,0.01,2000,0.5,1,0,0,NA,10.8939999999999,264,1,0,0.00998367087494607,0,0,1,1,0,181
23,25123,1000,2,"bernoulli","linesearch",0.000800000000000016,1,0.000800000000000016,0.800000000000016,0.01,2000,0.5,1,7,0,NA,71.401,264,1,0,0.00998367087494607,0,0,1,0,0,182
23,25123,1000,2,"bernoulli","fixed",0.000800000000000016,0.2,0.000160000000000003,0.160000000000003,0.01,2000,0.5,1,0,0,NA,37.184,1331,1,0,0.00996154526162865,0,0,1,1,0,183
23,25123,1000,2,"bernoulli","linesearch",0.000800000000000016,0.2,0.000160000000000003,0.160000000000003,0.01,2000,0.5,1,7,0,NA,336.968,1331,1,0,0.00996154526162865,0,0,1,0,0,184
24,26123,1000,2,"bernoulli","fixed",0.000800000000000009,10,0.00800000000000009,8.00000000000009,0.01,2000,0.5,1,0,0,NA,75.584,2000,0,0,470.814630660509,0,0,1,1,0,185
24,26123,1000,2,"bernoulli","linesearch",0.000800000000000009,10,0.00800000000000009,8.00000000000009,0.01,2000,0.5,1,7,0,NA,201.057,389,1,0,0.00993679162630903,4,4,0,0,0,186
24,26123,1000,2,"bernoulli","fixed",0.000800000000000009,5,0.00400000000000005,4.00000000000005,0.01,2000,0.5,1,0,0,NA,5.81399999999996,58,1,0,0.00999850793686174,0,0,1,1,0,187
24,26123,1000,2,"bernoulli","linesearch",0.000800000000000009,5,0.00400000000000005,4.00000000000005,0.01,2000,0.5,1,7,0,NA,177.931,389,1,0,0.00993679162630903,3,3,0,0,0,188
24,26123,1000,2,"bernoulli","fixed",0.000800000000000009,1,0.000800000000000009,0.800000000000009,0.01,2000,0.5,1,0,0,NA,10.476,242,1,0,0.00999426194967276,0,0,1,1,0,189
24,26123,1000,2,"bernoulli","linesearch",0.000800000000000009,1,0.000800000000000009,0.800000000000009,0.01,2000,0.5,1,7,0,NA,62.14,242,1,0,0.00999426194967276,0,0,1,0,0,190
24,26123,1000,2,"bernoulli","fixed",0.000800000000000009,0.2,0.000160000000000002,0.160000000000002,0.01,2000,0.5,1,0,0,NA,35.6420000000001,1220,1,0,0.0099796301537268,0,0,1,1,0,191
24,26123,1000,2,"bernoulli","linesearch",0.000800000000000009,0.2,0.000160000000000002,0.160000000000002,0.01,2000,0.5,1,7,0,NA,299.139,1220,1,0,0.0099796301537268,0,0,1,0,0,192
25,27123,1000,2,"bernoulli","fixed",0.000800000000000033,10,0.00800000000000033,8.00000000000033,0.01,2000,0.5,1,0,0,NA,76.809,2000,0,0,461.3723680677,0,0,1,1,0,193
25,27123,1000,2,"bernoulli","linesearch",0.000800000000000033,10,0.00800000000000033,8.00000000000033,0.01,2000,0.5,1,7,0,NA,226.839,435,1,0,0.00989321834451944,4,4,0,0,0,194
25,27123,1000,2,"bernoulli","fixed",0.000800000000000033,5,0.00400000000000016,4.00000000000017,0.01,2000,0.5,1,0,0,NA,6.07399999999996,65,1,0,0.00933494235235433,0,0,1,1,0,195
25,27123,1000,2,"bernoulli","linesearch",0.000800000000000033,5,0.00400000000000016,4.00000000000017,0.01,2000,0.5,1,7,0,NA,201.225,435,1,0,0.00989321834451944,3,3,0,0,0,196
25,27123,1000,2,"bernoulli","fixed",0.000800000000000033,1,0.000800000000000033,0.800000000000033,0.01,2000,0.5,1,0,0,NA,11.4730000000001,271,1,0,0.00987268886345605,0,0,1,1,0,197
25,27123,1000,2,"bernoulli","linesearch",0.000800000000000033,1,0.000800000000000033,0.800000000000033,0.01,2000,0.5,1,7,0,NA,70.5980000000001,271,1,0,0.00987268886345605,0,0,1,0,0,198
25,27123,1000,2,"bernoulli","fixed",0.000800000000000033,0.2,0.000160000000000007,0.160000000000007,0.01,2000,0.5,1,0,0,NA,40.389,1363,1,0,0.00998165779078652,0,0,1,1,0,199
25,27123,1000,2,"bernoulli","linesearch",0.000800000000000033,0.2,0.000160000000000007,0.160000000000007,0.01,2000,0.5,1,7,0,NA,331.563,1363,1,0,0.00998165779078652,0,0,1,0,0,200
26,28123,1000,2,"bernoulli","fixed",0.000800000000000029,10,0.00800000000000028,8.00000000000028,0.01,2000,0.5,1,0,0,NA,55.705,2000,0,0,465.334972167821,0,0,1,1,0,201
26,28123,1000,2,"bernoulli","linesearch",0.000800000000000029,10,0.00800000000000028,8.00000000000028,0.01,2000,0.5,1,7,0,NA,207.615,392,1,0,0.00987919602393575,4,4,0,0,0,202
26,28123,1000,2,"bernoulli","fixed",0.000800000000000029,5,0.00400000000000014,4.00000000000014,0.01,2000,0.5,1,0,0,NA,6.05199999999991,62,1,0,0.0094224019973177,0,0,1,1,0,203
26,28123,1000,2,"bernoulli","linesearch",0.000800000000000029,5,0.00400000000000014,4.00000000000014,0.01,2000,0.5,1,7,0,NA,184.843,392,1,0,0.00987919602393575,3,3,0,0,0,204
26,28123,1000,2,"bernoulli","fixed",0.000800000000000029,1,0.000800000000000029,0.800000000000029,0.01,2000,0.5,1,0,0,NA,10.595,244,1,0,0.00990174627270765,0,0,1,1,0,205
26,28123,1000,2,"bernoulli","linesearch",0.000800000000000029,1,0.000800000000000029,0.800000000000029,0.01,2000,0.5,1,7,0,NA,66.7279999999998,244,1,0,0.00990174627270765,0,0,1,0,0,206
26,28123,1000,2,"bernoulli","fixed",0.000800000000000029,0.2,0.000160000000000006,0.160000000000006,0.01,2000,0.5,1,0,0,NA,36.4360000000001,1228,1,0,0.00999673124217082,0,0,1,1,0,207
26,28123,1000,2,"bernoulli","linesearch",0.000800000000000029,0.2,0.000160000000000006,0.160000000000006,0.01,2000,0.5,1,7,0,NA,312.153,1228,1,0,0.00999673124217082,0,0,1,0,0,208
27,29123,1000,2,"bernoulli","fixed",8e-04,10,0.008,8,0.01,2000,0.5,1,0,0,NA,56.912,2000,0,0,466.847020440358,0,0,1,1,0,209
27,29123,1000,2,"bernoulli","linesearch",8e-04,10,0.008,8,0.01,2000,0.5,1,7,0,NA,259.093,489,1,0,0.0098970970264631,4,4,0,0,0,210
27,29123,1000,2,"bernoulli","fixed",8e-04,5,0.004,4,0.01,2000,0.5,1,0,0,NA,5.89499999999998,61,1,0,0.00961680465493375,0,0,1,1,0,211
27,29123,1000,2,"bernoulli","linesearch",8e-04,5,0.004,4,0.01,2000,0.5,1,7,0,NA,224.005,489,1,0,0.0098970970264631,3,3,0,0,0,212
27,29123,1000,2,"bernoulli","fixed",8e-04,1,8e-04,0.8,0.01,2000,0.5,1,0,0,NA,12.0530000000001,305,1,0,0.0097973751699614,0,0,1,1,0,213
27,29123,1000,2,"bernoulli","linesearch",8e-04,1,8e-04,0.8,0.01,2000,0.5,1,7,0,NA,80.319,305,1,0,0.0097973751699614,0,0,1,0,0,214
27,29123,1000,2,"bernoulli","fixed",8e-04,0.2,0.00016,0.16,0.01,2000,0.5,1,0,0,NA,43.6669999999999,1532,1,0,0.00999325621783659,0,0,1,1,0,215
27,29123,1000,2,"bernoulli","linesearch",8e-04,0.2,0.00016,0.16,0.01,2000,0.5,1,7,0,NA,386.859,1532,1,0,0.00999325621783659,0,0,1,0,0,216
28,30123,1000,2,"bernoulli","fixed",0.000800000000000003,10,0.00800000000000003,8.00000000000003,0.01,2000,0.5,1,0,0,NA,54.359,2000,0,0,469.199300914814,0,0,1,1,0,217
28,30123,1000,2,"bernoulli","linesearch",0.000800000000000003,10,0.00800000000000003,8.00000000000003,0.01,2000,0.5,1,7,0,NA,225.331,436,1,0,0.00989707972246714,4,4,0,0,0,218
28,30123,1000,2,"bernoulli","fixed",0.000800000000000003,5,0.00400000000000001,4.00000000000001,0.01,2000,0.5,1,0,0,NA,5.89699999999993,62,1,0,0.00932536090416941,0,0,1,1,0,219
28,30123,1000,2,"bernoulli","linesearch",0.000800000000000003,5,0.00400000000000001,4.00000000000001,0.01,2000,0.5,1,7,0,NA,197.611,436,1,0,0.00989707972246714,3,3,0,0,0,220
28,30123,1000,2,"bernoulli","fixed",0.000800000000000003,1,0.000800000000000003,0.800000000000003,0.01,2000,0.5,1,0,0,NA,11.067,272,1,0,0.0097861022600399,0,0,1,1,0,221
28,30123,1000,2,"bernoulli","linesearch",0.000800000000000003,1,0.000800000000000003,0.800000000000003,0.01,2000,0.5,1,7,0,NA,70.7280000000001,272,1,0,0.0097861022600399,0,0,1,0,0,222
28,30123,1000,2,"bernoulli","fixed",0.000800000000000003,0.2,0.000160000000000001,0.160000000000001,0.01,2000,0.5,1,0,0,NA,39.307,1366,1,0,0.00998884015732748,0,0,1,1,0,223
28,30123,1000,2,"bernoulli","linesearch",0.000800000000000003,0.2,0.000160000000000001,0.160000000000001,0.01,2000,0.5,1,7,0,NA,333.546,1366,1,0,0.00998884015732748,0,0,1,0,0,224
29,31123,1000,2,"bernoulli","fixed",0.000800000000000017,10,0.00800000000000016,8.00000000000017,0.01,2000,0.5,1,0,0,NA,59.433,2000,0,0,481.7867351675,0,0,1,1,0,225
29,31123,1000,2,"bernoulli","linesearch",0.000800000000000017,10,0.00800000000000016,8.00000000000017,0.01,2000,0.5,1,7,0,NA,218.655,414,1,0,0.00983833316665229,4,4,0,0,0,226
29,31123,1000,2,"bernoulli","fixed",0.000800000000000017,5,0.00400000000000008,4.00000000000008,0.01,2000,0.5,1,0,0,NA,5.98700000000008,60,1,0,0.00934543245474123,0,0,1,1,0,227
29,31123,1000,2,"bernoulli","linesearch",0.000800000000000017,5,0.00400000000000008,4.00000000000008,0.01,2000,0.5,1,7,0,NA,191.3,414,1,0,0.00983833316665229,3,3,0,0,0,228
29,31123,1000,2,"bernoulli","fixed",0.000800000000000017,1,0.000800000000000017,0.800000000000016,0.01,2000,0.5,1,0,0,NA,10.837,258,1,0,0.00978087901305534,0,0,1,1,0,229
29,31123,1000,2,"bernoulli","linesearch",0.000800000000000017,1,0.000800000000000017,0.800000000000016,0.01,2000,0.5,1,7,0,NA,66.73,258,1,0,0.00978087901305534,0,0,1,0,0,230
29,31123,1000,2,"bernoulli","fixed",0.000800000000000017,0.2,0.000160000000000003,0.160000000000003,0.01,2000,0.5,1,0,0,NA,38.248,1297,1,0,0.00995455742439588,0,0,1,1,0,231
29,31123,1000,2,"bernoulli","linesearch",0.000800000000000017,0.2,0.000160000000000003,0.160000000000003,0.01,2000,0.5,1,7,0,NA,318.518,1297,1,0,0.00995455742439588,0,0,1,0,0,232
30,32123,1000,2,"bernoulli","fixed",0.000800000000000021,10,0.00800000000000021,8.00000000000021,0.01,2000,0.5,1,0,0,NA,58.794,2000,0,0,491.696624820676,0,0,1,1,0,233
30,32123,1000,2,"bernoulli","linesearch",0.000800000000000021,10,0.00800000000000021,8.00000000000021,0.01,2000,0.5,1,7,0,NA,207.257,393,1,0,0.00999390939088576,4,4,0,0,0,234
30,32123,1000,2,"bernoulli","fixed",0.000800000000000021,5,0.0040000000000001,4.0000000000001,0.01,2000,0.5,1,0,0,NA,6.00800000000004,61,1,0,0.00936495202770166,0,0,1,1,0,235
30,32123,1000,2,"bernoulli","linesearch",0.000800000000000021,5,0.0040000000000001,4.0000000000001,0.01,2000,0.5,1,7,0,NA,182.26,393,1,0,0.00999390939088576,3,3,0,0,0,236
30,32123,1000,2,"bernoulli","fixed",0.000800000000000021,1,0.000800000000000021,0.800000000000021,0.01,2000,0.5,1,0,0,NA,10.7739999999999,245,1,0,0.00991894979295931,0,0,1,1,0,237
30,32123,1000,2,"bernoulli","linesearch",0.000800000000000021,1,0.000800000000000021,0.800000000000021,0.01,2000,0.5,1,7,0,NA,63.8400000000001,245,1,0,0.00991894979295931,0,0,1,0,0,238
30,32123,1000,2,"bernoulli","fixed",0.000800000000000021,0.2,0.000160000000000004,0.160000000000004,0.01,2000,0.5,1,0,0,NA,36.3820000000001,1234,1,0,0.00995239591660677,0,0,1,1,0,239
30,32123,1000,2,"bernoulli","linesearch",0.000800000000000021,0.2,0.000160000000000004,0.160000000000004,0.01,2000,0.5,1,7,0,NA,296.695,1234,1,0,0.00995239591660677,0,0,1,0,0,240
31,33123,1000,2,"bernoulli","fixed",0.000800000000001361,10,0.00800000000001361,8.00000000001361,0.01,2000,0.5,1,0,0,NA,55.424,2000,0,0,474.585393502166,0,0,1,1,0,241
31,33123,1000,2,"bernoulli","linesearch",0.000800000000001361,10,0.00800000000001361,8.00000000001361,0.01,2000,0.5,1,7,0,NA,219.493,416,1,0,0.00986844485516009,4,4,0,0,0,242
31,33123,1000,2,"bernoulli","fixed",0.000800000000001361,5,0.00400000000000681,4.00000000000681,0.01,2000,0.5,1,0,0,NA,5.90499999999997,60,1,0,0.00932378550786939,0,0,1,1,0,243
31,33123,1000,2,"bernoulli","linesearch",0.000800000000001361,5,0.00400000000000681,4.00000000000681,0.01,2000,0.5,1,7,0,NA,189.46,416,1,0,0.00986844485516009,3,3,0,0,0,244
31,33123,1000,2,"bernoulli","fixed",0.000800000000001361,1,0.000800000000001361,0.800000000001361,0.01,2000,0.5,1,0,0,NA,10.9300000000001,259,1,0,0.00988427431650057,0,0,1,1,0,245
31,33123,1000,2,"bernoulli","linesearch",0.000800000000001361,1,0.000800000000001361,0.800000000001361,0.01,2000,0.5,1,7,0,NA,66.6390000000001,259,1,0,0.00988427431650057,0,0,1,0,0,246
31,33123,1000,2,"bernoulli","fixed",0.000800000000001361,0.2,0.000160000000000272,0.160000000000272,0.01,2000,0.5,1,0,0,NA,37.818,1303,1,0,0.00998635661323738,0,0,1,1,0,247
31,33123,1000,2,"bernoulli","linesearch",0.000800000000001361,0.2,0.000160000000000272,0.160000000000272,0.01,2000,0.5,1,7,0,NA,318.079,1303,1,0,0.00998635661323738,0,0,1,0,0,248
32,34123,1000,2,"bernoulli","fixed",0.000800000000000001,10,0.00800000000000001,8.00000000000001,0.01,2000,0.5,1,0,0,NA,55.7040000000001,2000,0,0,469.505686215937,0,0,1,1,0,249
32,34123,1000,2,"bernoulli","linesearch",0.000800000000000001,10,0.00800000000000001,8.00000000000001,0.01,2000,0.5,1,7,0,NA,223.103,436,1,0,0.00987603481356616,4,4,0,0,0,250
32,34123,1000,2,"bernoulli","fixed",0.000800000000000001,5,0.00400000000000001,4.00000000000001,0.01,2000,0.5,1,0,0,NA,5.827,61,1,0,0.00967909803161154,0,0,1,1,0,251
32,34123,1000,2,"bernoulli","linesearch",0.000800000000000001,5,0.00400000000000001,4.00000000000001,0.01,2000,0.5,1,7,0,NA,194.671,436,1,0,0.00987603481356616,3,3,0,0,0,252
32,34123,1000,2,"bernoulli","fixed",0.000800000000000001,1,0.000800000000000001,0.800000000000001,0.01,2000,0.5,1,0,0,NA,11.0030000000002,272,1,0,0.00974074498596725,0,0,1,1,0,253
32,34123,1000,2,"bernoulli","linesearch",0.000800000000000001,1,0.000800000000000001,0.800000000000001,0.01,2000,0.5,1,7,0,NA,67.8790000000001,272,1,0,0.00974074498596725,0,0,1,0,0,254
32,34123,1000,2,"bernoulli","fixed",0.000800000000000001,0.2,0.00016,0.16,0.01,2000,0.5,1,0,0,NA,39.9449999999999,1366,1,0,0.00999382490434167,0,0,1,1,0,255
32,34123,1000,2,"bernoulli","linesearch",0.000800000000000001,0.2,0.00016,0.16,0.01,2000,0.5,1,7,0,NA,329.479,1366,1,0,0.00999382490434167,0,0,1,0,0,256
33,35123,1000,2,"bernoulli","fixed",0.000800000000000003,10,0.00800000000000003,8.00000000000003,0.01,2000,0.5,1,0,0,NA,57.686,2000,0,0,494.048416257076,0,0,1,1,0,257
33,35123,1000,2,"bernoulli","linesearch",0.000800000000000003,10,0.00800000000000003,8.00000000000003,0.01,2000,0.5,1,7,0,NA,234.324,423,1,0,0.00990155856121902,4,4,0,0,0,258
33,35123,1000,2,"bernoulli","fixed",0.000800000000000003,5,0.00400000000000001,4.00000000000001,0.01,2000,0.5,1,0,0,NA,5.8599999999999,60,1,0,0.0095576668361933,0,0,1,1,0,259
33,35123,1000,2,"bernoulli","linesearch",0.000800000000000003,5,0.00400000000000001,4.00000000000001,0.01,2000,0.5,1,7,0,NA,199.832,423,1,0,0.00990155856121902,3,3,0,0,0,260
33,35123,1000,2,"bernoulli","fixed",0.000800000000000003,1,0.000800000000000003,0.800000000000003,0.01,2000,0.5,1,0,0,NA,11.048,264,1,0,0.00974900120543482,0,0,1,1,0,261
33,35123,1000,2,"bernoulli","linesearch",0.000800000000000003,1,0.000800000000000003,0.800000000000003,0.01,2000,0.5,1,7,0,NA,73.2169999999999,264,1,0,0.00974900120543482,0,0,1,0,0,262
33,35123,1000,2,"bernoulli","fixed",0.000800000000000003,0.2,0.000160000000000001,0.160000000000001,0.01,2000,0.5,1,0,0,NA,37.5070000000001,1326,1,0,0.00997114735504198,0,0,1,1,0,263
33,35123,1000,2,"bernoulli","linesearch",0.000800000000000003,0.2,0.000160000000000001,0.160000000000001,0.01,2000,0.5,1,7,0,NA,346.085,1326,1,0,0.00997114735504198,0,0,1,0,0,264
34,36123,1000,2,"bernoulli","fixed",0.000800000000000083,10,0.00800000000000083,8.00000000000083,0.01,2000,0.5,1,0,0,NA,59.8090000000001,2000,0,0,491.656303658781,0,0,1,1,0,265
34,36123,1000,2,"bernoulli","linesearch",0.000800000000000083,10,0.00800000000000083,8.00000000000083,0.01,2000,0.5,1,7,0,NA,242.792,449,1,0,0.0099382684042556,4,4,0,0,0,266
34,36123,1000,2,"bernoulli","fixed",0.000800000000000083,5,0.00400000000000041,4.00000000000041,0.01,2000,0.5,1,0,0,NA,7.69900000000007,61,1,0,0.00958942286889686,0,0,1,1,0,267
34,36123,1000,2,"bernoulli","linesearch",0.000800000000000083,5,0.00400000000000041,4.00000000000041,0.01,2000,0.5,1,7,0,NA,208.721,449,1,0,0.0099382684042556,3,3,0,0,0,268
34,36123,1000,2,"bernoulli","fixed",0.000800000000000083,1,0.000800000000000083,0.800000000000083,0.01,2000,0.5,1,0,0,NA,12.9359999999999,280,1,0,0.00985280326468138,0,0,1,1,0,269
34,36123,1000,2,"bernoulli","linesearch",0.000800000000000083,1,0.000800000000000083,0.800000000000083,0.01,2000,0.5,1,7,0,NA,76.722,280,1,0,0.00985280326468138,0,0,1,0,0,270
34,36123,1000,2,"bernoulli","fixed",0.000800000000000083,0.2,0.000160000000000017,0.160000000000017,0.01,2000,0.5,1,0,0,NA,41.6979999999999,1408,1,0,0.00996875277355364,0,0,1,1,0,271
34,36123,1000,2,"bernoulli","linesearch",0.000800000000000083,0.2,0.000160000000000017,0.160000000000017,0.01,2000,0.5,1,7,0,NA,363.49,1408,1,0,0.00996875277355364,0,0,1,0,0,272
35,37123,1000,2,"bernoulli","fixed",0.000800000000000133,10,0.00800000000000133,8.00000000000133,0.01,2000,0.5,1,0,0,NA,57.044,2000,0,0,486.741764250985,0,0,1,1,0,273
35,37123,1000,2,"bernoulli","linesearch",0.000800000000000133,10,0.00800000000000133,8.00000000000133,0.01,2000,0.5,1,7,0,NA,231.605,436,1,0,0.00987114739044498,4,4,0,0,0,274
35,37123,1000,2,"bernoulli","fixed",0.000800000000000133,5,0.00400000000000066,4.00000000000066,0.01,2000,0.5,1,0,0,NA,5.96299999999997,61,1,0,0.00972401876155227,0,0,1,1,0,275
35,37123,1000,2,"bernoulli","linesearch",0.000800000000000133,5,0.00400000000000066,4.00000000000066,0.01,2000,0.5,1,7,0,NA,202.788,436,1,0,0.00987114739044498,3,3,0,0,0,276
35,37123,1000,2,"bernoulli","fixed",0.000800000000000133,1,0.000800000000000133,0.800000000000133,0.01,2000,0.5,1,0,0,NA,11.6079999999999,272,1,0,0.00975282862338062,0,0,1,1,0,277
35,37123,1000,2,"bernoulli","linesearch",0.000800000000000133,1,0.000800000000000133,0.800000000000133,0.01,2000,0.5,1,7,0,NA,71.652,272,1,0,0.00975282862338062,0,0,1,0,0,278
35,37123,1000,2,"bernoulli","fixed",0.000800000000000133,0.2,0.000160000000000027,0.160000000000027,0.01,2000,0.5,1,0,0,NA,40.837,1366,1,0,0.00997073104696894,0,0,1,1,0,279
35,37123,1000,2,"bernoulli","linesearch",0.000800000000000133,0.2,0.000160000000000027,0.160000000000027,0.01,2000,0.5,1,7,0,NA,338.08,1366,1,0,0.00997073104696894,0,0,1,0,0,280
36,38123,1000,2,"bernoulli","fixed",0.000800000000000013,10,0.00800000000000013,8.00000000000013,0.01,2000,0.5,1,0,0,NA,59.804,2000,0,0,492.231903066458,0,0,1,1,0,281
36,38123,1000,2,"bernoulli","linesearch",0.000800000000000013,10,0.00800000000000013,8.00000000000013,0.01,2000,0.5,1,7,0,NA,240.491,438,1,0,0.00984938171819033,4,4,0,0,0,282
36,38123,1000,2,"bernoulli","fixed",0.000800000000000013,5,0.00400000000000006,4.00000000000006,0.01,2000,0.5,1,0,0,NA,6.02000000000021,60,1,0,0.00988621212237828,0,0,1,1,0,283
36,38123,1000,2,"bernoulli","linesearch",0.000800000000000013,5,0.00400000000000006,4.00000000000006,0.01,2000,0.5,1,7,0,NA,210.459,438,1,0,0.00984938171819033,3,3,0,0,0,284
36,38123,1000,2,"bernoulli","fixed",0.000800000000000013,1,0.000800000000000013,0.800000000000013,0.01,2000,0.5,1,0,0,NA,11.7220000000002,273,1,0,0.00979474371223357,0,0,1,1,0,285
36,38123,1000,2,"bernoulli","linesearch",0.000800000000000013,1,0.000800000000000013,0.800000000000013,0.01,2000,0.5,1,7,0,NA,76.211,273,1,0,0.00979474371223357,0,0,1,0,0,286
36,38123,1000,2,"bernoulli","fixed",0.000800000000000013,0.2,0.000160000000000003,0.160000000000003,0.01,2000,0.5,1,0,0,NA,39.5550000000001,1372,1,0,0.0099593903344152,0,0,1,1,0,287
36,38123,1000,2,"bernoulli","linesearch",0.000800000000000013,0.2,0.000160000000000003,0.160000000000003,0.01,2000,0.5,1,7,0,NA,359.565,1372,1,0,0.0099593903344152,0,0,1,0,0,288
37,39123,1000,2,"bernoulli","fixed",8e-04,10,0.008,8,0.01,2000,0.5,1,0,0,NA,57.058,2000,0,0,470.955568168405,0,0,1,1,0,289
37,39123,1000,2,"bernoulli","linesearch",8e-04,10,0.008,8,0.01,2000,0.5,1,7,0,NA,209.469,397,1,0,0.00996512079700948,4,4,0,0,0,290
37,39123,1000,2,"bernoulli","fixed",8e-04,5,0.004,4,0.01,2000,0.5,1,0,0,NA,5.86900000000014,60,1,0,0.00993695332287325,0,0,1,1,0,291
37,39123,1000,2,"bernoulli","linesearch",8e-04,5,0.004,4,0.01,2000,0.5,1,7,0,NA,181.257,397,1,0,0.00996512079700948,3,3,0,0,0,292
37,39123,1000,2,"bernoulli","fixed",8e-04,1,8e-04,0.8,0.01,2000,0.5,1,0,0,NA,10.646,248,1,0,0.00975728238816555,0,0,1,1,0,293
37,39123,1000,2,"bernoulli","linesearch",8e-04,1,8e-04,0.8,0.01,2000,0.5,1,7,0,NA,64.068,248,1,0,0.00975728238816555,0,0,1,0,0,294
37,39123,1000,2,"bernoulli","fixed",8e-04,0.2,0.00016,0.16,0.01,2000,0.5,1,0,0,NA,36.2170000000001,1246,1,0,0.00995152673452944,0,0,1,1,0,295
37,39123,1000,2,"bernoulli","linesearch",8e-04,0.2,0.00016,0.16,0.01,2000,0.5,1,7,0,NA,297.444,1246,1,0,0.00995152673452944,0,0,1,0,0,296
38,40123,1000,2,"bernoulli","fixed",0.000800000000000018,10,0.00800000000000018,8.00000000000018,0.01,2000,0.5,1,0,0,NA,55.485,2000,0,0,476.800268338039,0,0,1,1,0,297
38,40123,1000,2,"bernoulli","linesearch",0.000800000000000018,10,0.00800000000000018,8.00000000000018,0.01,2000,0.5,1,7,0,NA,225.361,428,1,0,0.00994768564462029,4,4,0,0,0,298
38,40123,1000,2,"bernoulli","fixed",0.000800000000000018,5,0.00400000000000009,4.00000000000009,0.01,2000,0.5,1,0,0,NA,5.91399999999999,61,1,0,0.00932369537977795,0,0,1,1,0,299
38,40123,1000,2,"bernoulli","linesearch",0.000800000000000018,5,0.00400000000000009,4.00000000000009,0.01,2000,0.5,1,7,0,NA,199.521,428,1,0,0.00994768564462029,3,3,0,0,0,300
38,40123,1000,2,"bernoulli","fixed",0.000800000000000018,1,0.000800000000000018,0.800000000000018,0.01,2000,0.5,1,0,0,NA,11.261,267,1,0,0.00982557626663627,0,0,1,1,0,301
38,40123,1000,2,"bernoulli","linesearch",0.000800000000000018,1,0.000800000000000018,0.800000000000018,0.01,2000,0.5,1,7,0,NA,71.7310000000002,267,1,0,0.00982557626663627,0,0,1,0,0,302
38,40123,1000,2,"bernoulli","fixed",0.000800000000000018,0.2,0.000160000000000004,0.160000000000004,0.01,2000,0.5,1,0,0,NA,38.6510000000001,1342,1,0,0.00999937052395922,0,0,1,1,0,303
38,40123,1000,2,"bernoulli","linesearch",0.000800000000000018,0.2,0.000160000000000004,0.160000000000004,0.01,2000,0.5,1,7,0,NA,339.287,1342,1,0,0.00999937052395922,0,0,1,0,0,304
39,41123,1000,2,"bernoulli","fixed",0.000800000000000013,10,0.00800000000000013,8.00000000000013,0.01,2000,0.5,1,0,0,NA,59.143,2000,0,0,463.11509128811,0,0,1,1,0,305
39,41123,1000,2,"bernoulli","linesearch",0.000800000000000013,10,0.00800000000000013,8.00000000000013,0.01,2000,0.5,1,7,0,NA,227.296,424,1,0,0.00993906160898189,4,4,0,0,0,306
39,41123,1000,2,"bernoulli","fixed",0.000800000000000013,5,0.00400000000000006,4.00000000000006,0.01,2000,0.5,1,0,0,NA,5.86300000000006,60,1,0,0.0094951735405725,0,0,1,1,0,307
39,41123,1000,2,"bernoulli","linesearch",0.000800000000000013,5,0.00400000000000006,4.00000000000006,0.01,2000,0.5,1,7,0,NA,196.673,424,1,0,0.00993906160898189,3,3,0,0,0,308
39,41123,1000,2,"bernoulli","fixed",0.000800000000000013,1,0.000800000000000013,0.800000000000013,0.01,2000,0.5,1,0,0,NA,11.0230000000001,264,1,0,0.00994365367013739,0,0,1,1,0,309
39,41123,1000,2,"bernoulli","linesearch",0.000800000000000013,1,0.000800000000000013,0.800000000000013,0.01,2000,0.5,1,7,0,NA,69.068,264,1,0,0.00994365367013739,0,0,1,0,0,310
39,41123,1000,2,"bernoulli","fixed",0.000800000000000013,0.2,0.000160000000000003,0.160000000000003,0.01,2000,0.5,1,0,0,NA,38.624,1330,1,0,0.00996722030405001,0,0,1,1,0,311
39,41123,1000,2,"bernoulli","linesearch",0.000800000000000013,0.2,0.000160000000000003,0.160000000000003,0.01,2000,0.5,1,7,0,NA,327.149,1330,1,0,0.00996722030405001,0,0,1,0,0,312
40,42123,1000,2,"bernoulli","fixed",0.000800000000000002,10,0.00800000000000002,8.00000000000002,0.01,2000,0.5,1,0,0,NA,55.9699999999999,2000,0,0,470.253068946331,0,0,1,1,0,313
40,42123,1000,2,"bernoulli","linesearch",0.000800000000000002,10,0.00800000000000002,8.00000000000002,0.01,2000,0.5,1,7,0,NA,221.694,416,1,0,0.00986720853946735,4,4,0,0,0,314
40,42123,1000,2,"bernoulli","fixed",0.000800000000000002,5,0.00400000000000001,4.00000000000001,0.01,2000,0.5,1,0,0,NA,6.01200000000017,59,1,0,0.00949167750934543,0,0,1,1,0,315
40,42123,1000,2,"bernoulli","linesearch",0.000800000000000002,5,0.00400000000000001,4.00000000000001,0.01,2000,0.5,1,7,0,NA,191.178,416,1,0,0.00986720853946735,3,3,0,0,0,316
40,42123,1000,2,"bernoulli","fixed",0.000800000000000002,1,0.000800000000000002,0.800000000000002,0.01,2000,0.5,1,0,0,NA,10.818,259,1,0,0.00986932281200267,0,0,1,1,0,317
40,42123,1000,2,"bernoulli","linesearch",0.000800000000000002,1,0.000800000000000002,0.800000000000002,0.01,2000,0.5,1,7,0,NA,66.9939999999999,259,1,0,0.00986932281200267,0,0,1,0,0,318
40,42123,1000,2,"bernoulli","fixed",0.000800000000000002,0.2,0.00016,0.16,0.01,2000,0.5,1,0,0,NA,38.1879999999999,1304,1,0,0.00995094181128026,0,0,1,1,0,319
40,42123,1000,2,"bernoulli","linesearch",0.000800000000000002,0.2,0.00016,0.16,0.01,2000,0.5,1,7,0,NA,314.736,1304,1,0,0.00995094181128026,0,0,1,0,0,320
41,43123,1000,2,"bernoulli","fixed",0.000800000000000014,10,0.00800000000000014,8.00000000000014,0.01,2000,0.5,1,0,0,NA,55.304,2000,0,0,469.623351174818,0,0,1,1,0,321
41,43123,1000,2,"bernoulli","linesearch",0.000800000000000014,10,0.00800000000000014,8.00000000000014,0.01,2000,0.5,1,7,0,NA,219.001,411,1,0,0.00997363773713361,4,4,0,0,0,322
41,43123,1000,2,"bernoulli","fixed",0.000800000000000014,5,0.00400000000000007,4.00000000000007,0.01,2000,0.5,1,0,0,NA,5.93700000000013,60,1,0,0.00934732106172709,0,0,1,1,0,323
41,43123,1000,2,"bernoulli","linesearch",0.000800000000000014,5,0.00400000000000007,4.00000000000007,0.01,2000,0.5,1,7,0,NA,190.487,411,1,0,0.00997363773713361,3,3,0,0,0,324
41,43123,1000,2,"bernoulli","fixed",0.000800000000000014,1,0.000800000000000014,0.800000000000014,0.01,2000,0.5,1,0,0,NA,10.9110000000001,256,1,0,0.0099448763189994,0,0,1,1,0,325
41,43123,1000,2,"bernoulli","linesearch",0.000800000000000014,1,0.000800000000000014,0.800000000000014,0.01,2000,0.5,1,7,0,NA,65.934,256,1,0,0.0099448763189994,0,0,1,0,0,326
41,43123,1000,2,"bernoulli","fixed",0.000800000000000014,0.2,0.000160000000000003,0.160000000000003,0.01,2000,0.5,1,0,0,NA,37.3699999999999,1290,1,0,0.00996865408762099,0,0,1,1,0,327
41,43123,1000,2,"bernoulli","linesearch",0.000800000000000014,0.2,0.000160000000000003,0.160000000000003,0.01,2000,0.5,1,7,0,NA,314.223,1290,1,0,0.00996865408762099,0,0,1,0,0,328
42,44123,1000,2,"bernoulli","fixed",0.000800000000000021,10,0.0080000000000002,8.0000000000002,0.01,2000,0.5,1,0,0,NA,55.841,2000,0,0,466.943835588325,0,0,1,1,0,329
42,44123,1000,2,"bernoulli","linesearch",0.000800000000000021,10,0.0080000000000002,8.0000000000002,0.01,2000,0.5,1,7,0,NA,249.17,466,1,0,0.00992419807946501,4,4,0,0,0,330
42,44123,1000,2,"bernoulli","fixed",0.000800000000000021,5,0.0040000000000001,4.0000000000001,0.01,2000,0.5,1,0,0,NA,5.89200000000005,61,1,0,0.00951486593261797,0,0,1,1,0,331
42,44123,1000,2,"bernoulli","linesearch",0.000800000000000021,5,0.0040000000000001,4.0000000000001,0.01,2000,0.5,1,7,0,NA,217.767,466,1,0,0.00992419807946501,3,3,0,0,0,332
42,44123,1000,2,"bernoulli","fixed",0.000800000000000021,1,0.000800000000000021,0.800000000000021,0.01,2000,0.5,1,0,0,NA,11.779,290,1,0,0.00997681917328391,0,0,1,1,0,333
42,44123,1000,2,"bernoulli","linesearch",0.000800000000000021,1,0.000800000000000021,0.800000000000021,0.01,2000,0.5,1,7,0,NA,79.761,290,1,0,0.00997681917328391,0,0,1,0,0,334
42,44123,1000,2,"bernoulli","fixed",0.000800000000000021,0.2,0.000160000000000004,0.160000000000004,0.01,2000,0.5,1,0,0,NA,40.895,1461,1,0,0.00997796374405643,0,0,1,1,0,335
42,44123,1000,2,"bernoulli","linesearch",0.000800000000000021,0.2,0.000160000000000004,0.160000000000004,0.01,2000,0.5,1,7,0,NA,387.876,1461,1,0,0.00997796374405643,0,0,1,0,0,336
43,45123,1000,2,"bernoulli","fixed",0.000800000000000003,10,0.00800000000000003,8.00000000000004,0.01,2000,0.5,1,0,0,NA,56.718,2000,0,0,470.238538457305,0,0,1,1,0,337
43,45123,1000,2,"bernoulli","linesearch",0.000800000000000003,10,0.00800000000000003,8.00000000000004,0.01,2000,0.5,1,7,0,NA,218.753,414,1,0,0.00993077613919108,4,4,0,0,0,338
43,45123,1000,2,"bernoulli","fixed",0.000800000000000003,5,0.00400000000000002,4.00000000000002,0.01,2000,0.5,1,0,0,NA,5.95800000000008,60,1,0,0.00964167426799067,0,0,1,1,0,339
43,45123,1000,2,"bernoulli","linesearch",0.000800000000000003,5,0.00400000000000002,4.00000000000002,0.01,2000,0.5,1,7,0,NA,186.405,414,1,0,0.00993077613919108,3,3,0,0,0,340
43,45123,1000,2,"bernoulli","fixed",0.000800000000000003,1,0.000800000000000003,0.800000000000003,0.01,2000,0.5,1,0,0,NA,10.808,258,1,0,0.00988359072740522,0,0,1,1,0,341
43,45123,1000,2,"bernoulli","linesearch",0.000800000000000003,1,0.000800000000000003,0.800000000000003,0.01,2000,0.5,1,7,0,NA,66.7350000000001,258,1,0,0.00988359072740522,0,0,1,0,0,342
43,45123,1000,2,"bernoulli","fixed",0.000800000000000003,0.2,0.000160000000000001,0.160000000000001,0.01,2000,0.5,1,0,0,NA,36.481,1298,1,0,0.00998277897832367,0,0,1,1,0,343
43,45123,1000,2,"bernoulli","linesearch",0.000800000000000003,0.2,0.000160000000000001,0.160000000000001,0.01,2000,0.5,1,7,0,NA,315.001,1298,1,0,0.00998277897832367,0,0,1,0,0,344
44,46123,1000,2,"bernoulli","fixed",0.000800000000000043,10,0.00800000000000043,8.00000000000043,0.01,2000,0.5,1,0,0,NA,57.129,2000,0,0,484.980213488293,0,0,1,1,0,345
44,46123,1000,2,"bernoulli","linesearch",0.000800000000000043,10,0.00800000000000043,8.00000000000043,0.01,2000,0.5,1,7,0,NA,214.449,408,1,0,0.00990213075045406,4,4,0,0,0,346
44,46123,1000,2,"bernoulli","fixed",0.000800000000000043,5,0.00400000000000021,4.00000000000021,0.01,2000,0.5,1,0,0,NA,5.96100000000001,62,1,0,0.00995725519708968,0,0,1,1,0,347
44,46123,1000,2,"bernoulli","linesearch",0.000800000000000043,5,0.00400000000000021,4.00000000000021,0.01,2000,0.5,1,7,0,NA,182.47,408,1,0,0.00990213075045406,3,3,0,0,0,348
44,46123,1000,2,"bernoulli","fixed",0.000800000000000043,1,0.000800000000000043,0.800000000000043,0.01,2000,0.5,1,0,0,NA,10.777,254,1,0,0.00991097228619402,0,0,1,1,0,349
44,46123,1000,2,"bernoulli","linesearch",0.000800000000000043,1,0.000800000000000043,0.800000000000043,0.01,2000,0.5,1,7,0,NA,64.9169999999999,254,1,0,0.00991097228619402,0,0,1,0,0,350
44,46123,1000,2,"bernoulli","fixed",0.000800000000000043,0.2,0.000160000000000009,0.160000000000009,0.01,2000,0.5,1,0,0,NA,36.3990000000001,1279,1,0,0.00997970010135962,0,0,1,1,0,351
44,46123,1000,2,"bernoulli","linesearch",0.000800000000000043,0.2,0.000160000000000009,0.160000000000009,0.01,2000,0.5,1,7,0,NA,307.887,1279,1,0,0.00997970010135962,0,0,1,0,0,352
45,47123,1000,2,"bernoulli","fixed",0.000800000000000284,10,0.00800000000000285,8.00000000000285,0.01,2000,0.5,1,0,0,NA,58.002,2000,0,0,462.10158683349,0,0,1,1,0,353
45,47123,1000,2,"bernoulli","linesearch",0.000800000000000284,10,0.00800000000000285,8.00000000000285,0.01,2000,0.5,1,7,0,NA,204.959,386,1,0,0.00999365898703122,4,4,0,0,0,354
45,47123,1000,2,"bernoulli","fixed",0.000800000000000284,5,0.00400000000000142,4.00000000000142,0.01,2000,0.5,1,0,0,NA,5.98199999999997,60,1,0,0.00995036897951934,0,0,1,1,0,355
45,47123,1000,2,"bernoulli","linesearch",0.000800000000000284,5,0.00400000000000142,4.00000000000142,0.01,2000,0.5,1,7,0,NA,177.492,386,1,0,0.00999365898703122,3,3,0,0,0,356
45,47123,1000,2,"bernoulli","fixed",0.000800000000000284,1,0.000800000000000284,0.800000000000284,0.01,2000,0.5,1,0,0,NA,10.4269999999999,241,1,0,0.00981926845450085,0,0,1,1,0,357
45,47123,1000,2,"bernoulli","linesearch",0.000800000000000284,1,0.000800000000000284,0.800000000000284,0.01,2000,0.5,1,7,0,NA,61.894,241,1,0,0.00981926845450085,0,0,1,0,0,358
45,47123,1000,2,"bernoulli","fixed",0.000800000000000284,0.2,0.000160000000000057,0.160000000000057,0.01,2000,0.5,1,0,0,NA,36.1780000000001,1212,1,0,0.00995566114174171,0,0,1,1,0,359
45,47123,1000,2,"bernoulli","linesearch",0.000800000000000284,0.2,0.000160000000000057,0.160000000000057,0.01,2000,0.5,1,7,0,NA,293.944,1212,1,0,0.00995566114174171,0,0,1,0,0,360
46,48123,1000,2,"bernoulli","fixed",0.000800000000000039,10,0.00800000000000039,8.00000000000039,0.01,2000,0.5,1,0,0,NA,56.951,2000,0,0,480.599748152547,0,0,1,1,0,361
46,48123,1000,2,"bernoulli","linesearch",0.000800000000000039,10,0.00800000000000039,8.00000000000039,0.01,2000,0.5,1,7,0,NA,231.796,440,1,0,0.00997410103713475,4,4,0,0,0,362
46,48123,1000,2,"bernoulli","fixed",0.000800000000000039,5,0.00400000000000019,4.00000000000019,0.01,2000,0.5,1,0,0,NA,5.94399999999996,59,1,0,0.00949970725299354,0,0,1,1,0,363
46,48123,1000,2,"bernoulli","linesearch",0.000800000000000039,5,0.00400000000000019,4.00000000000019,0.01,2000,0.5,1,7,0,NA,202.299,440,1,0,0.00997410103713475,3,3,0,0,0,364
46,48123,1000,2,"bernoulli","fixed",0.000800000000000039,1,0.000800000000000039,0.800000000000039,0.01,2000,0.5,1,0,0,NA,11.4489999999998,274,1,0,0.00997401726943738,0,0,1,1,0,365
46,48123,1000,2,"bernoulli","linesearch",0.000800000000000039,1,0.000800000000000039,0.800000000000039,0.01,2000,0.5,1,7,0,NA,71.136,274,1,0,0.00997401726943738,0,0,1,0,0,366
46,48123,1000,2,"bernoulli","fixed",0.000800000000000039,0.2,0.000160000000000008,0.160000000000008,0.01,2000,0.5,1,0,0,NA,40.6000000000001,1381,1,0,0.00995576088407489,0,0,1,1,0,367
46,48123,1000,2,"bernoulli","linesearch",0.000800000000000039,0.2,0.000160000000000008,0.160000000000008,0.01,2000,0.5,1,7,0,NA,334.426,1381,1,0,0.00995576088407489,0,0,1,0,0,368
47,49123,1000,2,"bernoulli","fixed",0.000800000000000001,10,0.00800000000000001,8.00000000000001,0.01,2000,0.5,1,0,0,NA,57.2149999999999,2000,0,0,460.243326319113,0,0,1,1,0,369
47,49123,1000,2,"bernoulli","linesearch",0.000800000000000001,10,0.00800000000000001,8.00000000000001,0.01,2000,0.5,1,7,0,NA,210.367,399,1,0,0.00993516163777677,4,4,0,0,0,370
47,49123,1000,2,"bernoulli","fixed",0.000800000000000001,5,0.00400000000000001,4.00000000000001,0.01,2000,0.5,1,0,0,NA,7.58400000000006,60,1,0,0.00992128847767693,0,0,1,1,0,371
47,49123,1000,2,"bernoulli","linesearch",0.000800000000000001,5,0.00400000000000001,4.00000000000001,0.01,2000,0.5,1,7,0,NA,184.012,399,1,0,0.00993516163777677,3,3,0,0,0,372
47,49123,1000,2,"bernoulli","fixed",0.000800000000000001,1,0.000800000000000001,0.800000000000001,0.01,2000,0.5,1,0,0,NA,12.7760000000001,249,1,0,0.00978447910309624,0,0,1,1,0,373
47,49123,1000,2,"bernoulli","linesearch",0.000800000000000001,1,0.000800000000000001,0.800000000000001,0.01,2000,0.5,1,7,0,NA,64.3689999999999,249,1,0,0.00978447910309624,0,0,1,0,0,374
47,49123,1000,2,"bernoulli","fixed",0.000800000000000001,0.2,0.00016,0.16,0.01,2000,0.5,1,0,0,NA,37.271,1251,1,0,0.00999745071941138,0,0,1,1,0,375
47,49123,1000,2,"bernoulli","linesearch",0.000800000000000001,0.2,0.00016,0.16,0.01,2000,0.5,1,7,0,NA,300.597,1251,1,0,0.00999745071941138,0,0,1,0,0,376
48,50123,1000,2,"bernoulli","fixed",0.000800000000000012,10,0.00800000000000012,8.00000000000012,0.01,2000,0.5,1,0,0,NA,57.9420000000001,2000,0,0,465.889302574519,0,0,1,1,0,377
48,50123,1000,2,"bernoulli","linesearch",0.000800000000000012,10,0.00800000000000012,8.00000000000012,0.01,2000,0.5,1,7,0,NA,226.117,432,1,0,0.00993621658202049,4,4,0,0,0,378
48,50123,1000,2,"bernoulli","fixed",0.000800000000000012,5,0.00400000000000006,4.00000000000006,0.01,2000,0.5,1,0,0,NA,5.87899999999991,62,1,0,0.00945641029185551,0,0,1,1,0,379
48,50123,1000,2,"bernoulli","linesearch",0.000800000000000012,5,0.00400000000000006,4.00000000000006,0.01,2000,0.5,1,7,0,NA,195.583,432,1,0,0.00993621658202049,3,3,0,0,0,380
48,50123,1000,2,"bernoulli","fixed",0.000800000000000012,1,0.000800000000000012,0.800000000000012,0.01,2000,0.5,1,0,0,NA,11.242,269,1,0,0.00994330444371588,0,0,1,1,0,381
48,50123,1000,2,"bernoulli","linesearch",0.000800000000000012,1,0.000800000000000012,0.800000000000012,0.01,2000,0.5,1,7,0,NA,68.7360000000001,269,1,0,0.00994330444371588,0,0,1,0,0,382
48,50123,1000,2,"bernoulli","fixed",0.000800000000000012,0.2,0.000160000000000002,0.160000000000002,0.01,2000,0.5,1,0,0,NA,37.451,1355,1,0,0.00996063574121075,0,0,1,1,0,383
48,50123,1000,2,"bernoulli","linesearch",0.000800000000000012,0.2,0.000160000000000002,0.160000000000002,0.01,2000,0.5,1,7,0,NA,321.448,1355,1,0,0.00996063574121075,0,0,1,0,0,384
49,51123,1000,2,"bernoulli","fixed",0.000800000000000142,10,0.00800000000000142,8.00000000000142,0.01,2000,0.5,1,0,0,NA,56.0379999999999,2000,0,0,477.497271241793,0,0,1,1,0,385
49,51123,1000,2,"bernoulli","linesearch",0.000800000000000142,10,0.00800000000000142,8.00000000000142,0.01,2000,0.5,1,7,0,NA,230.539,432,1,0,0.00990653511731536,4,4,0,0,0,386
49,51123,1000,2,"bernoulli","fixed",0.000800000000000142,5,0.00400000000000071,4.00000000000071,0.01,2000,0.5,1,0,0,NA,6.0780000000002,62,1,0,0.00949415400777354,0,0,1,1,0,387
49,51123,1000,2,"bernoulli","linesearch",0.000800000000000142,5,0.00400000000000071,4.00000000000071,0.01,2000,0.5,1,7,0,NA,198.459,432,1,0,0.00990653511731536,3,3,0,0,0,388
49,51123,1000,2,"bernoulli","fixed",0.000800000000000142,1,0.000800000000000142,0.800000000000142,0.01,2000,0.5,1,0,0,NA,11.3509999999999,269,1,0,0.00990709769184481,0,0,1,1,0,389
49,51123,1000,2,"bernoulli","linesearch",0.000800000000000142,1,0.000800000000000142,0.800000000000142,0.01,2000,0.5,1,7,0,NA,71.9670000000001,269,1,0,0.00990709769184481,0,0,1,0,0,390
49,51123,1000,2,"bernoulli","fixed",0.000800000000000142,0.2,0.000160000000000028,0.160000000000028,0.01,2000,0.5,1,0,0,NA,37.825,1354,1,0,0.0099898148538069,0,0,1,1,0,391
49,51123,1000,2,"bernoulli","linesearch",0.000800000000000142,0.2,0.000160000000000028,0.160000000000028,0.01,2000,0.5,1,7,0,NA,344.961,1354,1,0,0.0099898148538069,0,0,1,0,0,392
50,52123,1000,2,"bernoulli","fixed",0.000800000000000005,10,0.00800000000000005,8.00000000000005,0.01,2000,0.5,1,0,0,NA,57.336,2000,0,0,477.06022337975,0,0,1,1,0,393
50,52123,1000,2,"bernoulli","linesearch",0.000800000000000005,10,0.00800000000000005,8.00000000000005,0.01,2000,0.5,1,7,0,NA,214.195,410,1,0,0.00985918718619855,4,4,0,0,0,394
50,52123,1000,2,"bernoulli","fixed",0.000800000000000005,5,0.00400000000000002,4.00000000000002,0.01,2000,0.5,1,0,0,NA,5.98900000000003,61,1,0,0.00968954403035716,0,0,1,1,0,395
50,52123,1000,2,"bernoulli","linesearch",0.000800000000000005,5,0.00400000000000002,4.00000000000002,0.01,2000,0.5,1,7,0,NA,188.429,410,1,0,0.00985918718619855,3,3,0,0,0,396
50,52123,1000,2,"bernoulli","fixed",0.000800000000000005,1,0.000800000000000005,0.800000000000005,0.01,2000,0.5,1,0,0,NA,10.9799999999998,255,1,0,0.00994167208680431,0,0,1,1,0,397
50,52123,1000,2,"bernoulli","linesearch",0.000800000000000005,1,0.000800000000000005,0.800000000000005,0.01,2000,0.5,1,7,0,NA,64.462,255,1,0,0.00994167208680431,0,0,1,0,0,398
50,52123,1000,2,"bernoulli","fixed",0.000800000000000005,0.2,0.000160000000000001,0.160000000000001,0.01,2000,0.5,1,0,0,NA,37.3300000000002,1284,1,0,0.00998903583483818,0,0,1,1,0,399
50,52123,1000,2,"bernoulli","linesearch",0.000800000000000005,0.2,0.000160000000000001,0.160000000000001,0.01,2000,0.5,1,7,0,NA,309.333,1284,1,0,0.00998903583483818,0,0,1,0,0,400
51,53123,1000,2,"bernoulli","fixed",0.000800000000000059,10,0.0080000000000006,8.0000000000006,0.01,2000,0.5,1,0,0,NA,56.9649999999999,2000,0,0,466.426300169417,0,0,1,1,0,401
51,53123,1000,2,"bernoulli","linesearch",0.000800000000000059,10,0.0080000000000006,8.0000000000006,0.01,2000,0.5,1,7,0,NA,230.836,433,1,0,0.00999999581001278,4,4,0,0,0,402
51,53123,1000,2,"bernoulli","fixed",0.000800000000000059,5,0.0040000000000003,4.0000000000003,0.01,2000,0.5,1,0,0,NA,5.98500000000013,63,1,0,0.00970838048876799,0,0,1,1,0,403
51,53123,1000,2,"bernoulli","linesearch",0.000800000000000059,5,0.0040000000000003,4.0000000000003,0.01,2000,0.5,1,7,0,NA,197.836,433,1,0,0.00999999581001278,3,3,0,0,0,404
51,53123,1000,2,"bernoulli","fixed",0.000800000000000059,1,0.000800000000000059,0.800000000000059,0.01,2000,0.5,1,0,0,NA,11.3419999999996,270,1,0,0.00990783626951036,0,0,1,1,0,405
51,53123,1000,2,"bernoulli","linesearch",0.000800000000000059,1,0.000800000000000059,0.800000000000059,0.01,2000,0.5,1,7,0,NA,67.6610000000001,270,1,0,0.00990783626951036,0,0,1,0,0,406
51,53123,1000,2,"bernoulli","fixed",0.000800000000000059,0.2,0.000160000000000012,0.160000000000012,0.01,2000,0.5,1,0,0,NA,37.547,1359,1,0,0.00998274609402187,0,0,1,1,0,407
51,53123,1000,2,"bernoulli","linesearch",0.000800000000000059,0.2,0.000160000000000012,0.160000000000012,0.01,2000,0.5,1,7,0,NA,323.824,1359,1,0,0.00998274609402187,0,0,1,0,0,408
52,54123,1000,2,"bernoulli","fixed",8e-04,10,0.008,8,0.01,2000,0.5,1,0,0,NA,55.5609999999999,2000,0,0,460.541535688887,0,0,1,1,0,409
52,54123,1000,2,"bernoulli","linesearch",8e-04,10,0.008,8,0.01,2000,0.5,1,7,0,NA,203.745,382,1,0,0.00998865142287239,4,4,0,0,0,410
52,54123,1000,2,"bernoulli","fixed",8e-04,5,0.004,4,0.01,2000,0.5,1,0,0,NA,5.88100000000009,60,1,0,0.00931877163646516,0,0,1,1,0,411
52,54123,1000,2,"bernoulli","linesearch",8e-04,5,0.004,4,0.01,2000,0.5,1,7,0,NA,176.034,382,1,0,0.00998865142287239,3,3,0,0,0,412
52,54123,1000,2,"bernoulli","fixed",8e-04,1,8e-04,0.8,0.01,2000,0.5,1,0,0,NA,10.46,238,1,0,0.00994315442896111,0,0,1,1,0,413
52,54123,1000,2,"bernoulli","linesearch",8e-04,1,8e-04,0.8,0.01,2000,0.5,1,7,0,NA,61.2260000000001,238,1,0,0.00994315442896111,0,0,1,0,0,414
52,54123,1000,2,"bernoulli","fixed",8e-04,0.2,0.00016,0.16,0.01,2000,0.5,1,0,0,NA,35.357,1199,1,0,0.00998340089832251,0,0,1,1,0,415
52,54123,1000,2,"bernoulli","linesearch",8e-04,0.2,0.00016,0.16,0.01,2000,0.5,1,7,0,NA,288.695,1199,1,0,0.00998340089832251,0,0,1,0,0,416
53,55123,1000,2,"bernoulli","fixed",0.000800000000000001,10,0.00800000000000001,8.00000000000001,0.01,2000,0.5,1,0,0,NA,55.4940000000001,2000,0,0,495.391089092528,0,0,1,1,0,417
53,55123,1000,2,"bernoulli","linesearch",0.000800000000000001,10,0.00800000000000001,8.00000000000001,0.01,2000,0.5,1,7,0,NA,202.005,378,1,0,0.00998006622634967,4,4,0,0,0,418
53,55123,1000,2,"bernoulli","fixed",0.000800000000000001,5,0.00400000000000001,4.00000000000001,0.01,2000,0.5,1,0,0,NA,5.93000000000006,58,1,0,0.00941064515378554,0,0,1,1,0,419
53,55123,1000,2,"bernoulli","linesearch",0.000800000000000001,5,0.00400000000000001,4.00000000000001,0.01,2000,0.5,1,7,0,NA,175.587,378,1,0,0.00998006622634967,3,3,0,0,0,420
53,55123,1000,2,"bernoulli","fixed",0.000800000000000001,1,0.000800000000000001,0.800000000000001,0.01,2000,0.5,1,0,0,NA,10.4590000000003,236,1,0,0.00978693582572435,0,0,1,1,0,421
53,55123,1000,2,"bernoulli","linesearch",0.000800000000000001,1,0.000800000000000001,0.800000000000001,0.01,2000,0.5,1,7,0,NA,63.0349999999999,236,1,0,0.00978693582572435,0,0,1,0,0,422
53,55123,1000,2,"bernoulli","fixed",0.000800000000000001,0.2,0.00016,0.16,0.01,2000,0.5,1,0,0,NA,35.0820000000003,1187,1,0,0.0099545959717436,0,0,1,1,0,423
53,55123,1000,2,"bernoulli","linesearch",0.000800000000000001,0.2,0.00016,0.16,0.01,2000,0.5,1,7,0,NA,294.733,1187,1,0,0.0099545959717436,0,0,1,0,0,424
54,56123,1000,2,"bernoulli","fixed",0.000800000000000024,10,0.00800000000000024,8.00000000000025,0.01,2000,0.5,1,0,0,NA,55.4459999999999,2000,0,0,477.946552324521,0,0,1,1,0,425
54,56123,1000,2,"bernoulli","linesearch",0.000800000000000024,10,0.00800000000000024,8.00000000000025,0.01,2000,0.5,1,7,0,NA,245.618,459,1,0,0.00984964129281307,4,4,0,0,0,426
54,56123,1000,2,"bernoulli","fixed",0.000800000000000024,5,0.00400000000000012,4.00000000000012,0.01,2000,0.5,1,0,0,NA,5.97200000000021,61,1,0,0.00940534306206786,0,0,1,1,0,427
54,56123,1000,2,"bernoulli","linesearch",0.000800000000000024,5,0.00400000000000012,4.00000000000012,0.01,2000,0.5,1,7,0,NA,214.264,459,1,0,0.00984964129281307,3,3,0,0,0,428
54,56123,1000,2,"bernoulli","fixed",0.000800000000000024,1,0.000800000000000024,0.800000000000024,0.01,2000,0.5,1,0,0,NA,11.4859999999999,286,1,0,0.00981408421978297,0,0,1,1,0,429
54,56123,1000,2,"bernoulli","linesearch",0.000800000000000024,1,0.000800000000000024,0.800000000000024,0.01,2000,0.5,1,7,0,NA,76.4660000000003,286,1,0,0.00981408421978297,0,0,1,0,0,430
54,56123,1000,2,"bernoulli","fixed",0.000800000000000024,0.2,0.000160000000000005,0.160000000000005,0.01,2000,0.5,1,0,0,NA,40.056,1438,1,0,0.00995390906301305,0,0,1,1,0,431
54,56123,1000,2,"bernoulli","linesearch",0.000800000000000024,0.2,0.000160000000000005,0.160000000000005,0.01,2000,0.5,1,7,0,NA,362.64,1438,1,0,0.00995390906301305,0,0,1,0,0,432
55,57123,1000,2,"bernoulli","fixed",0.000800000000000013,10,0.00800000000000013,8.00000000000013,0.01,2000,0.5,1,0,0,NA,56.336,2000,0,0,475.558963799739,0,0,1,1,0,433
55,57123,1000,2,"bernoulli","linesearch",0.000800000000000013,10,0.00800000000000013,8.00000000000013,0.01,2000,0.5,1,7,0,NA,214.817,401,1,0,0.0098318435720702,4,4,0,0,0,434
55,57123,1000,2,"bernoulli","fixed",0.000800000000000013,5,0.00400000000000006,4.00000000000006,0.01,2000,0.5,1,0,0,NA,5.94900000000007,59,1,0,0.00995209600623848,0,0,1,1,0,435
55,57123,1000,2,"bernoulli","linesearch",0.000800000000000013,5,0.00400000000000006,4.00000000000006,0.01,2000,0.5,1,7,0,NA,187.297,401,1,0,0.0098318435720702,3,3,0,0,0,436
55,57123,1000,2,"bernoulli","fixed",0.000800000000000013,1,0.000800000000000013,0.800000000000013,0.01,2000,0.5,1,0,0,NA,10.9180000000001,250,1,0,0.0097384366310419,0,0,1,1,0,437
55,57123,1000,2,"bernoulli","linesearch",0.000800000000000013,1,0.000800000000000013,0.800000000000013,0.01,2000,0.5,1,7,0,NA,67.1030000000001,250,1,0,0.0097384366310419,0,0,1,0,0,438
55,57123,1000,2,"bernoulli","fixed",0.000800000000000013,0.2,0.000160000000000003,0.160000000000003,0.01,2000,0.5,1,0,0,NA,35.8000000000002,1256,1,0,0.00997248784542051,0,0,1,1,0,439
55,57123,1000,2,"bernoulli","linesearch",0.000800000000000013,0.2,0.000160000000000003,0.160000000000003,0.01,2000,0.5,1,7,0,NA,315.902,1256,1,0,0.00997248784542051,0,0,1,0,0,440
56,58123,1000,2,"bernoulli","fixed",0.000800000000000001,10,0.00800000000000001,8.00000000000001,0.01,2000,0.5,1,0,0,NA,55.278,2000,0,0,466.507470287504,0,0,1,1,0,441
56,58123,1000,2,"bernoulli","linesearch",0.000800000000000001,10,0.00800000000000001,8.00000000000001,0.01,2000,0.5,1,7,0,NA,248.808,467,1,0,0.00998675561136883,4,4,0,0,0,442
56,58123,1000,2,"bernoulli","fixed",0.000800000000000001,5,0.00400000000000001,4.00000000000001,0.01,2000,0.5,1,0,0,NA,5.90299999999979,61,1,0,0.00962975361230323,0,0,1,1,0,443
56,58123,1000,2,"bernoulli","linesearch",0.000800000000000001,5,0.00400000000000001,4.00000000000001,0.01,2000,0.5,1,7,0,NA,216.86,467,1,0,0.00998675561136883,3,3,0,0,0,444
56,58123,1000,2,"bernoulli","fixed",0.000800000000000001,1,0.000800000000000001,0.800000000000001,0.01,2000,0.5,1,0,0,NA,11.5450000000001,291,1,0,0.00994752062001844,0,0,1,1,0,445
56,58123,1000,2,"bernoulli","linesearch",0.000800000000000001,1,0.000800000000000001,0.800000000000001,0.01,2000,0.5,1,7,0,NA,86.8310000000001,291,1,0,0.00994752062001844,0,0,1,0,0,446
56,58123,1000,2,"bernoulli","fixed",0.000800000000000001,0.2,0.00016,0.16,0.01,2000,0.5,1,0,0,NA,40.9070000000002,1465,1,0,0.00999679699585379,0,0,1,1,0,447
56,58123,1000,2,"bernoulli","linesearch",0.000800000000000001,0.2,0.00016,0.16,0.01,2000,0.5,1,7,0,NA,404.764,1465,1,0,0.00999679699585379,0,0,1,0,0,448
57,59123,1000,2,"bernoulli","fixed",0.000800000000000001,10,0.00800000000000001,8.00000000000001,0.01,2000,0.5,1,0,0,NA,56.4259999999999,2000,0,0,462.998936971939,0,0,1,1,0,449
57,59123,1000,2,"bernoulli","linesearch",0.000800000000000001,10,0.00800000000000001,8.00000000000001,0.01,2000,0.5,1,7,0,NA,212.693,407,1,0,0.00988681023525463,4,4,0,0,0,450
57,59123,1000,2,"bernoulli","fixed",0.000800000000000001,5,0.00400000000000001,4.00000000000001,0.01,2000,0.5,1,0,0,NA,5.82300000000032,59,1,0,0.00959611191475929,0,0,1,1,0,451
57,59123,1000,2,"bernoulli","linesearch",0.000800000000000001,5,0.00400000000000001,4.00000000000001,0.01,2000,0.5,1,7,0,NA,186.486,407,1,0,0.00988681023525463,3,3,0,0,0,452
57,59123,1000,2,"bernoulli","fixed",0.000800000000000001,1,0.000800000000000001,0.800000000000001,0.01,2000,0.5,1,0,0,NA,10.8679999999999,254,1,0,0.00974057924627697,0,0,1,1,0,453
57,59123,1000,2,"bernoulli","linesearch",0.000800000000000001,1,0.000800000000000001,0.800000000000001,0.01,2000,0.5,1,7,0,NA,64.4959999999996,254,1,0,0.00974057924627697,0,0,1,0,0,454
57,59123,1000,2,"bernoulli","fixed",0.000800000000000001,0.2,0.00016,0.16,0.01,2000,0.5,1,0,0,NA,36.404,1275,1,0,0.00999896535589449,0,0,1,1,0,455
57,59123,1000,2,"bernoulli","linesearch",0.000800000000000001,0.2,0.00016,0.16,0.01,2000,0.5,1,7,0,NA,309.624,1275,1,0,0.00999896535589449,0,0,1,0,0,456
58,60123,1000,2,"bernoulli","fixed",8e-04,10,0.008,8,0.01,2000,0.5,1,0,0,NA,56.1220000000001,2000,0,0,477.81095348168,0,0,1,1,0,457
58,60123,1000,2,"bernoulli","linesearch",8e-04,10,0.008,8,0.01,2000,0.5,1,7,0,NA,208.055,401,1,0,0.00997491790385242,4,4,0,0,0,458
58,60123,1000,2,"bernoulli","fixed",8e-04,5,0.004,4,0.01,2000,0.5,1,0,0,NA,5.79799999999977,59,1,0,0.00997239935627747,0,0,1,1,0,459
58,60123,1000,2,"bernoulli","linesearch",8e-04,5,0.004,4,0.01,2000,0.5,1,7,0,NA,182.743,401,1,0,0.00997491790385242,3,3,0,0,0,460
58,60123,1000,2,"bernoulli","fixed",8e-04,1,8e-04,0.8,0.01,2000,0.5,1,0,0,NA,10.7019999999998,250,1,0,0.00989556740820775,0,0,1,1,0,461
58,60123,1000,2,"bernoulli","linesearch",8e-04,1,8e-04,0.8,0.01,2000,0.5,1,7,0,NA,64.0279999999998,250,1,0,0.00989556740820775,0,0,1,0,0,462
58,60123,1000,2,"bernoulli","fixed",8e-04,0.2,0.00016,0.16,0.01,2000,0.5,1,0,0,NA,35.183,1258,1,0,0.00999226323174261,0,0,1,1,0,463
58,60123,1000,2,"bernoulli","linesearch",8e-04,0.2,0.00016,0.16,0.01,2000,0.5,1,7,0,NA,298.626,1258,1,0,0.00999226323174261,0,0,1,0,0,464
59,61123,1000,2,"bernoulli","fixed",0.000800000000000126,10,0.00800000000000126,8.00000000000126,0.01,2000,0.5,1,0,0,NA,55.6389999999999,2000,0,0,465.979507402491,0,0,1,1,0,465
59,61123,1000,2,"bernoulli","linesearch",0.000800000000000126,10,0.00800000000000126,8.00000000000126,0.01,2000,0.5,1,7,0,NA,234.107,439,1,0,0.00990032750259155,4,4,0,0,0,466
59,61123,1000,2,"bernoulli","fixed",0.000800000000000126,5,0.00400000000000063,4.00000000000063,0.01,2000,0.5,1,0,0,NA,5.95100000000002,62,1,0,0.00997636465611135,0,0,1,1,0,467
59,61123,1000,2,"bernoulli","linesearch",0.000800000000000126,5,0.00400000000000063,4.00000000000063,0.01,2000,0.5,1,7,0,NA,203.167,439,1,0,0.00990032750259155,3,3,0,0,0,468
59,61123,1000,2,"bernoulli","fixed",0.000800000000000126,1,0.000800000000000126,0.800000000000126,0.01,2000,0.5,1,0,0,NA,11.3119999999999,274,1,0,0.00975006162454277,0,0,1,1,0,469
59,61123,1000,2,"bernoulli","linesearch",0.000800000000000126,1,0.000800000000000126,0.800000000000126,0.01,2000,0.5,1,7,0,NA,71.7829999999999,274,1,0,0.00975006162454277,0,0,1,0,0,470
59,61123,1000,2,"bernoulli","fixed",0.000800000000000126,0.2,0.000160000000000025,0.160000000000025,0.01,2000,0.5,1,0,0,NA,39.4720000000002,1376,1,0,0.00996914433565184,0,0,1,1,0,471
59,61123,1000,2,"bernoulli","linesearch",0.000800000000000126,0.2,0.000160000000000025,0.160000000000025,0.01,2000,0.5,1,7,0,NA,342.48,1376,1,0,0.00996914433565184,0,0,1,0,0,472
60,62123,1000,2,"bernoulli","fixed",0.000800000000000215,10,0.00800000000000215,8.00000000000215,0.01,2000,0.5,1,0,0,NA,56.441,2000,0,0,491.263081799802,0,0,1,1,0,473
60,62123,1000,2,"bernoulli","linesearch",0.000800000000000215,10,0.00800000000000215,8.00000000000215,0.01,2000,0.5,1,7,0,NA,242.533,462,1,0,0.00989639600759389,4,4,0,0,0,474
60,62123,1000,2,"bernoulli","fixed",0.000800000000000215,5,0.00400000000000108,4.00000000000108,0.01,2000,0.5,1,0,0,NA,5.92599999999993,63,1,0,0.00963729726827611,0,0,1,1,0,475
60,62123,1000,2,"bernoulli","linesearch",0.000800000000000215,5,0.00400000000000108,4.00000000000108,0.01,2000,0.5,1,7,0,NA,210.74,462,1,0,0.00989639600759389,3,3,0,0,0,476
60,62123,1000,2,"bernoulli","fixed",0.000800000000000215,1,0.000800000000000215,0.800000000000215,0.01,2000,0.5,1,0,0,NA,11.5640000000003,288,1,0,0.00982778174700508,0,0,1,1,0,477
60,62123,1000,2,"bernoulli","linesearch",0.000800000000000215,1,0.000800000000000215,0.800000000000215,0.01,2000,0.5,1,7,0,NA,75.9479999999999,288,1,0,0.00982778174700508,0,0,1,0,0,478
60,62123,1000,2,"bernoulli","fixed",0.000800000000000215,0.2,0.000160000000000043,0.160000000000043,0.01,2000,0.5,1,0,0,NA,41.8849999999998,1448,1,0,0.0099726342674048,0,0,1,1,0,479
60,62123,1000,2,"bernoulli","linesearch",0.000800000000000215,0.2,0.000160000000000043,0.160000000000043,0.01,2000,0.5,1,7,0,NA,367.004,1448,1,0,0.0099726342674048,0,0,1,0,0,480
61,63123,1000,2,"bernoulli","fixed",8e-04,10,0.008,8,0.01,2000,0.5,1,0,0,NA,57.759,2000,0,0,461.834546540154,0,0,1,1,0,481
61,63123,1000,2,"bernoulli","linesearch",8e-04,10,0.008,8,0.01,2000,0.5,1,7,0,NA,198.473,374,1,0,0.00988259995668002,4,4,0,0,0,482
61,63123,1000,2,"bernoulli","fixed",8e-04,5,0.004,4,0.01,2000,0.5,1,0,0,NA,5.91100000000006,60,1,0,0.0097951908165671,0,0,1,1,0,483
61,63123,1000,2,"bernoulli","linesearch",8e-04,5,0.004,4,0.01,2000,0.5,1,7,0,NA,171.442,374,1,0,0.00988259995668002,3,3,0,0,0,484
61,63123,1000,2,"bernoulli","fixed",8e-04,1,8e-04,0.8,0.01,2000,0.5,1,0,0,NA,10.3029999999999,233,1,0,0.00983982180914008,0,0,1,1,0,485
61,63123,1000,2,"bernoulli","linesearch",8e-04,1,8e-04,0.8,0.01,2000,0.5,1,7,0,NA,60.9720000000002,233,1,0,0.00983982180914008,0,0,1,0,0,486
61,63123,1000,2,"bernoulli","fixed",8e-04,0.2,0.00016,0.16,0.01,2000,0.5,1,0,0,NA,34.5260000000003,1172,1,0,0.00998549271441307,0,0,1,1,0,487
61,63123,1000,2,"bernoulli","linesearch",8e-04,0.2,0.00016,0.16,0.01,2000,0.5,1,7,0,NA,283.131,1172,1,0,0.00998549271441307,0,0,1,0,0,488
62,64123,1000,2,"bernoulli","fixed",0.00080000000000004,10,0.0080000000000004,8.0000000000004,0.01,2000,0.5,1,0,0,NA,57.0259999999998,2000,0,0,485.699299616051,0,0,1,1,0,489
62,64123,1000,2,"bernoulli","linesearch",0.00080000000000004,10,0.0080000000000004,8.0000000000004,0.01,2000,0.5,1,7,0,NA,196.881,370,1,0,0.00993551449814448,4,4,0,0,0,490
62,64123,1000,2,"bernoulli","fixed",0.00080000000000004,5,0.0040000000000002,4.0000000000002,0.01,2000,0.5,1,0,0,NA,5.93399999999974,60,1,0,0.0095103188468264,0,0,1,1,0,491
62,64123,1000,2,"bernoulli","linesearch",0.00080000000000004,5,0.0040000000000002,4.0000000000002,0.01,2000,0.5,1,7,0,NA,169.648,370,1,0,0.00993551449814448,3,3,0,0,0,492
62,64123,1000,2,"bernoulli","fixed",0.00080000000000004,1,0.00080000000000004,0.80000000000004,0.01,2000,0.5,1,0,0,NA,10.1569999999997,231,1,0,0.00974968567910303,0,0,1,1,0,493
62,64123,1000,2,"bernoulli","linesearch",0.00080000000000004,1,0.00080000000000004,0.80000000000004,0.01,2000,0.5,1,7,0,NA,59.8879999999999,231,1,0,0.00974968567910303,0,0,1,0,0,494
62,64123,1000,2,"bernoulli","fixed",0.00080000000000004,0.2,0.000160000000000008,0.160000000000008,0.01,2000,0.5,1,0,0,NA,34.0690000000004,1161,1,0,0.00995597989111469,0,0,1,1,0,495
62,64123,1000,2,"bernoulli","linesearch",0.00080000000000004,0.2,0.000160000000000008,0.160000000000008,0.01,2000,0.5,1,7,0,NA,283.164,1161,1,0,0.00995597989111469,0,0,1,0,0,496
63,65123,1000,2,"bernoulli","fixed",0.000800000000000053,10,0.00800000000000053,8.00000000000053,0.01,2000,0.5,1,0,0,NA,59.22,2000,0,0,473.710517834803,0,0,1,1,0,497
63,65123,1000,2,"bernoulli","linesearch",0.000800000000000053,10,0.00800000000000053,8.00000000000053,0.01,2000,0.5,1,7,0,NA,229.969,431,1,0,0.00984383959846571,4,4,0,0,0,498
63,65123,1000,2,"bernoulli","fixed",0.000800000000000053,5,0.00400000000000026,4.00000000000026,0.01,2000,0.5,1,0,0,NA,5.91999999999962,59,1,0,0.00998426697823063,0,0,1,1,0,499
63,65123,1000,2,"bernoulli","linesearch",0.000800000000000053,5,0.00400000000000026,4.00000000000026,0.01,2000,0.5,1,7,0,NA,202.589,431,1,0,0.00984383959846571,3,3,0,0,0,500
63,65123,1000,2,"bernoulli","fixed",0.000800000000000053,1,0.000800000000000053,0.800000000000053,0.01,2000,0.5,1,0,0,NA,11.0189999999998,268,1,0,0.00994003841566966,0,0,1,1,0,501
63,65123,1000,2,"bernoulli","linesearch",0.000800000000000053,1,0.000800000000000053,0.800000000000053,0.01,2000,0.5,1,7,0,NA,70.7939999999999,268,1,0,0.00994003841566966,0,0,1,0,0,502
63,65123,1000,2,"bernoulli","fixed",0.000800000000000053,0.2,0.000160000000000011,0.160000000000011,0.01,2000,0.5,1,0,0,NA,38.125,1350,1,0,0.00997564456404473,0,0,1,1,0,503
63,65123,1000,2,"bernoulli","linesearch",0.000800000000000053,0.2,0.000160000000000011,0.160000000000011,0.01,2000,0.5,1,7,0,NA,344.157,1350,1,0,0.00997564456404473,0,0,1,0,0,504
64,66123,1000,2,"bernoulli","fixed",0.000800000000000005,10,0.00800000000000005,8.00000000000004,0.01,2000,0.5,1,0,0,NA,55.4489999999998,2000,0,0,477.145017795006,0,0,1,1,0,505
64,66123,1000,2,"bernoulli","linesearch",0.000800000000000005,10,0.00800000000000005,8.00000000000004,0.01,2000,0.5,1,7,0,NA,213.307,403,1,0,0.0098675363365796,4,4,0,0,0,506
64,66123,1000,2,"bernoulli","fixed",0.000800000000000005,5,0.00400000000000002,4.00000000000002,0.01,2000,0.5,1,0,0,NA,5.97299999999996,61,1,0,0.00998840389992772,0,0,1,1,0,507
64,66123,1000,2,"bernoulli","linesearch",0.000800000000000005,5,0.00400000000000002,4.00000000000002,0.01,2000,0.5,1,7,0,NA,186.362,403,1,0,0.0098675363365796,3,3,0,0,0,508
64,66123,1000,2,"bernoulli","fixed",0.000800000000000005,1,0.000800000000000005,0.800000000000005,0.01,2000,0.5,1,0,0,NA,10.616,251,1,0,0.00985325816810559,0,0,1,1,0,509
64,66123,1000,2,"bernoulli","linesearch",0.000800000000000005,1,0.000800000000000005,0.800000000000005,0.01,2000,0.5,1,7,0,NA,64.6329999999998,251,1,0,0.00985325816810559,0,0,1,0,0,510
64,66123,1000,2,"bernoulli","fixed",0.000800000000000005,0.2,0.000160000000000001,0.160000000000001,0.01,2000,0.5,1,0,0,NA,37.4400000000001,1263,1,0,0.00995245695194218,0,0,1,1,0,511
64,66123,1000,2,"bernoulli","linesearch",0.000800000000000005,0.2,0.000160000000000001,0.160000000000001,0.01,2000,0.5,1,7,0,NA,308.643,1263,1,0,0.00995245695194218,0,0,1,0,0,512
65,67123,1000,2,"bernoulli","fixed",0.000800000000000082,10,0.00800000000000082,8.00000000000082,0.01,2000,0.5,1,0,0,NA,56.5309999999999,2000,0,0,460.68834196623,0,0,1,1,0,513
65,67123,1000,2,"bernoulli","linesearch",0.000800000000000082,10,0.00800000000000082,8.00000000000082,0.01,2000,0.5,1,7,0,NA,218.461,410,1,0,0.00999293850548903,4,4,0,0,0,514
65,67123,1000,2,"bernoulli","fixed",0.000800000000000082,5,0.00400000000000041,4.00000000000041,0.01,2000,0.5,1,0,0,NA,6.01299999999992,60,1,0,0.0099519722201874,0,0,1,1,0,515
65,67123,1000,2,"bernoulli","linesearch",0.000800000000000082,5,0.00400000000000041,4.00000000000041,0.01,2000,0.5,1,7,0,NA,189.793,410,1,0,0.00999293850548903,3,3,0,0,0,516
65,67123,1000,2,"bernoulli","fixed",0.000800000000000082,1,0.000800000000000082,0.800000000000082,0.01,2000,0.5,1,0,0,NA,10.9989999999998,256,1,0,0.00980452530695845,0,0,1,1,0,517
65,67123,1000,2,"bernoulli","linesearch",0.000800000000000082,1,0.000800000000000082,0.800000000000082,0.01,2000,0.5,1,7,0,NA,66.116,256,1,0,0.00980452530695845,0,0,1,0,0,518
65,67123,1000,2,"bernoulli","fixed",0.000800000000000082,0.2,0.000160000000000016,0.160000000000016,0.01,2000,0.5,1,0,0,NA,37.3589999999999,1287,1,0,0.00997553293780855,0,0,1,1,0,519
65,67123,1000,2,"bernoulli","linesearch",0.000800000000000082,0.2,0.000160000000000016,0.160000000000016,0.01,2000,0.5,1,7,0,NA,317.462,1287,1,0,0.00997553293780855,0,0,1,0,0,520
66,68123,1000,2,"bernoulli","fixed",0.000800000000000005,10,0.00800000000000005,8.00000000000005,0.01,2000,0.5,1,0,0,NA,57.1990000000001,2000,0,0,481.149619832144,0,0,1,1,0,521
66,68123,1000,2,"bernoulli","linesearch",0.000800000000000005,10,0.00800000000000005,8.00000000000005,0.01,2000,0.5,1,7,0,NA,243.465,460,1,0,0.00991877914661926,4,4,0,0,0,522
66,68123,1000,2,"bernoulli","fixed",0.000800000000000005,5,0.00400000000000003,4.00000000000003,0.01,2000,0.5,1,0,0,NA,5.94399999999996,62,1,0,0.00958829265789907,0,0,1,1,0,523
66,68123,1000,2,"bernoulli","linesearch",0.000800000000000005,5,0.00400000000000003,4.00000000000003,0.01,2000,0.5,1,7,0,NA,207.212,460,1,0,0.00991877914661926,3,3,0,0,0,524
66,68123,1000,2,"bernoulli","fixed",0.000800000000000005,1,0.000800000000000005,0.800000000000005,0.01,2000,0.5,1,0,0,NA,11.471,287,1,0,0.00979272849449728,0,0,1,1,0,525
66,68123,1000,2,"bernoulli","linesearch",0.000800000000000005,1,0.000800000000000005,0.800000000000005,0.01,2000,0.5,1,7,0,NA,72.1850000000004,287,1,0,0.00979272849449728,0,0,1,0,0,526
66,68123,1000,2,"bernoulli","fixed",0.000800000000000005,0.2,0.000160000000000001,0.160000000000001,0.01,2000,0.5,1,0,0,NA,39.5729999999999,1442,1,0,0.00997927635409883,0,0,1,1,0,527
66,68123,1000,2,"bernoulli","linesearch",0.000800000000000005,0.2,0.000160000000000001,0.160000000000001,0.01,2000,0.5,1,7,0,NA,345.337,1442,1,0,0.00997927635409883,0,0,1,0,0,528
67,69123,1000,2,"bernoulli","fixed",0.000800000000000097,10,0.00800000000000097,8.00000000000097,0.01,2000,0.5,1,0,0,NA,58.9680000000001,2000,0,0,476.924523365991,0,0,1,1,0,529
67,69123,1000,2,"bernoulli","linesearch",0.000800000000000097,10,0.00800000000000097,8.00000000000097,0.01,2000,0.5,1,7,0,NA,215.265,400,1,0,0.00993072879194819,4,4,0,0,0,530
67,69123,1000,2,"bernoulli","fixed",0.000800000000000097,5,0.00400000000000048,4.00000000000048,0.01,2000,0.5,1,0,0,NA,5.92499999999973,61,1,0,0.00950490073377647,0,0,1,1,0,531
67,69123,1000,2,"bernoulli","linesearch",0.000800000000000097,5,0.00400000000000048,4.00000000000048,0.01,2000,0.5,1,7,0,NA,183.836,400,1,0,0.00993072879194819,3,3,0,0,0,532
67,69123,1000,2,"bernoulli","fixed",0.000800000000000097,1,0.000800000000000097,0.800000000000097,0.01,2000,0.5,1,0,0,NA,10.7799999999997,249,1,0,0.0099480159227764,0,0,1,1,0,533
67,69123,1000,2,"bernoulli","linesearch",0.000800000000000097,1,0.000800000000000097,0.800000000000097,0.01,2000,0.5,1,7,0,NA,65.346,249,1,0,0.0099480159227764,0,0,1,0,0,534
67,69123,1000,2,"bernoulli","fixed",0.000800000000000097,0.2,0.000160000000000019,0.160000000000019,0.01,2000,0.5,1,0,0,NA,36.413,1254,1,0,0.00999898641613884,0,0,1,1,0,535
67,69123,1000,2,"bernoulli","linesearch",0.000800000000000097,0.2,0.000160000000000019,0.160000000000019,0.01,2000,0.5,1,7,0,NA,308.782,1254,1,0,0.00999898641613884,0,0,1,0,0,536
68,70123,1000,2,"bernoulli","fixed",0.000800000000000066,10,0.00800000000000066,8.00000000000066,0.01,2000,0.5,1,0,0,NA,54.703,2000,0,0,461.846457886301,0,0,1,1,0,537
68,70123,1000,2,"bernoulli","linesearch",0.000800000000000066,10,0.00800000000000066,8.00000000000066,0.01,2000,0.5,1,7,0,NA,216.09,409,1,0,0.00986474611966791,4,4,0,0,0,538
68,70123,1000,2,"bernoulli","fixed",0.000800000000000066,5,0.00400000000000033,4.00000000000033,0.01,2000,0.5,1,0,0,NA,5.98600000000033,64,1,0,0.00953744289989922,0,0,1,1,0,539
68,70123,1000,2,"bernoulli","linesearch",0.000800000000000066,5,0.00400000000000033,4.00000000000033,0.01,2000,0.5,1,7,0,NA,188.792,409,1,0,0.00986474611966791,3,3,0,0,0,540
68,70123,1000,2,"bernoulli","fixed",0.000800000000000066,1,0.000800000000000066,0.800000000000066,0.01,2000,0.5,1,0,0,NA,11.0630000000001,255,1,0,0.00977992572285603,0,0,1,1,0,541
68,70123,1000,2,"bernoulli","linesearch",0.000800000000000066,1,0.000800000000000066,0.800000000000066,0.01,2000,0.5,1,7,0,NA,65.8679999999999,255,1,0,0.00977992572285603,0,0,1,0,0,542
68,70123,1000,2,"bernoulli","fixed",0.000800000000000066,0.2,0.000160000000000013,0.160000000000013,0.01,2000,0.5,1,0,0,NA,36.4009999999998,1281,1,0,0.00999469065940093,0,0,1,1,0,543
68,70123,1000,2,"bernoulli","linesearch",0.000800000000000066,0.2,0.000160000000000013,0.160000000000013,0.01,2000,0.5,1,7,0,NA,308.11,1281,1,0,0.00999469065940093,0,0,1,0,0,544
69,71123,1000,2,"bernoulli","fixed",0.000800000000000001,10,0.00800000000000001,8.00000000000001,0.01,2000,0.5,1,0,0,NA,55.338,2000,0,0,462.273183992541,0,0,1,1,0,545
69,71123,1000,2,"bernoulli","linesearch",0.000800000000000001,10,0.00800000000000001,8.00000000000001,0.01,2000,0.5,1,7,0,NA,219.905,414,1,0,0.00991959987393143,4,4,0,0,0,546
69,71123,1000,2,"bernoulli","fixed",0.000800000000000001,5,0.00400000000000001,4.00000000000001,0.01,2000,0.5,1,0,0,NA,5.86400000000003,59,1,0,0.00980863271811072,0,0,1,1,0,547
69,71123,1000,2,"bernoulli","linesearch",0.000800000000000001,5,0.00400000000000001,4.00000000000001,0.01,2000,0.5,1,7,0,NA,191.733,414,1,0,0.00991959987393143,3,3,0,0,0,548
69,71123,1000,2,"bernoulli","fixed",0.000800000000000001,1,0.000800000000000001,0.800000000000001,0.01,2000,0.5,1,0,0,NA,11.2440000000001,258,1,0,0.00986913212772048,0,0,1,1,0,549
69,71123,1000,2,"bernoulli","linesearch",0.000800000000000001,1,0.000800000000000001,0.800000000000001,0.01,2000,0.5,1,7,0,NA,67.3609999999999,258,1,0,0.00986913212772048,0,0,1,0,0,550
69,71123,1000,2,"bernoulli","fixed",0.000800000000000001,0.2,0.00016,0.16,0.01,2000,0.5,1,0,0,NA,37.585,1298,1,0,0.00997522471463752,0,0,1,1,0,551
69,71123,1000,2,"bernoulli","linesearch",0.000800000000000001,0.2,0.00016,0.16,0.01,2000,0.5,1,7,0,NA,317.692,1298,1,0,0.00997522471463752,0,0,1,0,0,552
70,72123,1000,2,"bernoulli","fixed",0.000800000000000035,10,0.00800000000000035,8.00000000000035,0.01,2000,0.5,1,0,0,NA,55.3490000000002,2000,0,0,468.779631484758,0,0,1,1,0,553
70,72123,1000,2,"bernoulli","linesearch",0.000800000000000035,10,0.00800000000000035,8.00000000000035,0.01,2000,0.5,1,7,0,NA,232.01,439,1,0,0.00992822432962437,4,4,0,0,0,554
70,72123,1000,2,"bernoulli","fixed",0.000800000000000035,5,0.00400000000000018,4.00000000000018,0.01,2000,0.5,1,0,0,NA,6.08600000000024,62,1,0,0.00984436441156195,0,0,1,1,0,555
70,72123,1000,2,"bernoulli","linesearch",0.000800000000000035,5,0.00400000000000018,4.00000000000018,0.01,2000,0.5,1,7,0,NA,201.566,439,1,0,0.00992822432962437,3,3,0,0,0,556
70,72123,1000,2,"bernoulli","fixed",0.000800000000000035,1,0.000800000000000035,0.800000000000035,0.01,2000,0.5,1,0,0,NA,11.2739999999999,274,1,0,0.00976488102504008,0,0,1,1,0,557
70,72123,1000,2,"bernoulli","linesearch",0.000800000000000035,1,0.000800000000000035,0.800000000000035,0.01,2000,0.5,1,7,0,NA,69.4179999999997,274,1,0,0.00976488102504008,0,0,1,0,0,558
70,72123,1000,2,"bernoulli","fixed",0.000800000000000035,0.2,0.000160000000000007,0.160000000000007,0.01,2000,0.5,1,0,0,NA,38.058,1377,1,0,0.00995760512091293,0,0,1,1,0,559
70,72123,1000,2,"bernoulli","linesearch",0.000800000000000035,0.2,0.000160000000000007,0.160000000000007,0.01,2000,0.5,1,7,0,NA,332.003,1377,1,0,0.00995760512091293,0,0,1,0,0,560
71,73123,1000,2,"bernoulli","fixed",0.00080000000000001,10,0.0080000000000001,8.0000000000001,0.01,2000,0.5,1,0,0,NA,55.3510000000001,2000,0,0,480.824892451153,0,0,1,1,0,561
71,73123,1000,2,"bernoulli","linesearch",0.00080000000000001,10,0.0080000000000001,8.0000000000001,0.01,2000,0.5,1,7,0,NA,207.427,396,1,0,0.00992303306724812,4,4,0,0,0,562
71,73123,1000,2,"bernoulli","fixed",0.00080000000000001,5,0.00400000000000005,4.00000000000005,0.01,2000,0.5,1,0,0,NA,5.88900000000012,61,1,0,0.00941297402085356,0,0,1,1,0,563
71,73123,1000,2,"bernoulli","linesearch",0.00080000000000001,5,0.00400000000000005,4.00000000000005,0.01,2000,0.5,1,7,0,NA,179.699,396,1,0,0.00992303306724812,3,3,0,0,0,564
71,73123,1000,2,"bernoulli","fixed",0.00080000000000001,1,0.00080000000000001,0.80000000000001,0.01,2000,0.5,1,0,0,NA,10.7570000000001,247,1,0,0.00981953990958618,0,0,1,1,0,565
71,73123,1000,2,"bernoulli","linesearch",0.00080000000000001,1,0.00080000000000001,0.80000000000001,0.01,2000,0.5,1,7,0,NA,63.5390000000002,247,1,0,0.00981953990958618,0,0,1,0,0,566
71,73123,1000,2,"bernoulli","fixed",0.00080000000000001,0.2,0.000160000000000002,0.160000000000002,0.01,2000,0.5,1,0,0,NA,34.799,1242,1,0,0.00995113389583219,0,0,1,1,0,567
71,73123,1000,2,"bernoulli","linesearch",0.00080000000000001,0.2,0.000160000000000002,0.160000000000002,0.01,2000,0.5,1,7,0,NA,296.553,1242,1,0,0.00995113389583219,0,0,1,0,0,568
72,74123,1000,2,"bernoulli","fixed",0.000800000000000059,10,0.00800000000000059,8.00000000000059,0.01,2000,0.5,1,0,0,NA,56.9110000000001,2000,0,0,477.103435307392,0,0,1,1,0,569
72,74123,1000,2,"bernoulli","linesearch",0.000800000000000059,10,0.00800000000000059,8.00000000000059,0.01,2000,0.5,1,7,0,NA,244.797,460,1,0,0.00998663904035186,4,4,0,0,0,570
72,74123,1000,2,"bernoulli","fixed",0.000800000000000059,5,0.0040000000000003,4.0000000000003,0.01,2000,0.5,1,0,0,NA,5.9699999999998,61,1,0,0.00955558588424799,0,0,1,1,0,571
72,74123,1000,2,"bernoulli","linesearch",0.000800000000000059,5,0.0040000000000003,4.0000000000003,0.01,2000,0.5,1,7,0,NA,209.957,460,1,0,0.00998663904035186,3,3,0,0,0,572
72,74123,1000,2,"bernoulli","fixed",0.000800000000000059,1,0.000800000000000059,0.800000000000059,0.01,2000,0.5,1,0,0,NA,11.7350000000001,287,1,0,0.00985738144237262,0,0,1,1,0,573
72,74123,1000,2,"bernoulli","linesearch",0.000800000000000059,1,0.000800000000000059,0.800000000000059,0.01,2000,0.5,1,7,0,NA,73.4450000000002,287,1,0,0.00985738144237262,0,0,1,0,0,574
72,74123,1000,2,"bernoulli","fixed",0.000800000000000059,0.2,0.000160000000000012,0.160000000000012,0.01,2000,0.5,1,0,0,NA,41.3159999999998,1443,1,0,0.00999992316135834,0,0,1,1,0,575
72,74123,1000,2,"bernoulli","linesearch",0.000800000000000059,0.2,0.000160000000000012,0.160000000000012,0.01,2000,0.5,1,7,0,NA,353.518,1443,1,0,0.00999992316135834,0,0,1,0,0,576
73,75123,1000,2,"bernoulli","fixed",0.00080000000000001,10,0.0080000000000001,8.0000000000001,0.01,2000,0.5,1,0,0,NA,56.4389999999999,2000,0,0,462.82689111286,0,0,1,1,0,577
73,75123,1000,2,"bernoulli","linesearch",0.00080000000000001,10,0.0080000000000001,8.0000000000001,0.01,2000,0.5,1,7,0,NA,224.665,422,1,0,0.0099759312500704,4,4,0,0,0,578
73,75123,1000,2,"bernoulli","fixed",0.00080000000000001,5,0.00400000000000005,4.00000000000005,0.01,2000,0.5,1,0,0,NA,6.02700000000004,62,1,0,0.00935420492570693,0,0,1,1,0,579
73,75123,1000,2,"bernoulli","linesearch",0.00080000000000001,5,0.00400000000000005,4.00000000000005,0.01,2000,0.5,1,7,0,NA,193.971,422,1,0,0.0099759312500704,3,3,0,0,0,580
73,75123,1000,2,"bernoulli","fixed",0.00080000000000001,1,0.00080000000000001,0.80000000000001,0.01,2000,0.5,1,0,0,NA,11.4809999999998,263,1,0,0.00992014194764346,0,0,1,1,0,581
73,75123,1000,2,"bernoulli","linesearch",0.00080000000000001,1,0.00080000000000001,0.80000000000001,0.01,2000,0.5,1,7,0,NA,67.7540000000004,263,1,0,0.00992014194764346,0,0,1,0,0,582
73,75123,1000,2,"bernoulli","fixed",0.00080000000000001,0.2,0.000160000000000002,0.160000000000002,0.01,2000,0.5,1,0,0,NA,37.6800000000003,1324,1,0,0.00998559717982611,0,0,1,1,0,583
73,75123,1000,2,"bernoulli","linesearch",0.00080000000000001,0.2,0.000160000000000002,0.160000000000002,0.01,2000,0.5,1,7,0,NA,318.873,1324,1,0,0.00998559717982611,0,0,1,0,0,584
74,76123,1000,2,"bernoulli","fixed",0.000800000000000065,10,0.00800000000000065,8.00000000000065,0.01,2000,0.5,1,0,0,NA,55.4490000000001,2000,0,0,461.429157097195,0,0,1,1,0,585
74,76123,1000,2,"bernoulli","linesearch",0.000800000000000065,10,0.00800000000000065,8.00000000000065,0.01,2000,0.5,1,7,0,NA,213.848,405,1,0,0.0099107537811422,4,4,0,0,0,586
74,76123,1000,2,"bernoulli","fixed",0.000800000000000065,5,0.00400000000000033,4.00000000000033,0.01,2000,0.5,1,0,0,NA,5.94300000000021,62,1,0,0.00999312311700995,0,0,1,1,0,587
74,76123,1000,2,"bernoulli","linesearch",0.000800000000000065,5,0.00400000000000033,4.00000000000033,0.01,2000,0.5,1,7,0,NA,187.558,405,1,0,0.0099107537811422,3,3,0,0,0,588
74,76123,1000,2,"bernoulli","fixed",0.000800000000000065,1,0.000800000000000065,0.800000000000065,0.01,2000,0.5,1,0,0,NA,10.8009999999999,252,1,0,0.00996106963592466,0,0,1,1,0,589
74,76123,1000,2,"bernoulli","linesearch",0.000800000000000065,1,0.000800000000000065,0.800000000000065,0.01,2000,0.5,1,7,0,NA,66.7570000000001,252,1,0,0.00996106963592466,0,0,1,0,0,590
74,76123,1000,2,"bernoulli","fixed",0.000800000000000065,0.2,0.000160000000000013,0.160000000000013,0.01,2000,0.5,1,0,0,NA,35.152,1270,1,0,0.00995902544215621,0,0,1,1,0,591
74,76123,1000,2,"bernoulli","linesearch",0.000800000000000065,0.2,0.000160000000000013,0.160000000000013,0.01,2000,0.5,1,7,0,NA,314.817,1270,1,0,0.00995902544215621,0,0,1,0,0,592
75,77123,1000,2,"bernoulli","fixed",0.000800000000000008,10,0.00800000000000009,8.00000000000009,0.01,2000,0.5,1,0,0,NA,55.2850000000003,2000,0,0,466.341160069248,0,0,1,1,0,593
75,77123,1000,2,"bernoulli","linesearch",0.000800000000000008,10,0.00800000000000009,8.00000000000009,0.01,2000,0.5,1,7,0,NA,210.434,393,1,0,0.00990508318148886,4,4,0,0,0,594
75,77123,1000,2,"bernoulli","fixed",0.000800000000000008,5,0.00400000000000004,4.00000000000004,0.01,2000,0.5,1,0,0,NA,6.04500000000007,61,1,0,0.00977827260926389,0,0,1,1,0,595
75,77123,1000,2,"bernoulli","linesearch",0.000800000000000008,5,0.00400000000000004,4.00000000000004,0.01,2000,0.5,1,7,0,NA,182.937,393,1,0,0.00990508318148886,3,3,0,0,0,596
75,77123,1000,2,"bernoulli","fixed",0.000800000000000008,1,0.000800000000000008,0.800000000000008,0.01,2000,0.5,1,0,0,NA,10.7379999999998,245,1,0,0.00983111404939407,0,0,1,1,0,597
75,77123,1000,2,"bernoulli","linesearch",0.000800000000000008,1,0.000800000000000008,0.800000000000008,0.01,2000,0.5,1,7,0,NA,65.498,245,1,0,0.00983111404939407,0,0,1,0,0,598
75,77123,1000,2,"bernoulli","fixed",0.000800000000000008,0.2,0.000160000000000002,0.160000000000002,0.01,2000,0.5,1,0,0,NA,36.3389999999999,1232,1,0,0.00996961017959994,0,0,1,1,0,599
75,77123,1000,2,"bernoulli","linesearch",0.000800000000000008,0.2,0.000160000000000002,0.160000000000002,0.01,2000,0.5,1,7,0,NA,311.464,1232,1,0,0.00996961017959994,0,0,1,0,0,600
76,78123,1000,2,"bernoulli","fixed",0.000800000000000017,10,0.00800000000000018,8.00000000000018,0.01,2000,0.5,1,0,0,NA,58.9969999999998,2000,0,0,495.52964649645,0,0,1,1,0,601
76,78123,1000,2,"bernoulli","linesearch",0.000800000000000017,10,0.00800000000000018,8.00000000000018,0.01,2000,0.5,1,7,0,NA,258.953,480,1,0,0.0098869349831143,4,4,0,0,0,602
76,78123,1000,2,"bernoulli","fixed",0.000800000000000017,5,0.00400000000000009,4.00000000000009,0.01,2000,0.5,1,0,0,NA,5.95100000000002,62,1,0,0.00943992431700102,0,0,1,1,0,603
76,78123,1000,2,"bernoulli","linesearch",0.000800000000000017,5,0.00400000000000009,4.00000000000009,0.01,2000,0.5,1,7,0,NA,222.403,480,1,0,0.0098869349831143,3,3,0,0,0,604
76,78123,1000,2,"bernoulli","fixed",0.000800000000000017,1,0.000800000000000017,0.800000000000017,0.01,2000,0.5,1,0,0,NA,11.9299999999998,299,1,0,0.00987114003733629,0,0,1,1,0,605
76,78123,1000,2,"bernoulli","linesearch",0.000800000000000017,1,0.000800000000000017,0.800000000000017,0.01,2000,0.5,1,7,0,NA,85.288,299,1,0,0.00987114003733629,0,0,1,0,0,606
76,78123,1000,2,"bernoulli","fixed",0.000800000000000017,0.2,0.000160000000000004,0.160000000000004,0.01,2000,0.5,1,0,0,NA,41.3960000000002,1504,1,0,0.0099838132942185,0,0,1,1,0,607
76,78123,1000,2,"bernoulli","linesearch",0.000800000000000017,0.2,0.000160000000000004,0.160000000000004,0.01,2000,0.5,1,7,0,NA,425.387,1504,1,0,0.0099838132942185,0,0,1,0,0,608
77,79123,1000,2,"bernoulli","fixed",0.000800000000000002,10,0.00800000000000002,8.00000000000002,0.01,2000,0.5,1,0,0,NA,58.2280000000001,2000,0,0,477.347966557008,0,0,1,1,0,609
77,79123,1000,2,"bernoulli","linesearch",0.000800000000000002,10,0.00800000000000002,8.00000000000002,0.01,2000,0.5,1,7,0,NA,208.645,394,1,0,0.00996160741926658,4,4,0,0,0,610
77,79123,1000,2,"bernoulli","fixed",0.000800000000000002,5,0.00400000000000001,4.00000000000001,0.01,2000,0.5,1,0,0,NA,5.88200000000006,59,1,0,0.00997853965442158,0,0,1,1,0,611
77,79123,1000,2,"bernoulli","linesearch",0.000800000000000002,5,0.00400000000000001,4.00000000000001,0.01,2000,0.5,1,7,0,NA,181.487,394,1,0,0.00996160741926658,3,3,0,0,0,612
77,79123,1000,2,"bernoulli","fixed",0.000800000000000002,1,0.000800000000000002,0.800000000000002,0.01,2000,0.5,1,0,0,NA,10.7660000000001,246,1,0,0.00978118982061756,0,0,1,1,0,613
77,79123,1000,2,"bernoulli","linesearch",0.000800000000000002,1,0.000800000000000002,0.800000000000002,0.01,2000,0.5,1,7,0,NA,64.2040000000002,246,1,0,0.00978118982061756,0,0,1,0,0,614
77,79123,1000,2,"bernoulli","fixed",0.000800000000000002,0.2,0.00016,0.16,0.01,2000,0.5,1,0,0,NA,35.3610000000003,1236,1,0,0.00998603188712936,0,0,1,1,0,615
77,79123,1000,2,"bernoulli","linesearch",0.000800000000000002,0.2,0.00016,0.16,0.01,2000,0.5,1,7,0,NA,296.396,1236,1,0,0.00998603188712936,0,0,1,0,0,616
78,80123,1000,2,"bernoulli","fixed",0.000800000000000008,10,0.00800000000000009,8.00000000000009,0.01,2000,0.5,1,0,0,NA,55.4250000000002,2000,0,0,477.868366572283,0,0,1,1,0,617
78,80123,1000,2,"bernoulli","linesearch",0.000800000000000008,10,0.00800000000000009,8.00000000000009,0.01,2000,0.5,1,7,0,NA,203.524,389,1,0,0.00993496003772293,4,4,0,0,0,618
78,80123,1000,2,"bernoulli","fixed",0.000800000000000008,5,0.00400000000000004,4.00000000000004,0.01,2000,0.5,1,0,0,NA,5.92900000000009,60,1,0,0.00980368173921914,0,0,1,1,0,619
78,80123,1000,2,"bernoulli","linesearch",0.000800000000000008,5,0.00400000000000004,4.00000000000004,0.01,2000,0.5,1,7,0,NA,179.865,389,1,0,0.00993496003772293,3,3,0,0,0,620
78,80123,1000,2,"bernoulli","fixed",0.000800000000000008,1,0.000800000000000008,0.800000000000008,0.01,2000,0.5,1,0,0,NA,10.453,242,1,0,0.0099960312294429,0,0,1,1,0,621
78,80123,1000,2,"bernoulli","linesearch",0.000800000000000008,1,0.000800000000000008,0.800000000000008,0.01,2000,0.5,1,7,0,NA,61.8879999999999,242,1,0,0.0099960312294429,0,0,1,0,0,622
78,80123,1000,2,"bernoulli","fixed",0.000800000000000008,0.2,0.000160000000000002,0.160000000000002,0.01,2000,0.5,1,0,0,NA,34.0080000000003,1220,1,0,0.00997272957279907,0,0,1,1,0,623
78,80123,1000,2,"bernoulli","linesearch",0.000800000000000008,0.2,0.000160000000000002,0.160000000000002,0.01,2000,0.5,1,7,0,NA,292.009,1220,1,0,0.00997272957279907,0,0,1,0,0,624
79,81123,1000,2,"bernoulli","fixed",0.000800000000000043,10,0.00800000000000043,8.00000000000043,0.01,2000,0.5,1,0,0,NA,59.4200000000001,2000,0,0,477.627679891596,0,0,1,1,0,625
79,81123,1000,2,"bernoulli","linesearch",0.000800000000000043,10,0.00800000000000043,8.00000000000043,0.01,2000,0.5,1,7,0,NA,208.031,389,1,0,0.00997249921746525,4,4,0,0,0,626
79,81123,1000,2,"bernoulli","fixed",0.000800000000000043,5,0.00400000000000021,4.00000000000021,0.01,2000,0.5,1,0,0,NA,6.00700000000006,62,1,0,0.00953870456475414,0,0,1,1,0,627
79,81123,1000,2,"bernoulli","linesearch",0.000800000000000043,5,0.00400000000000021,4.00000000000021,0.01,2000,0.5,1,7,0,NA,178.132,389,1,0,0.00997249921746525,3,3,0,0,0,628
79,81123,1000,2,"bernoulli","fixed",0.000800000000000043,1,0.000800000000000043,0.800000000000043,0.01,2000,0.5,1,0,0,NA,10.5900000000001,243,1,0,0.00976939669627755,0,0,1,1,0,629
79,81123,1000,2,"bernoulli","linesearch",0.000800000000000043,1,0.000800000000000043,0.800000000000043,0.01,2000,0.5,1,7,0,NA,62.8339999999998,243,1,0,0.00976939669627755,0,0,1,0,0,630
79,81123,1000,2,"bernoulli","fixed",0.000800000000000043,0.2,0.000160000000000009,0.160000000000009,0.01,2000,0.5,1,0,0,NA,35.683,1221,1,0,0.00995391758823862,0,0,1,1,0,631
79,81123,1000,2,"bernoulli","linesearch",0.000800000000000043,0.2,0.000160000000000009,0.160000000000009,0.01,2000,0.5,1,7,0,NA,296.243,1221,1,0,0.00995391758823862,0,0,1,0,0,632
80,82123,1000,2,"bernoulli","fixed",0.000800000000000032,10,0.00800000000000032,8.00000000000032,0.01,2000,0.5,1,0,0,NA,58.547,2000,0,0,470.530837970934,0,0,1,1,0,633
80,82123,1000,2,"bernoulli","linesearch",0.000800000000000032,10,0.00800000000000032,8.00000000000032,0.01,2000,0.5,1,7,0,NA,205.607,385,1,0,0.0099723758845001,4,4,0,0,0,634
80,82123,1000,2,"bernoulli","fixed",0.000800000000000032,5,0.00400000000000016,4.00000000000016,0.01,2000,0.5,1,0,0,NA,5.91000000000031,60,1,0,0.00969976945804163,0,0,1,1,0,635
80,82123,1000,2,"bernoulli","linesearch",0.000800000000000032,5,0.00400000000000016,4.00000000000016,0.01,2000,0.5,1,7,0,NA,176.163,385,1,0,0.0099723758845001,3,3,0,0,0,636
80,82123,1000,2,"bernoulli","fixed",0.000800000000000032,1,0.000800000000000032,0.800000000000032,0.01,2000,0.5,1,0,0,NA,10.3910000000001,240,1,0,0.00987965244815943,0,0,1,1,0,637
80,82123,1000,2,"bernoulli","linesearch",0.000800000000000032,1,0.000800000000000032,0.800000000000032,0.01,2000,0.5,1,7,0,NA,61.1020000000003,240,1,0,0.00987965244815943,0,0,1,0,0,638
80,82123,1000,2,"bernoulli","fixed",0.000800000000000032,0.2,0.000160000000000006,0.160000000000006,0.01,2000,0.5,1,0,0,NA,35.2490000000003,1209,1,0,0.00994444636052594,0,0,1,1,0,639
80,82123,1000,2,"bernoulli","linesearch",0.000800000000000032,0.2,0.000160000000000006,0.160000000000006,0.01,2000,0.5,1,7,0,NA,289.827,1209,1,0,0.00994444636052594,0,0,1,0,0,640
81,83123,1000,2,"bernoulli","fixed",0.000800000000000093,10,0.00800000000000093,8.00000000000093,0.01,2000,0.5,1,0,0,NA,55.797,2000,0,0,475.378510341813,0,0,1,1,0,641
81,83123,1000,2,"bernoulli","linesearch",0.000800000000000093,10,0.00800000000000093,8.00000000000093,0.01,2000,0.5,1,7,0,NA,219.497,411,1,0,0.00996322031802427,4,4,0,0,0,642
81,83123,1000,2,"bernoulli","fixed",0.000800000000000093,5,0.00400000000000046,4.00000000000047,0.01,2000,0.5,1,0,0,NA,5.97600000000011,61,1,0,0.00956143414643384,0,0,1,1,0,643
81,83123,1000,2,"bernoulli","linesearch",0.000800000000000093,5,0.00400000000000046,4.00000000000047,0.01,2000,0.5,1,7,0,NA,190.612,411,1,0,0.00996322031802427,3,3,0,0,0,644
81,83123,1000,2,"bernoulli","fixed",0.000800000000000093,1,0.000800000000000093,0.800000000000093,0.01,2000,0.5,1,0,0,NA,10.884,256,1,0,0.00994035484919614,0,0,1,1,0,645
81,83123,1000,2,"bernoulli","linesearch",0.000800000000000093,1,0.000800000000000093,0.800000000000093,0.01,2000,0.5,1,7,0,NA,68.384,256,1,0,0.00994035484919614,0,0,1,0,0,646
81,83123,1000,2,"bernoulli","fixed",0.000800000000000093,0.2,0.000160000000000019,0.160000000000019,0.01,2000,0.5,1,0,0,NA,36.3689999999997,1290,1,0,0.0099521216069427,0,0,1,1,0,647
81,83123,1000,2,"bernoulli","linesearch",0.000800000000000093,0.2,0.000160000000000019,0.160000000000019,0.01,2000,0.5,1,7,0,NA,324.668,1290,1,0,0.0099521216069427,0,0,1,0,0,648
82,84123,1000,2,"bernoulli","fixed",0.000800000000000013,10,0.00800000000000013,8.00000000000013,0.01,2000,0.5,1,0,0,NA,54.5070000000001,2000,0,0,472.492650805039,0,0,1,1,0,649
82,84123,1000,2,"bernoulli","linesearch",0.000800000000000013,10,0.00800000000000013,8.00000000000013,0.01,2000,0.5,1,7,0,NA,202.869,384,1,0,0.00984496004830926,4,4,0,0,0,650
82,84123,1000,2,"bernoulli","fixed",0.000800000000000013,5,0.00400000000000007,4.00000000000006,0.01,2000,0.5,1,0,0,NA,5.90000000000009,62,1,0,0.00987998139861035,0,0,1,1,0,651
82,84123,1000,2,"bernoulli","linesearch",0.000800000000000013,5,0.00400000000000007,4.00000000000006,0.01,2000,0.5,1,7,0,NA,175.106,384,1,0,0.00984496004830926,3,3,0,0,0,652
82,84123,1000,2,"bernoulli","fixed",0.000800000000000013,1,0.000800000000000013,0.800000000000013,0.01,2000,0.5,1,0,0,NA,10.2629999999999,239,1,0,0.00988130897406042,0,0,1,1,0,653
82,84123,1000,2,"bernoulli","linesearch",0.000800000000000013,1,0.000800000000000013,0.800000000000013,0.01,2000,0.5,1,7,0,NA,60.643,239,1,0,0.00988130897406042,0,0,1,0,0,654
82,84123,1000,2,"bernoulli","fixed",0.000800000000000013,0.2,0.000160000000000003,0.160000000000003,0.01,2000,0.5,1,0,0,NA,33.6950000000002,1202,1,0,0.00999680649467491,0,0,1,1,0,655
82,84123,1000,2,"bernoulli","linesearch",0.000800000000000013,0.2,0.000160000000000003,0.160000000000003,0.01,2000,0.5,1,7,0,NA,285.388,1202,1,0,0.00999680649467491,0,0,1,0,0,656
83,85123,1000,2,"bernoulli","fixed",0.000800000000000006,10,0.00800000000000006,8.00000000000006,0.01,2000,0.5,1,0,0,NA,55.7570000000001,2000,0,0,462.825183488099,0,0,1,1,0,657
83,85123,1000,2,"bernoulli","linesearch",0.000800000000000006,10,0.00800000000000006,8.00000000000006,0.01,2000,0.5,1,7,0,NA,207.651,392,1,0,0.00995503911088191,4,4,0,0,0,658
83,85123,1000,2,"bernoulli","fixed",0.000800000000000006,5,0.00400000000000003,4.00000000000003,0.01,2000,0.5,1,0,0,NA,5.92900000000009,61,1,0,0.00944291261738295,0,0,1,1,0,659
83,85123,1000,2,"bernoulli","linesearch",0.000800000000000006,5,0.00400000000000003,4.00000000000003,0.01,2000,0.5,1,7,0,NA,176.764,392,1,0,0.00995503911088191,3,3,0,0,0,660
83,85123,1000,2,"bernoulli","fixed",0.000800000000000006,1,0.000800000000000006,0.800000000000006,0.01,2000,0.5,1,0,0,NA,10.3090000000002,244,1,0,0.00996489125628199,0,0,1,1,0,661
83,85123,1000,2,"bernoulli","linesearch",0.000800000000000006,1,0.000800000000000006,0.800000000000006,0.01,2000,0.5,1,7,0,NA,61.6279999999997,244,1,0,0.00996489125628199,0,0,1,0,0,662
83,85123,1000,2,"bernoulli","fixed",0.000800000000000006,0.2,0.000160000000000001,0.160000000000001,0.01,2000,0.5,1,0,0,NA,36.2949999999996,1230,1,0,0.00997970219644528,0,0,1,1,0,663
83,85123,1000,2,"bernoulli","linesearch",0.000800000000000006,0.2,0.000160000000000001,0.160000000000001,0.01,2000,0.5,1,7,0,NA,296.532,1230,1,0,0.00997970219644528,0,0,1,0,0,664
84,86123,1000,2,"bernoulli","fixed",0.000800000000000009,10,0.00800000000000009,8.00000000000009,0.01,2000,0.5,1,0,0,NA,55.6849999999999,2000,0,0,470.542787405453,0,0,1,1,0,665
84,86123,1000,2,"bernoulli","linesearch",0.000800000000000009,10,0.00800000000000009,8.00000000000009,0.01,2000,0.5,1,7,0,NA,219.016,415,1,0,0.00992694988383488,4,4,0,0,0,666
84,86123,1000,2,"bernoulli","fixed",0.000800000000000009,5,0.00400000000000004,4.00000000000004,0.01,2000,0.5,1,0,0,NA,5.85500000000002,61,1,0,0.00998638257077722,0,0,1,1,0,667
84,86123,1000,2,"bernoulli","linesearch",0.000800000000000009,5,0.00400000000000004,4.00000000000004,0.01,2000,0.5,1,7,0,NA,191.408,415,1,0,0.00992694988383488,3,3,0,0,0,668
84,86123,1000,2,"bernoulli","fixed",0.000800000000000009,1,0.000800000000000009,0.800000000000009,0.01,2000,0.5,1,0,0,NA,11.069,259,1,0,0.0097790532215824,0,0,1,1,0,669
84,86123,1000,2,"bernoulli","linesearch",0.000800000000000009,1,0.000800000000000009,0.800000000000009,0.01,2000,0.5,1,7,0,NA,67.6849999999999,259,1,0,0.0097790532215824,0,0,1,0,0,670
84,86123,1000,2,"bernoulli","fixed",0.000800000000000009,0.2,0.000160000000000002,0.160000000000002,0.01,2000,0.5,1,0,0,NA,37.0369999999998,1301,1,0,0.00998958942258938,0,0,1,1,0,671
84,86123,1000,2,"bernoulli","linesearch",0.000800000000000009,0.2,0.000160000000000002,0.160000000000002,0.01,2000,0.5,1,7,0,NA,314.883,1301,1,0,0.00998958942258938,0,0,1,0,0,672
85,87123,1000,2,"bernoulli","fixed",0.000800000000000236,10,0.00800000000000236,8.00000000000236,0.01,2000,0.5,1,0,0,NA,57.8429999999998,2000,0,0,473.195757876402,0,0,1,1,0,673
85,87123,1000,2,"bernoulli","linesearch",0.000800000000000236,10,0.00800000000000236,8.00000000000236,0.01,2000,0.5,1,7,0,NA,238.355,446,1,0,0.00992587185353389,4,4,0,0,0,674
85,87123,1000,2,"bernoulli","fixed",0.000800000000000236,5,0.00400000000000118,4.00000000000118,0.01,2000,0.5,1,0,0,NA,5.96000000000004,61,1,0,0.00973433534844759,0,0,1,1,0,675
85,87123,1000,2,"bernoulli","linesearch",0.000800000000000236,5,0.00400000000000118,4.00000000000118,0.01,2000,0.5,1,7,0,NA,206.028,446,1,0,0.00992587185353389,3,3,0,0,0,676
85,87123,1000,2,"bernoulli","fixed",0.000800000000000236,1,0.000800000000000236,0.800000000000236,0.01,2000,0.5,1,0,0,NA,11.4969999999998,278,1,0,0.00986608393396951,0,0,1,1,0,677
85,87123,1000,2,"bernoulli","linesearch",0.000800000000000236,1,0.000800000000000236,0.800000000000236,0.01,2000,0.5,1,7,0,NA,72.0839999999998,278,1,0,0.00986608393396951,0,0,1,0,0,678
85,87123,1000,2,"bernoulli","fixed",0.000800000000000236,0.2,0.000160000000000047,0.160000000000047,0.01,2000,0.5,1,0,0,NA,40.9400000000001,1398,1,0,0.00999213559803861,0,0,1,1,0,679
85,87123,1000,2,"bernoulli","linesearch",0.000800000000000236,0.2,0.000160000000000047,0.160000000000047,0.01,2000,0.5,1,7,0,NA,338.268,1398,1,0,0.00999213559803861,0,0,1,0,0,680
86,88123,1000,2,"bernoulli","fixed",0.000800000000000022,10,0.00800000000000022,8.00000000000021,0.01,2000,0.5,1,0,0,NA,56.4719999999998,2000,0,0,462.44446039984,0,0,1,1,0,681
86,88123,1000,2,"bernoulli","linesearch",0.000800000000000022,10,0.00800000000000022,8.00000000000021,0.01,2000,0.5,1,7,0,NA,254.115,479,1,0,0.00985124387761838,4,4,0,0,0,682
86,88123,1000,2,"bernoulli","fixed",0.000800000000000022,5,0.00400000000000011,4.00000000000011,0.01,2000,0.5,1,0,0,NA,5.94900000000007,60,1,0,0.00963353173155768,0,0,1,1,0,683
86,88123,1000,2,"bernoulli","linesearch",0.000800000000000022,5,0.00400000000000011,4.00000000000011,0.01,2000,0.5,1,7,0,NA,220.253,479,1,0,0.00985124387761838,3,3,0,0,0,684
86,88123,1000,2,"bernoulli","fixed",0.000800000000000022,1,0.000800000000000022,0.800000000000022,0.01,2000,0.5,1,0,0,NA,12.0629999999996,298,1,0,0.0099319404998485,0,0,1,1,0,685
86,88123,1000,2,"bernoulli","linesearch",0.000800000000000022,1,0.000800000000000022,0.800000000000022,0.01,2000,0.5,1,7,0,NA,77.6930000000002,298,1,0,0.0099319404998485,0,0,1,0,0,686
86,88123,1000,2,"bernoulli","fixed",0.000800000000000022,0.2,0.000160000000000004,0.160000000000004,0.01,2000,0.5,1,0,0,NA,41.8830000000003,1500,1,0,0.00998068832161106,0,0,1,1,0,687
86,88123,1000,2,"bernoulli","linesearch",0.000800000000000022,0.2,0.000160000000000004,0.160000000000004,0.01,2000,0.5,1,7,0,NA,363.426,1500,1,0,0.00998068832161106,0,0,1,0,0,688
87,89123,1000,2,"bernoulli","fixed",0.000800000000000006,10,0.00800000000000006,8.00000000000006,0.01,2000,0.5,1,0,0,NA,54.761,2000,0,0,464.099873730534,0,0,1,1,0,689
87,89123,1000,2,"bernoulli","linesearch",0.000800000000000006,10,0.00800000000000006,8.00000000000006,0.01,2000,0.5,1,7,0,NA,220.788,419,1,0,0.00999729609365958,4,4,0,0,0,690
87,89123,1000,2,"bernoulli","fixed",0.000800000000000006,5,0.00400000000000003,4.00000000000003,0.01,2000,0.5,1,0,0,NA,5.83599999999979,60,1,0,0.00942350837670836,0,0,1,1,0,691
87,89123,1000,2,"bernoulli","linesearch",0.000800000000000006,5,0.00400000000000003,4.00000000000003,0.01,2000,0.5,1,7,0,NA,189.115,419,1,0,0.00999729609365958,3,3,0,0,0,692
87,89123,1000,2,"bernoulli","fixed",0.000800000000000006,1,0.000800000000000006,0.800000000000006,0.01,2000,0.5,1,0,0,NA,10.942,261,1,0,0.00996927566812732,0,0,1,1,0,693
87,89123,1000,2,"bernoulli","linesearch",0.000800000000000006,1,0.000800000000000006,0.800000000000006,0.01,2000,0.5,1,7,0,NA,65.7240000000002,261,1,0,0.00996927566812732,0,0,1,0,0,694
87,89123,1000,2,"bernoulli","fixed",0.000800000000000006,0.2,0.000160000000000001,0.160000000000001,0.01,2000,0.5,1,0,0,NA,37.5419999999999,1315,1,0,0.00999211146110243,0,0,1,1,0,695
87,89123,1000,2,"bernoulli","linesearch",0.000800000000000006,0.2,0.000160000000000001,0.160000000000001,0.01,2000,0.5,1,7,0,NA,315.338,1315,1,0,0.00999211146110243,0,0,1,0,0,696
88,90123,1000,2,"bernoulli","fixed",0.000800000000000088,10,0.00800000000000087,8.00000000000087,0.01,2000,0.5,1,0,0,NA,55.6959999999999,2000,0,0,470.951632592178,0,0,1,1,0,697
88,90123,1000,2,"bernoulli","linesearch",0.000800000000000088,10,0.00800000000000087,8.00000000000087,0.01,2000,0.5,1,7,0,NA,224.18,423,1,0,0.00995955792375142,4,4,0,0,0,698
88,90123,1000,2,"bernoulli","fixed",0.000800000000000088,5,0.00400000000000044,4.00000000000044,0.01,2000,0.5,1,0,0,NA,5.88599999999997,59,1,0,0.00990711745600825,0,0,1,1,0,699
88,90123,1000,2,"bernoulli","linesearch",0.000800000000000088,5,0.00400000000000044,4.00000000000044,0.01,2000,0.5,1,7,0,NA,196.705,423,1,0,0.00995955792375142,3,3,0,0,0,700
88,90123,1000,2,"bernoulli","fixed",0.000800000000000088,1,0.000800000000000088,0.800000000000088,0.01,2000,0.5,1,0,0,NA,10.913,264,1,0,0.00980146909741378,0,0,1,1,0,701
88,90123,1000,2,"bernoulli","linesearch",0.000800000000000088,1,0.000800000000000088,0.800000000000088,0.01,2000,0.5,1,7,0,NA,67.5230000000001,264,1,0,0.00980146909741378,0,0,1,0,0,702
88,90123,1000,2,"bernoulli","fixed",0.000800000000000088,0.2,0.000160000000000018,0.160000000000018,0.01,2000,0.5,1,0,0,NA,39.4639999999999,1327,1,0,0.00998042923750778,0,0,1,1,0,703
88,90123,1000,2,"bernoulli","linesearch",0.000800000000000088,0.2,0.000160000000000018,0.160000000000018,0.01,2000,0.5,1,7,0,NA,318.633,1327,1,0,0.00998042923750778,0,0,1,0,0,704
89,91123,1000,2,"bernoulli","fixed",8e-04,10,0.008,8,0.01,2000,0.5,1,0,0,NA,56.1559999999999,2000,0,0,477.300278157357,0,0,1,1,0,705
89,91123,1000,2,"bernoulli","linesearch",8e-04,10,0.008,8,0.01,2000,0.5,1,7,0,NA,220.927,418,1,0,0.00984585732631355,4,4,0,0,0,706
89,91123,1000,2,"bernoulli","fixed",8e-04,5,0.004,4,0.01,2000,0.5,1,0,0,NA,5.92799999999988,61,1,0,0.00971067798530034,0,0,1,1,0,707
89,91123,1000,2,"bernoulli","linesearch",8e-04,5,0.004,4,0.01,2000,0.5,1,7,0,NA,191.987,418,1,0,0.00984585732631355,3,3,0,0,0,708
89,91123,1000,2,"bernoulli","fixed",8e-04,1,8e-04,0.8,0.01,2000,0.5,1,0,0,NA,10.8229999999999,260,1,0,0.00992100124830098,0,0,1,1,0,709
89,91123,1000,2,"bernoulli","linesearch",8e-04,1,8e-04,0.8,0.01,2000,0.5,1,7,0,NA,67.3439999999996,260,1,0,0.00992100124830098,0,0,1,0,0,710
89,91123,1000,2,"bernoulli","fixed",8e-04,0.2,0.00016,0.16,0.01,2000,0.5,1,0,0,NA,36.9670000000001,1309,1,0,0.00998279891642612,0,0,1,1,0,711
89,91123,1000,2,"bernoulli","linesearch",8e-04,0.2,0.00016,0.16,0.01,2000,0.5,1,7,0,NA,315.265,1309,1,0,0.00998279891642612,0,0,1,0,0,712
90,92123,1000,2,"bernoulli","fixed",0.000800000000000246,10,0.00800000000000245,8.00000000000245,0.01,2000,0.5,1,0,0,NA,57.0809999999997,2000,0,0,465.680566265924,0,0,1,1,0,713
90,92123,1000,2,"bernoulli","linesearch",0.000800000000000246,10,0.00800000000000245,8.00000000000245,0.01,2000,0.5,1,7,0,NA,226.941,428,1,0,0.00988333601110988,4,4,0,0,0,714
90,92123,1000,2,"bernoulli","fixed",0.000800000000000246,5,0.00400000000000123,4.00000000000123,0.01,2000,0.5,1,0,0,NA,5.90200000000004,60,1,0,0.00996900578675497,0,0,1,1,0,715
90,92123,1000,2,"bernoulli","linesearch",0.000800000000000246,5,0.00400000000000123,4.00000000000123,0.01,2000,0.5,1,7,0,NA,197.782,428,1,0,0.00988333601110988,3,3,0,0,0,716
90,92123,1000,2,"bernoulli","fixed",0.000800000000000246,1,0.000800000000000246,0.800000000000246,0.01,2000,0.5,1,0,0,NA,11.1280000000002,267,1,0,0.00976731855201707,0,0,1,1,0,717
90,92123,1000,2,"bernoulli","linesearch",0.000800000000000246,1,0.000800000000000246,0.800000000000246,0.01,2000,0.5,1,7,0,NA,69.5829999999996,267,1,0,0.00976731855201707,0,0,1,0,0,718
90,92123,1000,2,"bernoulli","fixed",0.000800000000000246,0.2,0.000160000000000049,0.160000000000049,0.01,2000,0.5,1,0,0,NA,38.2850000000003,1341,1,0,0.00997979254303813,0,0,1,1,0,719
90,92123,1000,2,"bernoulli","linesearch",0.000800000000000246,0.2,0.000160000000000049,0.160000000000049,0.01,2000,0.5,1,7,0,NA,324.41,1341,1,0,0.00997979254303813,0,0,1,0,0,720
91,93123,1000,2,"bernoulli","fixed",8e-04,10,0.008,8,0.01,2000,0.5,1,0,0,NA,56.8310000000001,2000,0,0,462.735849013238,0,0,1,1,0,721
91,93123,1000,2,"bernoulli","linesearch",8e-04,10,0.008,8,0.01,2000,0.5,1,7,0,NA,230.903,433,1,0,0.00987815507624999,4,4,0,0,0,722
91,93123,1000,2,"bernoulli","fixed",8e-04,5,0.004,4,0.01,2000,0.5,1,0,0,NA,5.98400000000038,61,1,0,0.0097163001012085,0,0,1,1,0,723
91,93123,1000,2,"bernoulli","linesearch",8e-04,5,0.004,4,0.01,2000,0.5,1,7,0,NA,199.05,433,1,0,0.00987815507624999,3,3,0,0,0,724
91,93123,1000,2,"bernoulli","fixed",8e-04,1,8e-04,0.8,0.01,2000,0.5,1,0,0,NA,10.9679999999998,270,1,0,0.00978852737420156,0,0,1,1,0,725
91,93123,1000,2,"bernoulli","linesearch",8e-04,1,8e-04,0.8,0.01,2000,0.5,1,7,0,NA,72.0840000000003,270,1,0,0.00978852737420156,0,0,1,0,0,726
91,93123,1000,2,"bernoulli","fixed",8e-04,0.2,0.00016,0.16,0.01,2000,0.5,1,0,0,NA,38.3450000000003,1357,1,0,0.00996131897599732,0,0,1,1,0,727
91,93123,1000,2,"bernoulli","linesearch",8e-04,0.2,0.00016,0.16,0.01,2000,0.5,1,7,0,NA,330.846,1357,1,0,0.00996131897599732,0,0,1,0,0,728
92,94123,1000,2,"bernoulli","fixed",0.000800000000000005,10,0.00800000000000005,8.00000000000005,0.01,2000,0.5,1,0,0,NA,57.2019999999998,2000,0,0,493.058348467834,0,0,1,1,0,729
92,94123,1000,2,"bernoulli","linesearch",0.000800000000000005,10,0.00800000000000005,8.00000000000005,0.01,2000,0.5,1,7,0,NA,222.064,414,1,0,0.00990243118373005,4,4,0,0,0,730
92,94123,1000,2,"bernoulli","fixed",0.000800000000000005,5,0.00400000000000003,4.00000000000003,0.01,2000,0.5,1,0,0,NA,5.87599999999975,60,1,0,0.00965493516679694,0,0,1,1,0,731
92,94123,1000,2,"bernoulli","linesearch",0.000800000000000005,5,0.00400000000000003,4.00000000000003,0.01,2000,0.5,1,7,0,NA,193.263,414,1,0,0.00990243118373005,3,3,0,0,0,732
92,94123,1000,2,"bernoulli","fixed",0.000800000000000005,1,0.000800000000000005,0.800000000000005,0.01,2000,0.5,1,0,0,NA,11.1109999999999,258,1,0,0.00984557438554709,0,0,1,1,0,733
92,94123,1000,2,"bernoulli","linesearch",0.000800000000000005,1,0.000800000000000005,0.800000000000005,0.01,2000,0.5,1,7,0,NA,67.0820000000003,258,1,0,0.00984557438554709,0,0,1,0,0,734
92,94123,1000,2,"bernoulli","fixed",0.000800000000000005,0.2,0.000160000000000001,0.160000000000001,0.01,2000,0.5,1,0,0,NA,37.73,1298,1,0,0.00996521809871826,0,0,1,1,0,735
92,94123,1000,2,"bernoulli","linesearch",0.000800000000000005,0.2,0.000160000000000001,0.160000000000001,0.01,2000,0.5,1,7,0,NA,312.892,1298,1,0,0.00996521809871826,0,0,1,0,0,736
93,95123,1000,2,"bernoulli","fixed",0.000800000000000024,10,0.00800000000000024,8.00000000000024,0.01,2000,0.5,1,0,0,NA,56.7999999999997,2000,0,0,478.159574936108,0,0,1,1,0,737
93,95123,1000,2,"bernoulli","linesearch",0.000800000000000024,10,0.00800000000000024,8.00000000000024,0.01,2000,0.5,1,7,0,NA,211.299,403,1,0,0.00998630712667404,4,4,0,0,0,738
93,95123,1000,2,"bernoulli","fixed",0.000800000000000024,5,0.00400000000000012,4.00000000000012,0.01,2000,0.5,1,0,0,NA,5.82300000000032,59,1,0,0.00976168101995756,0,0,1,1,0,739
93,95123,1000,2,"bernoulli","linesearch",0.000800000000000024,5,0.00400000000000012,4.00000000000012,0.01,2000,0.5,1,7,0,NA,183.536,403,1,0,0.00998630712667404,3,3,0,0,0,740
93,95123,1000,2,"bernoulli","fixed",0.000800000000000024,1,0.000800000000000024,0.800000000000024,0.01,2000,0.5,1,0,0,NA,10.7709999999997,251,1,0,0.00995611338833954,0,0,1,1,0,741
93,95123,1000,2,"bernoulli","linesearch",0.000800000000000024,1,0.000800000000000024,0.800000000000024,0.01,2000,0.5,1,7,0,NA,64.049,251,1,0,0.00995611338833954,0,0,1,0,0,742
93,95123,1000,2,"bernoulli","fixed",0.000800000000000024,0.2,0.000160000000000005,0.160000000000005,0.01,2000,0.5,1,0,0,NA,35.9160000000002,1265,1,0,0.00998229560619206,0,0,1,1,0,743
93,95123,1000,2,"bernoulli","linesearch",0.000800000000000024,0.2,0.000160000000000005,0.160000000000005,0.01,2000,0.5,1,7,0,NA,295.788,1265,1,0,0.00998229560619206,0,0,1,0,0,744
94,96123,1000,2,"bernoulli","fixed",0.000800000000000015,10,0.00800000000000015,8.00000000000015,0.01,2000,0.5,1,0,0,NA,56.3099999999999,2000,0,0,475.914371503191,0,0,1,1,0,745
94,96123,1000,2,"bernoulli","linesearch",0.000800000000000015,10,0.00800000000000015,8.00000000000015,0.01,2000,0.5,1,7,0,NA,220.215,416,1,0,0.00990335255428262,4,4,0,0,0,746
94,96123,1000,2,"bernoulli","fixed",0.000800000000000015,5,0.00400000000000007,4.00000000000007,0.01,2000,0.5,1,0,0,NA,5.85099999999966,60,1,0,0.00983009265757651,0,0,1,1,0,747
94,96123,1000,2,"bernoulli","linesearch",0.000800000000000015,5,0.00400000000000007,4.00000000000007,0.01,2000,0.5,1,7,0,NA,192.111,416,1,0,0.00990335255428262,3,3,0,0,0,748
94,96123,1000,2,"bernoulli","fixed",0.000800000000000015,1,0.000800000000000015,0.800000000000015,0.01,2000,0.5,1,0,0,NA,10.9760000000001,259,1,0,0.00991743995563233,0,0,1,1,0,749
94,96123,1000,2,"bernoulli","linesearch",0.000800000000000015,1,0.000800000000000015,0.800000000000015,0.01,2000,0.5,1,7,0,NA,67.308,259,1,0,0.00991743995563233,0,0,1,0,0,750
94,96123,1000,2,"bernoulli","fixed",0.000800000000000015,0.2,0.000160000000000003,0.160000000000003,0.01,2000,0.5,1,0,0,NA,37.1879999999996,1304,1,0,0.00997279399990646,0,0,1,1,0,751
94,96123,1000,2,"bernoulli","linesearch",0.000800000000000015,0.2,0.000160000000000003,0.160000000000003,0.01,2000,0.5,1,7,0,NA,314.315,1304,1,0,0.00997279399990646,0,0,1,0,0,752
95,97123,1000,2,"bernoulli","fixed",0.000800000000000079,10,0.00800000000000079,8.00000000000079,0.01,2000,0.5,1,0,0,NA,56.1799999999998,2000,0,0,474.849395034722,0,0,1,1,0,753
95,97123,1000,2,"bernoulli","linesearch",0.000800000000000079,10,0.00800000000000079,8.00000000000079,0.01,2000,0.5,1,7,0,NA,253.612,461,1,0,0.00987818885154413,4,4,0,0,0,754
95,97123,1000,2,"bernoulli","fixed",0.000800000000000079,5,0.00400000000000039,4.00000000000039,0.01,2000,0.5,1,0,0,NA,5.91499999999996,61,1,0,0.00994919327730104,0,0,1,1,0,755
95,97123,1000,2,"bernoulli","linesearch",0.000800000000000079,5,0.00400000000000039,4.00000000000039,0.01,2000,0.5,1,7,0,NA,220.319,461,1,0,0.00987818885154413,3,3,0,0,0,756
95,97123,1000,2,"bernoulli","fixed",0.000800000000000079,1,0.000800000000000079,0.800000000000079,0.01,2000,0.5,1,0,0,NA,12.0999999999999,287,1,0,0.00990159761874281,0,0,1,1,0,757
95,97123,1000,2,"bernoulli","linesearch",0.000800000000000079,1,0.000800000000000079,0.800000000000079,0.01,2000,0.5,1,7,0,NA,81.8420000000001,287,1,0,0.00990159761874281,0,0,1,0,0,758
95,97123,1000,2,"bernoulli","fixed",0.000800000000000079,0.2,0.000160000000000016,0.160000000000016,0.01,2000,0.5,1,0,0,NA,42.1929999999998,1444,1,0,0.00999890272629151,0,0,1,1,0,759
95,97123,1000,2,"bernoulli","linesearch",0.000800000000000079,0.2,0.000160000000000016,0.160000000000016,0.01,2000,0.5,1,7,0,NA,365.491,1444,1,0,0.00999890272629151,0,0,1,0,0,760
96,98123,1000,2,"bernoulli","fixed",0.000800000000000423,10,0.00800000000000423,8.00000000000423,0.01,2000,0.5,1,0,0,NA,55.8139999999999,2000,0,0,462.018113390525,0,0,1,1,0,761
96,98123,1000,2,"bernoulli","linesearch",0.000800000000000423,10,0.00800000000000423,8.00000000000423,0.01,2000,0.5,1,7,0,NA,212.019,400,1,0,0.00996577331988296,4,4,0,0,0,762
96,98123,1000,2,"bernoulli","fixed",0.000800000000000423,5,0.00400000000000211,4.00000000000211,0.01,2000,0.5,1,0,0,NA,5.95699999999988,61,1,0,0.00981458037646055,0,0,1,1,0,763
96,98123,1000,2,"bernoulli","linesearch",0.000800000000000423,5,0.00400000000000211,4.00000000000211,0.01,2000,0.5,1,7,0,NA,183.303,400,1,0,0.00996577331988296,3,3,0,0,0,764
96,98123,1000,2,"bernoulli","fixed",0.000800000000000423,1,0.000800000000000423,0.800000000000423,0.01,2000,0.5,1,0,0,NA,10.7850000000003,249,1,0,0.00998792966211679,0,0,1,1,0,765
96,98123,1000,2,"bernoulli","linesearch",0.000800000000000423,1,0.000800000000000423,0.800000000000423,0.01,2000,0.5,1,7,0,NA,64.241,249,1,0,0.00998792966211679,0,0,1,0,0,766
96,98123,1000,2,"bernoulli","fixed",0.000800000000000423,0.2,0.000160000000000085,0.160000000000085,0.01,2000,0.5,1,0,0,NA,36.2750000000001,1255,1,0,0.00997469235157796,0,0,1,1,0,767
96,98123,1000,2,"bernoulli","linesearch",0.000800000000000423,0.2,0.000160000000000085,0.160000000000085,0.01,2000,0.5,1,7,0,NA,298.34,1255,1,0,0.00997469235157796,0,0,1,0,0,768
97,99123,1000,2,"bernoulli","fixed",0.000800000000000002,10,0.00800000000000002,8.00000000000002,0.01,2000,0.5,1,0,0,NA,56.0720000000001,2000,0,0,462.201165753642,0,0,1,1,0,769
97,99123,1000,2,"bernoulli","linesearch",0.000800000000000002,10,0.00800000000000002,8.00000000000002,0.01,2000,0.5,1,7,0,NA,238.4,451,1,0,0.00990495800804756,4,4,0,0,0,770
97,99123,1000,2,"bernoulli","fixed",0.000800000000000002,5,0.00400000000000001,4.00000000000001,0.01,2000,0.5,1,0,0,NA,5.94900000000007,61,1,0,0.00972288058362003,0,0,1,1,0,771
97,99123,1000,2,"bernoulli","linesearch",0.000800000000000002,5,0.00400000000000001,4.00000000000001,0.01,2000,0.5,1,7,0,NA,206.056,451,1,0,0.00990495800804756,3,3,0,0,0,772
97,99123,1000,2,"bernoulli","fixed",0.000800000000000002,1,0.000800000000000002,0.800000000000002,0.01,2000,0.5,1,0,0,NA,11.3790000000004,281,1,0,0.00986634398530333,0,0,1,1,0,773
97,99123,1000,2,"bernoulli","linesearch",0.000800000000000002,1,0.000800000000000002,0.800000000000002,0.01,2000,0.5,1,7,0,NA,72.9070000000002,281,1,0,0.00986634398530333,0,0,1,0,0,774
97,99123,1000,2,"bernoulli","fixed",0.000800000000000002,0.2,0.00016,0.16,0.01,2000,0.5,1,0,0,NA,40.1019999999999,1414,1,0,0.00996389010759904,0,0,1,1,0,775
97,99123,1000,2,"bernoulli","linesearch",0.000800000000000002,0.2,0.00016,0.16,0.01,2000,0.5,1,7,0,NA,336.061,1414,1,0,0.00996389010759904,0,0,1,0,0,776
98,100123,1000,2,"bernoulli","fixed",0.000800000000000109,10,0.00800000000000109,8.00000000000109,0.01,2000,0.5,1,0,0,NA,55.0320000000002,2000,0,0,485.965834980891,0,0,1,1,0,777
98,100123,1000,2,"bernoulli","linesearch",0.000800000000000109,10,0.00800000000000109,8.00000000000109,0.01,2000,0.5,1,7,0,NA,211.339,403,1,0,0.00994823096604686,4,4,0,0,0,778
98,100123,1000,2,"bernoulli","fixed",0.000800000000000109,5,0.00400000000000055,4.00000000000055,0.01,2000,0.5,1,0,0,NA,5.9079999999999,59,1,0,0.00963176711818103,0,0,1,1,0,779
98,100123,1000,2,"bernoulli","linesearch",0.000800000000000109,5,0.00400000000000055,4.00000000000055,0.01,2000,0.5,1,7,0,NA,184.3,403,1,0,0.00994823096604686,3,3,0,0,0,780
98,100123,1000,2,"bernoulli","fixed",0.000800000000000109,1,0.000800000000000109,0.800000000000109,0.01,2000,0.5,1,0,0,NA,10.6479999999997,251,1,0,0.00992747136747898,0,0,1,1,0,781
98,100123,1000,2,"bernoulli","linesearch",0.000800000000000109,1,0.000800000000000109,0.800000000000109,0.01,2000,0.5,1,7,0,NA,63.6379999999999,251,1,0,0.00992747136747898,0,0,1,0,0,782
98,100123,1000,2,"bernoulli","fixed",0.000800000000000109,0.2,0.000160000000000022,0.160000000000022,0.01,2000,0.5,1,0,0,NA,36.0929999999998,1264,1,0,0.00998815624208765,0,0,1,1,0,783
98,100123,1000,2,"bernoulli","linesearch",0.000800000000000109,0.2,0.000160000000000022,0.160000000000022,0.01,2000,0.5,1,7,0,NA,297.671,1264,1,0,0.00998815624208765,0,0,1,0,0,784
99,101123,1000,2,"bernoulli","fixed",0.000800000000000149,10,0.00800000000000149,8.00000000000149,0.01,2000,0.5,1,0,0,NA,56.9189999999999,2000,0,0,478.043042810165,0,0,1,1,0,785
99,101123,1000,2,"bernoulli","linesearch",0.000800000000000149,10,0.00800000000000149,8.00000000000149,0.01,2000,0.5,1,7,0,NA,211.599,401,1,0,0.00999023549565883,4,4,0,0,0,786
99,101123,1000,2,"bernoulli","fixed",0.000800000000000149,5,0.00400000000000075,4.00000000000075,0.01,2000,0.5,1,0,0,NA,6.06399999999985,61,1,0,0.00997556391905907,0,0,1,1,0,787
99,101123,1000,2,"bernoulli","linesearch",0.000800000000000149,5,0.00400000000000075,4.00000000000075,0.01,2000,0.5,1,7,0,NA,186.645,401,1,0,0.00999023549565883,3,3,0,0,0,788
99,101123,1000,2,"bernoulli","fixed",0.000800000000000149,1,0.000800000000000149,0.800000000000149,0.01,2000,0.5,1,0,0,NA,10.8979999999997,250,1,0,0.00990084522864598,0,0,1,1,0,789
99,101123,1000,2,"bernoulli","linesearch",0.000800000000000149,1,0.000800000000000149,0.800000000000149,0.01,2000,0.5,1,7,0,NA,64.6010000000001,250,1,0,0.00990084522864598,0,0,1,0,0,790
99,101123,1000,2,"bernoulli","fixed",0.000800000000000149,0.2,0.00016000000000003,0.16000000000003,0.01,2000,0.5,1,0,0,NA,37.54,1259,1,0,0.00996341291408034,0,0,1,1,0,791
99,101123,1000,2,"bernoulli","linesearch",0.000800000000000149,0.2,0.00016000000000003,0.16000000000003,0.01,2000,0.5,1,7,0,NA,299.159,1259,1,0,0.00996341291408034,0,0,1,0,0,792
100,102123,1000,2,"bernoulli","fixed",0.000800000000000006,10,0.00800000000000006,8.00000000000006,0.01,2000,0.5,1,0,0,NA,54.3209999999999,2000,0,0,477.006651486579,0,0,1,1,0,793
100,102123,1000,2,"bernoulli","linesearch",0.000800000000000006,10,0.00800000000000006,8.00000000000006,0.01,2000,0.5,1,7,0,NA,217.928,409,1,0,0.00995129599545982,4,4,0,0,0,794
100,102123,1000,2,"bernoulli","fixed",0.000800000000000006,5,0.00400000000000003,4.00000000000003,0.01,2000,0.5,1,0,0,NA,5.96599999999989,61,1,0,0.00959405827510873,0,0,1,1,0,795
100,102123,1000,2,"bernoulli","linesearch",0.000800000000000006,5,0.00400000000000003,4.00000000000003,0.01,2000,0.5,1,7,0,NA,189.361,409,1,0,0.00995129599545982,3,3,0,0,0,796
100,102123,1000,2,"bernoulli","fixed",0.000800000000000006,1,0.000800000000000006,0.800000000000006,0.01,2000,0.5,1,0,0,NA,10.8780000000002,255,1,0,0.00985974345908003,0,0,1,1,0,797
100,102123,1000,2,"bernoulli","linesearch",0.000800000000000006,1,0.000800000000000006,0.800000000000006,0.01,2000,0.5,1,7,0,NA,66.402,255,1,0,0.00985974345908003,0,0,1,0,0,798
100,102123,1000,2,"bernoulli","fixed",0.000800000000000006,0.2,0.000160000000000001,0.160000000000001,0.01,2000,0.5,1,0,0,NA,36.297,1283,1,0,0.00998204384217385,0,0,1,1,0,799
100,102123,1000,2,"bernoulli","linesearch",0.000800000000000006,0.2,0.000160000000000001,0.160000000000001,0.01,2000,0.5,1,7,0,NA,304.623,1283,1,0,0.00998204384217385,0,0,1,0,0,800
