"rep","seed","n","k","family","method","eta0","eta_mult","eta_init","eta_times_n","eps_grad","max_gd_steps","beta_ls","c_ls","Rprime","error","error_message","elapsed_sec","num_of_steps","converged","exploded","score_Y_max_abs","bt_mean","bt_max","bt_frac0","bt_frac_hit_cap","ls_fail_frac","record_id"
1,3123,4000,2,"poisson","fixed",5.41634657790573e-05,10,0.000541634657790572,2.16653863116229,0.01,2000,0.5,1,0,0,NA,332.778,6,0,1,NA,0,0,1,1,0,1
1,3123,4000,2,"poisson","linesearch",5.41634657790573e-05,10,0.000541634657790572,2.16653863116229,0.01,2000,0.5,1,9,0,NA,518.276,71,1,0,0.009040882040839,2,2,0,0,0,2
1,3123,4000,2,"poisson","fixed",5.41634657790573e-05,5,0.000270817328895286,1.08326931558115,0.01,2000,0.5,1,0,0,NA,1263.298,2000,0,0,7559.8789874271,0,0,1,1,0,3
1,3123,4000,2,"poisson","linesearch",5.41634657790573e-05,5,0.000270817328895286,1.08326931558115,0.01,2000,0.5,1,9,0,NA,486.914,71,1,0,0.009040882040839,1,1,0,0,0,4
1,3123,4000,2,"poisson","fixed",5.41634657790573e-05,1,5.41634657790573e-05,0.216653863116229,0.01,2000,0.5,1,0,0,NA,409.812,182,1,0,0.00997944413557558,0,0,1,1,0,5
1,3123,4000,2,"poisson","linesearch",5.41634657790573e-05,1,5.41634657790573e-05,0.216653863116229,0.01,2000,0.5,1,9,0,NA,674.016,182,1,0,0.00997944413557558,0,0,1,0,0,6
1,3123,4000,2,"poisson","fixed",5.41634657790573e-05,0.2,1.08326931558115e-05,0.0433307726232458,0.01,2000,0.5,1,0,0,NA,753.099999999999,926,1,0,0.00999586080824619,0,0,1,1,0,7
1,3123,4000,2,"poisson","linesearch",5.41634657790573e-05,0.2,1.08326931558115e-05,0.0433307726232458,0.01,2000,0.5,1,9,0,NA,3316.06,926,1,0,0.00999586080824619,0,0,1,0,0,8
2,4123,4000,2,"poisson","fixed",5.47595996638096e-05,10,0.000547595996638096,2.19038398655239,0.01,2000,0.5,1,0,0,NA,327.278,6,0,1,NA,0,0,1,1,0,9
2,4123,4000,2,"poisson","linesearch",5.47595996638096e-05,10,0.000547595996638096,2.19038398655239,0.01,2000,0.5,1,9,0,NA,509.029,69,1,0,0.00901954507756958,2,2,0,0,0,10
2,4123,4000,2,"poisson","fixed",5.47595996638096e-05,5,0.000273797998319048,1.09519199327619,0.01,2000,0.5,1,0,0,NA,1258.169,2000,0,0,8032.37249060684,0,0,1,1,0,11
2,4123,4000,2,"poisson","linesearch",5.47595996638096e-05,5,0.000273797998319048,1.09519199327619,0.01,2000,0.5,1,9,0,NA,482.092,69,1,0,0.00901954507756958,1,1,0,0,0,12
2,4123,4000,2,"poisson","fixed",5.47595996638096e-05,1,5.47595996638096e-05,0.219038398655239,0.01,2000,0.5,1,0,0,NA,399.625,176,1,0,0.00997116155208194,0,0,1,1,0,13
2,4123,4000,2,"poisson","linesearch",5.47595996638096e-05,1,5.47595996638096e-05,0.219038398655239,0.01,2000,0.5,1,9,0,NA,647.923,176,1,0,0.00997116155208194,0,0,1,0,0,14
2,4123,4000,2,"poisson","fixed",5.47595996638096e-05,0.2,1.09519199327619e-05,0.0438076797310477,0.01,2000,0.5,1,0,0,NA,726.665,894,1,0,0.0099695030398218,0,0,1,1,0,15
2,4123,4000,2,"poisson","linesearch",5.47595996638096e-05,0.2,1.09519199327619e-05,0.0438076797310477,0.01,2000,0.5,1,9,0,NA,2775.134,894,1,0,0.0099695030398218,0,0,1,0,0,16
3,5123,4000,2,"poisson","fixed",5.48808702661852e-05,10,0.000548808702661852,2.19523481064741,0.01,2000,0.5,1,0,0,NA,331.371,6,0,1,NA,0,0,1,1,0,17
3,5123,4000,2,"poisson","linesearch",5.48808702661852e-05,10,0.000548808702661852,2.19523481064741,0.01,2000,0.5,1,9,0,NA,516.421,69,1,0,0.00883809108811026,2,2,0,0,0,18
3,5123,4000,2,"poisson","fixed",5.48808702661852e-05,5,0.000274404351330926,1.0976174053237,0.01,2000,0.5,1,0,0,NA,1265.987,2000,0,0,2778.34173599813,0,0,1,1,0,19
3,5123,4000,2,"poisson","linesearch",5.48808702661852e-05,5,0.000274404351330926,1.0976174053237,0.01,2000,0.5,1,9,0,NA,482.903,69,1,0,0.00883809108811026,1,1,0,0,0,20
3,5123,4000,2,"poisson","fixed",5.48808702661852e-05,1,5.48808702661852e-05,0.219523481064741,0.01,2000,0.5,1,0,0,NA,406.564,177,1,0,0.00977157435442225,0,0,1,1,0,21
3,5123,4000,2,"poisson","linesearch",5.48808702661852e-05,1,5.48808702661852e-05,0.219523481064741,0.01,2000,0.5,1,9,0,NA,652.003,177,1,0,0.00977157435442225,0,0,1,0,0,22
3,5123,4000,2,"poisson","fixed",5.48808702661852e-05,0.2,1.0976174053237e-05,0.0439046962129481,0.01,2000,0.5,1,0,0,NA,722.799,900,1,0,0.00989349816991894,0,0,1,1,0,23
3,5123,4000,2,"poisson","linesearch",5.48808702661852e-05,0.2,1.0976174053237e-05,0.0439046962129481,0.01,2000,0.5,1,9,0,NA,2970.866,900,1,0,0.00989349816991894,0,0,1,0,0,24
4,6123,4000,2,"poisson","fixed",5.48942042375148e-05,10,0.000548942042375148,2.19576816950059,0.01,2000,0.5,1,0,0,NA,428.788,6,0,1,NA,0,0,1,1,0,25
4,6123,4000,2,"poisson","linesearch",5.48942042375148e-05,10,0.000548942042375148,2.19576816950059,0.01,2000,0.5,1,9,0,NA,605.202,67,1,0,0.00951970518840561,2,2,0,0,0,26
4,6123,4000,2,"poisson","fixed",5.48942042375148e-05,5,0.000274471021187574,1.0978840847503,0.01,2000,0.5,1,0,0,NA,1378.527,2000,0,0,2830.09227898299,0,0,1,1,0,27
4,6123,4000,2,"poisson","linesearch",5.48942042375148e-05,5,0.000274471021187574,1.0978840847503,0.01,2000,0.5,1,9,0,NA,563.78,67,1,0,0.00951970518840561,1,1,0,0,0,28
4,6123,4000,2,"poisson","fixed",5.48942042375148e-05,1,5.48942042375148e-05,0.219576816950059,0.01,2000,0.5,1,0,0,NA,510.111,173,1,0,0.00965629928089107,0,0,1,1,0,29
4,6123,4000,2,"poisson","linesearch",5.48942042375148e-05,1,5.48942042375148e-05,0.219576816950059,0.01,2000,0.5,1,9,0,NA,748.469000000001,173,1,0,0.00965629928089107,0,0,1,0,0,30
4,6123,4000,2,"poisson","fixed",5.48942042375148e-05,0.2,1.0978840847503e-05,0.0439153633900119,0.01,2000,0.5,1,0,0,NA,826.539000000001,877,1,0,0.00997330998739521,0,0,1,1,0,31
4,6123,4000,2,"poisson","linesearch",5.48942042375148e-05,0.2,1.0978840847503e-05,0.0439153633900119,0.01,2000,0.5,1,9,0,NA,2459.861,877,1,0,0.00997330998739521,0,0,1,0,0,32
5,7123,4000,2,"poisson","fixed",5.41747214983425e-05,10,0.000541747214983425,2.1669888599337,0.01,2000,0.5,1,0,0,NA,332.56,6,0,1,NA,0,0,1,1,0,33
5,7123,4000,2,"poisson","linesearch",5.41747214983425e-05,10,0.000541747214983425,2.1669888599337,0.01,2000,0.5,1,9,0,NA,517.197,69,1,0,0.00967024685234909,2,2,0,0,0,34
5,7123,4000,2,"poisson","fixed",5.41747214983425e-05,5,0.000270873607491712,1.08349442996685,0.01,2000,0.5,1,0,0,NA,1267.243,2000,0,0,8403.5752340317,0,0,1,1,0,35
5,7123,4000,2,"poisson","linesearch",5.41747214983425e-05,5,0.000270873607491712,1.08349442996685,0.01,2000,0.5,1,9,0,NA,488.033,69,1,0,0.00967024685234909,1,1,0,0,0,36
5,7123,4000,2,"poisson","fixed",5.41747214983425e-05,1,5.41747214983425e-05,0.21669888599337,0.01,2000,0.5,1,0,0,NA,397.453,178,1,0,0.00991969518656842,0,0,1,1,0,37
5,7123,4000,2,"poisson","linesearch",5.41747214983425e-05,1,5.41747214983425e-05,0.21669888599337,0.01,2000,0.5,1,9,0,NA,658.924,178,1,0,0.00991969518656842,0,0,1,0,0,38
5,7123,4000,2,"poisson","fixed",5.41747214983425e-05,0.2,1.08349442996685e-05,0.043339777198674,0.01,2000,0.5,1,0,0,NA,746.078,905,1,0,0.00997470479278684,0,0,1,1,0,39
5,7123,4000,2,"poisson","linesearch",5.41747214983425e-05,0.2,1.08349442996685e-05,0.043339777198674,0.01,2000,0.5,1,9,0,NA,2766.31,905,1,0,0.00997470479278684,0,0,1,0,0,40
6,8123,4000,2,"poisson","fixed",5.56456135144806e-05,10,0.000556456135144806,2.22582454057923,0.01,2000,0.5,1,0,0,NA,324.851,6,0,1,NA,0,0,1,1,0,41
6,8123,4000,2,"poisson","linesearch",5.56456135144806e-05,10,0.000556456135144806,2.22582454057923,0.01,2000,0.5,1,9,0,NA,484.726,67,1,0,0.00934588404445377,2,2,0,0,0,42
6,8123,4000,2,"poisson","fixed",5.56456135144806e-05,5,0.000278228067572403,1.11291227028961,0.01,2000,0.5,1,0,0,NA,1266.007,2000,0,0,2815.86814984695,0,0,1,1,0,43
6,8123,4000,2,"poisson","linesearch",5.56456135144806e-05,5,0.000278228067572403,1.11291227028961,0.01,2000,0.5,1,9,0,NA,462.553,67,1,0,0.00934588404445377,1,1,0,0,0,44
6,8123,4000,2,"poisson","fixed",5.56456135144806e-05,1,5.56456135144806e-05,0.222582454057923,0.01,2000,0.5,1,0,0,NA,400.32,173,1,0,0.00970529981787677,0,0,1,1,0,45
6,8123,4000,2,"poisson","linesearch",5.56456135144806e-05,1,5.56456135144806e-05,0.222582454057923,0.01,2000,0.5,1,9,0,NA,599.866,173,1,0,0.00970529981787677,0,0,1,0,0,46
6,8123,4000,2,"poisson","fixed",5.56456135144806e-05,0.2,1.11291227028961e-05,0.0445164908115845,0.01,2000,0.5,1,0,0,NA,715.387,879,1,0,0.00992135516634784,0,0,1,1,0,47
6,8123,4000,2,"poisson","linesearch",5.56456135144806e-05,0.2,1.11291227028961e-05,0.0445164908115845,0.01,2000,0.5,1,9,0,NA,2549.96,879,1,0,0.00992135516634784,0,0,1,0,0,48
7,9123,4000,2,"poisson","fixed",5.45268354226437e-05,10,0.000545268354226437,2.18107341690575,0.01,2000,0.5,1,0,0,NA,323.786,6,0,1,NA,0,0,1,1,0,49
7,9123,4000,2,"poisson","linesearch",5.45268354226437e-05,10,0.000545268354226437,2.18107341690575,0.01,2000,0.5,1,9,0,NA,499.942,69,1,0,0.00964359478569965,2,2,0,0,0,50
7,9123,4000,2,"poisson","fixed",5.45268354226437e-05,5,0.000272634177113219,1.09053670845287,0.01,2000,0.5,1,0,0,NA,1259.313,2000,0,0,8327.77928422257,0,0,1,1,0,51
7,9123,4000,2,"poisson","linesearch",5.45268354226437e-05,5,0.000272634177113219,1.09053670845287,0.01,2000,0.5,1,9,0,NA,467.402,69,1,0,0.00964359478569965,1,1,0,0,0,52
7,9123,4000,2,"poisson","fixed",5.45268354226437e-05,1,5.45268354226437e-05,0.218107341690575,0.01,2000,0.5,1,0,0,NA,392.356,178,1,0,0.00959345457479621,0,0,1,1,0,53
7,9123,4000,2,"poisson","linesearch",5.45268354226437e-05,1,5.45268354226437e-05,0.218107341690575,0.01,2000,0.5,1,9,0,NA,659.277,178,1,0,0.00959345457479621,0,0,1,0,0,54
7,9123,4000,2,"poisson","fixed",5.45268354226437e-05,0.2,1.09053670845287e-05,0.043621468338115,0.01,2000,0.5,1,0,0,NA,738.229,902,1,0,0.00994717883597646,0,0,1,1,0,55
7,9123,4000,2,"poisson","linesearch",5.45268354226437e-05,0.2,1.09053670845287e-05,0.043621468338115,0.01,2000,0.5,1,9,0,NA,2929.402,902,1,0,0.00994717883597646,0,0,1,0,0,56
8,10123,4000,2,"poisson","fixed",5.50003490408582e-05,10,0.000550003490408582,2.20001396163433,0.01,2000,0.5,1,0,0,NA,332.714,6,0,1,NA,0,0,1,1,0,57
8,10123,4000,2,"poisson","linesearch",5.50003490408582e-05,10,0.000550003490408582,2.20001396163433,0.01,2000,0.5,1,9,0,NA,502.228,68,1,0,0.00959473887054094,2,2,0,0,0,58
8,10123,4000,2,"poisson","fixed",5.50003490408582e-05,5,0.000275001745204291,1.10000698081716,0.01,2000,0.5,1,0,0,NA,1264.929,2000,0,0,2821.50058740404,0,0,1,1,0,59
8,10123,4000,2,"poisson","linesearch",5.50003490408582e-05,5,0.000275001745204291,1.10000698081716,0.01,2000,0.5,1,9,0,NA,473.731,68,1,0,0.00959473887054094,1,1,0,0,0,60
8,10123,4000,2,"poisson","fixed",5.50003490408582e-05,1,5.50003490408582e-05,0.220001396163433,0.01,2000,0.5,1,0,0,NA,395.085,176,1,0,0.00971028034232937,0,0,1,1,0,61
8,10123,4000,2,"poisson","linesearch",5.50003490408582e-05,1,5.50003490408582e-05,0.220001396163433,0.01,2000,0.5,1,9,0,NA,652.565,176,1,0,0.00971028034232937,0,0,1,0,0,62
8,10123,4000,2,"poisson","fixed",5.50003490408582e-05,0.2,1.10000698081716e-05,0.0440002792326865,0.01,2000,0.5,1,0,0,NA,725.029,894,1,0,0.00994604984032316,0,0,1,1,0,63
8,10123,4000,2,"poisson","linesearch",5.50003490408582e-05,0.2,1.10000698081716e-05,0.0440002792326865,0.01,2000,0.5,1,9,0,NA,2949.354,894,1,0,0.00994604984032316,0,0,1,0,0,64
9,11123,4000,2,"poisson","fixed",5.56580748144093e-05,10,0.000556580748144093,2.22632299257637,0.01,2000,0.5,1,0,0,NA,333.432,6,0,1,NA,0,0,1,1,0,65
9,11123,4000,2,"poisson","linesearch",5.56580748144093e-05,10,0.000556580748144093,2.22632299257637,0.01,2000,0.5,1,9,0,NA,517.562,69,1,0,0.00908836176734795,2,2,0,0,0,66
9,11123,4000,2,"poisson","fixed",5.56580748144093e-05,5,0.000278290374072046,1.11316149628819,0.01,2000,0.5,1,0,0,NA,1277.373,2000,0,0,2847.92608783162,0,0,1,1,0,67
9,11123,4000,2,"poisson","linesearch",5.56580748144093e-05,5,0.000278290374072046,1.11316149628819,0.01,2000,0.5,1,9,0,NA,480.114,69,1,0,0.00908836176734795,1,1,0,0,0,68
9,11123,4000,2,"poisson","fixed",5.56580748144093e-05,1,5.56580748144093e-05,0.222632299257637,0.01,2000,0.5,1,0,0,NA,398.765,177,1,0,0.00998332267446833,0,0,1,1,0,69
9,11123,4000,2,"poisson","linesearch",5.56580748144093e-05,1,5.56580748144093e-05,0.222632299257637,0.01,2000,0.5,1,9,0,NA,650.436,177,1,0,0.00998332267446833,0,0,1,0,0,70
9,11123,4000,2,"poisson","fixed",5.56580748144093e-05,0.2,1.11316149628819e-05,0.0445264598515274,0.01,2000,0.5,1,0,0,NA,749.947,901,1,0,0.00996914130132454,0,0,1,1,0,71
9,11123,4000,2,"poisson","linesearch",5.56580748144093e-05,0.2,1.11316149628819e-05,0.0445264598515274,0.01,2000,0.5,1,9,0,NA,3228.873,901,1,0,0.00996914130132454,0,0,1,0,0,72
10,12123,4000,2,"poisson","fixed",5.57650582871059e-05,10,0.000557650582871059,2.23060233148423,0.01,2000,0.5,1,0,0,NA,332.618,6,0,1,NA,0,0,1,1,0,73
10,12123,4000,2,"poisson","linesearch",5.57650582871059e-05,10,0.000557650582871059,2.23060233148423,0.01,2000,0.5,1,9,0,NA,503.472,67,1,0,0.00939714673068695,2,2,0,0,0,74
10,12123,4000,2,"poisson","fixed",5.57650582871059e-05,5,0.000278825291435529,1.11530116574212,0.01,2000,0.5,1,0,0,NA,1275.656,2000,0,0,2858.85724466407,0,0,1,1,0,75
10,12123,4000,2,"poisson","linesearch",5.57650582871059e-05,5,0.000278825291435529,1.11530116574212,0.01,2000,0.5,1,9,0,NA,468.15,67,1,0,0.00939714673068695,1,1,0,0,0,76
10,12123,4000,2,"poisson","fixed",5.57650582871059e-05,1,5.57650582871059e-05,0.223060233148423,0.01,2000,0.5,1,0,0,NA,403.973,173,1,0,0.00958000201932518,0,0,1,1,0,77
10,12123,4000,2,"poisson","linesearch",5.57650582871059e-05,1,5.57650582871059e-05,0.223060233148423,0.01,2000,0.5,1,9,0,NA,647.437,173,1,0,0.00958000201932518,0,0,1,0,0,78
10,12123,4000,2,"poisson","fixed",5.57650582871059e-05,0.2,1.11530116574212e-05,0.0446120466296847,0.01,2000,0.5,1,0,0,NA,729.115,877,1,0,0.00991769027292699,0,0,1,1,0,79
10,12123,4000,2,"poisson","linesearch",5.57650582871059e-05,0.2,1.11530116574212e-05,0.0446120466296847,0.01,2000,0.5,1,9,0,NA,2760.543,877,1,0,0.00991769027292699,0,0,1,0,0,80
11,13123,4000,2,"poisson","fixed",5.44733206990681e-05,10,0.000544733206990681,2.17893282796272,0.01,2000,0.5,1,0,0,NA,332.286,6,0,1,NA,0,0,1,1,0,81
11,13123,4000,2,"poisson","linesearch",5.44733206990681e-05,10,0.000544733206990681,2.17893282796272,0.01,2000,0.5,1,9,0,NA,521.774,71,1,0,0.00988341577067128,2,2,0,0,0,82
11,13123,4000,2,"poisson","fixed",5.44733206990681e-05,5,0.00027236660349534,1.08946641398136,0.01,2000,0.5,1,0,0,NA,1269.521,2000,0,0,8089.88713547158,0,0,1,1,0,83
11,13123,4000,2,"poisson","linesearch",5.44733206990681e-05,5,0.00027236660349534,1.08946641398136,0.01,2000,0.5,1,9,0,NA,484.785,71,1,0,0.00988341577067128,1,1,0,0,0,84
11,13123,4000,2,"poisson","fixed",5.44733206990681e-05,1,5.44733206990681e-05,0.217893282796272,0.01,2000,0.5,1,0,0,NA,409.721,184,1,0,0.00962428829335815,0,0,1,1,0,85
11,13123,4000,2,"poisson","linesearch",5.44733206990681e-05,1,5.44733206990681e-05,0.217893282796272,0.01,2000,0.5,1,9,0,NA,693.505,184,1,0,0.00962428829335815,0,0,1,0,0,86
11,13123,4000,2,"poisson","fixed",5.44733206990681e-05,0.2,1.08946641398136e-05,0.0435786565592545,0.01,2000,0.5,1,0,0,NA,761.181,933,1,0,0.00990124431503761,0,0,1,1,0,87
11,13123,4000,2,"poisson","linesearch",5.44733206990681e-05,0.2,1.08946641398136e-05,0.0435786565592545,0.01,2000,0.5,1,9,0,NA,4022.115,933,1,0,0.00990124431503761,0,0,1,0,0,88
12,14123,4000,2,"poisson","fixed",5.64671268306565e-05,10,0.000564671268306565,2.25868507322626,0.01,2000,0.5,1,0,0,NA,324.59,6,0,1,NA,0,0,1,1,0,89
12,14123,4000,2,"poisson","linesearch",5.64671268306565e-05,10,0.000564671268306565,2.25868507322626,0.01,2000,0.5,1,9,0,NA,499.225,67,1,0,0.00893975861264609,2,2,0,0,0,90
12,14123,4000,2,"poisson","fixed",5.64671268306565e-05,5,0.000282335634153283,1.12934253661313,0.01,2000,0.5,1,0,0,NA,1264.274,2000,0,0,2939.33726300756,0,0,1,1,0,91
12,14123,4000,2,"poisson","linesearch",5.64671268306565e-05,5,0.000282335634153283,1.12934253661313,0.01,2000,0.5,1,9,0,NA,470.936,67,1,0,0.00893975861264609,1,1,0,0,0,92
12,14123,4000,2,"poisson","fixed",5.64671268306565e-05,1,5.64671268306565e-05,0.225868507322626,0.01,2000,0.5,1,0,0,NA,403.427,172,1,0,0.00961938356660433,0,0,1,1,0,93
12,14123,4000,2,"poisson","linesearch",5.64671268306565e-05,1,5.64671268306565e-05,0.225868507322626,0.01,2000,0.5,1,9,0,NA,640.662,172,1,0,0.00961938356660433,0,0,1,0,0,94
12,14123,4000,2,"poisson","fixed",5.64671268306565e-05,0.2,1.12934253661313e-05,0.0451737014645252,0.01,2000,0.5,1,0,0,NA,729.771,872,1,0,0.00993818276007097,0,0,1,1,0,95
12,14123,4000,2,"poisson","linesearch",5.64671268306565e-05,0.2,1.12934253661313e-05,0.0451737014645252,0.01,2000,0.5,1,9,0,NA,3010.379,872,1,0,0.00993818276007097,0,0,1,0,0,96
13,15123,4000,2,"poisson","fixed",5.44652569032974e-05,10,0.000544652569032974,2.1786102761319,0.01,2000,0.5,1,0,0,NA,331.298,6,0,1,NA,0,0,1,1,0,97
13,15123,4000,2,"poisson","linesearch",5.44652569032974e-05,10,0.000544652569032974,2.1786102761319,0.01,2000,0.5,1,9,0,NA,525.223,71,1,0,0.009149887042257,2,2,0,0,0,98
13,15123,4000,2,"poisson","fixed",5.44652569032974e-05,5,0.000272326284516487,1.08930513806595,0.01,2000,0.5,1,0,0,NA,1259.325,2000,0,0,8223.81074763584,0,0,1,1,0,99
13,15123,4000,2,"poisson","linesearch",5.44652569032974e-05,5,0.000272326284516487,1.08930513806595,0.01,2000,0.5,1,9,0,NA,491.079,71,1,0,0.009149887042257,1,1,0,0,0,100
13,15123,4000,2,"poisson","fixed",5.44652569032974e-05,1,5.44652569032974e-05,0.21786102761319,0.01,2000,0.5,1,0,0,NA,401.57,182,1,0,0.00958346720073686,0,0,1,1,0,101
13,15123,4000,2,"poisson","linesearch",5.44652569032974e-05,1,5.44652569032974e-05,0.21786102761319,0.01,2000,0.5,1,9,0,NA,673.088,182,1,0,0.00958346720073686,0,0,1,0,0,102
13,15123,4000,2,"poisson","fixed",5.44652569032974e-05,0.2,1.08930513806595e-05,0.0435722055226379,0.01,2000,0.5,1,0,0,NA,737.321,920,1,0,0.00997037412787138,0,0,1,1,0,103
13,15123,4000,2,"poisson","linesearch",5.44652569032974e-05,0.2,1.08930513806595e-05,0.0435722055226379,0.01,2000,0.5,1,9,0,NA,3042.377,920,1,0,0.00997037412787138,0,0,1,0,0,104
14,16123,4000,2,"poisson","fixed",5.45343464845882e-05,10,0.000545343464845882,2.18137385938353,0.01,2000,0.5,1,0,0,NA,333.246,6,0,1,NA,0,0,1,1,0,105
14,16123,4000,2,"poisson","linesearch",5.45343464845882e-05,10,0.000545343464845882,2.18137385938353,0.01,2000,0.5,1,9,0,NA,503.284,69,1,0,0.00990631783529664,2,2,0,0,0,106
14,16123,4000,2,"poisson","fixed",5.45343464845882e-05,5,0.000272671732422941,1.09068692969176,0.01,2000,0.5,1,0,0,NA,1266.88,2000,0,0,2787.09511183577,0,0,1,1,0,107
14,16123,4000,2,"poisson","linesearch",5.45343464845882e-05,5,0.000272671732422941,1.09068692969176,0.01,2000,0.5,1,9,0,NA,473.366,69,1,0,0.00990631783529664,1,1,0,0,0,108
14,16123,4000,2,"poisson","fixed",5.45343464845882e-05,1,5.45343464845882e-05,0.218137385938353,0.01,2000,0.5,1,0,0,NA,396.836,178,1,0,0.00988530430784859,0,0,1,1,0,109
14,16123,4000,2,"poisson","linesearch",5.45343464845882e-05,1,5.45343464845882e-05,0.218137385938353,0.01,2000,0.5,1,9,0,NA,631.019,178,1,0,0.00988530430784859,0,0,1,0,0,110
14,16123,4000,2,"poisson","fixed",5.45343464845882e-05,0.2,1.09068692969176e-05,0.0436274771876706,0.01,2000,0.5,1,0,0,NA,739.28,904,1,0,0.00990692604443083,0,0,1,1,0,111
14,16123,4000,2,"poisson","linesearch",5.45343464845882e-05,0.2,1.09068692969176e-05,0.0436274771876706,0.01,2000,0.5,1,9,0,NA,2542.507,904,1,0,0.00990692604443083,0,0,1,0,0,112
15,17123,4000,2,"poisson","fixed",5.40548043453049e-05,10,0.000540548043453049,2.1621921738122,0.01,2000,0.5,1,0,0,NA,322.003,6,0,1,NA,0,0,1,1,0,113
15,17123,4000,2,"poisson","linesearch",5.40548043453049e-05,10,0.000540548043453049,2.1621921738122,0.01,2000,0.5,1,9,0,NA,509.964,70,1,0,0.00941550849520637,2,2,0,0,0,114
15,17123,4000,2,"poisson","fixed",5.40548043453049e-05,5,0.000270274021726525,1.0810960869061,0.01,2000,0.5,1,0,0,NA,1273.418,2000,0,0,8023.95488400953,0,0,1,1,0,115
15,17123,4000,2,"poisson","linesearch",5.40548043453049e-05,5,0.000270274021726525,1.0810960869061,0.01,2000,0.5,1,9,0,NA,479.764,70,1,0,0.00941550849520637,1,1,0,0,0,116
15,17123,4000,2,"poisson","fixed",5.40548043453049e-05,1,5.40548043453049e-05,0.21621921738122,0.01,2000,0.5,1,0,0,NA,410.954,181,1,0,0.00953611853085581,0,0,1,1,0,117
15,17123,4000,2,"poisson","linesearch",5.40548043453049e-05,1,5.40548043453049e-05,0.21621921738122,0.01,2000,0.5,1,9,0,NA,675.896,181,1,0,0.00953611853085581,0,0,1,0,0,118
15,17123,4000,2,"poisson","fixed",5.40548043453049e-05,0.2,1.0810960869061e-05,0.0432438434762439,0.01,2000,0.5,1,0,0,NA,744.009,917,1,0,0.00998482007896187,0,0,1,1,0,119
15,17123,4000,2,"poisson","linesearch",5.40548043453049e-05,0.2,1.0810960869061e-05,0.0432438434762439,0.01,2000,0.5,1,9,0,NA,3104.058,917,1,0,0.00998482007896187,0,0,1,0,0,120
16,18123,4000,2,"poisson","fixed",5.49774117269058e-05,10,0.000549774117269058,2.19909646907623,0.01,2000,0.5,1,0,0,NA,323.391,6,0,1,NA,0,0,1,1,0,121
16,18123,4000,2,"poisson","linesearch",5.49774117269058e-05,10,0.000549774117269058,2.19909646907623,0.01,2000,0.5,1,9,0,NA,499.061,69,1,0,0.00892931674634168,2,2,0,0,0,122
16,18123,4000,2,"poisson","fixed",5.49774117269058e-05,5,0.000274887058634529,1.09954823453812,0.01,2000,0.5,1,0,0,NA,1257.031,2000,0,0,2791.51487184249,0,0,1,1,0,123
16,18123,4000,2,"poisson","linesearch",5.49774117269058e-05,5,0.000274887058634529,1.09954823453812,0.01,2000,0.5,1,9,0,NA,478.732,69,1,0,0.00892931674634168,1,1,0,0,0,124
16,18123,4000,2,"poisson","fixed",5.49774117269058e-05,1,5.49774117269058e-05,0.219909646907623,0.01,2000,0.5,1,0,0,NA,402.936,176,1,0,0.00986063763961265,0,0,1,1,0,125
16,18123,4000,2,"poisson","linesearch",5.49774117269058e-05,1,5.49774117269058e-05,0.219909646907623,0.01,2000,0.5,1,9,0,NA,637.138,176,1,0,0.00986063763961265,0,0,1,0,0,126
16,18123,4000,2,"poisson","fixed",5.49774117269058e-05,0.2,1.09954823453812e-05,0.0439819293815247,0.01,2000,0.5,1,0,0,NA,724.656,893,1,0,0.00995805425934182,0,0,1,1,0,127
16,18123,4000,2,"poisson","linesearch",5.49774117269058e-05,0.2,1.09954823453812e-05,0.0439819293815247,0.01,2000,0.5,1,9,0,NA,2520.97,893,1,0,0.00995805425934182,0,0,1,0,0,128
17,19123,4000,2,"poisson","fixed",5.30627442775458e-05,10,0.000530627442775458,2.12250977110183,0.01,2000,0.5,1,0,0,NA,329.647,6,0,1,NA,0,0,1,1,0,129
17,19123,4000,2,"poisson","linesearch",5.30627442775458e-05,10,0.000530627442775458,2.12250977110183,0.01,2000,0.5,1,9,0,NA,507.271,71,1,0,0.00987271679383642,2,2,0,0,0,130
17,19123,4000,2,"poisson","fixed",5.30627442775458e-05,5,0.000265313721387729,1.06125488555092,0.01,2000,0.5,1,0,0,NA,1258.57,2000,0,0,7603.89736572211,0,0,1,1,0,131
17,19123,4000,2,"poisson","linesearch",5.30627442775458e-05,5,0.000265313721387729,1.06125488555092,0.01,2000,0.5,1,9,0,NA,482.366,71,1,0,0.00987271679383642,1,1,0,0,0,132
17,19123,4000,2,"poisson","fixed",5.30627442775458e-05,1,5.30627442775458e-05,0.212250977110183,0.01,2000,0.5,1,0,0,NA,399.244,183,1,0,0.00993436497511638,0,0,1,1,0,133
17,19123,4000,2,"poisson","linesearch",5.30627442775458e-05,1,5.30627442775458e-05,0.212250977110183,0.01,2000,0.5,1,9,0,NA,667.718,183,1,0,0.00993436497511638,0,0,1,0,0,134
17,19123,4000,2,"poisson","fixed",5.30627442775458e-05,0.2,1.06125488555092e-05,0.0424501954220366,0.01,2000,0.5,1,0,0,NA,747.691,929,1,0,0.00999791704426728,0,0,1,1,0,135
17,19123,4000,2,"poisson","linesearch",5.30627442775458e-05,0.2,1.06125488555092e-05,0.0424501954220366,0.01,2000,0.5,1,9,0,NA,2893.517,929,1,0,0.00999791704426728,0,0,1,0,0,136
18,20123,4000,2,"poisson","fixed",5.36971163351257e-05,10,0.000536971163351257,2.14788465340503,0.01,2000,0.5,1,0,0,NA,320.248,6,0,1,NA,0,0,1,1,0,137
18,20123,4000,2,"poisson","linesearch",5.36971163351257e-05,10,0.000536971163351257,2.14788465340503,0.01,2000,0.5,1,9,0,NA,515.237,71,1,0,0.0093506684203456,2,2,0,0,0,138
18,20123,4000,2,"poisson","fixed",5.36971163351257e-05,5,0.000268485581675628,1.07394232670251,0.01,2000,0.5,1,0,0,NA,1273.114,2000,0,0,8637.27962686403,0,0,1,1,0,139
18,20123,4000,2,"poisson","linesearch",5.36971163351257e-05,5,0.000268485581675628,1.07394232670251,0.01,2000,0.5,1,9,0,NA,487.952,71,1,0,0.0093506684203456,1,1,0,0,0,140
18,20123,4000,2,"poisson","fixed",5.36971163351257e-05,1,5.36971163351257e-05,0.214788465340503,0.01,2000,0.5,1,0,0,NA,399.743,183,1,0,0.00972780609838153,0,0,1,1,0,141
18,20123,4000,2,"poisson","linesearch",5.36971163351257e-05,1,5.36971163351257e-05,0.214788465340503,0.01,2000,0.5,1,9,0,NA,686.757,183,1,0,0.00972780609838153,0,0,1,0,0,142
18,20123,4000,2,"poisson","fixed",5.36971163351257e-05,0.2,1.07394232670251e-05,0.0429576930681005,0.01,2000,0.5,1,0,0,NA,745.979,929,1,0,0.0099531922129989,0,0,1,1,0,143
18,20123,4000,2,"poisson","linesearch",5.36971163351257e-05,0.2,1.07394232670251e-05,0.0429576930681005,0.01,2000,0.5,1,9,0,NA,3471.37,929,1,0,0.0099531922129989,0,0,1,0,0,144
19,21123,4000,2,"poisson","fixed",5.55977020659052e-05,10,0.000555977020659052,2.22390808263621,0.01,2000,0.5,1,0,0,NA,325.584,6,0,1,NA,0,0,1,1,0,145
19,21123,4000,2,"poisson","linesearch",5.55977020659052e-05,10,0.000555977020659052,2.22390808263621,0.01,2000,0.5,1,9,0,NA,495.825,69,1,0,0.00930078526244271,2,2,0,0,0,146
19,21123,4000,2,"poisson","fixed",5.55977020659052e-05,5,0.000277988510329526,1.1119540413181,0.01,2000,0.5,1,0,0,NA,1258.694,2000,0,0,2812.8874238789,0,0,1,1,0,147
19,21123,4000,2,"poisson","linesearch",5.55977020659052e-05,5,0.000277988510329526,1.1119540413181,0.01,2000,0.5,1,9,0,NA,476.428,69,1,0,0.00930078526244271,1,1,0,0,0,148
19,21123,4000,2,"poisson","fixed",5.55977020659052e-05,1,5.55977020659052e-05,0.222390808263621,0.01,2000,0.5,1,0,0,NA,407.302,178,1,0,0.00951418579908925,0,0,1,1,0,149
19,21123,4000,2,"poisson","linesearch",5.55977020659052e-05,1,5.55977020659052e-05,0.222390808263621,0.01,2000,0.5,1,9,0,NA,638.371,178,1,0,0.00951418579908925,0,0,1,0,0,150
19,21123,4000,2,"poisson","fixed",5.55977020659052e-05,0.2,1.1119540413181e-05,0.0444781616527242,0.01,2000,0.5,1,0,0,NA,739.278,901,1,0,0.00996545076546362,0,0,1,1,0,151
19,21123,4000,2,"poisson","linesearch",5.55977020659052e-05,0.2,1.1119540413181e-05,0.0444781616527242,0.01,2000,0.5,1,9,0,NA,3228.504,901,1,0,0.00996545076546362,0,0,1,0,0,152
20,22123,4000,2,"poisson","fixed",5.58226872926362e-05,10,0.000558226872926362,2.23290749170545,0.01,2000,0.5,1,0,0,NA,330.74,6,0,1,NA,0,0,1,1,0,153
20,22123,4000,2,"poisson","linesearch",5.58226872926362e-05,10,0.000558226872926362,2.23290749170545,0.01,2000,0.5,1,9,0,NA,494.843,66,1,0,0.00994884735140122,2,2,0,0,0,154
20,22123,4000,2,"poisson","fixed",5.58226872926362e-05,5,0.000279113436463181,1.11645374585272,0.01,2000,0.5,1,0,0,NA,1266.702,2000,0,0,2852.15268178122,0,0,1,1,0,155
20,22123,4000,2,"poisson","linesearch",5.58226872926362e-05,5,0.000279113436463181,1.11645374585272,0.01,2000,0.5,1,9,0,NA,469.103,66,1,0,0.00994884735140122,1,1,0,0,0,156
20,22123,4000,2,"poisson","fixed",5.58226872926362e-05,1,5.58226872926362e-05,0.223290749170545,0.01,2000,0.5,1,0,0,NA,405.573,171,1,0,0.00964288349760256,0,0,1,1,0,157
20,22123,4000,2,"poisson","linesearch",5.58226872926362e-05,1,5.58226872926362e-05,0.223290749170545,0.01,2000,0.5,1,9,0,NA,612.499,171,1,0,0.00964288349760256,0,0,1,0,0,158
20,22123,4000,2,"poisson","fixed",5.58226872926362e-05,0.2,1.11645374585272e-05,0.0446581498341089,0.01,2000,0.5,1,0,0,NA,725.683,868,1,0,0.00989185012702487,0,0,1,1,0,159
20,22123,4000,2,"poisson","linesearch",5.58226872926362e-05,0.2,1.11645374585272e-05,0.0446581498341089,0.01,2000,0.5,1,9,0,NA,2423.159,868,1,0,0.00989185012702487,0,0,1,0,0,160
21,23123,4000,2,"poisson","fixed",5.48800675216799e-05,10,0.000548800675216799,2.19520270086719,0.01,2000,0.5,1,0,0,NA,324.953,6,0,1,NA,0,0,1,1,0,161
21,23123,4000,2,"poisson","linesearch",5.48800675216799e-05,10,0.000548800675216799,2.19520270086719,0.01,2000,0.5,1,9,0,NA,503.262,69,1,0,0.00936090365131505,2,2,0,0,0,162
21,23123,4000,2,"poisson","fixed",5.48800675216799e-05,5,0.000274400337608399,1.0976013504336,0.01,2000,0.5,1,0,0,NA,1269.876,2000,0,0,2800.43986380286,0,0,1,1,0,163
21,23123,4000,2,"poisson","linesearch",5.48800675216799e-05,5,0.000274400337608399,1.0976013504336,0.01,2000,0.5,1,9,0,NA,470.44,69,1,0,0.00936090365131505,1,1,0,0,0,164
21,23123,4000,2,"poisson","fixed",5.48800675216799e-05,1,5.48800675216799e-05,0.219520270086719,0.01,2000,0.5,1,0,0,NA,409.69,178,1,0,0.00946265112806145,0,0,1,1,0,165
21,23123,4000,2,"poisson","linesearch",5.48800675216799e-05,1,5.48800675216799e-05,0.219520270086719,0.01,2000,0.5,1,9,0,NA,657.388,178,1,0,0.00946265112806145,0,0,1,0,0,166
21,23123,4000,2,"poisson","fixed",5.48800675216799e-05,0.2,1.0976013504336e-05,0.0439040540173439,0.01,2000,0.5,1,0,0,NA,744.997,902,1,0,0.00991544573200032,0,0,1,1,0,167
21,23123,4000,2,"poisson","linesearch",5.48800675216799e-05,0.2,1.0976013504336e-05,0.0439040540173439,0.01,2000,0.5,1,9,0,NA,2912.745,902,1,0,0.00991544573200032,0,0,1,0,0,168
22,24123,4000,2,"poisson","fixed",5.36757776191568e-05,10,0.000536757776191568,2.14703110476627,0.01,2000,0.5,1,0,0,NA,333.04,6,0,1,NA,0,0,1,1,0,169
22,24123,4000,2,"poisson","linesearch",5.36757776191568e-05,10,0.000536757776191568,2.14703110476627,0.01,2000,0.5,1,9,0,NA,517.514,71,1,0,0.00908800368311519,2,2,0,0,0,170
22,24123,4000,2,"poisson","fixed",5.36757776191568e-05,5,0.000268378888095784,1.07351555238314,0.01,2000,0.5,1,0,0,NA,1276.917,2000,0,0,8534.57567043364,0,0,1,1,0,171
22,24123,4000,2,"poisson","linesearch",5.36757776191568e-05,5,0.000268378888095784,1.07351555238314,0.01,2000,0.5,1,9,0,NA,484.366,71,1,0,0.00908800368311519,1,1,0,0,0,172
22,24123,4000,2,"poisson","fixed",5.36757776191568e-05,1,5.36757776191568e-05,0.214703110476627,0.01,2000,0.5,1,0,0,NA,410.321,182,1,0,0.00987523707124405,0,0,1,1,0,173
22,24123,4000,2,"poisson","linesearch",5.36757776191568e-05,1,5.36757776191568e-05,0.214703110476627,0.01,2000,0.5,1,9,0,NA,677.91,182,1,0,0.00987523707124405,0,0,1,0,0,174
22,24123,4000,2,"poisson","fixed",5.36757776191568e-05,0.2,1.07351555238314e-05,0.0429406220953255,0.01,2000,0.5,1,0,0,NA,756.403,925,1,0,0.00993539678211303,0,0,1,1,0,175
22,24123,4000,2,"poisson","linesearch",5.36757776191568e-05,0.2,1.07351555238314e-05,0.0429406220953255,0.01,2000,0.5,1,9,0,NA,3268.213,925,1,0,0.00993539678211303,0,0,1,0,0,176
23,25123,4000,2,"poisson","fixed",5.41114956695091e-05,10,0.000541114956695091,2.16445982678036,0.01,2000,0.5,1,0,0,NA,326.132,6,0,1,NA,0,0,1,1,0,177
23,25123,4000,2,"poisson","linesearch",5.41114956695091e-05,10,0.000541114956695091,2.16445982678036,0.01,2000,0.5,1,9,0,NA,522.547,71,1,0,0.00880822833843448,2,2,0,0,0,178
23,25123,4000,2,"poisson","fixed",5.41114956695091e-05,5,0.000270557478347546,1.08222991339018,0.01,2000,0.5,1,0,0,NA,1269.618,2000,0,0,7866.51418228438,0,0,1,1,0,179
23,25123,4000,2,"poisson","linesearch",5.41114956695091e-05,5,0.000270557478347546,1.08222991339018,0.01,2000,0.5,1,9,0,NA,487.131,71,1,0,0.00880822833843448,1,1,0,0,0,180
23,25123,4000,2,"poisson","fixed",5.41114956695091e-05,1,5.41114956695091e-05,0.216445982678036,0.01,2000,0.5,1,0,0,NA,408.527,182,1,0,0.00971797072902852,0,0,1,1,0,181
23,25123,4000,2,"poisson","linesearch",5.41114956695091e-05,1,5.41114956695091e-05,0.216445982678036,0.01,2000,0.5,1,9,0,NA,668.167,182,1,0,0.00971797072902852,0,0,1,0,0,182
23,25123,4000,2,"poisson","fixed",5.41114956695091e-05,0.2,1.08222991339018e-05,0.0432891965356073,0.01,2000,0.5,1,0,0,NA,756.517,924,1,0,0.00994605916403907,0,0,1,1,0,183
23,25123,4000,2,"poisson","linesearch",5.41114956695091e-05,0.2,1.08222991339018e-05,0.0432891965356073,0.01,2000,0.5,1,9,0,NA,2938.832,924,1,0,0.00994605916403907,0,0,1,0,0,184
24,26123,4000,2,"poisson","fixed",5.50676746351357e-05,10,0.000550676746351357,2.20270698540543,0.01,2000,0.5,1,0,0,NA,325.062,6,0,1,NA,0,0,1,1,0,185
24,26123,4000,2,"poisson","linesearch",5.50676746351357e-05,10,0.000550676746351357,2.20270698540543,0.01,2000,0.5,1,9,0,NA,503.401,68,1,0,0.00993932013606422,2,2,0,0,0,186
24,26123,4000,2,"poisson","fixed",5.50676746351357e-05,5,0.000275338373175678,1.10135349270271,0.01,2000,0.5,1,0,0,NA,1254.646,2000,0,0,2834.30204911771,0,0,1,1,0,187
24,26123,4000,2,"poisson","linesearch",5.50676746351357e-05,5,0.000275338373175678,1.10135349270271,0.01,2000,0.5,1,9,0,NA,476.073,68,1,0,0.00993932013606422,1,1,0,0,0,188
24,26123,4000,2,"poisson","fixed",5.50676746351357e-05,1,5.50676746351357e-05,0.220270698540543,0.01,2000,0.5,1,0,0,NA,403.553,176,1,0,0.00975358201783327,0,0,1,1,0,189
24,26123,4000,2,"poisson","linesearch",5.50676746351357e-05,1,5.50676746351357e-05,0.220270698540543,0.01,2000,0.5,1,9,0,NA,652.243,176,1,0,0.00975358201783327,0,0,1,0,0,190
24,26123,4000,2,"poisson","fixed",5.50676746351357e-05,0.2,1.10135349270271e-05,0.0440541397081086,0.01,2000,0.5,1,0,0,NA,734.231,893,1,0,0.00993065954662747,0,0,1,1,0,191
24,26123,4000,2,"poisson","linesearch",5.50676746351357e-05,0.2,1.10135349270271e-05,0.0440541397081086,0.01,2000,0.5,1,9,0,NA,2777.51,893,1,0,0.00993065954662747,0,0,1,0,0,192
25,27123,4000,2,"poisson","fixed",5.49892208488838e-05,10,0.000549892208488838,2.19956883395535,0.01,2000,0.5,1,0,0,NA,325.161,6,0,1,NA,0,0,1,1,0,193
25,27123,4000,2,"poisson","linesearch",5.49892208488838e-05,10,0.000549892208488838,2.19956883395535,0.01,2000,0.5,1,9,0,NA,504.519,69,1,0,0.00983942412657941,2,2,0,0,0,194
25,27123,4000,2,"poisson","fixed",5.49892208488838e-05,5,0.000274946104244419,1.09978441697768,0.01,2000,0.5,1,0,0,NA,1264.324,2000,0,0,8100.59397075338,0,0,1,1,0,195
25,27123,4000,2,"poisson","linesearch",5.49892208488838e-05,5,0.000274946104244419,1.09978441697768,0.01,2000,0.5,1,9,0,NA,474.745,69,1,0,0.00983942412657941,1,1,0,0,0,196
25,27123,4000,2,"poisson","fixed",5.49892208488838e-05,1,5.49892208488838e-05,0.219956883395535,0.01,2000,0.5,1,0,0,NA,408.247,179,1,0,0.00952267770891308,0,0,1,1,0,197
25,27123,4000,2,"poisson","linesearch",5.49892208488838e-05,1,5.49892208488838e-05,0.219956883395535,0.01,2000,0.5,1,9,0,NA,655.661,179,1,0,0.00952267770891308,0,0,1,0,0,198
25,27123,4000,2,"poisson","fixed",5.49892208488838e-05,0.2,1.09978441697768e-05,0.043991376679107,0.01,2000,0.5,1,0,0,NA,739.036,906,1,0,0.00998286601299697,0,0,1,1,0,199
25,27123,4000,2,"poisson","linesearch",5.49892208488838e-05,0.2,1.09978441697768e-05,0.043991376679107,0.01,2000,0.5,1,9,0,NA,3074.614,906,1,0,0.00998286601299697,0,0,1,0,0,200
26,28123,4000,2,"poisson","fixed",5.3692300562003e-05,10,0.00053692300562003,2.14769202248012,0.01,2000,0.5,1,0,0,NA,316.340999999999,6,0,1,NA,0,0,1,1,0,201
26,28123,4000,2,"poisson","linesearch",5.3692300562003e-05,10,0.00053692300562003,2.14769202248012,0.01,2000,0.5,1,9,0,NA,492.190000000001,70,1,0,0.00966794565101103,2,2,0,0,0,202
26,28123,4000,2,"poisson","fixed",5.3692300562003e-05,5,0.000268461502810015,1.07384601124006,0.01,2000,0.5,1,0,0,NA,1226.093,2000,0,0,7742.5602557576,0,0,1,1,0,203
26,28123,4000,2,"poisson","linesearch",5.3692300562003e-05,5,0.000268461502810015,1.07384601124006,0.01,2000,0.5,1,9,0,NA,494.254999999999,70,1,0,0.00966794565101103,1,1,0,0,0,204
26,28123,4000,2,"poisson","fixed",5.3692300562003e-05,1,5.3692300562003e-05,0.214769202248012,0.01,2000,0.5,1,0,0,NA,417.561,181,1,0,0.00966620221238378,0,0,1,1,0,205
26,28123,4000,2,"poisson","linesearch",5.3692300562003e-05,1,5.3692300562003e-05,0.214769202248012,0.01,2000,0.5,1,9,0,NA,653.315000000001,181,1,0,0.00966620221238378,0,0,1,0,0,206
26,28123,4000,2,"poisson","fixed",5.3692300562003e-05,0.2,1.07384601124006e-05,0.0429538404496024,0.01,2000,0.5,1,0,0,NA,730.750999999998,918,1,0,0.0099757447415305,0,0,1,1,0,207
26,28123,4000,2,"poisson","linesearch",5.3692300562003e-05,0.2,1.07384601124006e-05,0.0429538404496024,0.01,2000,0.5,1,9,0,NA,2797.167,918,1,0,0.0099757447415305,0,0,1,0,0,208
27,29123,4000,2,"poisson","fixed",5.5546388164694e-05,10,0.00055546388164694,2.22185552658776,0.01,2000,0.5,1,0,0,NA,317.900000000001,6,0,1,NA,0,0,1,1,0,209
27,29123,4000,2,"poisson","linesearch",5.5546388164694e-05,10,0.00055546388164694,2.22185552658776,0.01,2000,0.5,1,9,0,NA,491.775000000001,68,1,0,0.00993313983298948,2,2,0,0,0,210
27,29123,4000,2,"poisson","fixed",5.5546388164694e-05,5,0.00027773194082347,1.11092776329388,0.01,2000,0.5,1,0,0,NA,1232.618,2000,0,0,2830.8711656271,0,0,1,1,0,211
27,29123,4000,2,"poisson","linesearch",5.5546388164694e-05,5,0.00027773194082347,1.11092776329388,0.01,2000,0.5,1,9,0,NA,481.802,68,1,0,0.00993313983298948,1,1,0,0,0,212
27,29123,4000,2,"poisson","fixed",5.5546388164694e-05,1,5.5546388164694e-05,0.222185552658776,0.01,2000,0.5,1,0,0,NA,410.996000000001,176,1,0,0.00987663536971595,0,0,1,1,0,213
27,29123,4000,2,"poisson","linesearch",5.5546388164694e-05,1,5.5546388164694e-05,0.222185552658776,0.01,2000,0.5,1,9,0,NA,626.044,176,1,0,0.00987663536971595,0,0,1,0,0,214
27,29123,4000,2,"poisson","fixed",5.5546388164694e-05,0.2,1.11092776329388e-05,0.0444371105317552,0.01,2000,0.5,1,0,0,NA,719.741,895,1,0,0.00994155401603453,0,0,1,1,0,215
27,29123,4000,2,"poisson","linesearch",5.5546388164694e-05,0.2,1.11092776329388e-05,0.0444371105317552,0.01,2000,0.5,1,9,0,NA,2675.394,895,1,0,0.00994155401603453,0,0,1,0,0,216
28,30123,4000,2,"poisson","fixed",5.45146401072355e-05,10,0.000545146401072355,2.18058560428942,0.01,2000,0.5,1,0,0,NA,311.321,6,0,1,NA,0,0,1,1,0,217
28,30123,4000,2,"poisson","linesearch",5.45146401072355e-05,10,0.000545146401072355,2.18058560428942,0.01,2000,0.5,1,9,0,NA,492.322999999999,72,1,0,0.00967611001338306,2,2,0,0,0,218
28,30123,4000,2,"poisson","fixed",5.45146401072355e-05,5,0.000272573200536178,1.09029280214471,0.01,2000,0.5,1,0,0,NA,1225.039,2000,0,0,7797.33771037828,0,0,1,1,0,219
28,30123,4000,2,"poisson","linesearch",5.45146401072355e-05,5,0.000272573200536178,1.09029280214471,0.01,2000,0.5,1,9,0,NA,500.958999999999,72,1,0,0.00967611001338306,1,1,0,0,0,220
28,30123,4000,2,"poisson","fixed",5.45146401072355e-05,1,5.45146401072355e-05,0.218058560428942,0.01,2000,0.5,1,0,0,NA,412.833999999999,186,1,0,0.0097474407298895,0,0,1,1,0,221
28,30123,4000,2,"poisson","linesearch",5.45146401072355e-05,1,5.45146401072355e-05,0.218058560428942,0.01,2000,0.5,1,9,0,NA,707.732,186,1,0,0.0097474407298895,0,0,1,0,0,222
28,30123,4000,2,"poisson","fixed",5.45146401072355e-05,0.2,1.09029280214471e-05,0.0436117120857884,0.01,2000,0.5,1,0,0,NA,746.835999999999,944,1,0,0.00995215829947859,0,0,1,1,0,223
28,30123,4000,2,"poisson","linesearch",5.45146401072355e-05,0.2,1.09029280214471e-05,0.0436117120857884,0.01,2000,0.5,1,9,0,NA,4301.784,944,1,0,0.00995215829947859,0,0,1,0,0,224
29,31123,4000,2,"poisson","fixed",5.45698913825683e-05,10,0.000545698913825683,2.18279565530273,0.01,2000,0.5,1,0,0,NA,313.961,6,0,1,NA,0,0,1,1,0,225
29,31123,4000,2,"poisson","linesearch",5.45698913825683e-05,10,0.000545698913825683,2.18279565530273,0.01,2000,0.5,1,9,0,NA,488.881,70,1,0,0.00925585532545502,2,2,0,0,0,226
29,31123,4000,2,"poisson","fixed",5.45698913825683e-05,5,0.000272849456912842,1.09139782765137,0.01,2000,0.5,1,0,0,NA,1216.804,2000,0,0,2775.63094692766,0,0,1,1,0,227
29,31123,4000,2,"poisson","linesearch",5.45698913825683e-05,5,0.000272849456912842,1.09139782765137,0.01,2000,0.5,1,9,0,NA,489.802,70,1,0,0.00925585532545502,1,1,0,0,0,228
29,31123,4000,2,"poisson","fixed",5.45698913825683e-05,1,5.45698913825683e-05,0.218279565530273,0.01,2000,0.5,1,0,0,NA,412.547999999999,180,1,0,0.00993193332311903,0,0,1,1,0,229
29,31123,4000,2,"poisson","linesearch",5.45698913825683e-05,1,5.45698913825683e-05,0.218279565530273,0.01,2000,0.5,1,9,0,NA,663.438,180,1,0,0.00993193332311903,0,0,1,0,0,230
29,31123,4000,2,"poisson","fixed",5.45698913825683e-05,0.2,1.09139782765137e-05,0.0436559131060547,0.01,2000,0.5,1,0,0,NA,726.312,916,1,0,0.00994835182836767,0,0,1,1,0,231
29,31123,4000,2,"poisson","linesearch",5.45698913825683e-05,0.2,1.09139782765137e-05,0.0436559131060547,0.01,2000,0.5,1,9,0,NA,3171.339,916,1,0,0.00994835182836767,0,0,1,0,0,232
30,32123,4000,2,"poisson","fixed",5.44380781827315e-05,10,0.000544380781827315,2.17752312730926,0.01,2000,0.5,1,0,0,NA,314.304999999999,6,0,1,NA,0,0,1,1,0,233
30,32123,4000,2,"poisson","linesearch",5.44380781827315e-05,10,0.000544380781827315,2.17752312730926,0.01,2000,0.5,1,9,0,NA,500.563999999999,68,1,0,0.00928048194074665,2,2,0,0,0,234
30,32123,4000,2,"poisson","fixed",5.44380781827315e-05,5,0.000272190390913658,1.08876156365463,0.01,2000,0.5,1,0,0,NA,1245.292,2000,0,0,2783.66790659321,0,0,1,1,0,235
30,32123,4000,2,"poisson","linesearch",5.44380781827315e-05,5,0.000272190390913658,1.08876156365463,0.01,2000,0.5,1,9,0,NA,478.111999999999,68,1,0,0.00928048194074665,1,1,0,0,0,236
30,32123,4000,2,"poisson","fixed",5.44380781827315e-05,1,5.44380781827315e-05,0.217752312730926,0.01,2000,0.5,1,0,0,NA,409.514000000001,175,1,0,0.00961732947484906,0,0,1,1,0,237
30,32123,4000,2,"poisson","linesearch",5.44380781827315e-05,1,5.44380781827315e-05,0.217752312730926,0.01,2000,0.5,1,9,0,NA,644.363000000001,175,1,0,0.00961732947484906,0,0,1,0,0,238
30,32123,4000,2,"poisson","fixed",5.44380781827315e-05,0.2,1.08876156365463e-05,0.0435504625461852,0.01,2000,0.5,1,0,0,NA,724.018,886,1,0,0.00999749026686753,0,0,1,1,0,239
30,32123,4000,2,"poisson","linesearch",5.44380781827315e-05,0.2,1.08876156365463e-05,0.0435504625461852,0.01,2000,0.5,1,9,0,NA,2659.525,886,1,0,0.00999749026686753,0,0,1,0,0,240
31,33123,4000,2,"poisson","fixed",5.50759690615246e-05,10,0.000550759690615246,2.20303876246099,0.01,2000,0.5,1,0,0,NA,316.136,6,0,1,NA,0,0,1,1,0,241
31,33123,4000,2,"poisson","linesearch",5.50759690615246e-05,10,0.000550759690615246,2.20303876246099,0.01,2000,0.5,1,9,0,NA,489.925000000001,69,1,0,0.00975011251566438,2,2,0,0,0,242
31,33123,4000,2,"poisson","fixed",5.50759690615246e-05,5,0.000275379845307623,1.10151938123049,0.01,2000,0.5,1,0,0,NA,1228.214,2000,0,0,2813.88204773305,0,0,1,1,0,243
31,33123,4000,2,"poisson","linesearch",5.50759690615246e-05,5,0.000275379845307623,1.10151938123049,0.01,2000,0.5,1,9,0,NA,489.309999999999,69,1,0,0.00975011251566438,1,1,0,0,0,244
31,33123,4000,2,"poisson","fixed",5.50759690615246e-05,1,5.50759690615246e-05,0.220303876246099,0.01,2000,0.5,1,0,0,NA,408.843000000001,178,1,0,0.00968533813534278,0,0,1,1,0,245
31,33123,4000,2,"poisson","linesearch",5.50759690615246e-05,1,5.50759690615246e-05,0.220303876246099,0.01,2000,0.5,1,9,0,NA,672.540999999999,178,1,0,0.00968533813534278,0,0,1,0,0,246
31,33123,4000,2,"poisson","fixed",5.50759690615246e-05,0.2,1.10151938123049e-05,0.0440607752492197,0.01,2000,0.5,1,0,0,NA,733.915999999999,901,1,0,0.00997696061740594,0,0,1,1,0,247
31,33123,4000,2,"poisson","linesearch",5.50759690615246e-05,0.2,1.10151938123049e-05,0.0440607752492197,0.01,2000,0.5,1,9,0,NA,3015.858,901,1,0,0.00997696061740594,0,0,1,0,0,248
32,34123,4000,2,"poisson","fixed",5.35762003855714e-05,10,0.000535762003855714,2.14304801542286,0.01,2000,0.5,1,0,0,NA,318.364,6,0,1,NA,0,0,1,1,0,249
32,34123,4000,2,"poisson","linesearch",5.35762003855714e-05,10,0.000535762003855714,2.14304801542286,0.01,2000,0.5,1,9,0,NA,518.371999999999,72,1,0,0.00995391315002792,2,2,0,0,0,250
32,34123,4000,2,"poisson","fixed",5.35762003855714e-05,5,0.000267881001927857,1.07152400771143,0.01,2000,0.5,1,0,0,NA,1239.347,2000,0,0,8161.23313949385,0,0,1,1,0,251
32,34123,4000,2,"poisson","linesearch",5.35762003855714e-05,5,0.000267881001927857,1.07152400771143,0.01,2000,0.5,1,9,0,NA,510.688999999998,72,1,0,0.00995391315002792,1,1,0,0,0,252
32,34123,4000,2,"poisson","fixed",5.35762003855714e-05,1,5.35762003855714e-05,0.214304801542286,0.01,2000,0.5,1,0,0,NA,406.793,187,1,0,0.00948772710142359,0,0,1,1,0,253
32,34123,4000,2,"poisson","linesearch",5.35762003855714e-05,1,5.35762003855714e-05,0.214304801542286,0.01,2000,0.5,1,9,0,NA,739.473,187,1,0,0.00948772710142359,0,0,1,0,0,254
32,34123,4000,2,"poisson","fixed",5.35762003855714e-05,0.2,1.07152400771143e-05,0.0428609603084571,0.01,2000,0.5,1,0,0,NA,759.762000000001,947,1,0,0.0098965925048653,0,0,1,1,0,255
32,34123,4000,2,"poisson","linesearch",5.35762003855714e-05,0.2,1.07152400771143e-05,0.0428609603084571,0.01,2000,0.5,1,9,0,NA,3998.527,947,1,0,0.0098965925048653,0,0,1,0,0,256
33,35123,4000,2,"poisson","fixed",5.5177171532643e-05,10,0.00055177171532643,2.20708686130572,0.01,2000,0.5,1,0,0,NA,315.508,6,0,1,NA,0,0,1,1,0,257
33,35123,4000,2,"poisson","linesearch",5.5177171532643e-05,10,0.00055177171532643,2.20708686130572,0.01,2000,0.5,1,9,0,NA,494.960999999999,68,1,0,0.00868137070975239,2,2,0,0,0,258
33,35123,4000,2,"poisson","fixed",5.5177171532643e-05,5,0.000275885857663215,1.10354343065286,0.01,2000,0.5,1,0,0,NA,1247.636,2000,0,0,2822.23528950753,0,0,1,1,0,259
33,35123,4000,2,"poisson","linesearch",5.5177171532643e-05,5,0.000275885857663215,1.10354343065286,0.01,2000,0.5,1,9,0,NA,490.884999999998,68,1,0,0.00868137070975239,1,1,0,0,0,260
33,35123,4000,2,"poisson","fixed",5.5177171532643e-05,1,5.5177171532643e-05,0.220708686130572,0.01,2000,0.5,1,0,0,NA,410.472,174,1,0,0.00980258313395155,0,0,1,1,0,261
33,35123,4000,2,"poisson","linesearch",5.5177171532643e-05,1,5.5177171532643e-05,0.220708686130572,0.01,2000,0.5,1,9,0,NA,673.665999999999,174,1,0,0.00980258313395155,0,0,1,0,0,262
33,35123,4000,2,"poisson","fixed",5.5177171532643e-05,0.2,1.10354343065286e-05,0.0441417372261144,0.01,2000,0.5,1,0,0,NA,730.179,884,1,0,0.00999374808162157,0,0,1,1,0,263
33,35123,4000,2,"poisson","linesearch",5.5177171532643e-05,0.2,1.10354343065286e-05,0.0441417372261144,0.01,2000,0.5,1,9,0,NA,3004.894,884,1,0,0.00999374808162157,0,0,1,0,0,264
34,36123,4000,2,"poisson","fixed",5.34855131616507e-05,10,0.000534855131616507,2.13942052646603,0.01,2000,0.5,1,0,0,NA,322.916,6,0,1,NA,0,0,1,1,0,265
34,36123,4000,2,"poisson","linesearch",5.34855131616507e-05,10,0.000534855131616507,2.13942052646603,0.01,2000,0.5,1,9,0,NA,504.045,71,1,0,0.00911365992057583,2,2,0,0,0,266
34,36123,4000,2,"poisson","fixed",5.34855131616507e-05,5,0.000267427565808253,1.06971026323301,0.01,2000,0.5,1,0,0,NA,1250.384,2000,0,0,8841.44447775897,0,0,1,1,0,267
34,36123,4000,2,"poisson","linesearch",5.34855131616507e-05,5,0.000267427565808253,1.06971026323301,0.01,2000,0.5,1,9,0,NA,477.889999999999,71,1,0,0.00911365992057583,1,1,0,0,0,268
34,36123,4000,2,"poisson","fixed",5.34855131616507e-05,1,5.34855131616507e-05,0.213942052646603,0.01,2000,0.5,1,0,0,NA,407.648999999999,182,1,0,0.00988967205843916,0,0,1,1,0,269
34,36123,4000,2,"poisson","linesearch",5.34855131616507e-05,1,5.34855131616507e-05,0.213942052646603,0.01,2000,0.5,1,9,0,NA,629.91,182,1,0,0.00988967205843916,0,0,1,0,0,270
34,36123,4000,2,"poisson","fixed",5.34855131616507e-05,0.2,1.06971026323301e-05,0.0427884105293206,0.01,2000,0.5,1,0,0,NA,745.459999999999,925,1,0,0.00994380018536317,0,0,1,1,0,271
34,36123,4000,2,"poisson","linesearch",5.34855131616507e-05,0.2,1.06971026323301e-05,0.0427884105293206,0.01,2000,0.5,1,9,0,NA,2773.333,925,1,0,0.00994380018536317,0,0,1,0,0,272
35,37123,4000,2,"poisson","fixed",5.56057535484302e-05,10,0.000556057535484302,2.22423014193721,0.01,2000,0.5,1,0,0,NA,321.963,6,0,1,NA,0,0,1,1,0,273
35,37123,4000,2,"poisson","linesearch",5.56057535484302e-05,10,0.000556057535484302,2.22423014193721,0.01,2000,0.5,1,9,0,NA,531.93,72,1,0,0.00900855410124814,2,2,0,0,0,274
35,37123,4000,2,"poisson","fixed",5.56057535484302e-05,5,0.000278028767742151,1.1121150709686,0.01,2000,0.5,1,0,0,NA,1253.892,2000,0,0,2900.42504221608,0,0,1,1,0,275
35,37123,4000,2,"poisson","linesearch",5.56057535484302e-05,5,0.000278028767742151,1.1121150709686,0.01,2000,0.5,1,9,0,NA,525.305,72,1,0,0.00900855410124814,1,1,0,0,0,276
35,37123,4000,2,"poisson","fixed",5.56057535484302e-05,1,5.56057535484302e-05,0.222423014193721,0.01,2000,0.5,1,0,0,NA,407.431,185,1,0,0.00957246476795491,0,0,1,1,0,277
35,37123,4000,2,"poisson","linesearch",5.56057535484302e-05,1,5.56057535484302e-05,0.222423014193721,0.01,2000,0.5,1,9,0,NA,792.937,185,1,0,0.00957246476795491,0,0,1,0,0,278
35,37123,4000,2,"poisson","fixed",5.56057535484302e-05,0.2,1.1121150709686e-05,0.0444846028387442,0.01,2000,0.5,1,0,0,NA,751.605,937,1,0,0.00996808377697238,0,0,1,1,0,279
35,37123,4000,2,"poisson","linesearch",5.56057535484302e-05,0.2,1.1121150709686e-05,0.0444846028387442,0.01,2000,0.5,1,9,0,NA,4987.233,937,1,0,0.00996808377697238,0,0,1,0,0,280
36,38123,4000,2,"poisson","fixed",5.61474699683362e-05,10,0.000561474699683362,2.24589879873345,0.01,2000,0.5,1,0,0,NA,316.724999999999,6,0,1,NA,0,0,1,1,0,281
36,38123,4000,2,"poisson","linesearch",5.61474699683362e-05,10,0.000561474699683362,2.24589879873345,0.01,2000,0.5,1,9,0,NA,484.737999999999,67,1,0,0.00871624987801067,2,2,0,0,0,282
36,38123,4000,2,"poisson","fixed",5.61474699683362e-05,5,0.000280737349841681,1.12294939936672,0.01,2000,0.5,1,0,0,NA,1245.494,2000,0,0,2872.27573771104,0,0,1,1,0,283
36,38123,4000,2,"poisson","linesearch",5.61474699683362e-05,5,0.000280737349841681,1.12294939936672,0.01,2000,0.5,1,9,0,NA,474.74,67,1,0,0.00871624987801067,1,1,0,0,0,284
36,38123,4000,2,"poisson","fixed",5.61474699683362e-05,1,5.61474699683362e-05,0.224589879873345,0.01,2000,0.5,1,0,0,NA,409.689999999999,172,1,0,0.00949481507109712,0,0,1,1,0,285
36,38123,4000,2,"poisson","linesearch",5.61474699683362e-05,1,5.61474699683362e-05,0.224589879873345,0.01,2000,0.5,1,9,0,NA,635.163999999999,172,1,0,0.00949481507109712,0,0,1,0,0,286
36,38123,4000,2,"poisson","fixed",5.61474699683362e-05,0.2,1.12294939936672e-05,0.044917975974669,0.01,2000,0.5,1,0,0,NA,714.609999999999,871,1,0,0.00997874308956387,0,0,1,1,0,287
36,38123,4000,2,"poisson","linesearch",5.61474699683362e-05,0.2,1.12294939936672e-05,0.044917975974669,0.01,2000,0.5,1,9,0,NA,2639.177,871,1,0,0.00997874308956387,0,0,1,0,0,288
37,39123,4000,2,"poisson","fixed",5.4509756867224e-05,10,0.00054509756867224,2.18039027468896,0.01,2000,0.5,1,0,0,NA,318.511,6,0,1,NA,0,0,1,1,0,289
37,39123,4000,2,"poisson","linesearch",5.4509756867224e-05,10,0.00054509756867224,2.18039027468896,0.01,2000,0.5,1,9,0,NA,494.588,69,1,0,0.00990877946421656,2,2,0,0,0,290
37,39123,4000,2,"poisson","fixed",5.4509756867224e-05,5,0.00027254878433612,1.09019513734448,0.01,2000,0.5,1,0,0,NA,1243.217,2000,0,0,8094.21379654071,0,0,1,1,0,291
37,39123,4000,2,"poisson","linesearch",5.4509756867224e-05,5,0.00027254878433612,1.09019513734448,0.01,2000,0.5,1,9,0,NA,485.571,69,1,0,0.00990877946421656,1,1,0,0,0,292
37,39123,4000,2,"poisson","fixed",5.4509756867224e-05,1,5.4509756867224e-05,0.218039027468896,0.01,2000,0.5,1,0,0,NA,416.741,179,1,0,0.00955108793178502,0,0,1,1,0,293
37,39123,4000,2,"poisson","linesearch",5.4509756867224e-05,1,5.4509756867224e-05,0.218039027468896,0.01,2000,0.5,1,9,0,NA,682.018,179,1,0,0.00955108793178502,0,0,1,0,0,294
37,39123,4000,2,"poisson","fixed",5.4509756867224e-05,0.2,1.09019513734448e-05,0.0436078054937792,0.01,2000,0.5,1,0,0,NA,744.089,906,1,0,0.00998623646513908,0,0,1,1,0,295
37,39123,4000,2,"poisson","linesearch",5.4509756867224e-05,0.2,1.09019513734448e-05,0.0436078054937792,0.01,2000,0.5,1,9,0,NA,3083.867,906,1,0,0.00998623646513908,0,0,1,0,0,296
38,40123,4000,2,"poisson","fixed",5.36437116074869e-05,10,0.000536437116074869,2.14574846429948,0.01,2000,0.5,1,0,0,NA,324.883,6,0,1,NA,0,0,1,1,0,297
38,40123,4000,2,"poisson","linesearch",5.36437116074869e-05,10,0.000536437116074869,2.14574846429948,0.01,2000,0.5,1,9,0,NA,499.742,70,1,0,0.00938776115553025,2,2,0,0,0,298
38,40123,4000,2,"poisson","fixed",5.36437116074869e-05,5,0.000268218558037434,1.07287423214974,0.01,2000,0.5,1,0,0,NA,1246.742,2000,0,0,8261.73515464357,0,0,1,1,0,299
38,40123,4000,2,"poisson","linesearch",5.36437116074869e-05,5,0.000268218558037434,1.07287423214974,0.01,2000,0.5,1,9,0,NA,481.677000000001,70,1,0,0.00938776115553025,1,1,0,0,0,300
38,40123,4000,2,"poisson","fixed",5.36437116074869e-05,1,5.36437116074869e-05,0.214574846429948,0.01,2000,0.5,1,0,0,NA,407.568000000001,180,1,0,0.00961431391704326,0,0,1,1,0,301
38,40123,4000,2,"poisson","linesearch",5.36437116074869e-05,1,5.36437116074869e-05,0.214574846429948,0.01,2000,0.5,1,9,0,NA,649.387999999999,180,1,0,0.00961431391704326,0,0,1,0,0,302
38,40123,4000,2,"poisson","fixed",5.36437116074869e-05,0.2,1.07287423214974e-05,0.0429149692859895,0.01,2000,0.5,1,0,0,NA,742.237000000001,911,1,0,0.00992510414747144,0,0,1,1,0,303
38,40123,4000,2,"poisson","linesearch",5.36437116074869e-05,0.2,1.07287423214974e-05,0.0429149692859895,0.01,2000,0.5,1,9,0,NA,2502.675,911,1,0,0.00992510414747144,0,0,1,0,0,304
39,41123,4000,2,"poisson","fixed",5.37936614790651e-05,10,0.000537936614790651,2.1517464591626,0.01,2000,0.5,1,0,0,NA,430.138,6,0,1,NA,0,0,1,1,0,305
39,41123,4000,2,"poisson","linesearch",5.37936614790651e-05,10,0.000537936614790651,2.1517464591626,0.01,2000,0.5,1,9,0,NA,637.428,73,1,0,0.00891052722491434,2,2,0,0,0,306
39,41123,4000,2,"poisson","fixed",5.37936614790651e-05,5,0.000268968307395325,1.0758732295813,0.01,2000,0.5,1,0,0,NA,1355.605,2000,0,0,8722.86155108836,0,0,1,1,0,307
39,41123,4000,2,"poisson","linesearch",5.37936614790651e-05,5,0.000268968307395325,1.0758732295813,0.01,2000,0.5,1,9,0,NA,601.699000000001,73,1,0,0.00891052722491434,1,1,0,0,0,308
39,41123,4000,2,"poisson","fixed",5.37936614790651e-05,1,5.37936614790651e-05,0.21517464591626,0.01,2000,0.5,1,0,0,NA,513.15,187,1,0,0.00973268344414478,0,0,1,1,0,309
39,41123,4000,2,"poisson","linesearch",5.37936614790651e-05,1,5.37936614790651e-05,0.21517464591626,0.01,2000,0.5,1,9,0,NA,854.030000000001,187,1,0,0.00973268344414478,0,0,1,0,0,310
39,41123,4000,2,"poisson","fixed",5.37936614790651e-05,0.2,1.0758732295813e-05,0.0430349291832521,0.01,2000,0.5,1,0,0,NA,873.826000000001,949,1,0,0.00992551133972794,0,0,1,1,0,311
39,41123,4000,2,"poisson","linesearch",5.37936614790651e-05,0.2,1.0758732295813e-05,0.0430349291832521,0.01,2000,0.5,1,9,0,NA,3828.316,949,1,0,0.00992551133972794,0,0,1,0,0,312
40,42123,4000,2,"poisson","fixed",5.57387713887082e-05,10,0.000557387713887082,2.22955085554833,0.01,2000,0.5,1,0,0,NA,322.464,6,0,1,NA,0,0,1,1,0,313
40,42123,4000,2,"poisson","linesearch",5.57387713887082e-05,10,0.000557387713887082,2.22955085554833,0.01,2000,0.5,1,9,0,NA,498.498,68,1,0,0.00930045616193439,2,2,0,0,0,314
40,42123,4000,2,"poisson","fixed",5.57387713887082e-05,5,0.000278693856943541,1.11477542777416,0.01,2000,0.5,1,0,0,NA,1239.708,2000,0,0,2843.15817633739,0,0,1,1,0,315
40,42123,4000,2,"poisson","linesearch",5.57387713887082e-05,5,0.000278693856943541,1.11477542777416,0.01,2000,0.5,1,9,0,NA,483.206,68,1,0,0.00930045616193439,1,1,0,0,0,316
40,42123,4000,2,"poisson","fixed",5.57387713887082e-05,1,5.57387713887082e-05,0.222955085554833,0.01,2000,0.5,1,0,0,NA,407.632000000001,175,1,0,0.00987882756928826,0,0,1,1,0,317
40,42123,4000,2,"poisson","linesearch",5.57387713887082e-05,1,5.57387713887082e-05,0.222955085554833,0.01,2000,0.5,1,9,0,NA,649.418,175,1,0,0.00987882756928826,0,0,1,0,0,318
40,42123,4000,2,"poisson","fixed",5.57387713887082e-05,0.2,1.11477542777416e-05,0.0445910171109666,0.01,2000,0.5,1,0,0,NA,738.929,890,1,0,0.0099510899356644,0,0,1,1,0,319
40,42123,4000,2,"poisson","linesearch",5.57387713887082e-05,0.2,1.11477542777416e-05,0.0445910171109666,0.01,2000,0.5,1,9,0,NA,2927.69,890,1,0,0.0099510899356644,0,0,1,0,0,320
41,43123,4000,2,"poisson","fixed",5.49975463720457e-05,10,0.000549975463720457,2.19990185488183,0.01,2000,0.5,1,0,0,NA,327.642999999999,6,0,1,NA,0,0,1,1,0,321
41,43123,4000,2,"poisson","linesearch",5.49975463720457e-05,10,0.000549975463720457,2.19990185488183,0.01,2000,0.5,1,9,0,NA,493.481,67,1,0,0.00920225467167463,2,2,0,0,0,322
41,43123,4000,2,"poisson","fixed",5.49975463720457e-05,5,0.000274987731860228,1.09995092744091,0.01,2000,0.5,1,0,0,NA,1266.645,2000,0,0,2824.4374823631,0,0,1,1,0,323
41,43123,4000,2,"poisson","linesearch",5.49975463720457e-05,5,0.000274987731860228,1.09995092744091,0.01,2000,0.5,1,9,0,NA,472.629000000001,67,1,0,0.00920225467167463,1,1,0,0,0,324
41,43123,4000,2,"poisson","fixed",5.49975463720457e-05,1,5.49975463720457e-05,0.219990185488183,0.01,2000,0.5,1,0,0,NA,408.709999999999,172,1,0,0.00974893598943871,0,0,1,1,0,325
41,43123,4000,2,"poisson","linesearch",5.49975463720457e-05,1,5.49975463720457e-05,0.219990185488183,0.01,2000,0.5,1,9,0,NA,616.511,172,1,0,0.00974893598943871,0,0,1,0,0,326
41,43123,4000,2,"poisson","fixed",5.49975463720457e-05,0.2,1.09995092744091e-05,0.0439980370976365,0.01,2000,0.5,1,0,0,NA,716.333000000001,872,1,0,0.00999828216892351,0,0,1,1,0,327
41,43123,4000,2,"poisson","linesearch",5.49975463720457e-05,0.2,1.09995092744091e-05,0.0439980370976365,0.01,2000,0.5,1,9,0,NA,2246.078,872,1,0,0.00999828216892351,0,0,1,0,0,328
42,44123,4000,2,"poisson","fixed",5.37576385660211e-05,10,0.000537576385660211,2.15030554264085,0.01,2000,0.5,1,0,0,NA,325.583,6,0,1,NA,0,0,1,1,0,329
42,44123,4000,2,"poisson","linesearch",5.37576385660211e-05,10,0.000537576385660211,2.15030554264085,0.01,2000,0.5,1,9,0,NA,502.194,70,1,0,0.00881508267765496,2,2,0,0,0,330
42,44123,4000,2,"poisson","fixed",5.37576385660211e-05,5,0.000268788192830106,1.07515277132042,0.01,2000,0.5,1,0,0,NA,1253.689,2000,0,0,7813.81782485181,0,0,1,1,0,331
42,44123,4000,2,"poisson","linesearch",5.37576385660211e-05,5,0.000268788192830106,1.07515277132042,0.01,2000,0.5,1,9,0,NA,476.921,70,1,0,0.00881508267765496,1,1,0,0,0,332
42,44123,4000,2,"poisson","fixed",5.37576385660211e-05,1,5.37576385660211e-05,0.215030554264085,0.01,2000,0.5,1,0,0,NA,407.436,179,1,0,0.00974417947171058,0,0,1,1,0,333
42,44123,4000,2,"poisson","linesearch",5.37576385660211e-05,1,5.37576385660211e-05,0.215030554264085,0.01,2000,0.5,1,9,0,NA,637.767000000002,179,1,0,0.00974417947171058,0,0,1,0,0,334
42,44123,4000,2,"poisson","fixed",5.37576385660211e-05,0.2,1.07515277132042e-05,0.0430061108528169,0.01,2000,0.5,1,0,0,NA,730.043,908,1,0,0.00996281807355781,0,0,1,1,0,335
42,44123,4000,2,"poisson","linesearch",5.37576385660211e-05,0.2,1.07515277132042e-05,0.0430061108528169,0.01,2000,0.5,1,9,0,NA,2821.395,908,1,0,0.00996281807355781,0,0,1,0,0,336
43,45123,4000,2,"poisson","fixed",5.61411959930851e-05,10,0.000561411959930851,2.2456478397234,0.01,2000,0.5,1,0,0,NA,321.156,6,0,1,NA,0,0,1,1,0,337
43,45123,4000,2,"poisson","linesearch",5.61411959930851e-05,10,0.000561411959930851,2.2456478397234,0.01,2000,0.5,1,9,0,NA,498.786,67,1,0,0.00935470558710256,2,2,0,0,0,338
43,45123,4000,2,"poisson","fixed",5.61411959930851e-05,5,0.000280705979965425,1.1228239198617,0.01,2000,0.5,1,0,0,NA,1249.121,2000,0,0,2867.16440655851,0,0,1,1,0,339
43,45123,4000,2,"poisson","linesearch",5.61411959930851e-05,5,0.000280705979965425,1.1228239198617,0.01,2000,0.5,1,9,0,NA,466.728999999999,67,1,0,0.00935470558710256,1,1,0,0,0,340
43,45123,4000,2,"poisson","fixed",5.61411959930851e-05,1,5.61411959930851e-05,0.22456478397234,0.01,2000,0.5,1,0,0,NA,404.104000000001,172,1,0,0.00979295812700674,0,0,1,1,0,341
43,45123,4000,2,"poisson","linesearch",5.61411959930851e-05,1,5.61411959930851e-05,0.22456478397234,0.01,2000,0.5,1,9,0,NA,636.716999999999,172,1,0,0.00979295812700674,0,0,1,0,0,342
43,45123,4000,2,"poisson","fixed",5.61411959930851e-05,0.2,1.1228239198617e-05,0.0449129567944681,0.01,2000,0.5,1,0,0,NA,714.189,872,1,0,0.00998478023251033,0,0,1,1,0,343
43,45123,4000,2,"poisson","linesearch",5.61411959930851e-05,0.2,1.1228239198617e-05,0.0449129567944681,0.01,2000,0.5,1,9,0,NA,2616.968,872,1,0,0.00998478023251033,0,0,1,0,0,344
44,46123,4000,2,"poisson","fixed",5.37654905581109e-05,10,0.000537654905581109,2.15061962232444,0.01,2000,0.5,1,0,0,NA,324.245000000001,6,0,1,NA,0,0,1,1,0,345
44,46123,4000,2,"poisson","linesearch",5.37654905581109e-05,10,0.000537654905581109,2.15061962232444,0.01,2000,0.5,1,9,0,NA,538.898000000001,73,1,0,0.00916039999225132,2,2,0,0,0,346
44,46123,4000,2,"poisson","fixed",5.37654905581109e-05,5,0.000268827452790555,1.07530981116222,0.01,2000,0.5,1,0,0,NA,1242.077,2000,0,0,8153.42427029218,0,0,1,1,0,347
44,46123,4000,2,"poisson","linesearch",5.37654905581109e-05,5,0.000268827452790555,1.07530981116222,0.01,2000,0.5,1,9,0,NA,500.052000000001,73,1,0,0.00916039999225132,1,1,0,0,0,348
44,46123,4000,2,"poisson","fixed",5.37654905581109e-05,1,5.37654905581109e-05,0.215061962232444,0.01,2000,0.5,1,0,0,NA,405.018,187,1,0,0.00984848924146103,0,0,1,1,0,349
44,46123,4000,2,"poisson","linesearch",5.37654905581109e-05,1,5.37654905581109e-05,0.215061962232444,0.01,2000,0.5,1,9,0,NA,736.907000000001,187,1,0,0.00984848924146103,0,0,1,0,0,350
44,46123,4000,2,"poisson","fixed",5.37654905581109e-05,0.2,1.07530981116222e-05,0.0430123924464887,0.01,2000,0.5,1,0,0,NA,758.948,949,1,0,0.00997317679572779,0,0,1,1,0,351
44,46123,4000,2,"poisson","linesearch",5.37654905581109e-05,0.2,1.07530981116222e-05,0.0430123924464887,0.01,2000,0.5,1,9,0,NA,3877.142,949,1,0,0.00997317679572779,0,0,1,0,0,352
45,47123,4000,2,"poisson","fixed",5.39790811758796e-05,10,0.000539790811758796,2.15916324703518,0.01,2000,0.5,1,0,0,NA,326.082,6,0,1,NA,0,0,1,1,0,353
45,47123,4000,2,"poisson","linesearch",5.39790811758796e-05,10,0.000539790811758796,2.15916324703518,0.01,2000,0.5,1,9,0,NA,500.523999999999,69,1,0,0.00933020021802305,2,2,0,0,0,354
45,47123,4000,2,"poisson","fixed",5.39790811758796e-05,5,0.000269895405879398,1.07958162351759,0.01,2000,0.5,1,0,0,NA,1261.881,2000,0,0,7579.02679861043,0,0,1,1,0,355
45,47123,4000,2,"poisson","linesearch",5.39790811758796e-05,5,0.000269895405879398,1.07958162351759,0.01,2000,0.5,1,9,0,NA,461.814,69,1,0,0.00933020021802305,1,1,0,0,0,356
45,47123,4000,2,"poisson","fixed",5.39790811758796e-05,1,5.39790811758796e-05,0.215916324703518,0.01,2000,0.5,1,0,0,NA,398.585999999999,177,1,0,0.00997443113162877,0,0,1,1,0,357
45,47123,4000,2,"poisson","linesearch",5.39790811758796e-05,1,5.39790811758796e-05,0.215916324703518,0.01,2000,0.5,1,9,0,NA,628.591,177,1,0,0.00997443113162877,0,0,1,0,0,358
45,47123,4000,2,"poisson","fixed",5.39790811758796e-05,0.2,1.07958162351759e-05,0.0431832649407037,0.01,2000,0.5,1,0,0,NA,727.084000000001,900,1,0,0.00995904578837264,0,0,1,1,0,359
45,47123,4000,2,"poisson","linesearch",5.39790811758796e-05,0.2,1.07958162351759e-05,0.0431832649407037,0.01,2000,0.5,1,9,0,NA,2497.987,900,1,0,0.00995904578837264,0,0,1,0,0,360
46,48123,4000,2,"poisson","fixed",5.46244029910634e-05,10,0.000546244029910634,2.18497611964254,0.01,2000,0.5,1,0,0,NA,438.456,6,0,1,NA,0,0,1,1,0,361
46,48123,4000,2,"poisson","linesearch",5.46244029910634e-05,10,0.000546244029910634,2.18497611964254,0.01,2000,0.5,1,9,0,NA,627.987999999999,70,1,0,0.00979136775508965,2,2,0,0,0,362
46,48123,4000,2,"poisson","fixed",5.46244029910634e-05,5,0.000273122014955317,1.09248805982127,0.01,2000,0.5,1,0,0,NA,1362.215,2000,0,0,8047.0296222334,0,0,1,1,0,363
46,48123,4000,2,"poisson","linesearch",5.46244029910634e-05,5,0.000273122014955317,1.09248805982127,0.01,2000,0.5,1,9,0,NA,584.189,70,1,0,0.00979136775508965,1,1,0,0,0,364
46,48123,4000,2,"poisson","fixed",5.46244029910634e-05,1,5.46244029910634e-05,0.218497611964254,0.01,2000,0.5,1,0,0,NA,512.393,181,1,0,0.00995061172941453,0,0,1,1,0,365
46,48123,4000,2,"poisson","linesearch",5.46244029910634e-05,1,5.46244029910634e-05,0.218497611964254,0.01,2000,0.5,1,9,0,NA,795.684000000001,181,1,0,0.00995061172941453,0,0,1,0,0,366
46,48123,4000,2,"poisson","fixed",5.46244029910634e-05,0.2,1.09248805982127e-05,0.0436995223928507,0.01,2000,0.5,1,0,0,NA,862.507,921,1,0,0.00998496573670515,0,0,1,1,0,367
46,48123,4000,2,"poisson","linesearch",5.46244029910634e-05,0.2,1.09248805982127e-05,0.0436995223928507,0.01,2000,0.5,1,9,0,NA,3643.114,921,1,0,0.00998496573670515,0,0,1,0,0,368
47,49123,4000,2,"poisson","fixed",5.47978440597172e-05,10,0.000547978440597172,2.19191376238869,0.01,2000,0.5,1,0,0,NA,326.098,6,0,1,NA,0,0,1,1,0,369
47,49123,4000,2,"poisson","linesearch",5.47978440597172e-05,10,0.000547978440597172,2.19191376238869,0.01,2000,0.5,1,9,0,NA,510.364000000001,70,1,0,0.00876766227406567,2,2,0,0,0,370
47,49123,4000,2,"poisson","fixed",5.47978440597172e-05,5,0.000273989220298586,1.09595688119434,0.01,2000,0.5,1,0,0,NA,1258.501,2000,0,0,2828.30408258183,0,0,1,1,0,371
47,49123,4000,2,"poisson","linesearch",5.47978440597172e-05,5,0.000273989220298586,1.09595688119434,0.01,2000,0.5,1,9,0,NA,477.883,70,1,0,0.00876766227406567,1,1,0,0,0,372
47,49123,4000,2,"poisson","fixed",5.47978440597172e-05,1,5.47978440597172e-05,0.219191376238869,0.01,2000,0.5,1,0,0,NA,409.828000000001,179,1,0,0.00986033158880184,0,0,1,1,0,373
47,49123,4000,2,"poisson","linesearch",5.47978440597172e-05,1,5.47978440597172e-05,0.219191376238869,0.01,2000,0.5,1,9,0,NA,636.605,179,1,0,0.00986033158880184,0,0,1,0,0,374
47,49123,4000,2,"poisson","fixed",5.47978440597172e-05,0.2,1.09595688119434e-05,0.0438382752477738,0.01,2000,0.5,1,0,0,NA,732.773999999999,910,1,0,0.00993709942609633,0,0,1,1,0,375
47,49123,4000,2,"poisson","linesearch",5.47978440597172e-05,0.2,1.09595688119434e-05,0.0438382752477738,0.01,2000,0.5,1,9,0,NA,3086.842,910,1,0,0.00993709942609633,0,0,1,0,0,376
48,50123,4000,2,"poisson","fixed",5.48260811436028e-05,10,0.000548260811436028,2.19304324574411,0.01,2000,0.5,1,0,0,NA,437.652,6,0,1,NA,0,0,1,1,0,377
48,50123,4000,2,"poisson","linesearch",5.48260811436028e-05,10,0.000548260811436028,2.19304324574411,0.01,2000,0.5,1,9,0,NA,619.959000000001,69,1,0,0.00979104016770788,2,2,0,0,0,378
48,50123,4000,2,"poisson","fixed",5.48260811436028e-05,5,0.000274130405718014,1.09652162287206,0.01,2000,0.5,1,0,0,NA,1354.013,2000,0,0,2805.29248999269,0,0,1,1,0,379
48,50123,4000,2,"poisson","linesearch",5.48260811436028e-05,5,0.000274130405718014,1.09652162287206,0.01,2000,0.5,1,9,0,NA,584.505000000001,69,1,0,0.00979104016770788,1,1,0,0,0,380
48,50123,4000,2,"poisson","fixed",5.48260811436028e-05,1,5.48260811436028e-05,0.219304324574411,0.01,2000,0.5,1,0,0,NA,512.901,178,1,0,0.00999988309539368,0,0,1,1,0,381
48,50123,4000,2,"poisson","linesearch",5.48260811436028e-05,1,5.48260811436028e-05,0.219304324574411,0.01,2000,0.5,1,9,0,NA,755.896000000001,178,1,0,0.00999988309539368,0,0,1,0,0,382
48,50123,4000,2,"poisson","fixed",5.48260811436028e-05,0.2,1.09652162287206e-05,0.0438608649148823,0.01,2000,0.5,1,0,0,NA,858.901,906,1,0,0.0099242378254048,0,0,1,1,0,383
48,50123,4000,2,"poisson","linesearch",5.48260811436028e-05,0.2,1.09652162287206e-05,0.0438608649148823,0.01,2000,0.5,1,9,0,NA,2855.932,906,1,0,0.0099242378254048,0,0,1,0,0,384
49,51123,4000,2,"poisson","fixed",5.40519527554395e-05,10,0.000540519527554395,2.16207811021758,0.01,2000,0.5,1,0,0,NA,331.571,6,0,1,NA,0,0,1,1,0,385
49,51123,4000,2,"poisson","linesearch",5.40519527554395e-05,10,0.000540519527554395,2.16207811021758,0.01,2000,0.5,1,9,0,NA,531.257,69,1,0,0.00982904184680863,2,2,0,0,0,386
49,51123,4000,2,"poisson","fixed",5.40519527554395e-05,5,0.000270259763777198,1.08103905510879,0.01,2000,0.5,1,0,0,NA,1243.567,2000,0,0,8106.2257419418,0,0,1,1,0,387
49,51123,4000,2,"poisson","linesearch",5.40519527554395e-05,5,0.000270259763777198,1.08103905510879,0.01,2000,0.5,1,9,0,NA,483.940999999999,69,1,0,0.00982904184680863,1,1,0,0,0,388
49,51123,4000,2,"poisson","fixed",5.40519527554395e-05,1,5.40519527554395e-05,0.216207811021758,0.01,2000,0.5,1,0,0,NA,408.097,178,1,0,0.00976596986549455,0,0,1,1,0,389
49,51123,4000,2,"poisson","linesearch",5.40519527554395e-05,1,5.40519527554395e-05,0.216207811021758,0.01,2000,0.5,1,9,0,NA,696.796,178,1,0,0.00976596986549455,0,0,1,0,0,390
49,51123,4000,2,"poisson","fixed",5.40519527554395e-05,0.2,1.08103905510879e-05,0.0432415622043516,0.01,2000,0.5,1,0,0,NA,742.788999999999,902,1,0,0.00996340902872028,0,0,1,1,0,391
49,51123,4000,2,"poisson","linesearch",5.40519527554395e-05,0.2,1.08103905510879e-05,0.0432415622043516,0.01,2000,0.5,1,9,0,NA,2954.743,902,1,0,0.00996340902872028,0,0,1,0,0,392
50,52123,4000,2,"poisson","fixed",5.42352229409378e-05,10,0.000542352229409378,2.16940891763751,0.01,2000,0.5,1,0,0,NA,346.23,6,0,1,NA,0,0,1,1,0,393
50,52123,4000,2,"poisson","linesearch",5.42352229409378e-05,10,0.000542352229409378,2.16940891763751,0.01,2000,0.5,1,9,0,NA,534.027,71,1,0,0.00908776106304041,2,2,0,0,0,394
50,52123,4000,2,"poisson","fixed",5.42352229409378e-05,5,0.000271176114704689,1.08470445881876,0.01,2000,0.5,1,0,0,NA,1240.501,2000,0,0,8350.27517430012,0,0,1,1,0,395
50,52123,4000,2,"poisson","linesearch",5.42352229409378e-05,5,0.000271176114704689,1.08470445881876,0.01,2000,0.5,1,9,0,NA,479.674000000001,71,1,0,0.00908776106304041,1,1,0,0,0,396
50,52123,4000,2,"poisson","fixed",5.42352229409378e-05,1,5.42352229409378e-05,0.216940891763751,0.01,2000,0.5,1,0,0,NA,409.942999999999,183,1,0,0.00954506185233175,0,0,1,1,0,397
50,52123,4000,2,"poisson","linesearch",5.42352229409378e-05,1,5.42352229409378e-05,0.216940891763751,0.01,2000,0.5,1,9,0,NA,685.629000000001,183,1,0,0.00954506185233175,0,0,1,0,0,398
50,52123,4000,2,"poisson","fixed",5.42352229409378e-05,0.2,1.08470445881876e-05,0.0433881783527502,0.01,2000,0.5,1,0,0,NA,761.286,928,1,0,0.00992045610486042,0,0,1,1,0,399
50,52123,4000,2,"poisson","linesearch",5.42352229409378e-05,0.2,1.08470445881876e-05,0.0433881783527502,0.01,2000,0.5,1,9,0,NA,2874.36,928,1,0,0.00992045610486042,0,0,1,0,0,400
51,53123,4000,2,"poisson","fixed",5.45031394778827e-05,10,0.000545031394778827,2.18012557911531,0.01,2000,0.5,1,0,0,NA,425.110000000001,6,0,1,NA,0,0,1,1,0,401
51,53123,4000,2,"poisson","linesearch",5.45031394778827e-05,10,0.000545031394778827,2.18012557911531,0.01,2000,0.5,1,9,0,NA,614.498,70,1,0,0.00962917318433664,2,2,0,0,0,402
51,53123,4000,2,"poisson","fixed",5.45031394778827e-05,5,0.000272515697389413,1.09006278955765,0.01,2000,0.5,1,0,0,NA,1320.11,2000,0,0,8053.49045926982,0,0,1,1,0,403
51,53123,4000,2,"poisson","linesearch",5.45031394778827e-05,5,0.000272515697389413,1.09006278955765,0.01,2000,0.5,1,9,0,NA,600.592999999997,70,1,0,0.00962917318433664,1,1,0,0,0,404
51,53123,4000,2,"poisson","fixed",5.45031394778827e-05,1,5.45031394778827e-05,0.218012557911531,0.01,2000,0.5,1,0,0,NA,519.464,181,1,0,0.00965794927475418,0,0,1,1,0,405
51,53123,4000,2,"poisson","linesearch",5.45031394778827e-05,1,5.45031394778827e-05,0.218012557911531,0.01,2000,0.5,1,9,0,NA,821.089,181,1,0,0.00965794927475418,0,0,1,0,0,406
51,53123,4000,2,"poisson","fixed",5.45031394778827e-05,0.2,1.09006278955765e-05,0.0436025115823061,0.01,2000,0.5,1,0,0,NA,852.199999999997,918,1,0,0.00994823653568091,0,0,1,1,0,407
51,53123,4000,2,"poisson","linesearch",5.45031394778827e-05,0.2,1.09006278955765e-05,0.0436025115823061,0.01,2000,0.5,1,9,0,NA,3564.686,918,1,0,0.00994823653568091,0,0,1,0,0,408
52,54123,4000,2,"poisson","fixed",5.49632304847487e-05,10,0.000549632304847487,2.19852921938995,0.01,2000,0.5,1,0,0,NA,316.831,6,0,1,NA,0,0,1,1,0,409
52,54123,4000,2,"poisson","linesearch",5.49632304847487e-05,10,0.000549632304847487,2.19852921938995,0.01,2000,0.5,1,9,0,NA,528.880999999999,73,1,0,0.00967866607840913,2,2,0,0,0,410
52,54123,4000,2,"poisson","fixed",5.49632304847487e-05,5,0.000274816152423744,1.09926460969497,0.01,2000,0.5,1,0,0,NA,1204.895,2000,0,0,2811.66994499881,0,0,1,1,0,411
52,54123,4000,2,"poisson","linesearch",5.49632304847487e-05,5,0.000274816152423744,1.09926460969497,0.01,2000,0.5,1,9,0,NA,523.328000000001,73,1,0,0.00967866607840913,1,1,0,0,0,412
52,54123,4000,2,"poisson","fixed",5.49632304847487e-05,1,5.49632304847487e-05,0.219852921938995,0.01,2000,0.5,1,0,0,NA,408.494999999999,188,1,0,0.00995072137148544,0,0,1,1,0,413
52,54123,4000,2,"poisson","linesearch",5.49632304847487e-05,1,5.49632304847487e-05,0.219852921938995,0.01,2000,0.5,1,9,0,NA,803.861000000001,188,1,0,0.00995072137148544,0,0,1,0,0,414
52,54123,4000,2,"poisson","fixed",5.49632304847487e-05,0.2,1.09926460969497e-05,0.043970584387799,0.01,2000,0.5,1,0,0,NA,746.599999999999,956,1,0,0.00991529900093298,0,0,1,1,0,415
52,54123,4000,2,"poisson","linesearch",5.49632304847487e-05,0.2,1.09926460969497e-05,0.043970584387799,0.01,2000,0.5,1,9,0,NA,6048.703,956,1,0,0.00991529900093298,0,0,1,0,0,416
53,55123,4000,2,"poisson","fixed",5.57705816331065e-05,10,0.000557705816331065,2.23082326532426,0.01,2000,0.5,1,0,0,NA,321.025,6,0,1,NA,0,0,1,1,0,417
53,55123,4000,2,"poisson","linesearch",5.57705816331065e-05,10,0.000557705816331065,2.23082326532426,0.01,2000,0.5,1,9,0,NA,514.34,70,1,0,0.00940470706459606,2,2,0,0,0,418
53,55123,4000,2,"poisson","fixed",5.57705816331065e-05,5,0.000278852908165533,1.11541163266213,0.01,2000,0.5,1,0,0,NA,1205.116,2000,0,0,2829.55058291328,0,0,1,1,0,419
53,55123,4000,2,"poisson","linesearch",5.57705816331065e-05,5,0.000278852908165533,1.11541163266213,0.01,2000,0.5,1,9,0,NA,510.245999999999,70,1,0,0.00940470706459606,1,1,0,0,0,420
53,55123,4000,2,"poisson","fixed",5.57705816331065e-05,1,5.57705816331065e-05,0.223082326532426,0.01,2000,0.5,1,0,0,NA,410.876999999997,180,1,0,0.00982901843203918,0,0,1,1,0,421
53,55123,4000,2,"poisson","linesearch",5.57705816331065e-05,1,5.57705816331065e-05,0.223082326532426,0.01,2000,0.5,1,9,0,NA,693.142,180,1,0,0.00982901843203918,0,0,1,0,0,422
53,55123,4000,2,"poisson","fixed",5.57705816331065e-05,0.2,1.11541163266213e-05,0.0446164653064852,0.01,2000,0.5,1,0,0,NA,746.822,914,1,0,0.0099426171498265,0,0,1,1,0,423
53,55123,4000,2,"poisson","linesearch",5.57705816331065e-05,0.2,1.11541163266213e-05,0.0446164653064852,0.01,2000,0.5,1,9,0,NA,3558.145,914,1,0,0.0099426171498265,0,0,1,0,0,424
54,56123,4000,2,"poisson","fixed",5.48970876298612e-05,10,0.000548970876298612,2.19588350519445,0.01,2000,0.5,1,0,0,NA,423.434999999999,6,0,1,NA,0,0,1,1,0,425
54,56123,4000,2,"poisson","linesearch",5.48970876298612e-05,10,0.000548970876298612,2.19588350519445,0.01,2000,0.5,1,9,0,NA,595.127,69,1,0,0.00893087394631092,2,2,0,0,0,426
54,56123,4000,2,"poisson","fixed",5.48970876298612e-05,5,0.000274485438149306,1.09794175259722,0.01,2000,0.5,1,0,0,NA,1337.174,2000,0,0,2815.25268794419,0,0,1,1,0,427
54,56123,4000,2,"poisson","linesearch",5.48970876298612e-05,5,0.000274485438149306,1.09794175259722,0.01,2000,0.5,1,9,0,NA,589.678000000004,69,1,0,0.00893087394631092,1,1,0,0,0,428
54,56123,4000,2,"poisson","fixed",5.48970876298612e-05,1,5.48970876298612e-05,0.219588350519445,0.01,2000,0.5,1,0,0,NA,514.096999999998,177,1,0,0.00967924368273923,0,0,1,1,0,429
54,56123,4000,2,"poisson","linesearch",5.48970876298612e-05,1,5.48970876298612e-05,0.219588350519445,0.01,2000,0.5,1,9,0,NA,737.446,177,1,0,0.00967924368273923,0,0,1,0,0,430
54,56123,4000,2,"poisson","fixed",5.48970876298612e-05,0.2,1.09794175259722e-05,0.0439176701038889,0.01,2000,0.5,1,0,0,NA,834.959999999999,898,1,0,0.00993115140756273,0,0,1,1,0,431
54,56123,4000,2,"poisson","linesearch",5.48970876298612e-05,0.2,1.09794175259722e-05,0.0439176701038889,0.01,2000,0.5,1,9,0,NA,2674.151,898,1,0,0.00993115140756273,0,0,1,0,0,432
55,57123,4000,2,"poisson","fixed",5.51841156880908e-05,10,0.000551841156880908,2.20736462752363,0.01,2000,0.5,1,0,0,NA,318.254999999999,6,0,1,NA,0,0,1,1,0,433
55,57123,4000,2,"poisson","linesearch",5.51841156880908e-05,10,0.000551841156880908,2.20736462752363,0.01,2000,0.5,1,9,0,NA,479.697,68,1,0,0.00959587971005926,2,2,0,0,0,434
55,57123,4000,2,"poisson","fixed",5.51841156880908e-05,5,0.000275920578440454,1.10368231376182,0.01,2000,0.5,1,0,0,NA,1228.834,2000,0,0,2884.65592073828,0,0,1,1,0,435
55,57123,4000,2,"poisson","linesearch",5.51841156880908e-05,5,0.000275920578440454,1.10368231376182,0.01,2000,0.5,1,9,0,NA,477.259999999998,68,1,0,0.00959587971005926,1,1,0,0,0,436
55,57123,4000,2,"poisson","fixed",5.51841156880908e-05,1,5.51841156880908e-05,0.220736462752363,0.01,2000,0.5,1,0,0,NA,404.805,176,1,0,0.00965096360458602,0,0,1,1,0,437
55,57123,4000,2,"poisson","linesearch",5.51841156880908e-05,1,5.51841156880908e-05,0.220736462752363,0.01,2000,0.5,1,9,0,NA,652.156999999999,176,1,0,0.00965096360458602,0,0,1,0,0,438
55,57123,4000,2,"poisson","fixed",5.51841156880908e-05,0.2,1.10368231376182e-05,0.0441472925504727,0.01,2000,0.5,1,0,0,NA,729.058000000001,893,1,0,0.00996366027379114,0,0,1,1,0,439
55,57123,4000,2,"poisson","linesearch",5.51841156880908e-05,0.2,1.10368231376182e-05,0.0441472925504727,0.01,2000,0.5,1,9,0,NA,2919.005,893,1,0,0.00996366027379114,0,0,1,0,0,440
56,58123,4000,2,"poisson","fixed",5.50199483779742e-05,10,0.000550199483779742,2.20079793511897,0.01,2000,0.5,1,0,0,NA,318.944000000001,6,0,1,NA,0,0,1,1,0,441
56,58123,4000,2,"poisson","linesearch",5.50199483779742e-05,10,0.000550199483779742,2.20079793511897,0.01,2000,0.5,1,9,0,NA,488.678999999998,69,1,0,0.00952670296083707,2,2,0,0,0,442
56,58123,4000,2,"poisson","fixed",5.50199483779742e-05,5,0.000275099741889871,1.10039896755948,0.01,2000,0.5,1,0,0,NA,1227.204,2000,0,0,7692.56413368463,0,0,1,1,0,443
56,58123,4000,2,"poisson","linesearch",5.50199483779742e-05,5,0.000275099741889871,1.10039896755948,0.01,2000,0.5,1,9,0,NA,490.149999999998,69,1,0,0.00952670296083707,1,1,0,0,0,444
56,58123,4000,2,"poisson","fixed",5.50199483779742e-05,1,5.50199483779742e-05,0.220079793511897,0.01,2000,0.5,1,0,0,NA,402.199999999997,178,1,0,0.00975568988243747,0,0,1,1,0,445
56,58123,4000,2,"poisson","linesearch",5.50199483779742e-05,1,5.50199483779742e-05,0.220079793511897,0.01,2000,0.5,1,9,0,NA,651.457000000002,178,1,0,0.00975568988243747,0,0,1,0,0,446
56,58123,4000,2,"poisson","fixed",5.50199483779742e-05,0.2,1.10039896755948e-05,0.0440159587023793,0.01,2000,0.5,1,0,0,NA,736.380000000001,904,1,0,0.00990407893467626,0,0,1,1,0,447
56,58123,4000,2,"poisson","linesearch",5.50199483779742e-05,0.2,1.10039896755948e-05,0.0440159587023793,0.01,2000,0.5,1,9,0,NA,2976.718,904,1,0,0.00990407893467626,0,0,1,0,0,448
57,59123,4000,2,"poisson","fixed",5.42026036920327e-05,10,0.000542026036920327,2.16810414768131,0.01,2000,0.5,1,0,0,NA,316.856,6,0,1,NA,0,0,1,1,0,449
57,59123,4000,2,"poisson","linesearch",5.42026036920327e-05,10,0.000542026036920327,2.16810414768131,0.01,2000,0.5,1,9,0,NA,501.764999999999,70,1,0,0.00985102179060815,2,2,0,0,0,450
57,59123,4000,2,"poisson","fixed",5.42026036920327e-05,5,0.000271013018460164,1.08405207384065,0.01,2000,0.5,1,0,0,NA,1245.987,2000,0,0,8061.92461231025,0,0,1,1,0,451
57,59123,4000,2,"poisson","linesearch",5.42026036920327e-05,5,0.000271013018460164,1.08405207384065,0.01,2000,0.5,1,9,0,NA,493.630999999998,70,1,0,0.00985102179060815,1,1,0,0,0,452
57,59123,4000,2,"poisson","fixed",5.42026036920327e-05,1,5.42026036920327e-05,0.216810414768131,0.01,2000,0.5,1,0,0,NA,413.499,181,1,0,0.00975717772141749,0,0,1,1,0,453
57,59123,4000,2,"poisson","linesearch",5.42026036920327e-05,1,5.42026036920327e-05,0.216810414768131,0.01,2000,0.5,1,9,0,NA,692.772000000001,181,1,0,0.00975717772141749,0,0,1,0,0,454
57,59123,4000,2,"poisson","fixed",5.42026036920327e-05,0.2,1.08405207384065e-05,0.0433620829536262,0.01,2000,0.5,1,0,0,NA,750.981,918,1,0,0.00997957798708365,0,0,1,1,0,455
57,59123,4000,2,"poisson","linesearch",5.42026036920327e-05,0.2,1.08405207384065e-05,0.0433620829536262,0.01,2000,0.5,1,9,0,NA,3335.642,918,1,0,0.00997957798708365,0,0,1,0,0,456
58,60123,4000,2,"poisson","fixed",5.56000512525501e-05,10,0.000556000512525501,2.224002050102,0.01,2000,0.5,1,0,0,NA,317.48,6,0,1,NA,0,0,1,1,0,457
58,60123,4000,2,"poisson","linesearch",5.56000512525501e-05,10,0.000556000512525501,2.224002050102,0.01,2000,0.5,1,9,0,NA,490.192000000001,70,1,0,0.00997549945880055,2,2,0,0,0,458
58,60123,4000,2,"poisson","fixed",5.56000512525501e-05,5,0.00027800025626275,1.112001025051,0.01,2000,0.5,1,0,0,NA,1207.414,2000,0,0,2795.03812048606,0,0,1,1,0,459
58,60123,4000,2,"poisson","linesearch",5.56000512525501e-05,5,0.00027800025626275,1.112001025051,0.01,2000,0.5,1,9,0,NA,475.028000000002,70,1,0,0.00997549945880055,1,1,0,0,0,460
58,60123,4000,2,"poisson","fixed",5.56000512525501e-05,1,5.56000512525501e-05,0.2224002050102,0.01,2000,0.5,1,0,0,NA,410.646000000001,182,1,0,0.00948016237397353,0,0,1,1,0,461
58,60123,4000,2,"poisson","linesearch",5.56000512525501e-05,1,5.56000512525501e-05,0.2224002050102,0.01,2000,0.5,1,9,0,NA,676.059000000001,182,1,0,0.00948016237397353,0,0,1,0,0,462
58,60123,4000,2,"poisson","fixed",5.56000512525501e-05,0.2,1.112001025051e-05,0.0444800410020401,0.01,2000,0.5,1,0,0,NA,739.620999999999,921,1,0,0.00999280083980497,0,0,1,1,0,463
58,60123,4000,2,"poisson","linesearch",5.56000512525501e-05,0.2,1.112001025051e-05,0.0444800410020401,0.01,2000,0.5,1,9,0,NA,3973.25,921,1,0,0.00999280083980497,0,0,1,0,0,464
59,61123,4000,2,"poisson","fixed",5.42408310865986e-05,10,0.000542408310865986,2.16963324346394,0.01,2000,0.5,1,0,0,NA,313.677,6,0,1,NA,0,0,1,1,0,465
59,61123,4000,2,"poisson","linesearch",5.42408310865986e-05,10,0.000542408310865986,2.16963324346394,0.01,2000,0.5,1,9,0,NA,497.860999999999,71,1,0,0.00890782236822435,2,2,0,0,0,466
59,61123,4000,2,"poisson","fixed",5.42408310865986e-05,5,0.000271204155432993,1.08481662173197,0.01,2000,0.5,1,0,0,NA,1213.973,2000,0,0,7703.53955392487,0,0,1,1,0,467
59,61123,4000,2,"poisson","linesearch",5.42408310865986e-05,5,0.000271204155432993,1.08481662173197,0.01,2000,0.5,1,9,0,NA,490.135999999999,71,1,0,0.00890782236822435,1,1,0,0,0,468
59,61123,4000,2,"poisson","fixed",5.42408310865986e-05,1,5.42408310865986e-05,0.216963324346394,0.01,2000,0.5,1,0,0,NA,411.990000000002,182,1,0,0.009791299049344,0,0,1,1,0,469
59,61123,4000,2,"poisson","linesearch",5.42408310865986e-05,1,5.42408310865986e-05,0.216963324346394,0.01,2000,0.5,1,9,0,NA,685.632000000001,182,1,0,0.009791299049344,0,0,1,0,0,470
59,61123,4000,2,"poisson","fixed",5.42408310865986e-05,0.2,1.08481662173197e-05,0.0433926648692789,0.01,2000,0.5,1,0,0,NA,739.705999999998,925,1,0,0.0098969523045418,0,0,1,1,0,471
59,61123,4000,2,"poisson","linesearch",5.42408310865986e-05,0.2,1.08481662173197e-05,0.0433926648692789,0.01,2000,0.5,1,9,0,NA,3496.53,925,1,0,0.0098969523045418,0,0,1,0,0,472
60,62123,4000,2,"poisson","fixed",5.42138751774897e-05,10,0.000542138751774897,2.16855500709959,0.01,2000,0.5,1,0,0,NA,317.867,6,0,1,NA,0,0,1,1,0,473
60,62123,4000,2,"poisson","linesearch",5.42138751774897e-05,10,0.000542138751774897,2.16855500709959,0.01,2000,0.5,1,9,0,NA,480.225999999999,70,1,0,0.00948648351685222,2,2,0,0,0,474
60,62123,4000,2,"poisson","fixed",5.42138751774897e-05,5,0.000271069375887449,1.08427750354979,0.01,2000,0.5,1,0,0,NA,1224.669,2000,0,0,8123.25656705025,0,0,1,1,0,475
60,62123,4000,2,"poisson","linesearch",5.42138751774897e-05,5,0.000271069375887449,1.08427750354979,0.01,2000,0.5,1,9,0,NA,479.044999999998,70,1,0,0.00948648351685222,1,1,0,0,0,476
60,62123,4000,2,"poisson","fixed",5.42138751774897e-05,1,5.42138751774897e-05,0.216855500709959,0.01,2000,0.5,1,0,0,NA,411.313000000002,181,1,0,0.00950303708331973,0,0,1,1,0,477
60,62123,4000,2,"poisson","linesearch",5.42138751774897e-05,1,5.42138751774897e-05,0.216855500709959,0.01,2000,0.5,1,9,0,NA,663.024999999998,181,1,0,0.00950303708331973,0,0,1,0,0,478
60,62123,4000,2,"poisson","fixed",5.42138751774897e-05,0.2,1.0842775035498e-05,0.0433711001419918,0.01,2000,0.5,1,0,0,NA,733.612000000001,916,1,0,0.00999305068867329,0,0,1,1,0,479
60,62123,4000,2,"poisson","linesearch",5.42138751774897e-05,0.2,1.0842775035498e-05,0.0433711001419918,0.01,2000,0.5,1,9,0,NA,3179.516,916,1,0,0.00999305068867329,0,0,1,0,0,480
61,63123,4000,2,"poisson","fixed",5.39991968057382e-05,10,0.000539991968057382,2.15996787222953,0.01,2000,0.5,1,0,0,NA,314.281999999999,6,0,1,NA,0,0,1,1,0,481
61,63123,4000,2,"poisson","linesearch",5.39991968057382e-05,10,0.000539991968057382,2.15996787222953,0.01,2000,0.5,1,9,0,NA,489.680999999999,70,1,0,0.00989976589746888,2,2,0,0,0,482
61,63123,4000,2,"poisson","fixed",5.39991968057382e-05,5,0.000269995984028691,1.07998393611476,0.01,2000,0.5,1,0,0,NA,1237.903,2000,0,0,8401.45770568842,0,0,1,1,0,483
61,63123,4000,2,"poisson","linesearch",5.39991968057382e-05,5,0.000269995984028691,1.07998393611476,0.01,2000,0.5,1,9,0,NA,478.154000000002,70,1,0,0.00989976589746888,1,1,0,0,0,484
61,63123,4000,2,"poisson","fixed",5.39991968057382e-05,1,5.39991968057382e-05,0.215996787222953,0.01,2000,0.5,1,0,0,NA,405.401000000002,181,1,0,0.00970640980263959,0,0,1,1,0,485
61,63123,4000,2,"poisson","linesearch",5.39991968057382e-05,1,5.39991968057382e-05,0.215996787222953,0.01,2000,0.5,1,9,0,NA,662.903999999999,181,1,0,0.00970640980263959,0,0,1,0,0,486
61,63123,4000,2,"poisson","fixed",5.39991968057382e-05,0.2,1.07998393611476e-05,0.0431993574445906,0.01,2000,0.5,1,0,0,NA,747.510000000002,917,1,0,0.0099749268564755,0,0,1,1,0,487
61,63123,4000,2,"poisson","linesearch",5.39991968057382e-05,0.2,1.07998393611476e-05,0.0431993574445906,0.01,2000,0.5,1,9,0,NA,2917.835,917,1,0,0.0099749268564755,0,0,1,0,0,488
62,64123,4000,2,"poisson","fixed",5.520339028938e-05,10,0.0005520339028938,2.2081356115752,0.01,2000,0.5,1,0,0,NA,319.951999999999,6,0,1,NA,0,0,1,1,0,489
62,64123,4000,2,"poisson","linesearch",5.520339028938e-05,10,0.0005520339028938,2.2081356115752,0.01,2000,0.5,1,9,0,NA,499.986000000001,69,1,0,0.00975179783767521,2,2,0,0,0,490
62,64123,4000,2,"poisson","fixed",5.520339028938e-05,5,0.0002760169514469,1.1040678057876,0.01,2000,0.5,1,0,0,NA,1246.751,2000,0,0,2794.54591588343,0,0,1,1,0,491
62,64123,4000,2,"poisson","linesearch",5.520339028938e-05,5,0.0002760169514469,1.1040678057876,0.01,2000,0.5,1,9,0,NA,490.639999999999,69,1,0,0.00975179783767521,1,1,0,0,0,492
62,64123,4000,2,"poisson","fixed",5.520339028938e-05,1,5.520339028938e-05,0.22081356115752,0.01,2000,0.5,1,0,0,NA,414.691999999999,178,1,0,0.00983380529048905,0,0,1,1,0,493
62,64123,4000,2,"poisson","linesearch",5.520339028938e-05,1,5.520339028938e-05,0.22081356115752,0.01,2000,0.5,1,9,0,NA,683.003999999997,178,1,0,0.00983380529048905,0,0,1,0,0,494
62,64123,4000,2,"poisson","fixed",5.520339028938e-05,0.2,1.1040678057876e-05,0.044162712231504,0.01,2000,0.5,1,0,0,NA,739.344000000001,904,1,0,0.00990698664758033,0,0,1,1,0,495
62,64123,4000,2,"poisson","linesearch",5.520339028938e-05,0.2,1.1040678057876e-05,0.044162712231504,0.01,2000,0.5,1,9,0,NA,2978.218,904,1,0,0.00990698664758033,0,0,1,0,0,496
63,65123,4000,2,"poisson","fixed",5.53600018357582e-05,10,0.000553600018357582,2.21440007343033,0.01,2000,0.5,1,0,0,NA,426.188,6,0,1,NA,0,0,1,1,0,497
63,65123,4000,2,"poisson","linesearch",5.53600018357582e-05,10,0.000553600018357582,2.21440007343033,0.01,2000,0.5,1,9,0,NA,618.794999999998,70,1,0,0.00883189308722254,2,2,0,0,0,498
63,65123,4000,2,"poisson","fixed",5.53600018357582e-05,5,0.000276800009178791,1.10720003671516,0.01,2000,0.5,1,0,0,NA,1344.647,2000,0,0,2811.53079152515,0,0,1,1,0,499
63,65123,4000,2,"poisson","linesearch",5.53600018357582e-05,5,0.000276800009178791,1.10720003671516,0.01,2000,0.5,1,9,0,NA,605.093000000001,70,1,0,0.00883189308722254,1,1,0,0,0,500
63,65123,4000,2,"poisson","fixed",5.53600018357582e-05,1,5.53600018357582e-05,0.221440007343033,0.01,2000,0.5,1,0,0,NA,515.23,179,1,0,0.00990998136884502,0,0,1,1,0,501
63,65123,4000,2,"poisson","linesearch",5.53600018357582e-05,1,5.53600018357582e-05,0.221440007343033,0.01,2000,0.5,1,9,0,NA,806.228999999999,179,1,0,0.00990998136884502,0,0,1,0,0,502
63,65123,4000,2,"poisson","fixed",5.53600018357582e-05,0.2,1.10720003671516e-05,0.0442880014686065,0.01,2000,0.5,1,0,0,NA,848.665000000001,910,1,0,0.00997988819215267,0,0,1,1,0,503
63,65123,4000,2,"poisson","linesearch",5.53600018357582e-05,0.2,1.10720003671516e-05,0.0442880014686065,0.01,2000,0.5,1,9,0,NA,3628.708,910,1,0,0.00997988819215267,0,0,1,0,0,504
64,66123,4000,2,"poisson","fixed",5.44603539340623e-05,10,0.000544603539340623,2.17841415736249,0.01,2000,0.5,1,0,0,NA,319.069,6,0,1,NA,0,0,1,1,0,505
64,66123,4000,2,"poisson","linesearch",5.44603539340623e-05,10,0.000544603539340623,2.17841415736249,0.01,2000,0.5,1,9,0,NA,493.531000000001,69,1,0,0.00915349459384083,2,2,0,0,0,506
64,66123,4000,2,"poisson","fixed",5.44603539340623e-05,5,0.000272301769670311,1.08920707868125,0.01,2000,0.5,1,0,0,NA,1229.465,2000,0,0,2763.92143331843,0,0,1,1,0,507
64,66123,4000,2,"poisson","linesearch",5.44603539340623e-05,5,0.000272301769670311,1.08920707868125,0.01,2000,0.5,1,9,0,NA,467.584000000003,69,1,0,0.00915349459384083,1,1,0,0,0,508
64,66123,4000,2,"poisson","fixed",5.44603539340623e-05,1,5.44603539340623e-05,0.217841415736249,0.01,2000,0.5,1,0,0,NA,406.075000000001,177,1,0,0.00982687632926799,0,0,1,1,0,509
64,66123,4000,2,"poisson","linesearch",5.44603539340623e-05,1,5.44603539340623e-05,0.217841415736249,0.01,2000,0.5,1,9,0,NA,647.495000000003,177,1,0,0.00982687632926799,0,0,1,0,0,510
64,66123,4000,2,"poisson","fixed",5.44603539340623e-05,0.2,1.08920707868125e-05,0.0435682831472498,0.01,2000,0.5,1,0,0,NA,728.191999999999,899,1,0,0.00993115753131491,0,0,1,1,0,511
64,66123,4000,2,"poisson","linesearch",5.44603539340623e-05,0.2,1.08920707868125e-05,0.0435682831472498,0.01,2000,0.5,1,9,0,NA,2871.762,899,1,0,0.00993115753131491,0,0,1,0,0,512
65,67123,4000,2,"poisson","fixed",5.58353968242063e-05,10,0.000558353968242063,2.23341587296825,0.01,2000,0.5,1,0,0,NA,326.448,6,0,1,NA,0,0,1,1,0,513
65,67123,4000,2,"poisson","linesearch",5.58353968242063e-05,10,0.000558353968242063,2.23341587296825,0.01,2000,0.5,1,9,0,NA,535.682000000001,70,1,0,0.00996396453546644,2,2,0,0,0,514
65,67123,4000,2,"poisson","fixed",5.58353968242063e-05,5,0.000279176984121032,1.11670793648413,0.01,2000,0.5,1,0,0,NA,1240.152,2000,0,0,2828.42259808786,0,0,1,1,0,515
65,67123,4000,2,"poisson","linesearch",5.58353968242063e-05,5,0.000279176984121032,1.11670793648413,0.01,2000,0.5,1,9,0,NA,495.888999999999,70,1,0,0.00996396453546644,1,1,0,0,0,516
65,67123,4000,2,"poisson","fixed",5.58353968242063e-05,1,5.58353968242063e-05,0.223341587296825,0.01,2000,0.5,1,0,0,NA,412.635000000002,181,1,0,0.00990046623297919,0,0,1,1,0,517
65,67123,4000,2,"poisson","linesearch",5.58353968242063e-05,1,5.58353968242063e-05,0.223341587296825,0.01,2000,0.5,1,9,0,NA,737.416000000001,181,1,0,0.00990046623297919,0,0,1,0,0,518
65,67123,4000,2,"poisson","fixed",5.58353968242063e-05,0.2,1.11670793648413e-05,0.0446683174593651,0.01,2000,0.5,1,0,0,NA,739.222000000002,920,1,0,0.00993424135488497,0,0,1,1,0,519
65,67123,4000,2,"poisson","linesearch",5.58353968242063e-05,0.2,1.11670793648413e-05,0.0446683174593651,0.01,2000,0.5,1,9,0,NA,4375.579,920,1,0,0.00993424135488497,0,0,1,0,0,520
66,68123,4000,2,"poisson","fixed",5.54657310519705e-05,10,0.000554657310519705,2.21862924207882,0.01,2000,0.5,1,0,0,NA,336.154,6,0,1,NA,0,0,1,1,0,521
66,68123,4000,2,"poisson","linesearch",5.54657310519705e-05,10,0.000554657310519705,2.21862924207882,0.01,2000,0.5,1,9,0,NA,556.299999999999,72,1,0,0.00876415213127679,2,2,0,0,0,522
66,68123,4000,2,"poisson","fixed",5.54657310519705e-05,5,0.000277328655259853,1.10931462103941,0.01,2000,0.5,1,0,0,NA,1255.282,2000,0,0,2860.54524606932,0,0,1,1,0,523
66,68123,4000,2,"poisson","linesearch",5.54657310519705e-05,5,0.000277328655259853,1.10931462103941,0.01,2000,0.5,1,9,0,NA,512.690999999999,72,1,0,0.00876415213127679,1,1,0,0,0,524
66,68123,4000,2,"poisson","fixed",5.54657310519705e-05,1,5.54657310519705e-05,0.221862924207882,0.01,2000,0.5,1,0,0,NA,411.940999999999,184,1,0,0.0096544020171796,0,0,1,1,0,525
66,68123,4000,2,"poisson","linesearch",5.54657310519705e-05,1,5.54657310519705e-05,0.221862924207882,0.01,2000,0.5,1,9,0,NA,733.509000000002,184,1,0,0.0096544020171796,0,0,1,0,0,526
66,68123,4000,2,"poisson","fixed",5.54657310519705e-05,0.2,1.10931462103941e-05,0.0443725848415764,0.01,2000,0.5,1,0,0,NA,748.055,932,1,0,0.00996201177466671,0,0,1,1,0,527
66,68123,4000,2,"poisson","linesearch",5.54657310519705e-05,0.2,1.10931462103941e-05,0.0443725848415764,0.01,2000,0.5,1,9,0,NA,3927.443,932,1,0,0.00996201177466671,0,0,1,0,0,528
67,69123,4000,2,"poisson","fixed",5.49842549992748e-05,10,0.000549842549992748,2.19937019997099,0.01,2000,0.5,1,0,0,NA,321.010999999999,6,0,1,NA,0,0,1,1,0,529
67,69123,4000,2,"poisson","linesearch",5.49842549992748e-05,10,0.000549842549992748,2.19937019997099,0.01,2000,0.5,1,9,0,NA,492.057000000001,67,1,0,0.00983442048040983,2,2,0,0,0,530
67,69123,4000,2,"poisson","fixed",5.49842549992748e-05,5,0.000274921274996374,1.0996850999855,0.01,2000,0.5,1,0,0,NA,1230.502,2000,0,0,2803.70298717263,0,0,1,1,0,531
67,69123,4000,2,"poisson","linesearch",5.49842549992748e-05,5,0.000274921274996374,1.0996850999855,0.01,2000,0.5,1,9,0,NA,463.014999999999,67,1,0,0.00983442048040983,1,1,0,0,0,532
67,69123,4000,2,"poisson","fixed",5.49842549992748e-05,1,5.49842549992748e-05,0.219937019997099,0.01,2000,0.5,1,0,0,NA,406.119999999999,174,1,0,0.00965858397245972,0,0,1,1,0,533
67,69123,4000,2,"poisson","linesearch",5.49842549992748e-05,1,5.49842549992748e-05,0.219937019997099,0.01,2000,0.5,1,9,0,NA,628.278000000002,174,1,0,0.00965858397245972,0,0,1,0,0,534
67,69123,4000,2,"poisson","fixed",5.49842549992748e-05,0.2,1.0996850999855e-05,0.0439874039994199,0.01,2000,0.5,1,0,0,NA,723.715,884,1,0,0.00989813177933824,0,0,1,1,0,535
67,69123,4000,2,"poisson","linesearch",5.49842549992748e-05,0.2,1.0996850999855e-05,0.0439874039994199,0.01,2000,0.5,1,9,0,NA,2650.675,884,1,0,0.00989813177933824,0,0,1,0,0,536
68,70123,4000,2,"poisson","fixed",5.3779602551778e-05,10,0.00053779602551778,2.15118410207112,0.01,2000,0.5,1,0,0,NA,335.192999999999,6,0,1,NA,0,0,1,1,0,537
68,70123,4000,2,"poisson","linesearch",5.3779602551778e-05,10,0.00053779602551778,2.15118410207112,0.01,2000,0.5,1,9,0,NA,506.223000000002,71,1,0,0.00949173144270432,2,2,0,0,0,538
68,70123,4000,2,"poisson","fixed",5.3779602551778e-05,5,0.00026889801275889,1.07559205103556,0.01,2000,0.5,1,0,0,NA,1236.028,2000,0,0,8454.38573821553,0,0,1,1,0,539
68,70123,4000,2,"poisson","linesearch",5.3779602551778e-05,5,0.00026889801275889,1.07559205103556,0.01,2000,0.5,1,9,0,NA,486.306,71,1,0,0.00949173144270432,1,1,0,0,0,540
68,70123,4000,2,"poisson","fixed",5.3779602551778e-05,1,5.3779602551778e-05,0.215118410207112,0.01,2000,0.5,1,0,0,NA,411.210000000003,183,1,0,0.00959062856823722,0,0,1,1,0,541
68,70123,4000,2,"poisson","linesearch",5.3779602551778e-05,1,5.3779602551778e-05,0.215118410207112,0.01,2000,0.5,1,9,0,NA,664.647000000001,183,1,0,0.00959062856823722,0,0,1,0,0,542
68,70123,4000,2,"poisson","fixed",5.3779602551778e-05,0.2,1.07559205103556e-05,0.0430236820414224,0.01,2000,0.5,1,0,0,NA,759.646000000001,926,1,0,0.00997295138671214,0,0,1,1,0,543
68,70123,4000,2,"poisson","linesearch",5.3779602551778e-05,0.2,1.07559205103556e-05,0.0430236820414224,0.01,2000,0.5,1,9,0,NA,3107.039,926,1,0,0.00997295138671214,0,0,1,0,0,544
69,71123,4000,2,"poisson","fixed",5.2193578987364e-05,10,0.00052193578987364,2.08774315949456,0.01,2000,0.5,1,0,0,NA,336.578999999998,7,0,1,NA,0,0,1,1,0,545
69,71123,4000,2,"poisson","linesearch",5.2193578987364e-05,10,0.00052193578987364,2.08774315949456,0.01,2000,0.5,1,9,0,NA,510.946,72,1,0,0.00879866544194152,2,2,0,0,0,546
69,71123,4000,2,"poisson","fixed",5.2193578987364e-05,5,0.00026096789493682,1.04387157974728,0.01,2000,0.5,1,0,0,NA,1224.877,2000,0,0,7191.18027535138,0,0,1,1,0,547
69,71123,4000,2,"poisson","linesearch",5.2193578987364e-05,5,0.00026096789493682,1.04387157974728,0.01,2000,0.5,1,9,0,NA,480.141,72,1,0,0.00879866544194152,1,1,0,0,0,548
69,71123,4000,2,"poisson","fixed",5.2193578987364e-05,1,5.2193578987364e-05,0.208774315949456,0.01,2000,0.5,1,0,0,NA,410.157999999999,184,1,0,0.00973572525712296,0,0,1,1,0,549
69,71123,4000,2,"poisson","linesearch",5.2193578987364e-05,1,5.2193578987364e-05,0.208774315949456,0.01,2000,0.5,1,9,0,NA,653.215,184,1,0,0.00973572525712296,0,0,1,0,0,550
69,71123,4000,2,"poisson","fixed",5.2193578987364e-05,0.2,1.04387157974728e-05,0.0417548631898912,0.01,2000,0.5,1,0,0,NA,754.527999999998,933,1,0,0.00999698476623345,0,0,1,1,0,551
69,71123,4000,2,"poisson","linesearch",5.2193578987364e-05,0.2,1.04387157974728e-05,0.0417548631898912,0.01,2000,0.5,1,9,0,NA,2757.233,933,1,0,0.00999698476623345,0,0,1,0,0,552
70,72123,4000,2,"poisson","fixed",5.46152619362843e-05,10,0.000546152619362843,2.18461047745137,0.01,2000,0.5,1,0,0,NA,344.364000000001,6,0,1,NA,0,0,1,1,0,553
70,72123,4000,2,"poisson","linesearch",5.46152619362843e-05,10,0.000546152619362843,2.18461047745137,0.01,2000,0.5,1,9,0,NA,527.081999999999,71,1,0,0.00942356176186004,2,2,0,0,0,554
70,72123,4000,2,"poisson","fixed",5.46152619362843e-05,5,0.000273076309681421,1.09230523872569,0.01,2000,0.5,1,0,0,NA,1224.198,2000,0,0,8418.21982186618,0,0,1,1,0,555
70,72123,4000,2,"poisson","linesearch",5.46152619362843e-05,5,0.000273076309681421,1.09230523872569,0.01,2000,0.5,1,9,0,NA,482.768,71,1,0,0.00942356176186004,1,1,0,0,0,556
70,72123,4000,2,"poisson","fixed",5.46152619362843e-05,1,5.46152619362843e-05,0.218461047745137,0.01,2000,0.5,1,0,0,NA,413.363999999998,182,1,0,0.0098705472509551,0,0,1,1,0,557
70,72123,4000,2,"poisson","linesearch",5.46152619362843e-05,1,5.46152619362843e-05,0.218461047745137,0.01,2000,0.5,1,9,0,NA,683.16,182,1,0,0.0098705472509551,0,0,1,0,0,558
70,72123,4000,2,"poisson","fixed",5.46152619362843e-05,0.2,1.09230523872569e-05,0.0436922095490274,0.01,2000,0.5,1,0,0,NA,752.808000000001,923,1,0,0.0099711619122318,0,0,1,1,0,559
70,72123,4000,2,"poisson","linesearch",5.46152619362843e-05,0.2,1.09230523872569e-05,0.0436922095490274,0.01,2000,0.5,1,9,0,NA,3530.487,923,1,0,0.0099711619122318,0,0,1,0,0,560
71,73123,4000,2,"poisson","fixed",5.53559319222972e-05,10,0.000553559319222972,2.21423727689189,0.01,2000,0.5,1,0,0,NA,344.736000000001,6,0,1,NA,0,0,1,1,0,561
71,73123,4000,2,"poisson","linesearch",5.53559319222972e-05,10,0.000553559319222972,2.21423727689189,0.01,2000,0.5,1,9,0,NA,511.075999999997,69,1,0,0.00915099485943471,2,2,0,0,0,562
71,73123,4000,2,"poisson","fixed",5.53559319222972e-05,5,0.000276779659611486,1.10711863844594,0.01,2000,0.5,1,0,0,NA,1223.273,2000,0,0,2803.53027167215,0,0,1,1,0,563
71,73123,4000,2,"poisson","linesearch",5.53559319222972e-05,5,0.000276779659611486,1.10711863844594,0.01,2000,0.5,1,9,0,NA,478.442999999999,69,1,0,0.00915099485943471,1,1,0,0,0,564
71,73123,4000,2,"poisson","fixed",5.53559319222972e-05,1,5.53559319222972e-05,0.221423727689189,0.01,2000,0.5,1,0,0,NA,412.68,177,1,0,0.00969861033690855,0,0,1,1,0,565
71,73123,4000,2,"poisson","linesearch",5.53559319222972e-05,1,5.53559319222972e-05,0.221423727689189,0.01,2000,0.5,1,9,0,NA,650.397000000001,177,1,0,0.00969861033690855,0,0,1,0,0,566
71,73123,4000,2,"poisson","fixed",5.53559319222972e-05,0.2,1.10711863844594e-05,0.0442847455378378,0.01,2000,0.5,1,0,0,NA,742.352999999999,897,1,0,0.00994879246847713,0,0,1,1,0,567
71,73123,4000,2,"poisson","linesearch",5.53559319222972e-05,0.2,1.10711863844594e-05,0.0442847455378378,0.01,2000,0.5,1,9,0,NA,2702.62,897,1,0,0.00994879246847713,0,0,1,0,0,568
72,74123,4000,2,"poisson","fixed",5.48797654362376e-05,10,0.000548797654362376,2.1951906174495,0.01,2000,0.5,1,0,0,NA,325.559999999998,6,0,1,NA,0,0,1,1,0,569
72,74123,4000,2,"poisson","linesearch",5.48797654362376e-05,10,0.000548797654362376,2.1951906174495,0.01,2000,0.5,1,9,0,NA,499.234,70,1,0,0.00895455503756873,2,2,0,0,0,570
72,74123,4000,2,"poisson","fixed",5.48797654362376e-05,5,0.000274398827181188,1.09759530872475,0.01,2000,0.5,1,0,0,NA,1228.527,2000,0,0,2775.01903739149,0,0,1,1,0,571
72,74123,4000,2,"poisson","linesearch",5.48797654362376e-05,5,0.000274398827181188,1.09759530872475,0.01,2000,0.5,1,9,0,NA,480.904999999999,70,1,0,0.00895455503756873,1,1,0,0,0,572
72,74123,4000,2,"poisson","fixed",5.48797654362376e-05,1,5.48797654362376e-05,0.21951906174495,0.01,2000,0.5,1,0,0,NA,408.810000000001,179,1,0,0.00985163666576372,0,0,1,1,0,573
72,74123,4000,2,"poisson","linesearch",5.48797654362376e-05,1,5.48797654362376e-05,0.21951906174495,0.01,2000,0.5,1,9,0,NA,647.523999999998,179,1,0,0.00985163666576372,0,0,1,0,0,574
72,74123,4000,2,"poisson","fixed",5.48797654362376e-05,0.2,1.09759530872475e-05,0.0439038123489901,0.01,2000,0.5,1,0,0,NA,738.506000000001,909,1,0,0.00994670530536909,0,0,1,1,0,575
72,74123,4000,2,"poisson","linesearch",5.48797654362376e-05,0.2,1.09759530872475e-05,0.0439038123489901,0.01,2000,0.5,1,9,0,NA,2868.596,909,1,0,0.00994670530536909,0,0,1,0,0,576
73,75123,4000,2,"poisson","fixed",5.53997674122389e-05,10,0.000553997674122389,2.21599069648956,0.01,2000,0.5,1,0,0,NA,329.451000000001,6,0,1,NA,0,0,1,1,0,577
73,75123,4000,2,"poisson","linesearch",5.53997674122389e-05,10,0.000553997674122389,2.21599069648956,0.01,2000,0.5,1,9,0,NA,513.696,69,1,0,0.00998217025278453,2,2,0,0,0,578
73,75123,4000,2,"poisson","fixed",5.53997674122389e-05,5,0.000276998837061194,1.10799534824478,0.01,2000,0.5,1,0,0,NA,1235.361,2000,0,0,2912.96573385732,0,0,1,1,0,579
73,75123,4000,2,"poisson","linesearch",5.53997674122389e-05,5,0.000276998837061194,1.10799534824478,0.01,2000,0.5,1,9,0,NA,481.611999999997,69,1,0,0.00998217025278453,1,1,0,0,0,580
73,75123,4000,2,"poisson","fixed",5.53997674122389e-05,1,5.53997674122389e-05,0.221599069648956,0.01,2000,0.5,1,0,0,NA,411.721000000001,179,1,0,0.00970822650412718,0,0,1,1,0,581
73,75123,4000,2,"poisson","linesearch",5.53997674122389e-05,1,5.53997674122389e-05,0.221599069648956,0.01,2000,0.5,1,9,0,NA,690.27,179,1,0,0.00970822650412718,0,0,1,0,0,582
73,75123,4000,2,"poisson","fixed",5.53997674122389e-05,0.2,1.10799534824478e-05,0.0443198139297911,0.01,2000,0.5,1,0,0,NA,736.578999999998,908,1,0,0.00999213524930438,0,0,1,1,0,583
73,75123,4000,2,"poisson","linesearch",5.53997674122389e-05,0.2,1.10799534824478e-05,0.0443198139297911,0.01,2000,0.5,1,9,0,NA,3273.585,908,1,0,0.00999213524930438,0,0,1,0,0,584
74,76123,4000,2,"poisson","fixed",5.51754494442226e-05,10,0.000551754494442226,2.2070179777689,0.01,2000,0.5,1,0,0,NA,435.560000000001,6,0,1,NA,0,0,1,1,0,585
74,76123,4000,2,"poisson","linesearch",5.51754494442226e-05,10,0.000551754494442226,2.2070179777689,0.01,2000,0.5,1,9,0,NA,627.553,69,1,0,0.00936908209218865,2,2,0,0,0,586
74,76123,4000,2,"poisson","fixed",5.51754494442226e-05,5,0.000275877247221113,1.10350898888445,0.01,2000,0.5,1,0,0,NA,1347.234,2000,0,0,8275.67116726129,0,0,1,1,0,587
74,76123,4000,2,"poisson","linesearch",5.51754494442226e-05,5,0.000275877247221113,1.10350898888445,0.01,2000,0.5,1,9,0,NA,612.732,69,1,0,0.00936908209218865,1,1,0,0,0,588
74,76123,4000,2,"poisson","fixed",5.51754494442226e-05,1,5.51754494442226e-05,0.22070179777689,0.01,2000,0.5,1,0,0,NA,529.249,178,1,0,0.00955442885638269,0,0,1,1,0,589
74,76123,4000,2,"poisson","linesearch",5.51754494442226e-05,1,5.51754494442226e-05,0.22070179777689,0.01,2000,0.5,1,9,0,NA,780.713,178,1,0,0.00955442885638269,0,0,1,0,0,590
74,76123,4000,2,"poisson","fixed",5.51754494442226e-05,0.2,1.10350898888445e-05,0.0441403595553781,0.01,2000,0.5,1,0,0,NA,814.101000000002,901,1,0,0.00999194741500922,0,0,1,1,0,591
74,76123,4000,2,"poisson","linesearch",5.51754494442226e-05,0.2,1.10350898888445e-05,0.0441403595553781,0.01,2000,0.5,1,9,0,NA,3203.602,901,1,0,0.00999194741500922,0,0,1,0,0,592
75,77123,4000,2,"poisson","fixed",5.38102769039892e-05,10,0.000538102769039892,2.15241107615957,0.01,2000,0.5,1,0,0,NA,331.338,6,0,1,NA,0,0,1,1,0,593
75,77123,4000,2,"poisson","linesearch",5.38102769039892e-05,10,0.000538102769039892,2.15241107615957,0.01,2000,0.5,1,9,0,NA,517.032999999999,71,1,0,0.00950226417427544,2,2,0,0,0,594
75,77123,4000,2,"poisson","fixed",5.38102769039892e-05,5,0.000269051384519946,1.07620553807978,0.01,2000,0.5,1,0,0,NA,1239.395,2000,0,0,8868.17282864838,0,0,1,1,0,595
75,77123,4000,2,"poisson","linesearch",5.38102769039892e-05,5,0.000269051384519946,1.07620553807978,0.01,2000,0.5,1,9,0,NA,495.322,71,1,0,0.00950226417427544,1,1,0,0,0,596
75,77123,4000,2,"poisson","fixed",5.38102769039892e-05,1,5.38102769039892e-05,0.215241107615957,0.01,2000,0.5,1,0,0,NA,421.753000000001,183,1,0,0.0097388809067212,0,0,1,1,0,597
75,77123,4000,2,"poisson","linesearch",5.38102769039892e-05,1,5.38102769039892e-05,0.215241107615957,0.01,2000,0.5,1,9,0,NA,676.994999999999,183,1,0,0.0097388809067212,0,0,1,0,0,598
75,77123,4000,2,"poisson","fixed",5.38102769039892e-05,0.2,1.07620553807978e-05,0.0430482215231914,0.01,2000,0.5,1,0,0,NA,730.737000000001,928,1,0,0.00999354031538804,0,0,1,1,0,599
75,77123,4000,2,"poisson","linesearch",5.38102769039892e-05,0.2,1.07620553807978e-05,0.0430482215231914,0.01,2000,0.5,1,9,0,NA,3306.257,928,1,0,0.00999354031538804,0,0,1,0,0,600
76,78123,4000,2,"poisson","fixed",5.53700986325895e-05,10,0.000553700986325895,2.21480394530358,0.01,2000,0.5,1,0,0,NA,316.741000000002,6,0,1,NA,0,0,1,1,0,601
76,78123,4000,2,"poisson","linesearch",5.53700986325895e-05,10,0.000553700986325895,2.21480394530358,0.01,2000,0.5,1,9,0,NA,496.712000000003,68,1,0,0.0094985985854249,2,2,0,0,0,602
76,78123,4000,2,"poisson","fixed",5.53700986325895e-05,5,0.000276850493162947,1.10740197265179,0.01,2000,0.5,1,0,0,NA,1216.503,2000,0,0,2841.72805350377,0,0,1,1,0,603
76,78123,4000,2,"poisson","linesearch",5.53700986325895e-05,5,0.000276850493162947,1.10740197265179,0.01,2000,0.5,1,9,0,NA,495.857,68,1,0,0.0094985985854249,1,1,0,0,0,604
76,78123,4000,2,"poisson","fixed",5.53700986325895e-05,1,5.53700986325895e-05,0.221480394530358,0.01,2000,0.5,1,0,0,NA,410.094000000001,176,1,0,0.00966320840587032,0,0,1,1,0,605
76,78123,4000,2,"poisson","linesearch",5.53700986325895e-05,1,5.53700986325895e-05,0.221480394530358,0.01,2000,0.5,1,9,0,NA,691.134999999998,176,1,0,0.00966320840587032,0,0,1,0,0,606
76,78123,4000,2,"poisson","fixed",5.53700986325895e-05,0.2,1.10740197265179e-05,0.0442960789060716,0.01,2000,0.5,1,0,0,NA,731.466,894,1,0,0.00992309061241792,0,0,1,1,0,607
76,78123,4000,2,"poisson","linesearch",5.53700986325895e-05,0.2,1.10740197265179e-05,0.0442960789060716,0.01,2000,0.5,1,9,0,NA,3078.427,894,1,0,0.00992309061241792,0,0,1,0,0,608
77,79123,4000,2,"poisson","fixed",5.48337793639338e-05,10,0.000548337793639338,2.19335117455735,0.01,2000,0.5,1,0,0,NA,423.982,6,0,1,NA,0,0,1,1,0,609
77,79123,4000,2,"poisson","linesearch",5.48337793639338e-05,10,0.000548337793639338,2.19335117455735,0.01,2000,0.5,1,9,0,NA,582.238999999998,67,1,0,0.00992645691827215,2,2,0,0,0,610
77,79123,4000,2,"poisson","fixed",5.48337793639338e-05,5,0.000274168896819669,1.09667558727868,0.01,2000,0.5,1,0,0,NA,1335.758,2000,0,0,8385.71421158328,0,0,1,1,0,611
77,79123,4000,2,"poisson","linesearch",5.48337793639338e-05,5,0.000274168896819669,1.09667558727868,0.01,2000,0.5,1,9,0,NA,558.007999999998,67,1,0,0.00992645691827215,1,1,0,0,0,612
77,79123,4000,2,"poisson","fixed",5.48337793639338e-05,1,5.48337793639338e-05,0.219335117455735,0.01,2000,0.5,1,0,0,NA,503.228000000003,173,1,0,0.00997581618212824,0,0,1,1,0,613
77,79123,4000,2,"poisson","linesearch",5.48337793639338e-05,1,5.48337793639338e-05,0.219335117455735,0.01,2000,0.5,1,9,0,NA,720.569,173,1,0,0.00997581618212824,0,0,1,0,0,614
77,79123,4000,2,"poisson","fixed",5.48337793639338e-05,0.2,1.09667558727868e-05,0.0438670234911471,0.01,2000,0.5,1,0,0,NA,828.305,880,1,0,0.009958262197962,0,0,1,1,0,615
77,79123,4000,2,"poisson","linesearch",5.48337793639338e-05,0.2,1.09667558727868e-05,0.0438670234911471,0.01,2000,0.5,1,9,0,NA,2295.471,880,1,0,0.009958262197962,0,0,1,0,0,616
78,80123,4000,2,"poisson","fixed",5.52959553308502e-05,10,0.000552959553308502,2.21183821323401,0.01,2000,0.5,1,0,0,NA,314.616000000002,6,0,1,NA,0,0,1,1,0,617
78,80123,4000,2,"poisson","linesearch",5.52959553308502e-05,10,0.000552959553308502,2.21183821323401,0.01,2000,0.5,1,9,0,NA,497.606,70,1,0,0.0096455265147275,2,2,0,0,0,618
78,80123,4000,2,"poisson","fixed",5.52959553308502e-05,5,0.000276479776654251,1.105919106617,0.01,2000,0.5,1,0,0,NA,1216.777,2000,0,0,2829.8376896373,0,0,1,1,0,619
78,80123,4000,2,"poisson","linesearch",5.52959553308502e-05,5,0.000276479776654251,1.105919106617,0.01,2000,0.5,1,9,0,NA,494.074000000001,70,1,0,0.0096455265147275,1,1,0,0,0,620
78,80123,4000,2,"poisson","fixed",5.52959553308502e-05,1,5.52959553308502e-05,0.221183821323401,0.01,2000,0.5,1,0,0,NA,406.769,181,1,0,0.00957730028451206,0,0,1,1,0,621
78,80123,4000,2,"poisson","linesearch",5.52959553308502e-05,1,5.52959553308502e-05,0.221183821323401,0.01,2000,0.5,1,9,0,NA,694.906999999999,181,1,0,0.00957730028451206,0,0,1,0,0,622
78,80123,4000,2,"poisson","fixed",5.52959553308502e-05,0.2,1.105919106617e-05,0.0442367642646802,0.01,2000,0.5,1,0,0,NA,729.507999999998,917,1,0,0.00991350655035905,0,0,1,1,0,623
78,80123,4000,2,"poisson","linesearch",5.52959553308502e-05,0.2,1.105919106617e-05,0.0442367642646802,0.01,2000,0.5,1,9,0,NA,3699.126,917,1,0,0.00991350655035905,0,0,1,0,0,624
79,81123,4000,2,"poisson","fixed",5.48071929631897e-05,10,0.000548071929631897,2.19228771852759,0.01,2000,0.5,1,0,0,NA,318.211000000003,6,0,1,NA,0,0,1,1,0,625
79,81123,4000,2,"poisson","linesearch",5.48071929631897e-05,10,0.000548071929631897,2.19228771852759,0.01,2000,0.5,1,9,0,NA,512.764999999999,71,1,0,0.00953671524102168,2,2,0,0,0,626
79,81123,4000,2,"poisson","fixed",5.48071929631897e-05,5,0.000274035964815948,1.09614385926379,0.01,2000,0.5,1,0,0,NA,1215.204,2000,0,0,8096.74625205844,0,0,1,1,0,627
79,81123,4000,2,"poisson","linesearch",5.48071929631897e-05,5,0.000274035964815948,1.09614385926379,0.01,2000,0.5,1,9,0,NA,482.153999999999,71,1,0,0.00953671524102168,1,1,0,0,0,628
79,81123,4000,2,"poisson","fixed",5.48071929631897e-05,1,5.48071929631897e-05,0.219228771852759,0.01,2000,0.5,1,0,0,NA,402.856000000003,183,1,0,0.00993495787797127,0,0,1,1,0,629
79,81123,4000,2,"poisson","linesearch",5.48071929631897e-05,1,5.48071929631897e-05,0.219228771852759,0.01,2000,0.5,1,9,0,NA,712.329000000002,183,1,0,0.00993495787797127,0,0,1,0,0,630
79,81123,4000,2,"poisson","fixed",5.48071929631897e-05,0.2,1.09614385926379e-05,0.0438457543705517,0.01,2000,0.5,1,0,0,NA,734.773000000001,931,1,0,0.00995312714122146,0,0,1,1,0,631
79,81123,4000,2,"poisson","linesearch",5.48071929631897e-05,0.2,1.09614385926379e-05,0.0438457543705517,0.01,2000,0.5,1,9,0,NA,3807.936,931,1,0,0.00995312714122146,0,0,1,0,0,632
80,82123,4000,2,"poisson","fixed",5.54085268804063e-05,10,0.000554085268804063,2.21634107521625,0.01,2000,0.5,1,0,0,NA,318.345000000001,6,0,1,NA,0,0,1,1,0,633
80,82123,4000,2,"poisson","linesearch",5.54085268804063e-05,10,0.000554085268804063,2.21634107521625,0.01,2000,0.5,1,9,0,NA,484.994999999999,68,1,0,0.00985559455479734,2,2,0,0,0,634
80,82123,4000,2,"poisson","fixed",5.54085268804063e-05,5,0.000277042634402032,1.10817053760813,0.01,2000,0.5,1,0,0,NA,1224.038,2000,0,0,2803.04020653023,0,0,1,1,0,635
80,82123,4000,2,"poisson","linesearch",5.54085268804063e-05,5,0.000277042634402032,1.10817053760813,0.01,2000,0.5,1,9,0,NA,463.748000000003,68,1,0,0.00985559455479734,1,1,0,0,0,636
80,82123,4000,2,"poisson","fixed",5.54085268804063e-05,1,5.54085268804063e-05,0.221634107521625,0.01,2000,0.5,1,0,0,NA,397.745999999999,176,1,0,0.00990676428991566,0,0,1,1,0,637
80,82123,4000,2,"poisson","linesearch",5.54085268804063e-05,1,5.54085268804063e-05,0.221634107521625,0.01,2000,0.5,1,9,0,NA,629.753999999997,176,1,0,0.00990676428991566,0,0,1,0,0,638
80,82123,4000,2,"poisson","fixed",5.54085268804063e-05,0.2,1.10817053760813e-05,0.044326821504325,0.01,2000,0.5,1,0,0,NA,737.227000000003,895,1,0,0.00999874392985362,0,0,1,1,0,639
80,82123,4000,2,"poisson","linesearch",5.54085268804063e-05,0.2,1.10817053760813e-05,0.044326821504325,0.01,2000,0.5,1,9,0,NA,2819.502,895,1,0,0.00999874392985362,0,0,1,0,0,640
81,83123,4000,2,"poisson","fixed",5.55700652874222e-05,10,0.000555700652874222,2.22280261149689,0.01,2000,0.5,1,0,0,NA,319.429,6,0,1,NA,0,0,1,1,0,641
81,83123,4000,2,"poisson","linesearch",5.55700652874222e-05,10,0.000555700652874222,2.22280261149689,0.01,2000,0.5,1,9,0,NA,492.535999999996,68,1,0,0.00908349717130444,2,2,0,0,0,642
81,83123,4000,2,"poisson","fixed",5.55700652874222e-05,5,0.000277850326437111,1.11140130574844,0.01,2000,0.5,1,0,0,NA,1225.959,2000,0,0,2806.33612068734,0,0,1,1,0,643
81,83123,4000,2,"poisson","linesearch",5.55700652874222e-05,5,0.000277850326437111,1.11140130574844,0.01,2000,0.5,1,9,0,NA,477.994000000002,68,1,0,0.00908349717130444,1,1,0,0,0,644
81,83123,4000,2,"poisson","fixed",5.55700652874222e-05,1,5.55700652874222e-05,0.222280261149689,0.01,2000,0.5,1,0,0,NA,399.782000000003,174,1,0,0.00993992069366262,0,0,1,1,0,645
81,83123,4000,2,"poisson","linesearch",5.55700652874222e-05,1,5.55700652874222e-05,0.222280261149689,0.01,2000,0.5,1,9,0,NA,624.828999999998,174,1,0,0.00993992069366262,0,0,1,0,0,646
81,83123,4000,2,"poisson","fixed",5.55700652874222e-05,0.2,1.11140130574844e-05,0.0444560522299378,0.01,2000,0.5,1,0,0,NA,715.451000000001,885,1,0,0.00989909342049256,0,0,1,1,0,647
81,83123,4000,2,"poisson","linesearch",5.55700652874222e-05,0.2,1.11140130574844e-05,0.0444560522299378,0.01,2000,0.5,1,9,0,NA,2676.023,885,1,0,0.00989909342049256,0,0,1,0,0,648
82,84123,4000,2,"poisson","fixed",5.45042677249395e-05,10,0.000545042677249395,2.18017070899758,0.01,2000,0.5,1,0,0,NA,420.778999999999,6,0,1,NA,0,0,1,1,0,649
82,84123,4000,2,"poisson","linesearch",5.45042677249395e-05,10,0.000545042677249395,2.18017070899758,0.01,2000,0.5,1,9,0,NA,581.243999999999,68,1,0,0.00994180437299796,2,2,0,0,0,650
82,84123,4000,2,"poisson","fixed",5.45042677249395e-05,5,0.000272521338624697,1.09008535449879,0.01,2000,0.5,1,0,0,NA,1320.353,2000,0,0,8224.08338067815,0,0,1,1,0,651
82,84123,4000,2,"poisson","linesearch",5.45042677249395e-05,5,0.000272521338624697,1.09008535449879,0.01,2000,0.5,1,9,0,NA,586.231,68,1,0,0.00994180437299796,1,1,0,0,0,652
82,84123,4000,2,"poisson","fixed",5.45042677249395e-05,1,5.45042677249395e-05,0.218017070899758,0.01,2000,0.5,1,0,0,NA,518.264999999999,176,1,0,0.00974127055821722,0,0,1,1,0,653
82,84123,4000,2,"poisson","linesearch",5.45042677249395e-05,1,5.45042677249395e-05,0.218017070899758,0.01,2000,0.5,1,9,0,NA,742.393,176,1,0,0.00974127055821722,0,0,1,0,0,654
82,84123,4000,2,"poisson","fixed",5.45042677249395e-05,0.2,1.09008535449879e-05,0.0436034141799516,0.01,2000,0.5,1,0,0,NA,841.725999999999,893,1,0,0.00991180678796977,0,0,1,1,0,655
82,84123,4000,2,"poisson","linesearch",5.45042677249395e-05,0.2,1.09008535449879e-05,0.0436034141799516,0.01,2000,0.5,1,9,0,NA,2499.933,893,1,0,0.00991180678796977,0,0,1,0,0,656
83,85123,4000,2,"poisson","fixed",5.4610960323398e-05,10,0.00054610960323398,2.18443841293592,0.01,2000,0.5,1,0,0,NA,425.931,6,0,1,NA,0,0,1,1,0,657
83,85123,4000,2,"poisson","linesearch",5.4610960323398e-05,10,0.00054610960323398,2.18443841293592,0.01,2000,0.5,1,9,0,NA,612.213,69,1,0,0.00930505377049396,2,2,0,0,0,658
83,85123,4000,2,"poisson","fixed",5.4610960323398e-05,5,0.00027305480161699,1.09221920646796,0.01,2000,0.5,1,0,0,NA,1326.39,2000,0,0,8041.34346528946,0,0,1,1,0,659
83,85123,4000,2,"poisson","linesearch",5.4610960323398e-05,5,0.00027305480161699,1.09221920646796,0.01,2000,0.5,1,9,0,NA,577.285,69,1,0,0.00930505377049396,1,1,0,0,0,660
83,85123,4000,2,"poisson","fixed",5.4610960323398e-05,1,5.4610960323398e-05,0.218443841293592,0.01,2000,0.5,1,0,0,NA,511.097000000002,178,1,0,0.00947795723990482,0,0,1,1,0,661
83,85123,4000,2,"poisson","linesearch",5.4610960323398e-05,1,5.4610960323398e-05,0.218443841293592,0.01,2000,0.5,1,9,0,NA,768.805,178,1,0,0.00947795723990482,0,0,1,0,0,662
83,85123,4000,2,"poisson","fixed",5.4610960323398e-05,0.2,1.09221920646796e-05,0.0436887682587184,0.01,2000,0.5,1,0,0,NA,840.447,901,1,0,0.00990693197836563,0,0,1,1,0,663
83,85123,4000,2,"poisson","linesearch",5.4610960323398e-05,0.2,1.09221920646796e-05,0.0436887682587184,0.01,2000,0.5,1,9,0,NA,2922.968,901,1,0,0.00990693197836563,0,0,1,0,0,664
84,86123,4000,2,"poisson","fixed",5.45947174825692e-05,10,0.000545947174825692,2.18378869930277,0.01,2000,0.5,1,0,0,NA,319.114999999998,6,0,1,NA,0,0,1,1,0,665
84,86123,4000,2,"poisson","linesearch",5.45947174825692e-05,10,0.000545947174825692,2.18378869930277,0.01,2000,0.5,1,9,0,NA,491.848999999998,69,1,0,0.00903771768172305,2,2,0,0,0,666
84,86123,4000,2,"poisson","fixed",5.45947174825692e-05,5,0.000272973587412846,1.09189434965138,0.01,2000,0.5,1,0,0,NA,1220.879,2000,0,0,8479.96275343975,0,0,1,1,0,667
84,86123,4000,2,"poisson","linesearch",5.45947174825692e-05,5,0.000272973587412846,1.09189434965138,0.01,2000,0.5,1,9,0,NA,467.505000000001,69,1,0,0.00903771768172305,1,1,0,0,0,668
84,86123,4000,2,"poisson","fixed",5.45947174825692e-05,1,5.45947174825692e-05,0.218378869930277,0.01,2000,0.5,1,0,0,NA,407.441000000003,177,1,0,0.00961311906253477,0,0,1,1,0,669
84,86123,4000,2,"poisson","linesearch",5.45947174825692e-05,1,5.45947174825692e-05,0.218378869930277,0.01,2000,0.5,1,9,0,NA,639.406999999999,177,1,0,0.00961311906253477,0,0,1,0,0,670
84,86123,4000,2,"poisson","fixed",5.45947174825692e-05,0.2,1.09189434965138e-05,0.0436757739860554,0.01,2000,0.5,1,0,0,NA,731.482,897,1,0,0.00998428343468862,0,0,1,1,0,671
84,86123,4000,2,"poisson","linesearch",5.45947174825692e-05,0.2,1.09189434965138e-05,0.0436757739860554,0.01,2000,0.5,1,9,0,NA,2580.183,897,1,0,0.00998428343468862,0,0,1,0,0,672
85,87123,4000,2,"poisson","fixed",5.45956233037846e-05,10,0.000545956233037846,2.18382493215138,0.01,2000,0.5,1,0,0,NA,317.017,6,0,1,NA,0,0,1,1,0,673
85,87123,4000,2,"poisson","linesearch",5.45956233037846e-05,10,0.000545956233037846,2.18382493215138,0.01,2000,0.5,1,9,0,NA,495.964,71,1,0,0.00948168822720068,2,2,0,0,0,674
85,87123,4000,2,"poisson","fixed",5.45956233037846e-05,5,0.000272978116518923,1.09191246607569,0.01,2000,0.5,1,0,0,NA,1220.54,2000,0,0,8027.10486881303,0,0,1,1,0,675
85,87123,4000,2,"poisson","linesearch",5.45956233037846e-05,5,0.000272978116518923,1.09191246607569,0.01,2000,0.5,1,9,0,NA,495.837,71,1,0,0.00948168822720068,1,1,0,0,0,676
85,87123,4000,2,"poisson","fixed",5.45956233037846e-05,1,5.45956233037846e-05,0.218382493215139,0.01,2000,0.5,1,0,0,NA,414.953999999998,183,1,0,0.00971683921201842,0,0,1,1,0,677
85,87123,4000,2,"poisson","linesearch",5.45956233037846e-05,1,5.45956233037846e-05,0.218382493215139,0.01,2000,0.5,1,9,0,NA,714.499,183,1,0,0.00971683921201842,0,0,1,0,0,678
85,87123,4000,2,"poisson","fixed",5.45956233037846e-05,0.2,1.09191246607569e-05,0.0436764986430277,0.01,2000,0.5,1,0,0,NA,752.167999999998,928,1,0,0.00997195721814638,0,0,1,1,0,679
85,87123,4000,2,"poisson","linesearch",5.45956233037846e-05,0.2,1.09191246607569e-05,0.0436764986430277,0.01,2000,0.5,1,9,0,NA,3583.06,928,1,0,0.00997195721814638,0,0,1,0,0,680
86,88123,4000,2,"poisson","fixed",5.43385864395135e-05,10,0.000543385864395135,2.17354345758054,0.01,2000,0.5,1,0,0,NA,317.460000000003,6,0,1,NA,0,0,1,1,0,681
86,88123,4000,2,"poisson","linesearch",5.43385864395135e-05,10,0.000543385864395135,2.17354345758054,0.01,2000,0.5,1,9,0,NA,500.499,71,1,0,0.00880283421362898,2,2,0,0,0,682
86,88123,4000,2,"poisson","fixed",5.43385864395135e-05,5,0.000271692932197567,1.08677172879027,0.01,2000,0.5,1,0,0,NA,1216.949,2000,0,0,8189.08661048118,0,0,1,1,0,683
86,88123,4000,2,"poisson","linesearch",5.43385864395135e-05,5,0.000271692932197567,1.08677172879027,0.01,2000,0.5,1,9,0,NA,501.308000000001,71,1,0,0.00880283421362898,1,1,0,0,0,684
86,88123,4000,2,"poisson","fixed",5.43385864395135e-05,1,5.43385864395135e-05,0.217354345758054,0.01,2000,0.5,1,0,0,NA,415.596000000001,181,1,0,0.00990019958655153,0,0,1,1,0,685
86,88123,4000,2,"poisson","linesearch",5.43385864395135e-05,1,5.43385864395135e-05,0.217354345758054,0.01,2000,0.5,1,9,0,NA,685.409,181,1,0,0.00990019958655153,0,0,1,0,0,686
86,88123,4000,2,"poisson","fixed",5.43385864395135e-05,0.2,1.08677172879027e-05,0.0434708691516108,0.01,2000,0.5,1,0,0,NA,753.134999999998,919,1,0,0.00997674000859816,0,0,1,1,0,687
86,88123,4000,2,"poisson","linesearch",5.43385864395135e-05,0.2,1.08677172879027e-05,0.0434708691516108,0.01,2000,0.5,1,9,0,NA,3391.044,919,1,0,0.00997674000859816,0,0,1,0,0,688
87,89123,4000,2,"poisson","fixed",5.45189014023292e-05,10,0.000545189014023292,2.18075605609317,0.01,2000,0.5,1,0,0,NA,313.915999999997,6,0,1,NA,0,0,1,1,0,689
87,89123,4000,2,"poisson","linesearch",5.45189014023292e-05,10,0.000545189014023292,2.18075605609317,0.01,2000,0.5,1,9,0,NA,493.414000000001,70,1,0,0.00926118334163462,2,2,0,0,0,690
87,89123,4000,2,"poisson","fixed",5.45189014023292e-05,5,0.000272594507011646,1.09037802804658,0.01,2000,0.5,1,0,0,NA,1246.123,2000,0,0,2789.38032300403,0,0,1,1,0,691
87,89123,4000,2,"poisson","linesearch",5.45189014023292e-05,5,0.000272594507011646,1.09037802804658,0.01,2000,0.5,1,9,0,NA,490.599000000002,70,1,0,0.00926118334163462,1,1,0,0,0,692
87,89123,4000,2,"poisson","fixed",5.45189014023292e-05,1,5.45189014023292e-05,0.218075605609317,0.01,2000,0.5,1,0,0,NA,410.853999999999,180,1,0,0.00970919392382735,0,0,1,1,0,693
87,89123,4000,2,"poisson","linesearch",5.45189014023292e-05,1,5.45189014023292e-05,0.218075605609317,0.01,2000,0.5,1,9,0,NA,673.757000000001,180,1,0,0.00970919392382735,0,0,1,0,0,694
87,89123,4000,2,"poisson","fixed",5.45189014023292e-05,0.2,1.09037802804658e-05,0.0436151211218634,0.01,2000,0.5,1,0,0,NA,744.491999999998,913,1,0,0.00993960192002652,0,0,1,1,0,695
87,89123,4000,2,"poisson","linesearch",5.45189014023292e-05,0.2,1.09037802804658e-05,0.0436151211218634,0.01,2000,0.5,1,9,0,NA,2936.251,913,1,0,0.00993960192002652,0,0,1,0,0,696
88,90123,4000,2,"poisson","fixed",5.5797144899068e-05,10,0.00055797144899068,2.23188579596272,0.01,2000,0.5,1,0,0,NA,318.646000000001,6,0,1,NA,0,0,1,1,0,697
88,90123,4000,2,"poisson","linesearch",5.5797144899068e-05,10,0.00055797144899068,2.23188579596272,0.01,2000,0.5,1,9,0,NA,500.280000000002,70,1,0,0.0091914018130122,2,2,0,0,0,698
88,90123,4000,2,"poisson","fixed",5.5797144899068e-05,5,0.00027898572449534,1.11594289798136,0.01,2000,0.5,1,0,0,NA,1228.767,2000,0,0,2840.18096562622,0,0,1,1,0,699
88,90123,4000,2,"poisson","linesearch",5.5797144899068e-05,5,0.00027898572449534,1.11594289798136,0.01,2000,0.5,1,9,0,NA,494.131000000001,70,1,0,0.0091914018130122,1,1,0,0,0,700
88,90123,4000,2,"poisson","fixed",5.5797144899068e-05,1,5.5797144899068e-05,0.223188579596272,0.01,2000,0.5,1,0,0,NA,415.634000000002,180,1,0,0.00972065756955992,0,0,1,1,0,701
88,90123,4000,2,"poisson","linesearch",5.5797144899068e-05,1,5.5797144899068e-05,0.223188579596272,0.01,2000,0.5,1,9,0,NA,708.071,180,1,0,0.00972065756955992,0,0,1,0,0,702
88,90123,4000,2,"poisson","fixed",5.5797144899068e-05,0.2,1.11594289798136e-05,0.0446377159192544,0.01,2000,0.5,1,0,0,NA,745.026999999998,913,1,0,0.00999321622655869,0,0,1,1,0,703
88,90123,4000,2,"poisson","linesearch",5.5797144899068e-05,0.2,1.11594289798136e-05,0.0446377159192544,0.01,2000,0.5,1,9,0,NA,3551.357,913,1,0,0.00999321622655869,0,0,1,0,0,704
89,91123,4000,2,"poisson","fixed",5.48023823814957e-05,10,0.000548023823814957,2.19209529525983,0.01,2000,0.5,1,0,0,NA,318.917999999998,6,0,1,NA,0,0,1,1,0,705
89,91123,4000,2,"poisson","linesearch",5.48023823814957e-05,10,0.000548023823814957,2.19209529525983,0.01,2000,0.5,1,9,0,NA,520.077999999998,72,1,0,0.00911300393842559,2,2,0,0,0,706
89,91123,4000,2,"poisson","fixed",5.48023823814957e-05,5,0.000274011911907479,1.09604764762991,0.01,2000,0.5,1,0,0,NA,1232.517,2000,0,0,7866.26682972671,0,0,1,1,0,707
89,91123,4000,2,"poisson","linesearch",5.48023823814957e-05,5,0.000274011911907479,1.09604764762991,0.01,2000,0.5,1,9,0,NA,514.707000000002,72,1,0,0.00911300393842559,1,1,0,0,0,708
89,91123,4000,2,"poisson","fixed",5.48023823814957e-05,1,5.48023823814957e-05,0.219209529525983,0.01,2000,0.5,1,0,0,NA,417.252,185,1,0,0.00960014455955023,0,0,1,1,0,709
89,91123,4000,2,"poisson","linesearch",5.48023823814957e-05,1,5.48023823814957e-05,0.219209529525983,0.01,2000,0.5,1,9,0,NA,736.869999999999,185,1,0,0.00960014455955023,0,0,1,0,0,710
89,91123,4000,2,"poisson","fixed",5.48023823814957e-05,0.2,1.09604764762991e-05,0.0438419059051966,0.01,2000,0.5,1,0,0,NA,747.441999999999,937,1,0,0.00995481116563857,0,0,1,1,0,711
89,91123,4000,2,"poisson","linesearch",5.48023823814957e-05,0.2,1.09604764762991e-05,0.0438419059051966,0.01,2000,0.5,1,9,0,NA,3788.205,937,1,0,0.00995481116563857,0,0,1,0,0,712
90,92123,4000,2,"poisson","fixed",5.49504524574695e-05,10,0.000549504524574695,2.19801809829878,0.01,2000,0.5,1,0,0,NA,330.589,6,0,1,NA,0,0,1,1,0,713
90,92123,4000,2,"poisson","linesearch",5.49504524574695e-05,10,0.000549504524574695,2.19801809829878,0.01,2000,0.5,1,9,0,NA,509.813000000002,70,1,0,0.00935526388912063,2,2,0,0,0,714
90,92123,4000,2,"poisson","fixed",5.49504524574695e-05,5,0.000274752262287348,1.09900904914939,0.01,2000,0.5,1,0,0,NA,1215.56,2000,0,0,2821.73904756189,0,0,1,1,0,715
90,92123,4000,2,"poisson","linesearch",5.49504524574695e-05,5,0.000274752262287348,1.09900904914939,0.01,2000,0.5,1,9,0,NA,476.134999999998,70,1,0,0.00935526388912063,1,1,0,0,0,716
90,92123,4000,2,"poisson","fixed",5.49504524574695e-05,1,5.49504524574695e-05,0.219801809829878,0.01,2000,0.5,1,0,0,NA,407.564999999999,180,1,0,0.0098325287372782,0,0,1,1,0,717
90,92123,4000,2,"poisson","linesearch",5.49504524574695e-05,1,5.49504524574695e-05,0.219801809829878,0.01,2000,0.5,1,9,0,NA,659.327999999998,180,1,0,0.0098325287372782,0,0,1,0,0,718
90,92123,4000,2,"poisson","fixed",5.49504524574695e-05,0.2,1.09900904914939e-05,0.0439603619659756,0.01,2000,0.5,1,0,0,NA,747.990000000002,914,1,0,0.00997285319852492,0,0,1,1,0,719
90,92123,4000,2,"poisson","linesearch",5.49504524574695e-05,0.2,1.09900904914939e-05,0.0439603619659756,0.01,2000,0.5,1,9,0,NA,3101.836,914,1,0,0.00997285319852492,0,0,1,0,0,720
91,93123,4000,2,"poisson","fixed",5.52199431268671e-05,10,0.000552199431268671,2.20879772507469,0.01,2000,0.5,1,0,0,NA,319.211000000003,6,0,1,NA,0,0,1,1,0,721
91,93123,4000,2,"poisson","linesearch",5.52199431268671e-05,10,0.000552199431268671,2.20879772507469,0.01,2000,0.5,1,9,0,NA,496.659,69,1,0,0.00980158645837521,2,2,0,0,0,722
91,93123,4000,2,"poisson","fixed",5.52199431268671e-05,5,0.000276099715634336,1.10439886253734,0.01,2000,0.5,1,0,0,NA,1258.291,2000,0,0,2820.10567163306,0,0,1,1,0,723
91,93123,4000,2,"poisson","linesearch",5.52199431268671e-05,5,0.000276099715634336,1.10439886253734,0.01,2000,0.5,1,9,0,NA,472.819,69,1,0,0.00980158645837521,1,1,0,0,0,724
91,93123,4000,2,"poisson","fixed",5.52199431268671e-05,1,5.52199431268671e-05,0.220879772507469,0.01,2000,0.5,1,0,0,NA,411.412,178,1,0,0.00995606862920406,0,0,1,1,0,725
91,93123,4000,2,"poisson","linesearch",5.52199431268671e-05,1,5.52199431268671e-05,0.220879772507469,0.01,2000,0.5,1,9,0,NA,639.147000000001,178,1,0,0.00995606862920406,0,0,1,0,0,726
91,93123,4000,2,"poisson","fixed",5.52199431268671e-05,0.2,1.10439886253734e-05,0.0441759545014937,0.01,2000,0.5,1,0,0,NA,742.830999999998,905,1,0,0.00996187303338325,0,0,1,1,0,727
91,93123,4000,2,"poisson","linesearch",5.52199431268671e-05,0.2,1.10439886253734e-05,0.0441759545014937,0.01,2000,0.5,1,9,0,NA,2738.323,905,1,0,0.00996187303338325,0,0,1,0,0,728
92,94123,4000,2,"poisson","fixed",5.49409727616173e-05,10,0.000549409727616173,2.19763891046469,0.01,2000,0.5,1,0,0,NA,320.064000000002,6,0,1,NA,0,0,1,1,0,729
92,94123,4000,2,"poisson","linesearch",5.49409727616173e-05,10,0.000549409727616173,2.19763891046469,0.01,2000,0.5,1,9,0,NA,515.937000000002,70,1,0,0.00980344482700779,2,2,0,0,0,730
92,94123,4000,2,"poisson","fixed",5.49409727616173e-05,5,0.000274704863808086,1.09881945523235,0.01,2000,0.5,1,0,0,NA,1249.346,2000,0,0,2797.92229348889,0,0,1,1,0,731
92,94123,4000,2,"poisson","linesearch",5.49409727616173e-05,5,0.000274704863808086,1.09881945523235,0.01,2000,0.5,1,9,0,NA,494.334000000003,70,1,0,0.00980344482700779,1,1,0,0,0,732
92,94123,4000,2,"poisson","fixed",5.49409727616173e-05,1,5.49409727616173e-05,0.219763891046469,0.01,2000,0.5,1,0,0,NA,413.742000000002,181,1,0,0.0097321450258161,0,0,1,1,0,733
92,94123,4000,2,"poisson","linesearch",5.49409727616173e-05,1,5.49409727616173e-05,0.219763891046469,0.01,2000,0.5,1,9,0,NA,704.136999999999,181,1,0,0.0097321450258161,0,0,1,0,0,734
92,94123,4000,2,"poisson","fixed",5.49409727616173e-05,0.2,1.09881945523235e-05,0.0439527782092938,0.01,2000,0.5,1,0,0,NA,748.776000000002,918,1,0,0.00996712185226478,0,0,1,1,0,735
92,94123,4000,2,"poisson","linesearch",5.49409727616173e-05,0.2,1.09881945523235e-05,0.0439527782092938,0.01,2000,0.5,1,9,0,NA,3478.109,918,1,0,0.00996712185226478,0,0,1,0,0,736
93,95123,4000,2,"poisson","fixed",5.51536554891391e-05,10,0.000551536554891391,2.20614621956556,0.01,2000,0.5,1,0,0,NA,325.884000000002,6,0,1,NA,0,0,1,1,0,737
93,95123,4000,2,"poisson","linesearch",5.51536554891391e-05,10,0.000551536554891391,2.20614621956556,0.01,2000,0.5,1,9,0,NA,522.627,69,1,0,0.0086882293192324,2,2,0,0,0,738
93,95123,4000,2,"poisson","fixed",5.51536554891391e-05,5,0.000275768277445695,1.10307310978278,0.01,2000,0.5,1,0,0,NA,1255.428,2000,0,0,2787.17371849754,0,0,1,1,0,739
93,95123,4000,2,"poisson","linesearch",5.51536554891391e-05,5,0.000275768277445695,1.10307310978278,0.01,2000,0.5,1,9,0,NA,489.384999999998,69,1,0,0.0086882293192324,1,1,0,0,0,740
93,95123,4000,2,"poisson","fixed",5.51536554891391e-05,1,5.51536554891391e-05,0.220614621956556,0.01,2000,0.5,1,0,0,NA,407.331000000002,177,1,0,0.00950717382189608,0,0,1,1,0,741
93,95123,4000,2,"poisson","linesearch",5.51536554891391e-05,1,5.51536554891391e-05,0.220614621956556,0.01,2000,0.5,1,9,0,NA,657.721999999998,177,1,0,0.00950717382189608,0,0,1,0,0,742
93,95123,4000,2,"poisson","fixed",5.51536554891391e-05,0.2,1.10307310978278e-05,0.0441229243913113,0.01,2000,0.5,1,0,0,NA,741.398999999998,897,1,0,0.00990493263783525,0,0,1,1,0,743
93,95123,4000,2,"poisson","linesearch",5.51536554891391e-05,0.2,1.10307310978278e-05,0.0441229243913113,0.01,2000,0.5,1,9,0,NA,2715.681,897,1,0,0.00990493263783525,0,0,1,0,0,744
94,96123,4000,2,"poisson","fixed",5.39943433413397e-05,10,0.000539943433413397,2.15977373365359,0.01,2000,0.5,1,0,0,NA,328.718000000001,6,0,1,NA,0,0,1,1,0,745
94,96123,4000,2,"poisson","linesearch",5.39943433413397e-05,10,0.000539943433413397,2.15977373365359,0.01,2000,0.5,1,9,0,NA,497.688000000002,71,1,0,0.00900300155462241,2,2,0,0,0,746
94,96123,4000,2,"poisson","fixed",5.39943433413397e-05,5,0.000269971716706698,1.07988686682679,0.01,2000,0.5,1,0,0,NA,1217.355,2000,0,0,8517.60231136126,0,0,1,1,0,747
94,96123,4000,2,"poisson","linesearch",5.39943433413397e-05,5,0.000269971716706698,1.07988686682679,0.01,2000,0.5,1,9,0,NA,473.746999999999,71,1,0,0.00900300155462241,1,1,0,0,0,748
94,96123,4000,2,"poisson","fixed",5.39943433413397e-05,1,5.39943433413397e-05,0.215977373365359,0.01,2000,0.5,1,0,0,NA,407.506000000001,182,1,0,0.00976186083129982,0,0,1,1,0,749
94,96123,4000,2,"poisson","linesearch",5.39943433413397e-05,1,5.39943433413397e-05,0.215977373365359,0.01,2000,0.5,1,9,0,NA,679.153999999999,182,1,0,0.00976186083129982,0,0,1,0,0,750
94,96123,4000,2,"poisson","fixed",5.39943433413397e-05,0.2,1.07988686682679e-05,0.0431954746730717,0.01,2000,0.5,1,0,0,NA,744.837,924,1,0,0.00991658528220479,0,0,1,1,0,751
94,96123,4000,2,"poisson","linesearch",5.39943433413397e-05,0.2,1.07988686682679e-05,0.0431954746730717,0.01,2000,0.5,1,9,0,NA,3069.581,924,1,0,0.00991658528220479,0,0,1,0,0,752
95,97123,4000,2,"poisson","fixed",5.47277698345767e-05,10,0.000547277698345767,2.18911079338307,0.01,2000,0.5,1,0,0,NA,334.812000000002,6,0,1,NA,0,0,1,1,0,753
95,97123,4000,2,"poisson","linesearch",5.47277698345767e-05,10,0.000547277698345767,2.18911079338307,0.01,2000,0.5,1,9,0,NA,515.763999999999,69,1,0,0.00956150606527861,2,2,0,0,0,754
95,97123,4000,2,"poisson","fixed",5.47277698345767e-05,5,0.000273638849172884,1.09455539669153,0.01,2000,0.5,1,0,0,NA,1234.445,2000,0,0,8077.31876180597,0,0,1,1,0,755
95,97123,4000,2,"poisson","linesearch",5.47277698345767e-05,5,0.000273638849172884,1.09455539669153,0.01,2000,0.5,1,9,0,NA,484.401999999998,69,1,0,0.00956150606527861,1,1,0,0,0,756
95,97123,4000,2,"poisson","fixed",5.47277698345767e-05,1,5.47277698345767e-05,0.218911079338307,0.01,2000,0.5,1,0,0,NA,415.593000000001,178,1,0,0.00984020254766313,0,0,1,1,0,757
95,97123,4000,2,"poisson","linesearch",5.47277698345767e-05,1,5.47277698345767e-05,0.218911079338307,0.01,2000,0.5,1,9,0,NA,659.175999999999,178,1,0,0.00984020254766313,0,0,1,0,0,758
95,97123,4000,2,"poisson","fixed",5.47277698345767e-05,0.2,1.09455539669153e-05,0.0437822158676614,0.01,2000,0.5,1,0,0,NA,748.657999999999,905,1,0,0.00990556925975886,0,0,1,1,0,759
95,97123,4000,2,"poisson","linesearch",5.47277698345767e-05,0.2,1.09455539669153e-05,0.0437822158676614,0.01,2000,0.5,1,9,0,NA,2548.479,905,1,0,0.00990556925975886,0,0,1,0,0,760
96,98123,4000,2,"poisson","fixed",5.5308431873051e-05,10,0.00055308431873051,2.21233727492204,0.01,2000,0.5,1,0,0,NA,321.57,6,0,1,NA,0,0,1,1,0,761
96,98123,4000,2,"poisson","linesearch",5.5308431873051e-05,10,0.00055308431873051,2.21233727492204,0.01,2000,0.5,1,9,0,NA,492.478999999999,69,1,0,0.00960684685235533,2,2,0,0,0,762
96,98123,4000,2,"poisson","fixed",5.5308431873051e-05,5,0.000276542159365255,1.10616863746102,0.01,2000,0.5,1,0,0,NA,1206.318,2000,0,0,2843.14098800293,0,0,1,1,0,763
96,98123,4000,2,"poisson","linesearch",5.5308431873051e-05,5,0.000276542159365255,1.10616863746102,0.01,2000,0.5,1,9,0,NA,467.548999999999,69,1,0,0.00960684685235533,1,1,0,0,0,764
96,98123,4000,2,"poisson","fixed",5.5308431873051e-05,1,5.5308431873051e-05,0.221233727492204,0.01,2000,0.5,1,0,0,NA,409.475999999999,178,1,0,0.0096250793512165,0,0,1,1,0,765
96,98123,4000,2,"poisson","linesearch",5.5308431873051e-05,1,5.5308431873051e-05,0.221233727492204,0.01,2000,0.5,1,9,0,NA,642.824000000001,178,1,0,0.0096250793512165,0,0,1,0,0,766
96,98123,4000,2,"poisson","fixed",5.5308431873051e-05,0.2,1.10616863746102e-05,0.0442467454984408,0.01,2000,0.5,1,0,0,NA,719.950000000001,901,1,0,0.00996668609807622,0,0,1,1,0,767
96,98123,4000,2,"poisson","linesearch",5.5308431873051e-05,0.2,1.10616863746102e-05,0.0442467454984408,0.01,2000,0.5,1,9,0,NA,2378.779,901,1,0,0.00996668609807622,0,0,1,0,0,768
97,99123,4000,2,"poisson","fixed",5.43557590537532e-05,10,0.000543557590537532,2.17423036215013,0.01,2000,0.5,1,0,0,NA,336.590999999997,6,0,1,NA,0,0,1,1,0,769
97,99123,4000,2,"poisson","linesearch",5.43557590537532e-05,10,0.000543557590537532,2.17423036215013,0.01,2000,0.5,1,9,0,NA,498.161,68,1,0,0.00979611482972398,2,2,0,0,0,770
97,99123,4000,2,"poisson","fixed",5.43557590537532e-05,5,0.000271778795268766,1.08711518107506,0.01,2000,0.5,1,0,0,NA,1246.641,2000,0,0,8158.20662681145,0,0,1,1,0,771
97,99123,4000,2,"poisson","linesearch",5.43557590537532e-05,5,0.000271778795268766,1.08711518107506,0.01,2000,0.5,1,9,0,NA,476.09,68,1,0,0.00979611482972398,1,1,0,0,0,772
97,99123,4000,2,"poisson","fixed",5.43557590537532e-05,1,5.43557590537532e-05,0.217423036215013,0.01,2000,0.5,1,0,0,NA,416.863999999998,176,1,0,0.0095486571922811,0,0,1,1,0,773
97,99123,4000,2,"poisson","linesearch",5.43557590537532e-05,1,5.43557590537532e-05,0.217423036215013,0.01,2000,0.5,1,9,0,NA,636.034,176,1,0,0.0095486571922811,0,0,1,0,0,774
97,99123,4000,2,"poisson","fixed",5.43557590537532e-05,0.2,1.08711518107506e-05,0.0434846072430026,0.01,2000,0.5,1,0,0,NA,740.98,890,1,0,0.00999677939322163,0,0,1,1,0,775
97,99123,4000,2,"poisson","linesearch",5.43557590537532e-05,0.2,1.08711518107506e-05,0.0434846072430026,0.01,2000,0.5,1,9,0,NA,2262.844,890,1,0,0.00999677939322163,0,0,1,0,0,776
98,100123,4000,2,"poisson","fixed",5.55911827760724e-05,10,0.000555911827760724,2.2236473110429,0.01,2000,0.5,1,0,0,NA,337.168000000001,6,0,1,NA,0,0,1,1,0,777
98,100123,4000,2,"poisson","linesearch",5.55911827760724e-05,10,0.000555911827760724,2.2236473110429,0.01,2000,0.5,1,9,0,NA,513.088,69,1,0,0.00944522650785162,2,2,0,0,0,778
98,100123,4000,2,"poisson","fixed",5.55911827760724e-05,5,0.000277955913880362,1.11182365552145,0.01,2000,0.5,1,0,0,NA,1242,2000,0,0,2863.41237470917,0,0,1,1,0,779
98,100123,4000,2,"poisson","linesearch",5.55911827760724e-05,5,0.000277955913880362,1.11182365552145,0.01,2000,0.5,1,9,0,NA,474.351000000002,69,1,0,0.00944522650785162,1,1,0,0,0,780
98,100123,4000,2,"poisson","fixed",5.55911827760724e-05,1,5.55911827760724e-05,0.22236473110429,0.01,2000,0.5,1,0,0,NA,411.723999999998,178,1,0,0.00954824870854465,0,0,1,1,0,781
98,100123,4000,2,"poisson","linesearch",5.55911827760724e-05,1,5.55911827760724e-05,0.22236473110429,0.01,2000,0.5,1,9,0,NA,693.561000000002,178,1,0,0.00954824870854465,0,0,1,0,0,782
98,100123,4000,2,"poisson","fixed",5.55911827760724e-05,0.2,1.11182365552145e-05,0.0444729462208579,0.01,2000,0.5,1,0,0,NA,745.056,901,1,0,0.0099353613026239,0,0,1,1,0,783
98,100123,4000,2,"poisson","linesearch",5.55911827760724e-05,0.2,1.11182365552145e-05,0.0444729462208579,0.01,2000,0.5,1,9,0,NA,2764.845,901,1,0,0.0099353613026239,0,0,1,0,0,784
99,101123,4000,2,"poisson","fixed",5.58134577194109e-05,10,0.000558134577194109,2.23253830877644,0.01,2000,0.5,1,0,0,NA,334.182000000001,6,0,1,NA,0,0,1,1,0,785
99,101123,4000,2,"poisson","linesearch",5.58134577194109e-05,10,0.000558134577194109,2.23253830877644,0.01,2000,0.5,1,9,0,NA,501.220000000001,67,1,0,0.00997368267709339,2,2,0,0,0,786
99,101123,4000,2,"poisson","fixed",5.58134577194109e-05,5,0.000279067288597055,1.11626915438822,0.01,2000,0.5,1,0,0,NA,1245.436,2000,0,0,2855.76799823679,0,0,1,1,0,787
99,101123,4000,2,"poisson","linesearch",5.58134577194109e-05,5,0.000279067288597055,1.11626915438822,0.01,2000,0.5,1,9,0,NA,472.662,67,1,0,0.00997368267709339,1,1,0,0,0,788
99,101123,4000,2,"poisson","fixed",5.58134577194109e-05,1,5.58134577194109e-05,0.223253830877644,0.01,2000,0.5,1,0,0,NA,411.481,174,1,0,0.00963208019026016,0,0,1,1,0,789
99,101123,4000,2,"poisson","linesearch",5.58134577194109e-05,1,5.58134577194109e-05,0.223253830877644,0.01,2000,0.5,1,9,0,NA,634.254000000001,174,1,0,0.00963208019026016,0,0,1,0,0,790
99,101123,4000,2,"poisson","fixed",5.58134577194109e-05,0.2,1.11626915438822e-05,0.0446507661755287,0.01,2000,0.5,1,0,0,NA,732.005000000001,882,1,0,0.00999399737181184,0,0,1,1,0,791
99,101123,4000,2,"poisson","linesearch",5.58134577194109e-05,0.2,1.11626915438822e-05,0.0446507661755287,0.01,2000,0.5,1,9,0,NA,2312.985,882,1,0,0.00999399737181184,0,0,1,0,0,792
100,102123,4000,2,"poisson","fixed",5.42647174454579e-05,10,0.000542647174454579,2.17058869781832,0.01,2000,0.5,1,0,0,NA,328.43,6,0,1,NA,0,0,1,1,0,793
100,102123,4000,2,"poisson","linesearch",5.42647174454579e-05,10,0.000542647174454579,2.17058869781832,0.01,2000,0.5,1,9,0,NA,506.842000000001,69,1,0,0.00896828151240615,2,2,0,0,0,794
100,102123,4000,2,"poisson","fixed",5.42647174454579e-05,5,0.00027132358722729,1.08529434890916,0.01,2000,0.5,1,0,0,NA,1235.421,2000,0,0,8291.35651668437,0,0,1,1,0,795
100,102123,4000,2,"poisson","linesearch",5.42647174454579e-05,5,0.00027132358722729,1.08529434890916,0.01,2000,0.5,1,9,0,NA,491.169000000002,69,1,0,0.00896828151240615,1,1,0,0,0,796
100,102123,4000,2,"poisson","fixed",5.42647174454579e-05,1,5.42647174454579e-05,0.217058869781832,0.01,2000,0.5,1,0,0,NA,405.774999999998,177,1,0,0.00989756255989592,0,0,1,1,0,797
100,102123,4000,2,"poisson","linesearch",5.42647174454579e-05,1,5.42647174454579e-05,0.217058869781832,0.01,2000,0.5,1,9,0,NA,634.846000000001,177,1,0,0.00989756255989592,0,0,1,0,0,798
100,102123,4000,2,"poisson","fixed",5.42647174454579e-05,0.2,1.08529434890916e-05,0.0434117739563663,0.01,2000,0.5,1,0,0,NA,711.632000000001,901,1,0,0.00990176834696396,0,0,1,1,0,799
100,102123,4000,2,"poisson","linesearch",5.42647174454579e-05,0.2,1.08529434890916e-05,0.0434117739563663,0.01,2000,0.5,1,9,0,NA,2390.839,901,1,0,0.00990176834696396,0,0,1,0,0,800
