"rep","seed","n","k","family","method","eta0","eta_mult","eta_init","eta_times_n","eps_grad","max_gd_steps","beta_ls","c_ls","Rprime","error","error_message","elapsed_sec","num_of_steps","converged","exploded","score_Y_max_abs","bt_mean","bt_max","bt_frac0","bt_frac_hit_cap","ls_fail_frac","record_id"
1,3123,500,2,"poisson","fixed",0.000418454325397063,10,0.00418454325397063,2.09227162698531,0.01,2000,0.5,1,0,0,NA,0.727,10,0,1,NA,0,0,1,1,0,1
1,3123,500,2,"poisson","linesearch",0.000418454325397063,10,0.00418454325397063,2.09227162698531,0.01,2000,0.5,1,7,0,NA,3.905,72,1,0,0.00904748234927408,2,2,0,0,0,2
1,3123,500,2,"poisson","fixed",0.000418454325397063,5,0.00209227162698531,1.04613581349266,0.01,2000,0.5,1,0,0,NA,13.665,2000,0,0,648.04443939105,0,0,1,1,0,3
1,3123,500,2,"poisson","linesearch",0.000418454325397063,5,0.00209227162698531,1.04613581349266,0.01,2000,0.5,1,7,0,NA,2.853,72,1,0,0.00904748234927408,1,1,0,0,0,4
1,3123,500,2,"poisson","fixed",0.000418454325397063,1,0.000418454325397063,0.209227162698531,0.01,2000,0.5,1,0,0,NA,1.644,182,1,0,0.00992234772288422,0,0,1,1,0,5
1,3123,500,2,"poisson","linesearch",0.000418454325397063,1,0.000418454325397063,0.209227162698531,0.01,2000,0.5,1,7,0,NA,5.319,182,1,0,0.00992234772288422,0,0,1,0,0,6
1,3123,500,2,"poisson","fixed",0.000418454325397063,0.2,8.36908650794125e-05,0.0418454325397063,0.01,2000,0.5,1,0,0,NA,6.25,921,1,0,0.00992500823586268,0,0,1,1,0,7
1,3123,500,2,"poisson","linesearch",0.000418454325397063,0.2,8.36908650794125e-05,0.0418454325397063,0.01,2000,0.5,1,7,0,NA,25.605,921,1,0,0.00992500823586268,0,0,1,0,0,8
2,4123,500,2,"poisson","fixed",0.000446701637533144,10,0.00446701637533144,2.23350818766572,0.01,2000,0.5,1,0,0,NA,0.685,9,0,1,NA,0,0,1,1,0,9
2,4123,500,2,"poisson","linesearch",0.000446701637533144,10,0.00446701637533144,2.23350818766572,0.01,2000,0.5,1,7,0,NA,3.624,67,1,0,0.00973138722000933,2,2,0,0,0,10
2,4123,500,2,"poisson","fixed",0.000446701637533144,5,0.00223350818766572,1.11675409383286,0.01,2000,0.5,1,0,0,NA,13.059,2000,0,0,826.357430642589,0,0,1,1,0,11
2,4123,500,2,"poisson","linesearch",0.000446701637533144,5,0.00223350818766572,1.11675409383286,0.01,2000,0.5,1,7,0,NA,2.726,67,1,0,0.00973138722000933,1,1,0,0,0,12
2,4123,500,2,"poisson","fixed",0.000446701637533144,1,0.000446701637533144,0.223350818766572,0.01,2000,0.5,1,0,0,NA,1.571,171,1,0,0.00999553236047374,0,0,1,1,0,13
2,4123,500,2,"poisson","linesearch",0.000446701637533144,1,0.000446701637533144,0.223350818766572,0.01,2000,0.5,1,7,0,NA,5.711,171,1,0,0.00999553236047374,0,0,1,0,0,14
2,4123,500,2,"poisson","fixed",0.000446701637533144,0.2,8.93403275066288e-05,0.0446701637533144,0.01,2000,0.5,1,0,0,NA,5.666,866,1,0,0.00997264377002837,0,0,1,1,0,15
2,4123,500,2,"poisson","linesearch",0.000446701637533144,0.2,8.93403275066288e-05,0.0446701637533144,0.01,2000,0.5,1,7,0,NA,22.458,866,1,0,0.00997264377002837,0,0,1,0,0,16
3,5123,500,2,"poisson","fixed",0.000435685101963641,10,0.00435685101963641,2.1784255098182,0.01,2000,0.5,1,0,0,NA,0.762,10,0,1,NA,0,0,1,1,0,17
3,5123,500,2,"poisson","linesearch",0.000435685101963641,10,0.00435685101963641,2.1784255098182,0.01,2000,0.5,1,7,0,NA,3.799,69,1,0,0.00907248160077951,2,2,0,0,0,18
3,5123,500,2,"poisson","fixed",0.000435685101963641,5,0.0021784255098182,1.0892127549091,0.01,2000,0.5,1,0,0,NA,13.534,2000,0,0,391.617823368238,0,0,1,1,0,19
3,5123,500,2,"poisson","linesearch",0.000435685101963641,5,0.0021784255098182,1.0892127549091,0.01,2000,0.5,1,7,0,NA,2.894,69,1,0,0.00907248160077951,1,1,0,0,0,20
3,5123,500,2,"poisson","fixed",0.000435685101963641,1,0.000435685101963641,0.21784255098182,0.01,2000,0.5,1,0,0,NA,1.646,175,1,0,0.00974840785812416,0,0,1,1,0,21
3,5123,500,2,"poisson","linesearch",0.000435685101963641,1,0.000435685101963641,0.21784255098182,0.01,2000,0.5,1,7,0,NA,5.336,175,1,0,0.00974840785812416,0,0,1,0,0,22
3,5123,500,2,"poisson","fixed",0.000435685101963641,0.2,8.71370203927282e-05,0.0435685101963641,0.01,2000,0.5,1,0,0,NA,6.046,883,1,0,0.00998398623748484,0,0,1,1,0,23
3,5123,500,2,"poisson","linesearch",0.000435685101963641,0.2,8.71370203927282e-05,0.0435685101963641,0.01,2000,0.5,1,7,0,NA,23.045,883,1,0,0.00998398623748484,0,0,1,0,0,24
4,6123,500,2,"poisson","fixed",0.000437048597772895,10,0.00437048597772895,2.18524298886448,0.01,2000,0.5,1,0,0,NA,0.722,10,0,1,NA,0,0,1,1,0,25
4,6123,500,2,"poisson","linesearch",0.000437048597772895,10,0.00437048597772895,2.18524298886448,0.01,2000,0.5,1,7,0,NA,4.334,81,1,0,0.00962493166859396,2,2,0,0,0,26
4,6123,500,2,"poisson","fixed",0.000437048597772895,5,0.00218524298886448,1.09262149443224,0.01,2000,0.5,1,0,0,NA,13.069,2000,0,0,951.284395384757,0,0,1,1,0,27
4,6123,500,2,"poisson","linesearch",0.000437048597772895,5,0.00218524298886448,1.09262149443224,0.01,2000,0.5,1,7,0,NA,3.183,81,1,0,0.00962493166859396,1,1,0,0,0,28
4,6123,500,2,"poisson","fixed",0.000437048597772895,1,0.000437048597772895,0.218524298886448,0.01,2000,0.5,1,0,0,NA,1.788,207,1,0,0.00966372570938356,0,0,1,1,0,29
4,6123,500,2,"poisson","linesearch",0.000437048597772895,1,0.000437048597772895,0.218524298886448,0.01,2000,0.5,1,7,0,NA,5.651,207,1,0,0.00966372570938356,0,0,1,0,0,30
4,6123,500,2,"poisson","fixed",0.000437048597772895,0.2,8.74097195545791e-05,0.0437048597772895,0.01,2000,0.5,1,0,0,NA,6.989,1043,1,0,0.00996010738082051,0,0,1,1,0,31
4,6123,500,2,"poisson","linesearch",0.000437048597772895,0.2,8.74097195545791e-05,0.0437048597772895,0.01,2000,0.5,1,7,0,NA,29.856,1043,1,0,0.00996010738082051,0,0,1,0,0,32
5,7123,500,2,"poisson","fixed",0.000448891213895601,10,0.00448891213895601,2.24445606947801,0.01,2000,0.5,1,0,0,NA,0.748,9,0,1,NA,0,0,1,1,0,33
5,7123,500,2,"poisson","linesearch",0.000448891213895601,10,0.00448891213895601,2.24445606947801,0.01,2000,0.5,1,7,0,NA,3.614,69,1,0,0.00986189259233017,2,2,0,0,0,34
5,7123,500,2,"poisson","fixed",0.000448891213895601,5,0.00224445606947801,1.122228034739,0.01,2000,0.5,1,0,0,NA,12.987,2000,0,0,941.409828975835,0,0,1,1,0,35
5,7123,500,2,"poisson","linesearch",0.000448891213895601,5,0.00224445606947801,1.122228034739,0.01,2000,0.5,1,7,0,NA,2.765,69,1,0,0.00986189259233017,1,1,0,0,0,36
5,7123,500,2,"poisson","fixed",0.000448891213895601,1,0.000448891213895601,0.224445606947801,0.01,2000,0.5,1,0,0,NA,1.608,177,1,0,0.00971554318536771,0,0,1,1,0,37
5,7123,500,2,"poisson","linesearch",0.000448891213895601,1,0.000448891213895601,0.224445606947801,0.01,2000,0.5,1,7,0,NA,4.795,177,1,0,0.00971554318536771,0,0,1,0,0,38
5,7123,500,2,"poisson","fixed",0.000448891213895601,0.2,8.97782427791203e-05,0.0448891213895601,0.01,2000,0.5,1,0,0,NA,5.756,893,1,0,0.00993814891626821,0,0,1,1,0,39
5,7123,500,2,"poisson","linesearch",0.000448891213895601,0.2,8.97782427791203e-05,0.0448891213895601,0.01,2000,0.5,1,7,0,NA,23.166,893,1,0,0.00993814891626821,0,0,1,0,0,40
6,8123,500,2,"poisson","fixed",0.00044131293713852,10,0.0044131293713852,2.2065646856926,0.01,2000,0.5,1,0,0,NA,0.753,7,0,1,NA,0,0,1,1,0,41
6,8123,500,2,"poisson","linesearch",0.00044131293713852,10,0.0044131293713852,2.2065646856926,0.01,2000,0.5,1,7,0,NA,3.826,67,1,0,0.00909053969621287,2,2,0,0,0,42
6,8123,500,2,"poisson","fixed",0.00044131293713852,5,0.0022065646856926,1.1032823428463,0.01,2000,0.5,1,0,0,NA,14.1,2000,0,0,907.198798292208,0,0,1,1,0,43
6,8123,500,2,"poisson","linesearch",0.00044131293713852,5,0.0022065646856926,1.1032823428463,0.01,2000,0.5,1,7,0,NA,2.88,67,1,0,0.00909053969621287,1,1,0,0,0,44
6,8123,500,2,"poisson","fixed",0.00044131293713852,1,0.00044131293713852,0.22065646856926,0.01,2000,0.5,1,0,0,NA,1.654,170,1,0,0.00974062876967374,0,0,1,1,0,45
6,8123,500,2,"poisson","linesearch",0.00044131293713852,1,0.00044131293713852,0.22065646856926,0.01,2000,0.5,1,7,0,NA,4.966,170,1,0,0.00974062876967374,0,0,1,0,0,46
6,8123,500,2,"poisson","fixed",0.00044131293713852,0.2,8.8262587427704e-05,0.044131293713852,0.01,2000,0.5,1,0,0,NA,6.07,858,1,0,0.00996220841184536,0,0,1,1,0,47
6,8123,500,2,"poisson","linesearch",0.00044131293713852,0.2,8.8262587427704e-05,0.044131293713852,0.01,2000,0.5,1,7,0,NA,36.616,858,1,0,0.00996220841184536,0,0,1,0,0,48
7,9123,500,2,"poisson","fixed",0.000428611049061374,10,0.00428611049061374,2.14305524530687,0.01,2000,0.5,1,0,0,NA,0.767,10,0,1,NA,0,0,1,1,0,49
7,9123,500,2,"poisson","linesearch",0.000428611049061374,10,0.00428611049061374,2.14305524530687,0.01,2000,0.5,1,7,0,NA,3.675,67,1,0,0.00993092208476329,2,2,0,0,0,50
7,9123,500,2,"poisson","fixed",0.000428611049061374,5,0.00214305524530687,1.07152762265343,0.01,2000,0.5,1,0,0,NA,12.888,2000,0,0,900.350320762228,0,0,1,1,0,51
7,9123,500,2,"poisson","linesearch",0.000428611049061374,5,0.00214305524530687,1.07152762265343,0.01,2000,0.5,1,7,0,NA,2.658,67,1,0,0.00993092208476329,1,1,0,0,0,52
7,9123,500,2,"poisson","fixed",0.000428611049061374,1,0.000428611049061374,0.214305524530687,0.01,2000,0.5,1,0,0,NA,1.588,171,1,0,0.00998161010051782,0,0,1,1,0,53
7,9123,500,2,"poisson","linesearch",0.000428611049061374,1,0.000428611049061374,0.214305524530687,0.01,2000,0.5,1,7,0,NA,4.551,171,1,0,0.00998161010051782,0,0,1,0,0,54
7,9123,500,2,"poisson","fixed",0.000428611049061374,0.2,8.57222098122748e-05,0.0428611049061374,0.01,2000,0.5,1,0,0,NA,5.527,865,1,0,0.00994180294286051,0,0,1,1,0,55
7,9123,500,2,"poisson","linesearch",0.000428611049061374,0.2,8.57222098122748e-05,0.0428611049061374,0.01,2000,0.5,1,7,0,NA,20.509,865,1,0,0.00994180294286051,0,0,1,0,0,56
8,10123,500,2,"poisson","fixed",0.000443136273670353,10,0.00443136273670353,2.21568136835177,0.01,2000,0.5,1,0,0,NA,0.744,8,0,1,NA,0,0,1,1,0,57
8,10123,500,2,"poisson","linesearch",0.000443136273670353,10,0.00443136273670353,2.21568136835177,0.01,2000,0.5,1,7,0,NA,3.503,66,1,0,0.00900722097578971,2,2,0,0,0,58
8,10123,500,2,"poisson","fixed",0.000443136273670353,5,0.00221568136835177,1.10784068417588,0.01,2000,0.5,1,0,0,NA,13.008,2000,0,0,1007.33603084102,0,0,1,1,0,59
8,10123,500,2,"poisson","linesearch",0.000443136273670353,5,0.00221568136835177,1.10784068417588,0.01,2000,0.5,1,7,0,NA,2.67,66,1,0,0.00900722097578971,1,1,0,0,0,60
8,10123,500,2,"poisson","fixed",0.000443136273670353,1,0.000443136273670353,0.221568136835177,0.01,2000,0.5,1,0,0,NA,1.554,167,1,0,0.00995015913764596,0,0,1,1,0,61
8,10123,500,2,"poisson","linesearch",0.000443136273670353,1,0.000443136273670353,0.221568136835177,0.01,2000,0.5,1,7,0,NA,4.592,167,1,0,0.00995015913764596,0,0,1,0,0,62
8,10123,500,2,"poisson","fixed",0.000443136273670353,0.2,8.86272547340706e-05,0.0443136273670353,0.01,2000,0.5,1,0,0,NA,5.508,846,1,0,0.00995411094912602,0,0,1,1,0,63
8,10123,500,2,"poisson","linesearch",0.000443136273670353,0.2,8.86272547340706e-05,0.0443136273670353,0.01,2000,0.5,1,7,0,NA,20.522,846,1,0,0.00995411094912602,0,0,1,0,0,64
9,11123,500,2,"poisson","fixed",0.00042479132242889,10,0.00424791322428891,2.12395661214445,0.01,2000,0.5,1,0,0,NA,0.756,10,0,1,NA,0,0,1,1,0,65
9,11123,500,2,"poisson","linesearch",0.00042479132242889,10,0.00424791322428891,2.12395661214445,0.01,2000,0.5,1,7,0,NA,3.825,71,1,0,0.00940367475940226,2,2,0,0,0,66
9,11123,500,2,"poisson","fixed",0.00042479132242889,5,0.00212395661214445,1.06197830607223,0.01,2000,0.5,1,0,0,NA,13.47,2000,0,0,716.532077471168,0,0,1,1,0,67
9,11123,500,2,"poisson","linesearch",0.00042479132242889,5,0.00212395661214445,1.06197830607223,0.01,2000,0.5,1,7,0,NA,3.057,71,1,0,0.00940367475940226,1,1,0,0,0,68
9,11123,500,2,"poisson","fixed",0.00042479132242889,1,0.00042479132242889,0.212395661214445,0.01,2000,0.5,1,0,0,NA,1.638,181,1,0,0.00963715627283313,0,0,1,1,0,69
9,11123,500,2,"poisson","linesearch",0.00042479132242889,1,0.00042479132242889,0.212395661214445,0.01,2000,0.5,1,7,0,NA,5.513,181,1,0,0.00963715627283313,0,0,1,0,0,70
9,11123,500,2,"poisson","fixed",0.00042479132242889,0.2,8.49582644857781e-05,0.0424791322428891,0.01,2000,0.5,1,0,0,NA,6.653,912,1,0,0.00992652385740636,0,0,1,1,0,71
9,11123,500,2,"poisson","linesearch",0.00042479132242889,0.2,8.49582644857781e-05,0.0424791322428891,0.01,2000,0.5,1,7,0,NA,27.071,912,1,0,0.00992652385740636,0,0,1,0,0,72
10,12123,500,2,"poisson","fixed",0.000401832871791664,10,0.00401832871791664,2.00916435895832,0.01,2000,0.5,1,0,0,NA,0.663,8,0,1,NA,0,0,1,1,0,73
10,12123,500,2,"poisson","linesearch",0.000401832871791664,10,0.00401832871791664,2.00916435895832,0.01,2000,0.5,1,7,0,NA,4.162,79,1,0,0.00910962188805098,2,2,0,0,0,74
10,12123,500,2,"poisson","fixed",0.000401832871791664,5,0.00200916435895832,1.00458217947916,0.01,2000,0.5,1,0,0,NA,12.808,2000,0,0,673.375560914374,0,0,1,1,0,75
10,12123,500,2,"poisson","linesearch",0.000401832871791664,5,0.00200916435895832,1.00458217947916,0.01,2000,0.5,1,7,0,NA,3.023,79,1,0,0.00910962188805098,1,1,0,0,0,76
10,12123,500,2,"poisson","fixed",0.000401832871791664,1,0.000401832871791664,0.200916435895832,0.01,2000,0.5,1,0,0,NA,1.71,200,1,0,0.00977170351432544,0,0,1,1,0,77
10,12123,500,2,"poisson","linesearch",0.000401832871791664,1,0.000401832871791664,0.200916435895832,0.01,2000,0.5,1,7,0,NA,5.132,200,1,0,0.00977170351432544,0,0,1,0,0,78
10,12123,500,2,"poisson","fixed",0.000401832871791664,0.2,8.03665743583328e-05,0.0401832871791664,0.01,2000,0.5,1,0,0,NA,6.762,1009,1,0,0.00994035414315461,0,0,1,1,0,79
10,12123,500,2,"poisson","linesearch",0.000401832871791664,0.2,8.03665743583328e-05,0.0401832871791664,0.01,2000,0.5,1,7,0,NA,26.168,1009,1,0,0.00994035414315461,0,0,1,0,0,80
11,13123,500,2,"poisson","fixed",0.000431297355669143,10,0.00431297355669143,2.15648677834572,0.01,2000,0.5,1,0,0,NA,0.673,6,0,1,NA,0,0,1,1,0,81
11,13123,500,2,"poisson","linesearch",0.000431297355669143,10,0.00431297355669143,2.15648677834572,0.01,2000,0.5,1,7,0,NA,3.407,67,1,0,0.00940852975758955,2,2,0,0,0,82
11,13123,500,2,"poisson","fixed",0.000431297355669143,5,0.00215648677834572,1.07824338917286,0.01,2000,0.5,1,0,0,NA,12.823,2000,0,0,1074.37086624042,0,0,1,1,0,83
11,13123,500,2,"poisson","linesearch",0.000431297355669143,5,0.00215648677834572,1.07824338917286,0.01,2000,0.5,1,7,0,NA,2.666,67,1,0,0.00940852975758955,1,1,0,0,0,84
11,13123,500,2,"poisson","fixed",0.000431297355669143,1,0.000431297355669143,0.215648677834571,0.01,2000,0.5,1,0,0,NA,1.526,171,1,0,0.00965916594925897,0,0,1,1,0,85
11,13123,500,2,"poisson","linesearch",0.000431297355669143,1,0.000431297355669143,0.215648677834571,0.01,2000,0.5,1,7,0,NA,4.467,171,1,0,0.00965916594925897,0,0,1,0,0,86
11,13123,500,2,"poisson","fixed",0.000431297355669143,0.2,8.62594711338286e-05,0.0431297355669143,0.01,2000,0.5,1,0,0,NA,5.5,862,1,0,0.00996627355255386,0,0,1,1,0,87
11,13123,500,2,"poisson","linesearch",0.000431297355669143,0.2,8.62594711338286e-05,0.0431297355669143,0.01,2000,0.5,1,7,0,NA,20.47,862,1,0,0.00996627355255386,0,0,1,0,0,88
12,14123,500,2,"poisson","fixed",0.00045426977022832,10,0.0045426977022832,2.2713488511416,0.01,2000,0.5,1,0,0,NA,0.692,10,0,1,NA,0,0,1,1,0,89
12,14123,500,2,"poisson","linesearch",0.00045426977022832,10,0.0045426977022832,2.2713488511416,0.01,2000,0.5,1,7,0,NA,3.811,70,1,0,0.00907036213503365,2,2,0,0,0,90
12,14123,500,2,"poisson","fixed",0.00045426977022832,5,0.0022713488511416,1.1356744255708,0.01,2000,0.5,1,0,0,NA,13.361,2000,0,0,1087.40440277612,0,0,1,1,0,91
12,14123,500,2,"poisson","linesearch",0.00045426977022832,5,0.0022713488511416,1.1356744255708,0.01,2000,0.5,1,7,0,NA,2.943,70,1,0,0.00907036213503365,1,1,0,0,0,92
12,14123,500,2,"poisson","fixed",0.00045426977022832,1,0.00045426977022832,0.22713488511416,0.01,2000,0.5,1,0,0,NA,1.677,177,1,0,0.00993782397570464,0,0,1,1,0,93
12,14123,500,2,"poisson","linesearch",0.00045426977022832,1,0.00045426977022832,0.22713488511416,0.01,2000,0.5,1,7,0,NA,5.05,177,1,0,0.00993782397570464,0,0,1,0,0,94
12,14123,500,2,"poisson","fixed",0.00045426977022832,0.2,9.08539540456641e-05,0.045426977022832,0.01,2000,0.5,1,0,0,NA,5.959,896,1,0,0.00992345615515067,0,0,1,1,0,95
12,14123,500,2,"poisson","linesearch",0.00045426977022832,0.2,9.08539540456641e-05,0.045426977022832,0.01,2000,0.5,1,7,0,NA,36.395,896,1,0,0.00992345615515067,0,0,1,0,0,96
13,15123,500,2,"poisson","fixed",0.000433047181128258,10,0.00433047181128258,2.16523590564129,0.01,2000,0.5,1,0,0,NA,0.804,14,0,1,NA,0,0,1,1,0,97
13,15123,500,2,"poisson","linesearch",0.000433047181128258,10,0.00433047181128258,2.16523590564129,0.01,2000,0.5,1,7,0,NA,3.935,70,1,0,0.00994748870419995,2,2,0,0,0,98
13,15123,500,2,"poisson","fixed",0.000433047181128258,5,0.00216523590564129,1.08261795282064,0.01,2000,0.5,1,0,0,NA,13.658,2000,0,0,892.850874183047,0,0,1,1,0,99
13,15123,500,2,"poisson","linesearch",0.000433047181128258,5,0.00216523590564129,1.08261795282064,0.01,2000,0.5,1,7,0,NA,2.95,70,1,0,0.00994748870419995,1,1,0,0,0,100
13,15123,500,2,"poisson","fixed",0.000433047181128258,1,0.000433047181128258,0.216523590564129,0.01,2000,0.5,1,0,0,NA,1.615,179,1,0,0.00991522393023344,0,0,1,1,0,101
13,15123,500,2,"poisson","linesearch",0.000433047181128258,1,0.000433047181128258,0.216523590564129,0.01,2000,0.5,1,7,0,NA,5.208,179,1,0,0.00991522393023344,0,0,1,0,0,102
13,15123,500,2,"poisson","fixed",0.000433047181128258,0.2,8.66094362256516e-05,0.0433047181128258,0.01,2000,0.5,1,0,0,NA,6.024,905,1,0,0.00993460219461707,0,0,1,1,0,103
13,15123,500,2,"poisson","linesearch",0.000433047181128258,0.2,8.66094362256516e-05,0.0433047181128258,0.01,2000,0.5,1,7,0,NA,38.433,905,1,0,0.00993460219461707,0,0,1,0,0,104
14,16123,500,2,"poisson","fixed",0.000429278730253884,10,0.00429278730253884,2.14639365126942,0.01,2000,0.5,1,0,0,NA,0.697,12,0,1,NA,0,0,1,1,0,105
14,16123,500,2,"poisson","linesearch",0.000429278730253884,10,0.00429278730253884,2.14639365126942,0.01,2000,0.5,1,7,0,NA,3.743,69,1,0,0.00949967725318046,2,2,0,0,0,106
14,16123,500,2,"poisson","fixed",0.000429278730253884,5,0.00214639365126942,1.07319682563471,0.01,2000,0.5,1,0,0,NA,13.209,2000,0,0,379.336229229067,0,0,1,1,0,107
14,16123,500,2,"poisson","linesearch",0.000429278730253884,5,0.00214639365126942,1.07319682563471,0.01,2000,0.5,1,7,0,NA,2.835,69,1,0,0.00949967725318046,1,1,0,0,0,108
14,16123,500,2,"poisson","fixed",0.000429278730253884,1,0.000429278730253884,0.214639365126942,0.01,2000,0.5,1,0,0,NA,1.618,176,1,0,0.00976552460247015,0,0,1,1,0,109
14,16123,500,2,"poisson","linesearch",0.000429278730253884,1,0.000429278730253884,0.214639365126942,0.01,2000,0.5,1,7,0,NA,4.949,176,1,0,0.00976552460247015,0,0,1,0,0,110
14,16123,500,2,"poisson","fixed",0.000429278730253884,0.2,8.58557460507768e-05,0.0429278730253884,0.01,2000,0.5,1,0,0,NA,5.734,888,1,0,0.00999782906388652,0,0,1,1,0,111
14,16123,500,2,"poisson","linesearch",0.000429278730253884,0.2,8.58557460507768e-05,0.0429278730253884,0.01,2000,0.5,1,7,0,NA,38.632,888,1,0,0.00999782906388652,0,0,1,0,0,112
15,17123,500,2,"poisson","fixed",0.000463820667576939,10,0.00463820667576939,2.31910333788469,0.01,2000,0.5,1,0,0,NA,0.675,8,0,1,NA,0,0,1,1,0,113
15,17123,500,2,"poisson","linesearch",0.000463820667576939,10,0.00463820667576939,2.31910333788469,0.01,2000,0.5,1,7,0,NA,3.396,64,1,0,0.00932005747893161,2,2,0,0,0,114
15,17123,500,2,"poisson","fixed",0.000463820667576939,5,0.00231910333788469,1.15955166894235,0.01,2000,0.5,1,0,0,NA,12.355,2000,0,0,897.358744463241,0,0,1,1,0,115
15,17123,500,2,"poisson","linesearch",0.000463820667576939,5,0.00231910333788469,1.15955166894235,0.01,2000,0.5,1,7,0,NA,2.772,64,1,0,0.00932005747893161,1,1,0,0,0,116
15,17123,500,2,"poisson","fixed",0.000463820667576939,1,0.000463820667576939,0.231910333788469,0.01,2000,0.5,1,0,0,NA,1.519,163,1,0,0.00982565727817009,0,0,1,1,0,117
15,17123,500,2,"poisson","linesearch",0.000463820667576939,1,0.000463820667576939,0.231910333788469,0.01,2000,0.5,1,7,0,NA,4.503,163,1,0,0.00982565727817009,0,0,1,0,0,118
15,17123,500,2,"poisson","fixed",0.000463820667576939,0.2,9.27641335153877e-05,0.0463820667576939,0.01,2000,0.5,1,0,0,NA,5.332,824,1,0,0.00998858949898707,0,0,1,1,0,119
15,17123,500,2,"poisson","linesearch",0.000463820667576939,0.2,9.27641335153877e-05,0.0463820667576939,0.01,2000,0.5,1,7,0,NA,20.605,824,1,0,0.00998858949898707,0,0,1,0,0,120
16,18123,500,2,"poisson","fixed",0.000436530044659671,10,0.00436530044659671,2.18265022329836,0.01,2000,0.5,1,0,0,NA,0.707,9,0,1,NA,0,0,1,1,0,121
16,18123,500,2,"poisson","linesearch",0.000436530044659671,10,0.00436530044659671,2.18265022329836,0.01,2000,0.5,1,7,0,NA,3.505,64,1,0,0.00928662580492989,2,2,0,0,0,122
16,18123,500,2,"poisson","fixed",0.000436530044659671,5,0.00218265022329836,1.09132511164918,0.01,2000,0.5,1,0,0,NA,13.664,2000,0,0,938.966024348768,0,0,1,1,0,123
16,18123,500,2,"poisson","linesearch",0.000436530044659671,5,0.00218265022329836,1.09132511164918,0.01,2000,0.5,1,7,0,NA,2.738,64,1,0,0.00928662580492989,1,1,0,0,0,124
16,18123,500,2,"poisson","fixed",0.000436530044659671,1,0.000436530044659671,0.218265022329836,0.01,2000,0.5,1,0,0,NA,1.549,163,1,0,0.00967082554067999,0,0,1,1,0,125
16,18123,500,2,"poisson","linesearch",0.000436530044659671,1,0.000436530044659671,0.218265022329836,0.01,2000,0.5,1,7,0,NA,4.805,163,1,0,0.00967082554067999,0,0,1,0,0,126
16,18123,500,2,"poisson","fixed",0.000436530044659671,0.2,8.73060089319342e-05,0.0436530044659671,0.01,2000,0.5,1,0,0,NA,5.802,822,1,0,0.00993879712867329,0,0,1,1,0,127
16,18123,500,2,"poisson","linesearch",0.000436530044659671,0.2,8.73060089319342e-05,0.0436530044659671,0.01,2000,0.5,1,7,0,NA,21.448,822,1,0,0.00993879712867329,0,0,1,0,0,128
17,19123,500,2,"poisson","fixed",0.000432384915217128,10,0.00432384915217128,2.16192457608564,0.01,2000,0.5,1,0,0,NA,0.757,10,0,1,NA,0,0,1,1,0,129
17,19123,500,2,"poisson","linesearch",0.000432384915217128,10,0.00432384915217128,2.16192457608564,0.01,2000,0.5,1,7,0,NA,3.648,67,1,0,0.00945367584034845,2,2,0,0,0,130
17,19123,500,2,"poisson","fixed",0.000432384915217128,5,0.00216192457608564,1.08096228804282,0.01,2000,0.5,1,0,0,NA,13.015,2000,0,0,1009.17104550934,0,0,1,1,0,131
17,19123,500,2,"poisson","linesearch",0.000432384915217128,5,0.00216192457608564,1.08096228804282,0.01,2000,0.5,1,7,0,NA,2.691,67,1,0,0.00945367584034845,1,1,0,0,0,132
17,19123,500,2,"poisson","fixed",0.000432384915217128,1,0.000432384915217128,0.216192457608564,0.01,2000,0.5,1,0,0,NA,1.603,171,1,0,0.00970071589376698,0,0,1,1,0,133
17,19123,500,2,"poisson","linesearch",0.000432384915217128,1,0.000432384915217128,0.216192457608564,0.01,2000,0.5,1,7,0,NA,4.637,171,1,0,0.00970071589376698,0,0,1,0,0,134
17,19123,500,2,"poisson","fixed",0.000432384915217128,0.2,8.64769830434256e-05,0.0432384915217128,0.01,2000,0.5,1,0,0,NA,5.728,863,1,0,0.00992140097354044,0,0,1,1,0,135
17,19123,500,2,"poisson","linesearch",0.000432384915217128,0.2,8.64769830434256e-05,0.0432384915217128,0.01,2000,0.5,1,7,0,NA,20.594,863,1,0,0.00992140097354044,0,0,1,0,0,136
18,20123,500,2,"poisson","fixed",0.000460672206995994,10,0.00460672206995994,2.30336103497997,0.01,2000,0.5,1,0,0,NA,0.738,8,0,1,NA,0,0,1,1,0,137
18,20123,500,2,"poisson","linesearch",0.000460672206995994,10,0.00460672206995994,2.30336103497997,0.01,2000,0.5,1,7,0,NA,3.668,68,1,0,0.00898563017978706,2,2,0,0,0,138
18,20123,500,2,"poisson","fixed",0.000460672206995994,5,0.00230336103497997,1.15168051748998,0.01,2000,0.5,1,0,0,NA,12.927,2000,0,0,991.599883296368,0,0,1,1,0,139
18,20123,500,2,"poisson","linesearch",0.000460672206995994,5,0.00230336103497997,1.15168051748998,0.01,2000,0.5,1,7,0,NA,2.652,68,1,0,0.00898563017978706,1,1,0,0,0,140
18,20123,500,2,"poisson","fixed",0.000460672206995994,1,0.000460672206995994,0.230336103497997,0.01,2000,0.5,1,0,0,NA,1.606,172,1,0,0.00982450769764419,0,0,1,1,0,141
18,20123,500,2,"poisson","linesearch",0.000460672206995994,1,0.000460672206995994,0.230336103497997,0.01,2000,0.5,1,7,0,NA,4.751,172,1,0,0.00982450769764419,0,0,1,0,0,142
18,20123,500,2,"poisson","fixed",0.000460672206995994,0.2,9.21344413991987e-05,0.0460672206995994,0.01,2000,0.5,1,0,0,NA,6.015,869,1,0,0.00995971269996318,0,0,1,1,0,143
18,20123,500,2,"poisson","linesearch",0.000460672206995994,0.2,9.21344413991987e-05,0.0460672206995994,0.01,2000,0.5,1,7,0,NA,22.352,869,1,0,0.00995971269996318,0,0,1,0,0,144
19,21123,500,2,"poisson","fixed",0.000397098661415354,10,0.00397098661415354,1.98549330707677,0.01,2000,0.5,1,0,0,NA,0.745,10,0,1,NA,0,0,1,1,0,145
19,21123,500,2,"poisson","linesearch",0.000397098661415354,10,0.00397098661415354,1.98549330707677,0.01,2000,0.5,1,7,0,NA,3.762,73,1,0,0.00967325515803963,2,2,0,0,0,146
19,21123,500,2,"poisson","fixed",0.000397098661415354,5,0.00198549330707677,0.992746653538385,0.01,2000,0.5,1,0,0,NA,12.598,2000,0,0,441.902111234895,0,0,1,1,0,147
19,21123,500,2,"poisson","linesearch",0.000397098661415354,5,0.00198549330707677,0.992746653538385,0.01,2000,0.5,1,7,0,NA,2.879,73,1,0,0.00967325515803963,1,1,0,0,0,148
19,21123,500,2,"poisson","fixed",0.000397098661415354,1,0.000397098661415354,0.198549330707677,0.01,2000,0.5,1,0,0,NA,1.676,186,1,0,0.00982587916733771,0,0,1,1,0,149
19,21123,500,2,"poisson","linesearch",0.000397098661415354,1,0.000397098661415354,0.198549330707677,0.01,2000,0.5,1,7,0,NA,5.651,186,1,0,0.00982587916733771,0,0,1,0,0,150
19,21123,500,2,"poisson","fixed",0.000397098661415354,0.2,7.94197322830708e-05,0.0397098661415354,0.01,2000,0.5,1,0,0,NA,6.176,938,1,0,0.00999192196746865,0,0,1,1,0,151
19,21123,500,2,"poisson","linesearch",0.000397098661415354,0.2,7.94197322830708e-05,0.0397098661415354,0.01,2000,0.5,1,7,0,NA,25.571,938,1,0,0.00999192196746865,0,0,1,0,0,152
20,22123,500,2,"poisson","fixed",0.000428297236088492,10,0.00428297236088492,2.14148618044246,0.01,2000,0.5,1,0,0,NA,0.751,10,0,1,NA,0,0,1,1,0,153
20,22123,500,2,"poisson","linesearch",0.000428297236088492,10,0.00428297236088492,2.14148618044246,0.01,2000,0.5,1,7,0,NA,3.805,71,1,0,0.00906194267307253,2,2,0,0,0,154
20,22123,500,2,"poisson","fixed",0.000428297236088492,5,0.00214148618044246,1.07074309022123,0.01,2000,0.5,1,0,0,NA,12.75,2000,0,0,375.757796237068,0,0,1,1,0,155
20,22123,500,2,"poisson","linesearch",0.000428297236088492,5,0.00214148618044246,1.07074309022123,0.01,2000,0.5,1,7,0,NA,2.91,71,1,0,0.00906194267307253,1,1,0,0,0,156
20,22123,500,2,"poisson","fixed",0.000428297236088492,1,0.000428297236088492,0.214148618044246,0.01,2000,0.5,1,0,0,NA,1.611,180,1,0,0.00981301922485145,0,0,1,1,0,157
20,22123,500,2,"poisson","linesearch",0.000428297236088492,1,0.000428297236088492,0.214148618044246,0.01,2000,0.5,1,7,0,NA,4.726,180,1,0,0.00981301922485145,0,0,1,0,0,158
20,22123,500,2,"poisson","fixed",0.000428297236088492,0.2,8.56594472176983e-05,0.0428297236088492,0.01,2000,0.5,1,0,0,NA,6.017,910,1,0,0.00992474836035356,0,0,1,1,0,159
20,22123,500,2,"poisson","linesearch",0.000428297236088492,0.2,8.56594472176983e-05,0.0428297236088492,0.01,2000,0.5,1,7,0,NA,38.255,910,1,0,0.00992474836035356,0,0,1,0,0,160
21,23123,500,2,"poisson","fixed",0.000415306550396127,10,0.00415306550396127,2.07653275198063,0.01,2000,0.5,1,0,0,NA,0.739,10,0,1,NA,0,0,1,1,0,161
21,23123,500,2,"poisson","linesearch",0.000415306550396127,10,0.00415306550396127,2.07653275198063,0.01,2000,0.5,1,7,0,NA,3.647,70,1,0,0.00932361663806175,2,2,0,0,0,162
21,23123,500,2,"poisson","fixed",0.000415306550396127,5,0.00207653275198063,1.03826637599032,0.01,2000,0.5,1,0,0,NA,12.708,2000,0,0,476.097563083792,0,0,1,1,0,163
21,23123,500,2,"poisson","linesearch",0.000415306550396127,5,0.00207653275198063,1.03826637599032,0.01,2000,0.5,1,7,0,NA,2.868,70,1,0,0.00932361663806175,1,1,0,0,0,164
21,23123,500,2,"poisson","fixed",0.000415306550396127,1,0.000415306550396127,0.207653275198063,0.01,2000,0.5,1,0,0,NA,1.612,178,1,0,0.00974962337801058,0,0,1,1,0,165
21,23123,500,2,"poisson","linesearch",0.000415306550396127,1,0.000415306550396127,0.207653275198063,0.01,2000,0.5,1,7,0,NA,5.017,178,1,0,0.00974962337801058,0,0,1,0,0,166
21,23123,500,2,"poisson","fixed",0.000415306550396127,0.2,8.30613100792254e-05,0.0415306550396127,0.01,2000,0.5,1,0,0,NA,5.849,898,1,0,0.00996027716429559,0,0,1,1,0,167
21,23123,500,2,"poisson","linesearch",0.000415306550396127,0.2,8.30613100792254e-05,0.0415306550396127,0.01,2000,0.5,1,7,0,NA,21.467,898,1,0,0.00996027716429559,0,0,1,0,0,168
22,24123,500,2,"poisson","fixed",0.000421466903654333,10,0.00421466903654333,2.10733451827167,0.01,2000,0.5,1,0,0,NA,0.69,10,0,1,NA,0,0,1,1,0,169
22,24123,500,2,"poisson","linesearch",0.000421466903654333,10,0.00421466903654333,2.10733451827167,0.01,2000,0.5,1,7,0,NA,3.755,70,1,0,0.00929080835483787,2,2,0,0,0,170
22,24123,500,2,"poisson","fixed",0.000421466903654333,5,0.00210733451827167,1.05366725913583,0.01,2000,0.5,1,0,0,NA,12.988,2000,0,0,669.443312327793,0,0,1,1,0,171
22,24123,500,2,"poisson","linesearch",0.000421466903654333,5,0.00210733451827167,1.05366725913583,0.01,2000,0.5,1,7,0,NA,2.875,70,1,0,0.00929080835483787,1,1,0,0,0,172
22,24123,500,2,"poisson","fixed",0.000421466903654333,1,0.000421466903654333,0.210733451827167,0.01,2000,0.5,1,0,0,NA,1.608,178,1,0,0.00964514903882685,0,0,1,1,0,173
22,24123,500,2,"poisson","linesearch",0.000421466903654333,1,0.000421466903654333,0.210733451827167,0.01,2000,0.5,1,7,0,NA,5.014,178,1,0,0.00964514903882685,0,0,1,0,0,174
22,24123,500,2,"poisson","fixed",0.000421466903654333,0.2,8.42933807308666e-05,0.0421466903654333,0.01,2000,0.5,1,0,0,NA,5.739,896,1,0,0.00997202720838075,0,0,1,1,0,175
22,24123,500,2,"poisson","linesearch",0.000421466903654333,0.2,8.42933807308666e-05,0.0421466903654333,0.01,2000,0.5,1,7,0,NA,21.868,896,1,0,0.00997202720838075,0,0,1,0,0,176
23,25123,500,2,"poisson","fixed",0.000430402126110508,10,0.00430402126110508,2.15201063055254,0.01,2000,0.5,1,0,0,NA,0.68,9,0,1,NA,0,0,1,1,0,177
23,25123,500,2,"poisson","linesearch",0.000430402126110508,10,0.00430402126110508,2.15201063055254,0.01,2000,0.5,1,7,0,NA,3.659,69,1,0,0.00946819453848974,2,2,0,0,0,178
23,25123,500,2,"poisson","fixed",0.000430402126110508,5,0.00215201063055254,1.07600531527627,0.01,2000,0.5,1,0,0,NA,12.93,2000,0,0,884.832660509148,0,0,1,1,0,179
23,25123,500,2,"poisson","linesearch",0.000430402126110508,5,0.00215201063055254,1.07600531527627,0.01,2000,0.5,1,7,0,NA,2.715,69,1,0,0.00946819453848974,1,1,0,0,0,180
23,25123,500,2,"poisson","fixed",0.000430402126110508,1,0.000430402126110508,0.215201063055254,0.01,2000,0.5,1,0,0,NA,1.594,176,1,0,0.0098215502765166,0,0,1,1,0,181
23,25123,500,2,"poisson","linesearch",0.000430402126110508,1,0.000430402126110508,0.215201063055254,0.01,2000,0.5,1,7,0,NA,5.071,176,1,0,0.0098215502765166,0,0,1,0,0,182
23,25123,500,2,"poisson","fixed",0.000430402126110508,0.2,8.60804252221017e-05,0.0430402126110508,0.01,2000,0.5,1,0,0,NA,5.753,890,1,0,0.00993460550391961,0,0,1,1,0,183
23,25123,500,2,"poisson","linesearch",0.000430402126110508,0.2,8.60804252221017e-05,0.0430402126110508,0.01,2000,0.5,1,7,0,NA,21.904,890,1,0,0.00993460550391961,0,0,1,0,0,184
24,26123,500,2,"poisson","fixed",0.000411914473450246,10,0.00411914473450246,2.05957236725123,0.01,2000,0.5,1,0,0,NA,0.759,10,0,1,NA,0,0,1,1,0,185
24,26123,500,2,"poisson","linesearch",0.000411914473450246,10,0.00411914473450246,2.05957236725123,0.01,2000,0.5,1,7,0,NA,4.363,80,1,0,0.00950819411604797,2,2,0,0,0,186
24,26123,500,2,"poisson","fixed",0.000411914473450246,5,0.00205957236725123,1.02978618362562,0.01,2000,0.5,1,0,0,NA,13.179,2000,0,0,679.097922861141,0,0,1,1,0,187
24,26123,500,2,"poisson","linesearch",0.000411914473450246,5,0.00205957236725123,1.02978618362562,0.01,2000,0.5,1,7,0,NA,3.513,80,1,0,0.00950819411604797,1,1,0,0,0,188
24,26123,500,2,"poisson","fixed",0.000411914473450246,1,0.000411914473450246,0.205957236725123,0.01,2000,0.5,1,0,0,NA,1.826,204,1,0,0.00964882181060611,0,0,1,1,0,189
24,26123,500,2,"poisson","linesearch",0.000411914473450246,1,0.000411914473450246,0.205957236725123,0.01,2000,0.5,1,7,0,NA,6.095,204,1,0,0.00964882181060611,0,0,1,0,0,190
24,26123,500,2,"poisson","fixed",0.000411914473450246,0.2,8.23828946900492e-05,0.0411914473450246,0.01,2000,0.5,1,0,0,NA,6.628,1027,1,0,0.00997205913879973,0,0,1,1,0,191
24,26123,500,2,"poisson","linesearch",0.000411914473450246,0.2,8.23828946900492e-05,0.0411914473450246,0.01,2000,0.5,1,7,0,NA,29.627,1027,1,0,0.00997205913879973,0,0,1,0,0,192
25,27123,500,2,"poisson","fixed",0.000428073970994115,10,0.00428073970994115,2.14036985497057,0.01,2000,0.5,1,0,0,NA,0.736,6,0,1,NA,0,0,1,1,0,193
25,27123,500,2,"poisson","linesearch",0.000428073970994115,10,0.00428073970994115,2.14036985497057,0.01,2000,0.5,1,7,0,NA,3.611,72,1,0,0.00950369437486603,2,2,0,0,0,194
25,27123,500,2,"poisson","fixed",0.000428073970994115,5,0.00214036985497057,1.07018492748529,0.01,2000,0.5,1,0,0,NA,12.196,2000,0,0,847.415338856281,0,0,1,1,0,195
25,27123,500,2,"poisson","linesearch",0.000428073970994115,5,0.00214036985497057,1.07018492748529,0.01,2000,0.5,1,7,0,NA,2.8,72,1,0,0.00950369437486603,1,1,0,0,0,196
25,27123,500,2,"poisson","fixed",0.000428073970994115,1,0.000428073970994115,0.214036985497057,0.01,2000,0.5,1,0,0,NA,1.622,183,1,0,0.00993785042012363,0,0,1,1,0,197
25,27123,500,2,"poisson","linesearch",0.000428073970994115,1,0.000428073970994115,0.214036985497057,0.01,2000,0.5,1,7,0,NA,5.815,183,1,0,0.00993785042012363,0,0,1,0,0,198
25,27123,500,2,"poisson","fixed",0.000428073970994115,0.2,8.5614794198823e-05,0.0428073970994115,0.01,2000,0.5,1,0,0,NA,5.977,925,1,0,0.00999339344973027,0,0,1,1,0,199
25,27123,500,2,"poisson","linesearch",0.000428073970994115,0.2,8.5614794198823e-05,0.0428073970994115,0.01,2000,0.5,1,7,0,NA,26.709,925,1,0,0.00999339344973027,0,0,1,0,0,200
26,28123,500,2,"poisson","fixed",0.00044119062711581,10,0.0044119062711581,2.20595313557905,0.01,2000,0.5,1,0,0,NA,0.619999999999997,7,0,1,NA,0,0,1,1,0,201
26,28123,500,2,"poisson","linesearch",0.00044119062711581,10,0.0044119062711581,2.20595313557905,0.01,2000,0.5,1,7,0,NA,3.028,70,1,0,0.00961125468642793,2,2,0,0,0,202
26,28123,500,2,"poisson","fixed",0.00044119062711581,5,0.00220595313557905,1.10297656778953,0.01,2000,0.5,1,0,0,NA,12.261,2000,0,0,982.082253682701,0,0,1,1,0,203
26,28123,500,2,"poisson","linesearch",0.00044119062711581,5,0.00220595313557905,1.10297656778953,0.01,2000,0.5,1,7,0,NA,2.777,70,1,0,0.00961125468642793,1,1,0,0,0,204
26,28123,500,2,"poisson","fixed",0.00044119062711581,1,0.00044119062711581,0.220595313557905,0.01,2000,0.5,1,0,0,NA,1.61999999999999,179,1,0,0.00963565962025636,0,0,1,1,0,205
26,28123,500,2,"poisson","linesearch",0.00044119062711581,1,0.00044119062711581,0.220595313557905,0.01,2000,0.5,1,7,0,NA,4.735,179,1,0,0.00963565962025636,0,0,1,0,0,206
26,28123,500,2,"poisson","fixed",0.00044119062711581,0.2,8.8238125423162e-05,0.044119062711581,0.01,2000,0.5,1,0,0,NA,5.818,901,1,0,0.00999621822940222,0,0,1,1,0,207
26,28123,500,2,"poisson","linesearch",0.00044119062711581,0.2,8.8238125423162e-05,0.044119062711581,0.01,2000,0.5,1,7,0,NA,22.028,901,1,0,0.00999621822940222,0,0,1,0,0,208
27,29123,500,2,"poisson","fixed",0.000437165845384972,10,0.00437165845384972,2.18582922692486,0.01,2000,0.5,1,0,0,NA,0.673999999999999,11,0,1,NA,0,0,1,1,0,209
27,29123,500,2,"poisson","linesearch",0.000437165845384972,10,0.00437165845384972,2.18582922692486,0.01,2000,0.5,1,7,0,NA,3.3,71,1,0,0.00931743207649641,2,2,0,0,0,210
27,29123,500,2,"poisson","fixed",0.000437165845384972,5,0.00218582922692486,1.09291461346243,0.01,2000,0.5,1,0,0,NA,12.461,2000,0,0,936.03531577213,0,0,1,1,0,211
27,29123,500,2,"poisson","linesearch",0.000437165845384972,5,0.00218582922692486,1.09291461346243,0.01,2000,0.5,1,7,0,NA,2.932,71,1,0,0.00931743207649641,1,1,0,0,0,212
27,29123,500,2,"poisson","fixed",0.000437165845384972,1,0.000437165845384972,0.218582922692486,0.01,2000,0.5,1,0,0,NA,1.598,180,1,0,0.00994116680433194,0,0,1,1,0,213
27,29123,500,2,"poisson","linesearch",0.000437165845384972,1,0.000437165845384972,0.218582922692486,0.01,2000,0.5,1,7,0,NA,5.61399999999999,180,1,0,0.00994116680433194,0,0,1,0,0,214
27,29123,500,2,"poisson","fixed",0.000437165845384972,0.2,8.74331690769945e-05,0.0437165845384972,0.01,2000,0.5,1,0,0,NA,5.95699999999999,910,1,0,0.00999027813689718,0,0,1,1,0,215
27,29123,500,2,"poisson","linesearch",0.000437165845384972,0.2,8.74331690769945e-05,0.0437165845384972,0.01,2000,0.5,1,7,0,NA,44.297,910,1,0,0.00999027813689718,0,0,1,0,0,216
28,30123,500,2,"poisson","fixed",0.000453898579775591,10,0.00453898579775591,2.26949289887795,0.01,2000,0.5,1,0,0,NA,0.635999999999996,9,0,1,NA,0,0,1,1,0,217
28,30123,500,2,"poisson","linesearch",0.000453898579775591,10,0.00453898579775591,2.26949289887795,0.01,2000,0.5,1,7,0,NA,3.002,62,1,0,0.00930674986020533,2,2,0,0,0,218
28,30123,500,2,"poisson","fixed",0.000453898579775591,5,0.00226949289887795,1.13474644943898,0.01,2000,0.5,1,0,0,NA,12.619,2000,0,0,900.386246937383,0,0,1,1,0,219
28,30123,500,2,"poisson","linesearch",0.000453898579775591,5,0.00226949289887795,1.13474644943898,0.01,2000,0.5,1,7,0,NA,2.411,62,1,0,0.00930674986020533,1,1,0,0,0,220
28,30123,500,2,"poisson","fixed",0.000453898579775591,1,0.000453898579775591,0.226949289887795,0.01,2000,0.5,1,0,0,NA,1.512,158,1,0,0.00975178865159652,0,0,1,1,0,221
28,30123,500,2,"poisson","linesearch",0.000453898579775591,1,0.000453898579775591,0.226949289887795,0.01,2000,0.5,1,7,0,NA,4.425,158,1,0,0.00975178865159652,0,0,1,0,0,222
28,30123,500,2,"poisson","fixed",0.000453898579775591,0.2,9.07797159551181e-05,0.0453898579775591,0.01,2000,0.5,1,0,0,NA,5.416,798,1,0,0.00996850034438585,0,0,1,1,0,223
28,30123,500,2,"poisson","linesearch",0.000453898579775591,0.2,9.07797159551181e-05,0.0453898579775591,0.01,2000,0.5,1,7,0,NA,20.211,798,1,0,0.00996850034438585,0,0,1,0,0,224
29,31123,500,2,"poisson","fixed",0.000425227953242091,10,0.00425227953242091,2.12613976621046,0.01,2000,0.5,1,0,0,NA,0.650000000000006,9,0,1,NA,0,0,1,1,0,225
29,31123,500,2,"poisson","linesearch",0.000425227953242091,10,0.00425227953242091,2.12613976621046,0.01,2000,0.5,1,7,0,NA,2.975,67,1,0,0.00965237479215157,2,2,0,0,0,226
29,31123,500,2,"poisson","fixed",0.000425227953242091,5,0.00212613976621046,1.06306988310523,0.01,2000,0.5,1,0,0,NA,11.908,2000,0,0,377.429271761678,0,0,1,1,0,227
29,31123,500,2,"poisson","linesearch",0.000425227953242091,5,0.00212613976621046,1.06306988310523,0.01,2000,0.5,1,7,0,NA,3.01899999999999,67,1,0,0.00965237479215157,1,1,0,0,0,228
29,31123,500,2,"poisson","fixed",0.000425227953242091,1,0.000425227953242091,0.212613976621046,0.01,2000,0.5,1,0,0,NA,1.529,171,1,0,0.00989760750267188,0,0,1,1,0,229
29,31123,500,2,"poisson","linesearch",0.000425227953242091,1,0.000425227953242091,0.212613976621046,0.01,2000,0.5,1,7,0,NA,4.401,171,1,0,0.00989760750267188,0,0,1,0,0,230
29,31123,500,2,"poisson","fixed",0.000425227953242091,0.2,8.50455906484183e-05,0.0425227953242091,0.01,2000,0.5,1,0,0,NA,5.42800000000001,865,1,0,0.00995371894763592,0,0,1,1,0,231
29,31123,500,2,"poisson","linesearch",0.000425227953242091,0.2,8.50455906484183e-05,0.0425227953242091,0.01,2000,0.5,1,7,0,NA,20.46,865,1,0,0.00995371894763592,0,0,1,0,0,232
30,32123,500,2,"poisson","fixed",0.000428714285028735,10,0.00428714285028735,2.14357142514368,0.01,2000,0.5,1,0,0,NA,0.658000000000001,12,0,1,NA,0,0,1,1,0,233
30,32123,500,2,"poisson","linesearch",0.000428714285028735,10,0.00428714285028735,2.14357142514368,0.01,2000,0.5,1,7,0,NA,2.994,70,1,0,0.00925968582062058,2,2,0,0,0,234
30,32123,500,2,"poisson","fixed",0.000428714285028735,5,0.00214357142514368,1.07178571257184,0.01,2000,0.5,1,0,0,NA,12.808,2000,0,0,386.569706787889,0,0,1,1,0,235
30,32123,500,2,"poisson","linesearch",0.000428714285028735,5,0.00214357142514368,1.07178571257184,0.01,2000,0.5,1,7,0,NA,3.01299999999999,70,1,0,0.00925968582062058,1,1,0,0,0,236
30,32123,500,2,"poisson","fixed",0.000428714285028735,1,0.000428714285028735,0.214357142514368,0.01,2000,0.5,1,0,0,NA,1.646,178,1,0,0.00962386041785687,0,0,1,1,0,237
30,32123,500,2,"poisson","linesearch",0.000428714285028735,1,0.000428714285028735,0.214357142514368,0.01,2000,0.5,1,7,0,NA,4.883,178,1,0,0.00962386041785687,0,0,1,0,0,238
30,32123,500,2,"poisson","fixed",0.000428714285028735,0.2,8.57428570057471e-05,0.0428714285028735,0.01,2000,0.5,1,0,0,NA,5.851,896,1,0,0.00995597886645293,0,0,1,1,0,239
30,32123,500,2,"poisson","linesearch",0.000428714285028735,0.2,8.57428570057471e-05,0.0428714285028735,0.01,2000,0.5,1,7,0,NA,22.211,896,1,0,0.00995597886645293,0,0,1,0,0,240
31,33123,500,2,"poisson","fixed",0.00045683001903857,10,0.0045683001903857,2.28415009519285,0.01,2000,0.5,1,0,0,NA,0.628,8,0,1,NA,0,0,1,1,0,241
31,33123,500,2,"poisson","linesearch",0.00045683001903857,10,0.0045683001903857,2.28415009519285,0.01,2000,0.5,1,7,0,NA,2.613,64,1,0,0.00901541075688012,2,2,0,0,0,242
31,33123,500,2,"poisson","fixed",0.00045683001903857,5,0.00228415009519285,1.14207504759642,0.01,2000,0.5,1,0,0,NA,11.975,2000,0,0,895.409100844139,0,0,1,1,0,243
31,33123,500,2,"poisson","linesearch",0.00045683001903857,5,0.00228415009519285,1.14207504759642,0.01,2000,0.5,1,7,0,NA,2.40600000000001,64,1,0,0.00901541075688012,1,1,0,0,0,244
31,33123,500,2,"poisson","fixed",0.00045683001903857,1,0.00045683001903857,0.228415009519285,0.01,2000,0.5,1,0,0,NA,1.49900000000001,162,1,0,0.00985598867577647,0,0,1,1,0,245
31,33123,500,2,"poisson","linesearch",0.00045683001903857,1,0.00045683001903857,0.228415009519285,0.01,2000,0.5,1,7,0,NA,5.322,162,1,0,0.00985598867577647,0,0,1,0,0,246
31,33123,500,2,"poisson","fixed",0.00045683001903857,0.2,9.13660038077139e-05,0.045683001903857,0.01,2000,0.5,1,0,0,NA,5.22499999999999,819,1,0,0.0099758655974627,0,0,1,1,0,247
31,33123,500,2,"poisson","linesearch",0.00045683001903857,0.2,9.13660038077139e-05,0.045683001903857,0.01,2000,0.5,1,7,0,NA,19.687,819,1,0,0.0099758655974627,0,0,1,0,0,248
32,34123,500,2,"poisson","fixed",0.000421956986109121,10,0.00421956986109121,2.1097849305456,0.01,2000,0.5,1,0,0,NA,0.609000000000002,7,0,1,NA,0,0,1,1,0,249
32,34123,500,2,"poisson","linesearch",0.000421956986109121,10,0.00421956986109121,2.1097849305456,0.01,2000,0.5,1,7,0,NA,3.495,75,1,0,0.00957857878802415,2,2,0,0,0,250
32,34123,500,2,"poisson","fixed",0.000421956986109121,5,0.0021097849305456,1.0548924652728,0.01,2000,0.5,1,0,0,NA,13.217,2000,0,0,505.781576660133,0,0,1,1,0,251
32,34123,500,2,"poisson","linesearch",0.000421956986109121,5,0.0021097849305456,1.0548924652728,0.01,2000,0.5,1,7,0,NA,3.40300000000001,75,1,0,0.00957857878802415,1,1,0,0,0,252
32,34123,500,2,"poisson","fixed",0.000421956986109121,1,0.000421956986109121,0.21097849305456,0.01,2000,0.5,1,0,0,NA,1.83199999999999,191,1,0,0.00985789275498955,0,0,1,1,0,253
32,34123,500,2,"poisson","linesearch",0.000421956986109121,1,0.000421956986109121,0.21097849305456,0.01,2000,0.5,1,7,0,NA,5.607,191,1,0,0.00985789275498955,0,0,1,0,0,254
32,34123,500,2,"poisson","fixed",0.000421956986109121,0.2,8.43913972218242e-05,0.0421956986109121,0.01,2000,0.5,1,0,0,NA,6.25,965,1,0,0.00993782864720638,0,0,1,1,0,255
32,34123,500,2,"poisson","linesearch",0.000421956986109121,0.2,8.43913972218242e-05,0.0421956986109121,0.01,2000,0.5,1,7,0,NA,27.731,965,1,0,0.00993782864720638,0,0,1,0,0,256
33,35123,500,2,"poisson","fixed",0.000417685033634125,10,0.00417685033634125,2.08842516817063,0.01,2000,0.5,1,0,0,NA,0.640000000000001,10,0,1,NA,0,0,1,1,0,257
33,35123,500,2,"poisson","linesearch",0.000417685033634125,10,0.00417685033634125,2.08842516817063,0.01,2000,0.5,1,7,0,NA,3.08499999999999,69,1,0,0.00941959044836936,2,2,0,0,0,258
33,35123,500,2,"poisson","fixed",0.000417685033634125,5,0.00208842516817063,1.04421258408531,0.01,2000,0.5,1,0,0,NA,12.139,2000,0,0,775.83507336084,0,0,1,1,0,259
33,35123,500,2,"poisson","linesearch",0.000417685033634125,5,0.00208842516817063,1.04421258408531,0.01,2000,0.5,1,7,0,NA,2.69200000000001,69,1,0,0.00941959044836936,1,1,0,0,0,260
33,35123,500,2,"poisson","fixed",0.000417685033634125,1,0.000417685033634125,0.208842516817063,0.01,2000,0.5,1,0,0,NA,1.59,176,1,0,0.0098279031474755,0,0,1,1,0,261
33,35123,500,2,"poisson","linesearch",0.000417685033634125,1,0.000417685033634125,0.208842516817063,0.01,2000,0.5,1,7,0,NA,4.65600000000001,176,1,0,0.0098279031474755,0,0,1,0,0,262
33,35123,500,2,"poisson","fixed",0.000417685033634125,0.2,8.35370067268251e-05,0.0417685033634125,0.01,2000,0.5,1,0,0,NA,5.7,890,1,0,0.00996738929743729,0,0,1,1,0,263
33,35123,500,2,"poisson","linesearch",0.000417685033634125,0.2,8.35370067268251e-05,0.0417685033634125,0.01,2000,0.5,1,7,0,NA,21.143,890,1,0,0.00996738929743729,0,0,1,0,0,264
34,36123,500,2,"poisson","fixed",0.000419554610567324,10,0.00419554610567324,2.09777305283662,0.01,2000,0.5,1,0,0,NA,0.637,6,0,1,NA,0,0,1,1,0,265
34,36123,500,2,"poisson","linesearch",0.000419554610567324,10,0.00419554610567324,2.09777305283662,0.01,2000,0.5,1,7,0,NA,2.842,68,1,0,0.00980002883510329,2,2,0,0,0,266
34,36123,500,2,"poisson","fixed",0.000419554610567324,5,0.00209777305283662,1.04888652641831,0.01,2000,0.5,1,0,0,NA,12.204,2000,0,0,1053.99779189311,0,0,1,1,0,267
34,36123,500,2,"poisson","linesearch",0.000419554610567324,5,0.00209777305283662,1.04888652641831,0.01,2000,0.5,1,7,0,NA,2.64500000000001,68,1,0,0.00980002883510329,1,1,0,0,0,268
34,36123,500,2,"poisson","fixed",0.000419554610567324,1,0.000419554610567324,0.209777305283662,0.01,2000,0.5,1,0,0,NA,1.59,174,1,0,0.00968955149516609,0,0,1,1,0,269
34,36123,500,2,"poisson","linesearch",0.000419554610567324,1,0.000419554610567324,0.209777305283662,0.01,2000,0.5,1,7,0,NA,4.58499999999999,174,1,0,0.00968955149516609,0,0,1,0,0,270
34,36123,500,2,"poisson","fixed",0.000419554610567324,0.2,8.39109221134648e-05,0.0419554610567324,0.01,2000,0.5,1,0,0,NA,5.553,876,1,0,0.00997784677912725,0,0,1,1,0,271
34,36123,500,2,"poisson","linesearch",0.000419554610567324,0.2,8.39109221134648e-05,0.0419554610567324,0.01,2000,0.5,1,7,0,NA,21.567,876,1,0,0.00997784677912725,0,0,1,0,0,272
35,37123,500,2,"poisson","fixed",0.000445781784328556,10,0.00445781784328556,2.22890892164278,0.01,2000,0.5,1,0,0,NA,0.653999999999996,12,0,1,NA,0,0,1,1,0,273
35,37123,500,2,"poisson","linesearch",0.000445781784328556,10,0.00445781784328556,2.22890892164278,0.01,2000,0.5,1,7,0,NA,3.053,68,1,0,0.00975381071080794,2,2,0,0,0,274
35,37123,500,2,"poisson","fixed",0.000445781784328556,5,0.00222890892164278,1.11445446082139,0.01,2000,0.5,1,0,0,NA,12.598,2000,0,0,844.410661492041,0,0,1,1,0,275
35,37123,500,2,"poisson","linesearch",0.000445781784328556,5,0.00222890892164278,1.11445446082139,0.01,2000,0.5,1,7,0,NA,3.10900000000001,68,1,0,0.00975381071080794,1,1,0,0,0,276
35,37123,500,2,"poisson","fixed",0.000445781784328556,1,0.000445781784328556,0.222890892164278,0.01,2000,0.5,1,0,0,NA,1.634,174,1,0,0.00980203690684051,0,0,1,1,0,277
35,37123,500,2,"poisson","linesearch",0.000445781784328556,1,0.000445781784328556,0.222890892164278,0.01,2000,0.5,1,7,0,NA,4.726,174,1,0,0.00980203690684051,0,0,1,0,0,278
35,37123,500,2,"poisson","fixed",0.000445781784328556,0.2,8.91563568657112e-05,0.0445781784328556,0.01,2000,0.5,1,0,0,NA,5.90600000000001,879,1,0,0.00994563372943258,0,0,1,1,0,279
35,37123,500,2,"poisson","linesearch",0.000445781784328556,0.2,8.91563568657112e-05,0.0445781784328556,0.01,2000,0.5,1,7,0,NA,37.646,879,1,0,0.00994563372943258,0,0,1,0,0,280
36,38123,500,2,"poisson","fixed",0.000440721084028436,10,0.00440721084028436,2.20360542014218,0.01,2000,0.5,1,0,0,NA,0.644999999999996,8,0,1,NA,0,0,1,1,0,281
36,38123,500,2,"poisson","linesearch",0.000440721084028436,10,0.00440721084028436,2.20360542014218,0.01,2000,0.5,1,7,0,NA,3.26900000000001,68,1,0,0.00954438380271713,2,2,0,0,0,282
36,38123,500,2,"poisson","fixed",0.000440721084028436,5,0.00220360542014218,1.10180271007109,0.01,2000,0.5,1,0,0,NA,12.839,2000,0,0,1142.37692577948,0,0,1,1,0,283
36,38123,500,2,"poisson","linesearch",0.000440721084028436,5,0.00220360542014218,1.10180271007109,0.01,2000,0.5,1,7,0,NA,2.913,68,1,0,0.00954438380271713,1,1,0,0,0,284
36,38123,500,2,"poisson","fixed",0.000440721084028436,1,0.000440721084028436,0.220360542014218,0.01,2000,0.5,1,0,0,NA,1.605,174,1,0,0.00964337060268758,0,0,1,1,0,285
36,38123,500,2,"poisson","linesearch",0.000440721084028436,1,0.000440721084028436,0.220360542014218,0.01,2000,0.5,1,7,0,NA,5.79700000000001,174,1,0,0.00964337060268758,0,0,1,0,0,286
36,38123,500,2,"poisson","fixed",0.000440721084028436,0.2,8.81442168056871e-05,0.0440721084028436,0.01,2000,0.5,1,0,0,NA,5.64,877,1,0,0.00998013700165923,0,0,1,1,0,287
36,38123,500,2,"poisson","linesearch",0.000440721084028436,0.2,8.81442168056871e-05,0.0440721084028436,0.01,2000,0.5,1,7,0,NA,25.323,877,1,0,0.00998013700165923,0,0,1,0,0,288
37,39123,500,2,"poisson","fixed",0.000424027671117331,10,0.00424027671117331,2.12013835558666,0.01,2000,0.5,1,0,0,NA,0.654999999999994,13,0,1,NA,0,0,1,1,0,289
37,39123,500,2,"poisson","linesearch",0.000424027671117331,10,0.00424027671117331,2.12013835558666,0.01,2000,0.5,1,7,0,NA,3.627,69,1,0,0.00977418207680816,2,2,0,0,0,290
37,39123,500,2,"poisson","fixed",0.000424027671117331,5,0.00212013835558666,1.06006917779333,0.01,2000,0.5,1,0,0,NA,12.347,2000,0,0,674.963415827748,0,0,1,1,0,291
37,39123,500,2,"poisson","linesearch",0.000424027671117331,5,0.00212013835558666,1.06006917779333,0.01,2000,0.5,1,7,0,NA,2.80200000000001,69,1,0,0.00977418207680816,1,1,0,0,0,292
37,39123,500,2,"poisson","fixed",0.000424027671117331,1,0.000424027671117331,0.212013835558666,0.01,2000,0.5,1,0,0,NA,1.652,177,1,0,0.00969675645457388,0,0,1,1,0,293
37,39123,500,2,"poisson","linesearch",0.000424027671117331,1,0.000424027671117331,0.212013835558666,0.01,2000,0.5,1,7,0,NA,5.67100000000001,177,1,0,0.00969675645457388,0,0,1,0,0,294
37,39123,500,2,"poisson","fixed",0.000424027671117331,0.2,8.48055342234662e-05,0.0424027671117331,0.01,2000,0.5,1,0,0,NA,5.839,893,1,0,0.00996555382739851,0,0,1,1,0,295
37,39123,500,2,"poisson","linesearch",0.000424027671117331,0.2,8.48055342234662e-05,0.0424027671117331,0.01,2000,0.5,1,7,0,NA,26.205,893,1,0,0.00996555382739851,0,0,1,0,0,296
38,40123,500,2,"poisson","fixed",0.000469053766741182,10,0.00469053766741182,2.34526883370591,0.01,2000,0.5,1,0,0,NA,0.646000000000001,8,0,1,NA,0,0,1,1,0,297
38,40123,500,2,"poisson","linesearch",0.000469053766741182,10,0.00469053766741182,2.34526883370591,0.01,2000,0.5,1,7,0,NA,3.33,63,1,0,0.00986488519196133,2,2,0,0,0,298
38,40123,500,2,"poisson","fixed",0.000469053766741182,5,0.00234526883370591,1.17263441685295,0.01,2000,0.5,1,0,0,NA,12.504,2000,0,0,401.527398464696,0,0,1,1,0,299
38,40123,500,2,"poisson","linesearch",0.000469053766741182,5,0.00234526883370591,1.17263441685295,0.01,2000,0.5,1,7,0,NA,2.46600000000001,63,1,0,0.00986488519196133,1,1,0,0,0,300
38,40123,500,2,"poisson","fixed",0.000469053766741182,1,0.000469053766741182,0.234526883370591,0.01,2000,0.5,1,0,0,NA,1.48999999999999,162,1,0,0.00973551499642905,0,0,1,1,0,301
38,40123,500,2,"poisson","linesearch",0.000469053766741182,1,0.000469053766741182,0.234526883370591,0.01,2000,0.5,1,7,0,NA,4.649,162,1,0,0.00973551499642905,0,0,1,0,0,302
38,40123,500,2,"poisson","fixed",0.000469053766741182,0.2,9.38107533482363e-05,0.0469053766741182,0.01,2000,0.5,1,0,0,NA,5.28,819,1,0,0.00991469325304883,0,0,1,1,0,303
38,40123,500,2,"poisson","linesearch",0.000469053766741182,0.2,9.38107533482363e-05,0.0469053766741182,0.01,2000,0.5,1,7,0,NA,19.876,819,1,0,0.00991469325304883,0,0,1,0,0,304
39,41123,500,2,"poisson","fixed",0.000433072753364571,10,0.00433072753364571,2.16536376682285,0.01,2000,0.5,1,0,0,NA,0.634,10,0,1,NA,0,0,1,1,0,305
39,41123,500,2,"poisson","linesearch",0.000433072753364571,10,0.00433072753364571,2.16536376682285,0.01,2000,0.5,1,7,0,NA,3.09199999999999,66,1,0,0.00939974488083367,2,2,0,0,0,306
39,41123,500,2,"poisson","fixed",0.000433072753364571,5,0.00216536376682285,1.08268188341143,0.01,2000,0.5,1,0,0,NA,12.444,2000,0,0,877.353731835671,0,0,1,1,0,307
39,41123,500,2,"poisson","linesearch",0.000433072753364571,5,0.00216536376682285,1.08268188341143,0.01,2000,0.5,1,7,0,NA,2.69199999999999,66,1,0,0.00939974488083367,1,1,0,0,0,308
39,41123,500,2,"poisson","fixed",0.000433072753364571,1,0.000433072753364571,0.216536376682285,0.01,2000,0.5,1,0,0,NA,1.57000000000001,168,1,0,0.00987208478668994,0,0,1,1,0,309
39,41123,500,2,"poisson","linesearch",0.000433072753364571,1,0.000433072753364571,0.216536376682285,0.01,2000,0.5,1,7,0,NA,5.06400000000001,168,1,0,0.00987208478668994,0,0,1,0,0,310
39,41123,500,2,"poisson","fixed",0.000433072753364571,0.2,8.66145506729141e-05,0.0433072753364571,0.01,2000,0.5,1,0,0,NA,5.604,850,1,0,0.00993475037176961,0,0,1,1,0,311
39,41123,500,2,"poisson","linesearch",0.000433072753364571,0.2,8.66145506729141e-05,0.0433072753364571,0.01,2000,0.5,1,7,0,NA,47.307,850,1,0,0.00993475037176961,0,0,1,0,0,312
40,42123,500,2,"poisson","fixed",0.000435595921203289,10,0.00435595921203289,2.17797960601645,0.01,2000,0.5,1,0,0,NA,0.649000000000001,10,0,1,NA,0,0,1,1,0,313
40,42123,500,2,"poisson","linesearch",0.000435595921203289,10,0.00435595921203289,2.17797960601645,0.01,2000,0.5,1,7,0,NA,3.47900000000001,70,1,0,0.00977248112277201,2,2,0,0,0,314
40,42123,500,2,"poisson","fixed",0.000435595921203289,5,0.00217797960601645,1.08898980300822,0.01,2000,0.5,1,0,0,NA,12.647,2000,0,0,1129.487520932,0,0,1,1,0,315
40,42123,500,2,"poisson","linesearch",0.000435595921203289,5,0.00217797960601645,1.08898980300822,0.01,2000,0.5,1,7,0,NA,2.967,70,1,0,0.00977248112277201,1,1,0,0,0,316
40,42123,500,2,"poisson","fixed",0.000435595921203289,1,0.000435595921203289,0.217797960601645,0.01,2000,0.5,1,0,0,NA,1.675,179,1,0,0.00981985418347825,0,0,1,1,0,317
40,42123,500,2,"poisson","linesearch",0.000435595921203289,1,0.000435595921203289,0.217797960601645,0.01,2000,0.5,1,7,0,NA,5.982,179,1,0,0.00981985418347825,0,0,1,0,0,318
40,42123,500,2,"poisson","fixed",0.000435595921203289,0.2,8.71191842406579e-05,0.0435595921203289,0.01,2000,0.5,1,0,0,NA,5.83799999999999,904,1,0,0.00995998292847561,0,0,1,1,0,319
40,42123,500,2,"poisson","linesearch",0.000435595921203289,0.2,8.71191842406579e-05,0.0435595921203289,0.01,2000,0.5,1,7,0,NA,26.618,904,1,0,0.00995998292847561,0,0,1,0,0,320
41,43123,500,2,"poisson","fixed",0.000442333628995759,10,0.00442333628995759,2.21166814497879,0.01,2000,0.5,1,0,0,NA,0.614000000000004,7,0,1,NA,0,0,1,1,0,321
41,43123,500,2,"poisson","linesearch",0.000442333628995759,10,0.00442333628995759,2.21166814497879,0.01,2000,0.5,1,7,0,NA,3.39100000000001,71,1,0,0.00913666887743859,2,2,0,0,0,322
41,43123,500,2,"poisson","fixed",0.000442333628995759,5,0.00221166814497879,1.1058340724894,0.01,2000,0.5,1,0,0,NA,12.711,2000,0,0,877.104659474087,0,0,1,1,0,323
41,43123,500,2,"poisson","linesearch",0.000442333628995759,5,0.00221166814497879,1.1058340724894,0.01,2000,0.5,1,7,0,NA,3.11799999999999,71,1,0,0.00913666887743859,1,1,0,0,0,324
41,43123,500,2,"poisson","fixed",0.000442333628995759,1,0.000442333628995759,0.221166814497879,0.01,2000,0.5,1,0,0,NA,1.699,180,1,0,0.00989538069020128,0,0,1,1,0,325
41,43123,500,2,"poisson","linesearch",0.000442333628995759,1,0.000442333628995759,0.221166814497879,0.01,2000,0.5,1,7,0,NA,5.506,180,1,0,0.00989538069020128,0,0,1,0,0,326
41,43123,500,2,"poisson","fixed",0.000442333628995759,0.2,8.84667257991517e-05,0.0442333628995759,0.01,2000,0.5,1,0,0,NA,6.03999999999999,911,1,0,0.0099230874859398,0,0,1,1,0,327
41,43123,500,2,"poisson","linesearch",0.000442333628995759,0.2,8.84667257991517e-05,0.0442333628995759,0.01,2000,0.5,1,7,0,NA,26.047,911,1,0,0.0099230874859398,0,0,1,0,0,328
42,44123,500,2,"poisson","fixed",0.000430243076206916,10,0.00430243076206916,2.15121538103458,0.01,2000,0.5,1,0,0,NA,0.610999999999997,7,0,1,NA,0,0,1,1,0,329
42,44123,500,2,"poisson","linesearch",0.000430243076206916,10,0.00430243076206916,2.15121538103458,0.01,2000,0.5,1,7,0,NA,3.122,69,1,0,0.00908042479793547,2,2,0,0,0,330
42,44123,500,2,"poisson","fixed",0.000430243076206916,5,0.00215121538103458,1.07560769051729,0.01,2000,0.5,1,0,0,NA,12.525,2000,0,0,898.141329290974,0,0,1,1,0,331
42,44123,500,2,"poisson","linesearch",0.000430243076206916,5,0.00215121538103458,1.07560769051729,0.01,2000,0.5,1,7,0,NA,3.20800000000001,69,1,0,0.00908042479793547,1,1,0,0,0,332
42,44123,500,2,"poisson","fixed",0.000430243076206916,1,0.000430243076206916,0.215121538103458,0.01,2000,0.5,1,0,0,NA,1.64099999999999,175,1,0,0.00965733296108834,0,0,1,1,0,333
42,44123,500,2,"poisson","linesearch",0.000430243076206916,1,0.000430243076206916,0.215121538103458,0.01,2000,0.5,1,7,0,NA,4.98999999999999,175,1,0,0.00965733296108834,0,0,1,0,0,334
42,44123,500,2,"poisson","fixed",0.000430243076206916,0.2,8.60486152413831e-05,0.0430243076206916,0.01,2000,0.5,1,0,0,NA,5.803,882,1,0,0.00992532320025219,0,0,1,1,0,335
42,44123,500,2,"poisson","linesearch",0.000430243076206916,0.2,8.60486152413831e-05,0.0430243076206916,0.01,2000,0.5,1,7,0,NA,24.14,882,1,0,0.00992532320025219,0,0,1,0,0,336
43,45123,500,2,"poisson","fixed",0.000452347453686545,10,0.00452347453686545,2.26173726843272,0.01,2000,0.5,1,0,0,NA,0.621000000000002,8,0,1,NA,0,0,1,1,0,337
43,45123,500,2,"poisson","linesearch",0.000452347453686545,10,0.00452347453686545,2.26173726843272,0.01,2000,0.5,1,7,0,NA,3.09399999999999,68,1,0,0.00954728560167084,2,2,0,0,0,338
43,45123,500,2,"poisson","fixed",0.000452347453686545,5,0.00226173726843272,1.13086863421636,0.01,2000,0.5,1,0,0,NA,13.081,2000,0,0,889.776171905218,0,0,1,1,0,339
43,45123,500,2,"poisson","linesearch",0.000452347453686545,5,0.00226173726843272,1.13086863421636,0.01,2000,0.5,1,7,0,NA,2.955,68,1,0,0.00954728560167084,1,1,0,0,0,340
43,45123,500,2,"poisson","fixed",0.000452347453686545,1,0.000452347453686545,0.226173726843272,0.01,2000,0.5,1,0,0,NA,1.64,174,1,0,0.00964603387044116,0,0,1,1,0,341
43,45123,500,2,"poisson","linesearch",0.000452347453686545,1,0.000452347453686545,0.226173726843272,0.01,2000,0.5,1,7,0,NA,5.223,174,1,0,0.00964603387044116,0,0,1,0,0,342
43,45123,500,2,"poisson","fixed",0.000452347453686545,0.2,9.0469490737309e-05,0.0452347453686545,0.01,2000,0.5,1,0,0,NA,5.875,877,1,0,0.00998273509703673,0,0,1,1,0,343
43,45123,500,2,"poisson","linesearch",0.000452347453686545,0.2,9.0469490737309e-05,0.0452347453686545,0.01,2000,0.5,1,7,0,NA,25.262,877,1,0,0.00998273509703673,0,0,1,0,0,344
44,46123,500,2,"poisson","fixed",0.000435242927006628,10,0.00435242927006628,2.17621463503314,0.01,2000,0.5,1,0,0,NA,0.711999999999989,11,0,1,NA,0,0,1,1,0,345
44,46123,500,2,"poisson","linesearch",0.000435242927006628,10,0.00435242927006628,2.17621463503314,0.01,2000,0.5,1,7,0,NA,3.331,71,1,0,0.00927451201522103,2,2,0,0,0,346
44,46123,500,2,"poisson","fixed",0.000435242927006628,5,0.00217621463503314,1.08810731751657,0.01,2000,0.5,1,0,0,NA,12.904,2000,0,0,913.254350440943,0,0,1,1,0,347
44,46123,500,2,"poisson","linesearch",0.000435242927006628,5,0.00217621463503314,1.08810731751657,0.01,2000,0.5,1,7,0,NA,3.119,71,1,0,0.00927451201522103,1,1,0,0,0,348
44,46123,500,2,"poisson","fixed",0.000435242927006628,1,0.000435242927006628,0.217621463503314,0.01,2000,0.5,1,0,0,NA,1.65000000000001,180,1,0,0.00977011704314368,0,0,1,1,0,349
44,46123,500,2,"poisson","linesearch",0.000435242927006628,1,0.000435242927006628,0.217621463503314,0.01,2000,0.5,1,7,0,NA,5.458,180,1,0,0.00977011704314368,0,0,1,0,0,350
44,46123,500,2,"poisson","fixed",0.000435242927006628,0.2,8.70485854013256e-05,0.0435242927006628,0.01,2000,0.5,1,0,0,NA,5.98400000000001,907,1,0,0.00999356841132135,0,0,1,1,0,351
44,46123,500,2,"poisson","linesearch",0.000435242927006628,0.2,8.70485854013256e-05,0.0435242927006628,0.01,2000,0.5,1,7,0,NA,26.955,907,1,0,0.00999356841132135,0,0,1,0,0,352
45,47123,500,2,"poisson","fixed",0.000431243172055254,10,0.00431243172055254,2.15621586027627,0.01,2000,0.5,1,0,0,NA,0.674999999999997,7,0,1,NA,0,0,1,1,0,353
45,47123,500,2,"poisson","linesearch",0.000431243172055254,10,0.00431243172055254,2.15621586027627,0.01,2000,0.5,1,7,0,NA,3.488,70,1,0,0.00973149560891123,2,2,0,0,0,354
45,47123,500,2,"poisson","fixed",0.000431243172055254,5,0.00215621586027627,1.07810793013814,0.01,2000,0.5,1,0,0,NA,12.359,2000,0,0,916.213164137017,0,0,1,1,0,355
45,47123,500,2,"poisson","linesearch",0.000431243172055254,5,0.00215621586027627,1.07810793013814,0.01,2000,0.5,1,7,0,NA,2.908,70,1,0,0.00973149560891123,1,1,0,0,0,356
45,47123,500,2,"poisson","fixed",0.000431243172055254,1,0.000431243172055254,0.215621586027627,0.01,2000,0.5,1,0,0,NA,1.63500000000001,179,1,0,0.00982005152254143,0,0,1,1,0,357
45,47123,500,2,"poisson","linesearch",0.000431243172055254,1,0.000431243172055254,0.215621586027627,0.01,2000,0.5,1,7,0,NA,5.42400000000001,179,1,0,0.00982005152254143,0,0,1,0,0,358
45,47123,500,2,"poisson","fixed",0.000431243172055254,0.2,8.62486344110508e-05,0.0431243172055254,0.01,2000,0.5,1,0,0,NA,6.012,904,1,0,0.00998444629022031,0,0,1,1,0,359
45,47123,500,2,"poisson","linesearch",0.000431243172055254,0.2,8.62486344110508e-05,0.0431243172055254,0.01,2000,0.5,1,7,0,NA,52.775,904,1,0,0.00998444629022031,0,0,1,0,0,360
46,48123,500,2,"poisson","fixed",0.000426242196691931,10,0.00426242196691931,2.13121098345966,0.01,2000,0.5,1,0,0,NA,0.625,7,0,1,NA,0,0,1,1,0,361
46,48123,500,2,"poisson","linesearch",0.000426242196691931,10,0.00426242196691931,2.13121098345966,0.01,2000,0.5,1,7,0,NA,3.167,73,1,0,0.00938172184114477,2,2,0,0,0,362
46,48123,500,2,"poisson","fixed",0.000426242196691931,5,0.00213121098345966,1.06560549172983,0.01,2000,0.5,1,0,0,NA,12.902,2000,0,0,989.882269241655,0,0,1,1,0,363
46,48123,500,2,"poisson","linesearch",0.000426242196691931,5,0.00213121098345966,1.06560549172983,0.01,2000,0.5,1,7,0,NA,3.068,73,1,0,0.00938172184114477,1,1,0,0,0,364
46,48123,500,2,"poisson","fixed",0.000426242196691931,1,0.000426242196691931,0.213121098345966,0.01,2000,0.5,1,0,0,NA,1.717,185,1,0,0.00992043619398536,0,0,1,1,0,365
46,48123,500,2,"poisson","linesearch",0.000426242196691931,1,0.000426242196691931,0.213121098345966,0.01,2000,0.5,1,7,0,NA,5.351,185,1,0,0.00992043619398536,0,0,1,0,0,366
46,48123,500,2,"poisson","fixed",0.000426242196691931,0.2,8.52484393383863e-05,0.0426242196691931,0.01,2000,0.5,1,0,0,NA,6.154,935,1,0,0.00993825568186169,0,0,1,1,0,367
46,48123,500,2,"poisson","linesearch",0.000426242196691931,0.2,8.52484393383863e-05,0.0426242196691931,0.01,2000,0.5,1,7,0,NA,26.8,935,1,0,0.00993825568186169,0,0,1,0,0,368
47,49123,500,2,"poisson","fixed",0.000421517054462459,10,0.00421517054462459,2.10758527231229,0.01,2000,0.5,1,0,0,NA,0.631,10,0,1,NA,0,0,1,1,0,369
47,49123,500,2,"poisson","linesearch",0.000421517054462459,10,0.00421517054462459,2.10758527231229,0.01,2000,0.5,1,7,0,NA,3.13,73,1,0,0.00958836753419695,2,2,0,0,0,370
47,49123,500,2,"poisson","fixed",0.000421517054462459,5,0.00210758527231229,1.05379263615615,0.01,2000,0.5,1,0,0,NA,12.591,2000,0,0,619.01376214972,0,0,1,1,0,371
47,49123,500,2,"poisson","linesearch",0.000421517054462459,5,0.00210758527231229,1.05379263615615,0.01,2000,0.5,1,7,0,NA,2.86,73,1,0,0.00958836753419695,1,1,0,0,0,372
47,49123,500,2,"poisson","fixed",0.000421517054462459,1,0.000421517054462459,0.210758527231229,0.01,2000,0.5,1,0,0,NA,1.648,186,1,0,0.00968989076950988,0,0,1,1,0,373
47,49123,500,2,"poisson","linesearch",0.000421517054462459,1,0.000421517054462459,0.210758527231229,0.01,2000,0.5,1,7,0,NA,4.90600000000001,186,1,0,0.00968989076950988,0,0,1,0,0,374
47,49123,500,2,"poisson","fixed",0.000421517054462459,0.2,8.43034108924917e-05,0.0421517054462459,0.01,2000,0.5,1,0,0,NA,5.99499999999999,936,1,0,0.00997105538482831,0,0,1,1,0,375
47,49123,500,2,"poisson","linesearch",0.000421517054462459,0.2,8.43034108924917e-05,0.0421517054462459,0.01,2000,0.5,1,7,0,NA,22.247,936,1,0,0.00997105538482831,0,0,1,0,0,376
48,50123,500,2,"poisson","fixed",0.000403426822143546,10,0.00403426822143546,2.01713411071773,0.01,2000,0.5,1,0,0,NA,0.643000000000001,10,0,1,NA,0,0,1,1,0,377
48,50123,500,2,"poisson","linesearch",0.000403426822143546,10,0.00403426822143546,2.01713411071773,0.01,2000,0.5,1,7,0,NA,3.717,77,1,0,0.0092347010071871,2,2,0,0,0,378
48,50123,500,2,"poisson","fixed",0.000403426822143546,5,0.00201713411071773,1.00856705535887,0.01,2000,0.5,1,0,0,NA,12.789,2000,0,0,711.278552811898,0,0,1,1,0,379
48,50123,500,2,"poisson","linesearch",0.000403426822143546,5,0.00201713411071773,1.00856705535887,0.01,2000,0.5,1,7,0,NA,3.08199999999999,77,1,0,0.0092347010071871,1,1,0,0,0,380
48,50123,500,2,"poisson","fixed",0.000403426822143546,1,0.000403426822143546,0.201713411071773,0.01,2000,0.5,1,0,0,NA,1.70500000000001,195,1,0,0.00972937189945111,0,0,1,1,0,381
48,50123,500,2,"poisson","linesearch",0.000403426822143546,1,0.000403426822143546,0.201713411071773,0.01,2000,0.5,1,7,0,NA,5.69300000000001,195,1,0,0.00972937189945111,0,0,1,0,0,382
48,50123,500,2,"poisson","fixed",0.000403426822143546,0.2,8.06853644287093e-05,0.0403426822143546,0.01,2000,0.5,1,0,0,NA,6.57299999999999,982,1,0,0.00995759873964125,0,0,1,1,0,383
48,50123,500,2,"poisson","linesearch",0.000403426822143546,0.2,8.06853644287093e-05,0.0403426822143546,0.01,2000,0.5,1,7,0,NA,26.462,982,1,0,0.00995759873964125,0,0,1,0,0,384
49,51123,500,2,"poisson","fixed",0.000462228564162801,10,0.00462228564162801,2.31114282081401,0.01,2000,0.5,1,0,0,NA,0.670000000000002,8,0,1,NA,0,0,1,1,0,385
49,51123,500,2,"poisson","linesearch",0.000462228564162801,10,0.00462228564162801,2.31114282081401,0.01,2000,0.5,1,7,0,NA,3.12100000000001,68,1,0,0.00938485557728461,2,2,0,0,0,386
49,51123,500,2,"poisson","fixed",0.000462228564162801,5,0.00231114282081401,1.155571410407,0.01,2000,0.5,1,0,0,NA,13.076,2000,0,0,385.504148884903,0,0,1,1,0,387
49,51123,500,2,"poisson","linesearch",0.000462228564162801,5,0.00231114282081401,1.155571410407,0.01,2000,0.5,1,7,0,NA,2.756,68,1,0,0.00938485557728461,1,1,0,0,0,388
49,51123,500,2,"poisson","fixed",0.000462228564162801,1,0.000462228564162801,0.231114282081401,0.01,2000,0.5,1,0,0,NA,1.68899999999999,173,1,0,0.00980751098387067,0,0,1,1,0,389
49,51123,500,2,"poisson","linesearch",0.000462228564162801,1,0.000462228564162801,0.231114282081401,0.01,2000,0.5,1,7,0,NA,5.142,173,1,0,0.00980751098387067,0,0,1,0,0,390
49,51123,500,2,"poisson","fixed",0.000462228564162801,0.2,9.24457128325602e-05,0.0462228564162801,0.01,2000,0.5,1,0,0,NA,5.824,874,1,0,0.00993188572819007,0,0,1,1,0,391
49,51123,500,2,"poisson","linesearch",0.000462228564162801,0.2,9.24457128325602e-05,0.0462228564162801,0.01,2000,0.5,1,7,0,NA,22.063,874,1,0,0.00993188572819007,0,0,1,0,0,392
50,52123,500,2,"poisson","fixed",0.000452674962494958,10,0.00452674962494958,2.26337481247479,0.01,2000,0.5,1,0,0,NA,0.640000000000001,9,0,1,NA,0,0,1,1,0,393
50,52123,500,2,"poisson","linesearch",0.000452674962494958,10,0.00452674962494958,2.26337481247479,0.01,2000,0.5,1,7,0,NA,3.42099999999999,75,1,0,0.00941854048069716,2,2,0,0,0,394
50,52123,500,2,"poisson","fixed",0.000452674962494958,5,0.00226337481247479,1.1316874062374,0.01,2000,0.5,1,0,0,NA,12.602,2000,0,0,891.18625817328,0,0,1,1,0,395
50,52123,500,2,"poisson","linesearch",0.000452674962494958,5,0.00226337481247479,1.1316874062374,0.01,2000,0.5,1,7,0,NA,3.104,75,1,0,0.00941854048069716,1,1,0,0,0,396
50,52123,500,2,"poisson","fixed",0.000452674962494958,1,0.000452674962494958,0.226337481247479,0.01,2000,0.5,1,0,0,NA,1.79000000000001,191,1,0,0.00975325731714011,0,0,1,1,0,397
50,52123,500,2,"poisson","linesearch",0.000452674962494958,1,0.000452674962494958,0.226337481247479,0.01,2000,0.5,1,7,0,NA,5.803,191,1,0,0.00975325731714011,0,0,1,0,0,398
50,52123,500,2,"poisson","fixed",0.000452674962494958,0.2,9.05349924989917e-05,0.0452674962494958,0.01,2000,0.5,1,0,0,NA,6.622,964,1,0,0.00993825145722561,0,0,1,1,0,399
50,52123,500,2,"poisson","linesearch",0.000452674962494958,0.2,9.05349924989917e-05,0.0452674962494958,0.01,2000,0.5,1,7,0,NA,27.207,964,1,0,0.00993825145722561,0,0,1,0,0,400
51,53123,500,2,"poisson","fixed",0.000439381327437394,10,0.00439381327437394,2.19690663718697,0.01,2000,0.5,1,0,0,NA,0.658999999999992,11,0,1,NA,0,0,1,1,0,401
51,53123,500,2,"poisson","linesearch",0.000439381327437394,10,0.00439381327437394,2.19690663718697,0.01,2000,0.5,1,7,0,NA,2.80499999999999,63,1,0,0.00941031487459604,2,2,0,0,0,402
51,53123,500,2,"poisson","fixed",0.000439381327437394,5,0.00219690663718697,1.09845331859348,0.01,2000,0.5,1,0,0,NA,12.816,2000,0,0,986.372834476703,0,0,1,1,0,403
51,53123,500,2,"poisson","linesearch",0.000439381327437394,5,0.00219690663718697,1.09845331859348,0.01,2000,0.5,1,7,0,NA,2.628,63,1,0,0.00941031487459604,1,1,0,0,0,404
51,53123,500,2,"poisson","fixed",0.000439381327437394,1,0.000439381327437394,0.219690663718697,0.01,2000,0.5,1,0,0,NA,1.64,161,1,0,0.00963113284068762,0,0,1,1,0,405
51,53123,500,2,"poisson","linesearch",0.000439381327437394,1,0.000439381327437394,0.219690663718697,0.01,2000,0.5,1,7,0,NA,4.78400000000001,161,1,0,0.00963113284068762,0,0,1,0,0,406
51,53123,500,2,"poisson","fixed",0.000439381327437394,0.2,8.78762654874787e-05,0.0439381327437394,0.01,2000,0.5,1,0,0,NA,5.59700000000001,812,1,0,0.00992887407997256,0,0,1,1,0,407
51,53123,500,2,"poisson","linesearch",0.000439381327437394,0.2,8.78762654874787e-05,0.0439381327437394,0.01,2000,0.5,1,7,0,NA,20.933,812,1,0,0.00992887407997256,0,0,1,0,0,408
52,54123,500,2,"poisson","fixed",0.000423638707803475,10,0.00423638707803475,2.11819353901737,0.01,2000,0.5,1,0,0,NA,0.606999999999999,6,0,1,NA,0,0,1,1,0,409
52,54123,500,2,"poisson","linesearch",0.000423638707803475,10,0.00423638707803475,2.11819353901737,0.01,2000,0.5,1,7,0,NA,3.093,70,1,0,0.00927841518002015,2,2,0,0,0,410
52,54123,500,2,"poisson","fixed",0.000423638707803475,5,0.00211819353901737,1.05909676950869,0.01,2000,0.5,1,0,0,NA,12.17,2000,0,0,936.977508043227,0,0,1,1,0,411
52,54123,500,2,"poisson","linesearch",0.000423638707803475,5,0.00211819353901737,1.05909676950869,0.01,2000,0.5,1,7,0,NA,2.65300000000001,70,1,0,0.00927841518002015,1,1,0,0,0,412
52,54123,500,2,"poisson","fixed",0.000423638707803475,1,0.000423638707803475,0.211819353901738,0.01,2000,0.5,1,0,0,NA,1.58500000000001,177,1,0,0.00999871602771285,0,0,1,1,0,413
52,54123,500,2,"poisson","linesearch",0.000423638707803475,1,0.000423638707803475,0.211819353901738,0.01,2000,0.5,1,7,0,NA,4.56299999999999,177,1,0,0.00999871602771285,0,0,1,0,0,414
52,54123,500,2,"poisson","fixed",0.000423638707803475,0.2,8.4727741560695e-05,0.0423638707803475,0.01,2000,0.5,1,0,0,NA,5.62200000000001,896,1,0,0.00992897001917037,0,0,1,1,0,415
52,54123,500,2,"poisson","linesearch",0.000423638707803475,0.2,8.4727741560695e-05,0.0423638707803475,0.01,2000,0.5,1,7,0,NA,20.742,896,1,0,0.00992897001917037,0,0,1,0,0,416
53,55123,500,2,"poisson","fixed",0.000419704956382996,10,0.00419704956382996,2.09852478191498,0.01,2000,0.5,1,0,0,NA,0.628,10,0,1,NA,0,0,1,1,0,417
53,55123,500,2,"poisson","linesearch",0.000419704956382996,10,0.00419704956382996,2.09852478191498,0.01,2000,0.5,1,7,0,NA,3.44399999999999,74,1,0,0.00998803025186179,2,2,0,0,0,418
53,55123,500,2,"poisson","fixed",0.000419704956382996,5,0.00209852478191498,1.04926239095749,0.01,2000,0.5,1,0,0,NA,12.736,2000,0,0,575.338077704978,0,0,1,1,0,419
53,55123,500,2,"poisson","linesearch",0.000419704956382996,5,0.00209852478191498,1.04926239095749,0.01,2000,0.5,1,7,0,NA,3.07300000000001,74,1,0,0.00998803025186179,1,1,0,0,0,420
53,55123,500,2,"poisson","fixed",0.000419704956382996,1,0.000419704956382996,0.209852478191498,0.01,2000,0.5,1,0,0,NA,1.733,189,1,0,0.00998399524034105,0,0,1,1,0,421
53,55123,500,2,"poisson","linesearch",0.000419704956382996,1,0.000419704956382996,0.209852478191498,0.01,2000,0.5,1,7,0,NA,5.58899999999998,189,1,0,0.00998399524034105,0,0,1,0,0,422
53,55123,500,2,"poisson","fixed",0.000419704956382996,0.2,8.39409912765992e-05,0.0419704956382996,0.01,2000,0.5,1,0,0,NA,6.27900000000002,956,1,0,0.00994347559834013,0,0,1,1,0,423
53,55123,500,2,"poisson","linesearch",0.000419704956382996,0.2,8.39409912765992e-05,0.0419704956382996,0.01,2000,0.5,1,7,0,NA,25.883,956,1,0,0.00994347559834013,0,0,1,0,0,424
54,56123,500,2,"poisson","fixed",0.000458257532674056,10,0.00458257532674056,2.29128766337028,0.01,2000,0.5,1,0,0,NA,0.666000000000011,9,0,1,NA,0,0,1,1,0,425
54,56123,500,2,"poisson","linesearch",0.000458257532674056,10,0.00458257532674056,2.29128766337028,0.01,2000,0.5,1,7,0,NA,3.026,68,1,0,0.0097822567427007,2,2,0,0,0,426
54,56123,500,2,"poisson","fixed",0.000458257532674056,5,0.00229128766337028,1.14564383168514,0.01,2000,0.5,1,0,0,NA,11.967,2000,0,0,988.592979219417,0,0,1,1,0,427
54,56123,500,2,"poisson","linesearch",0.000458257532674056,5,0.00229128766337028,1.14564383168514,0.01,2000,0.5,1,7,0,NA,2.74100000000001,68,1,0,0.0097822567427007,1,1,0,0,0,428
54,56123,500,2,"poisson","fixed",0.000458257532674056,1,0.000458257532674056,0.229128766337028,0.01,2000,0.5,1,0,0,NA,1.59700000000001,174,1,0,0.00995370275698831,0,0,1,1,0,429
54,56123,500,2,"poisson","linesearch",0.000458257532674056,1,0.000458257532674056,0.229128766337028,0.01,2000,0.5,1,7,0,NA,4.66800000000001,174,1,0,0.00995370275698831,0,0,1,0,0,430
54,56123,500,2,"poisson","fixed",0.000458257532674056,0.2,9.16515065348112e-05,0.0458257532674056,0.01,2000,0.5,1,0,0,NA,5.583,881,1,0,0.00999437645299464,0,0,1,1,0,431
54,56123,500,2,"poisson","linesearch",0.000458257532674056,0.2,9.16515065348112e-05,0.0458257532674056,0.01,2000,0.5,1,7,0,NA,21.099,881,1,0,0.00999437645299464,0,0,1,0,0,432
55,57123,500,2,"poisson","fixed",0.00043282250118052,10,0.0043282250118052,2.1641125059026,0.01,2000,0.5,1,0,0,NA,0.62299999999999,7,0,1,NA,0,0,1,1,0,433
55,57123,500,2,"poisson","linesearch",0.00043282250118052,10,0.0043282250118052,2.1641125059026,0.01,2000,0.5,1,7,0,NA,2.889,65,1,0,0.00987348713382152,2,2,0,0,0,434
55,57123,500,2,"poisson","fixed",0.00043282250118052,5,0.0021641125059026,1.0820562529513,0.01,2000,0.5,1,0,0,NA,12.537,2000,0,0,845.766421318507,0,0,1,1,0,435
55,57123,500,2,"poisson","linesearch",0.00043282250118052,5,0.0021641125059026,1.0820562529513,0.01,2000,0.5,1,7,0,NA,2.617,65,1,0,0.00987348713382152,1,1,0,0,0,436
55,57123,500,2,"poisson","fixed",0.00043282250118052,1,0.00043282250118052,0.21641125059026,0.01,2000,0.5,1,0,0,NA,1.52600000000001,167,1,0,0.00961404588940551,0,0,1,1,0,437
55,57123,500,2,"poisson","linesearch",0.00043282250118052,1,0.00043282250118052,0.21641125059026,0.01,2000,0.5,1,7,0,NA,4.511,167,1,0,0.00961404588940551,0,0,1,0,0,438
55,57123,500,2,"poisson","fixed",0.00043282250118052,0.2,8.6564500236104e-05,0.043282250118052,0.01,2000,0.5,1,0,0,NA,5.38400000000001,841,1,0,0.0099485435838137,0,0,1,1,0,439
55,57123,500,2,"poisson","linesearch",0.00043282250118052,0.2,8.6564500236104e-05,0.043282250118052,0.01,2000,0.5,1,7,0,NA,20.767,841,1,0,0.0099485435838137,0,0,1,0,0,440
56,58123,500,2,"poisson","fixed",0.00042049783068898,10,0.0042049783068898,2.1024891534449,0.01,2000,0.5,1,0,0,NA,0.661000000000001,7,0,1,NA,0,0,1,1,0,441
56,58123,500,2,"poisson","linesearch",0.00042049783068898,10,0.0042049783068898,2.1024891534449,0.01,2000,0.5,1,7,0,NA,3.33699999999999,70,1,0,0.00906957985080337,2,2,0,0,0,442
56,58123,500,2,"poisson","fixed",0.00042049783068898,5,0.0021024891534449,1.05124457672245,0.01,2000,0.5,1,0,0,NA,12.765,2000,0,0,684.544406483098,0,0,1,1,0,443
56,58123,500,2,"poisson","linesearch",0.00042049783068898,5,0.0021024891534449,1.05124457672245,0.01,2000,0.5,1,7,0,NA,2.86399999999999,70,1,0,0.00906957985080337,1,1,0,0,0,444
56,58123,500,2,"poisson","fixed",0.00042049783068898,1,0.00042049783068898,0.21024891534449,0.01,2000,0.5,1,0,0,NA,1.65100000000001,177,1,0,0.00992566659948949,0,0,1,1,0,445
56,58123,500,2,"poisson","linesearch",0.00042049783068898,1,0.00042049783068898,0.21024891534449,0.01,2000,0.5,1,7,0,NA,5.20000000000002,177,1,0,0.00992566659948949,0,0,1,0,0,446
56,58123,500,2,"poisson","fixed",0.00042049783068898,0.2,8.4099566137796e-05,0.042049783068898,0.01,2000,0.5,1,0,0,NA,5.93600000000001,895,1,0,0.00999229002654839,0,0,1,1,0,447
56,58123,500,2,"poisson","linesearch",0.00042049783068898,0.2,8.4099566137796e-05,0.042049783068898,0.01,2000,0.5,1,7,0,NA,49.217,895,1,0,0.00999229002654839,0,0,1,0,0,448
57,59123,500,2,"poisson","fixed",0.000442212556303957,10,0.00442212556303957,2.21106278151979,0.01,2000,0.5,1,0,0,NA,0.616,7,0,1,NA,0,0,1,1,0,449
57,59123,500,2,"poisson","linesearch",0.000442212556303957,10,0.00442212556303957,2.21106278151979,0.01,2000,0.5,1,7,0,NA,3.367,74,1,0,0.00938145042717142,2,2,0,0,0,450
57,59123,500,2,"poisson","fixed",0.000442212556303957,5,0.00221106278151979,1.10553139075989,0.01,2000,0.5,1,0,0,NA,12.281,2000,0,0,880.658549600025,0,0,1,1,0,451
57,59123,500,2,"poisson","linesearch",0.000442212556303957,5,0.00221106278151979,1.10553139075989,0.01,2000,0.5,1,7,0,NA,2.91099999999999,74,1,0,0.00938145042717142,1,1,0,0,0,452
57,59123,500,2,"poisson","fixed",0.000442212556303957,1,0.000442212556303957,0.221106278151979,0.01,2000,0.5,1,0,0,NA,1.71499999999997,188,1,0,0.0097635222067437,0,0,1,1,0,453
57,59123,500,2,"poisson","linesearch",0.000442212556303957,1,0.000442212556303957,0.221106278151979,0.01,2000,0.5,1,7,0,NA,5.61599999999999,188,1,0,0.0097635222067437,0,0,1,0,0,454
57,59123,500,2,"poisson","fixed",0.000442212556303957,0.2,8.84425112607915e-05,0.0442212556303957,0.01,2000,0.5,1,0,0,NA,6.01900000000001,948,1,0,0.00994994114504555,0,0,1,1,0,455
57,59123,500,2,"poisson","linesearch",0.000442212556303957,0.2,8.84425112607915e-05,0.0442212556303957,0.01,2000,0.5,1,7,0,NA,25.5,948,1,0,0.00994994114504555,0,0,1,0,0,456
58,60123,500,2,"poisson","fixed",0.000444100911567681,10,0.00444100911567681,2.22050455783841,0.01,2000,0.5,1,0,0,NA,0.620999999999995,6,0,1,NA,0,0,1,1,0,457
58,60123,500,2,"poisson","linesearch",0.000444100911567681,10,0.00444100911567681,2.22050455783841,0.01,2000,0.5,1,7,0,NA,2.998,68,1,0,0.0093061528637883,2,2,0,0,0,458
58,60123,500,2,"poisson","fixed",0.000444100911567681,5,0.00222050455783841,1.1102522789192,0.01,2000,0.5,1,0,0,NA,12.604,2000,0,0,1010.0152926766,0,0,1,1,0,459
58,60123,500,2,"poisson","linesearch",0.000444100911567681,5,0.00222050455783841,1.1102522789192,0.01,2000,0.5,1,7,0,NA,2.75600000000001,68,1,0,0.0093061528637883,1,1,0,0,0,460
58,60123,500,2,"poisson","fixed",0.000444100911567681,1,0.000444100911567681,0.222050455783841,0.01,2000,0.5,1,0,0,NA,1.63300000000001,173,1,0,0.00969693538996963,0,0,1,1,0,461
58,60123,500,2,"poisson","linesearch",0.000444100911567681,1,0.000444100911567681,0.222050455783841,0.01,2000,0.5,1,7,0,NA,4.60999999999999,173,1,0,0.00969693538996963,0,0,1,0,0,462
58,60123,500,2,"poisson","fixed",0.000444100911567681,0.2,8.88201823135363e-05,0.0444100911567681,0.01,2000,0.5,1,0,0,NA,5.77199999999999,872,1,0,0.00996609695541293,0,0,1,1,0,463
58,60123,500,2,"poisson","linesearch",0.000444100911567681,0.2,8.88201823135363e-05,0.0444100911567681,0.01,2000,0.5,1,7,0,NA,21.925,872,1,0,0.00996609695541293,0,0,1,0,0,464
59,61123,500,2,"poisson","fixed",0.000397396387397776,10,0.00397396387397776,1.98698193698888,0.01,2000,0.5,1,0,0,NA,0.63300000000001,8,0,1,NA,0,0,1,1,0,465
59,61123,500,2,"poisson","linesearch",0.000397396387397776,10,0.00397396387397776,1.98698193698888,0.01,2000,0.5,1,7,0,NA,4.67399999999999,75,1,0,0.00958148936115688,2,2,0,0,0,466
59,61123,500,2,"poisson","fixed",0.000397396387397776,5,0.00198698193698888,0.99349096849444,0.01,2000,0.5,1,0,0,NA,12.24,2000,0,0,754.640286172324,0,0,1,1,0,467
59,61123,500,2,"poisson","linesearch",0.000397396387397776,5,0.00198698193698888,0.99349096849444,0.01,2000,0.5,1,7,0,NA,3.07599999999999,75,1,0,0.00958148936115688,1,1,0,0,0,468
59,61123,500,2,"poisson","fixed",0.000397396387397776,1,0.000397396387397776,0.198698193698888,0.01,2000,0.5,1,0,0,NA,1.74800000000002,191,1,0,0.00975112743816609,0,0,1,1,0,469
59,61123,500,2,"poisson","linesearch",0.000397396387397776,1,0.000397396387397776,0.198698193698888,0.01,2000,0.5,1,7,0,NA,5.86999999999998,191,1,0,0.00975112743816609,0,0,1,0,0,470
59,61123,500,2,"poisson","fixed",0.000397396387397776,0.2,7.94792774795552e-05,0.0397396387397776,0.01,2000,0.5,1,0,0,NA,6.399,962,1,0,0.00999648325933378,0,0,1,1,0,471
59,61123,500,2,"poisson","linesearch",0.000397396387397776,0.2,7.94792774795552e-05,0.0397396387397776,0.01,2000,0.5,1,7,0,NA,26.134,962,1,0,0.00999648325933378,0,0,1,0,0,472
60,62123,500,2,"poisson","fixed",0.000445269329659764,10,0.00445269329659764,2.22634664829882,0.01,2000,0.5,1,0,0,NA,0.643000000000001,10,0,1,NA,0,0,1,1,0,473
60,62123,500,2,"poisson","linesearch",0.000445269329659764,10,0.00445269329659764,2.22634664829882,0.01,2000,0.5,1,7,0,NA,3.044,66,1,0,0.00990497023238868,2,2,0,0,0,474
60,62123,500,2,"poisson","fixed",0.000445269329659764,5,0.00222634664829882,1.11317332414941,0.01,2000,0.5,1,0,0,NA,12.492,2000,0,0,1029.23771592004,0,0,1,1,0,475
60,62123,500,2,"poisson","linesearch",0.000445269329659764,5,0.00222634664829882,1.11317332414941,0.01,2000,0.5,1,7,0,NA,2.81199999999998,66,1,0,0.00990497023238868,1,1,0,0,0,476
60,62123,500,2,"poisson","fixed",0.000445269329659764,1,0.000445269329659764,0.222634664829882,0.01,2000,0.5,1,0,0,NA,1.58500000000001,170,1,0,0.0096774309651155,0,0,1,1,0,477
60,62123,500,2,"poisson","linesearch",0.000445269329659764,1,0.000445269329659764,0.222634664829882,0.01,2000,0.5,1,7,0,NA,5.43700000000001,170,1,0,0.0096774309651155,0,0,1,0,0,478
60,62123,500,2,"poisson","fixed",0.000445269329659764,0.2,8.90538659319527e-05,0.0445269329659764,0.01,2000,0.5,1,0,0,NA,5.61000000000001,859,1,0,0.00991747189118405,0,0,1,1,0,479
60,62123,500,2,"poisson","linesearch",0.000445269329659764,0.2,8.90538659319527e-05,0.0445269329659764,0.01,2000,0.5,1,7,0,NA,24.548,859,1,0,0.00991747189118405,0,0,1,0,0,480
61,63123,500,2,"poisson","fixed",0.000437887132290773,10,0.00437887132290773,2.18943566145386,0.01,2000,0.5,1,0,0,NA,0.619,6,0,1,NA,0,0,1,1,0,481
61,63123,500,2,"poisson","linesearch",0.000437887132290773,10,0.00437887132290773,2.18943566145386,0.01,2000,0.5,1,7,0,NA,3.54900000000001,76,1,0,0.00978939540579145,2,2,0,0,0,482
61,63123,500,2,"poisson","fixed",0.000437887132290773,5,0.00218943566145386,1.09471783072693,0.01,2000,0.5,1,0,0,NA,12.484,2000,0,0,917.950799253338,0,0,1,1,0,483
61,63123,500,2,"poisson","linesearch",0.000437887132290773,5,0.00218943566145386,1.09471783072693,0.01,2000,0.5,1,7,0,NA,4.529,76,1,0,0.00978939540579145,1,1,0,0,0,484
61,63123,500,2,"poisson","fixed",0.000437887132290773,1,0.000437887132290773,0.218943566145386,0.01,2000,0.5,1,0,0,NA,1.78999999999999,194,1,0,0.00986525139264248,0,0,1,1,0,485
61,63123,500,2,"poisson","linesearch",0.000437887132290773,1,0.000437887132290773,0.218943566145386,0.01,2000,0.5,1,7,0,NA,5.70400000000001,194,1,0,0.00986525139264248,0,0,1,0,0,486
61,63123,500,2,"poisson","fixed",0.000437887132290773,0.2,8.75774264581545e-05,0.0437887132290773,0.01,2000,0.5,1,0,0,NA,6.68000000000001,980,1,0,0.00993933942256728,0,0,1,1,0,487
61,63123,500,2,"poisson","linesearch",0.000437887132290773,0.2,8.75774264581545e-05,0.0437887132290773,0.01,2000,0.5,1,7,0,NA,28.287,980,1,0,0.00993933942256728,0,0,1,0,0,488
62,64123,500,2,"poisson","fixed",0.000426668755869589,10,0.00426668755869589,2.13334377934794,0.01,2000,0.5,1,0,0,NA,0.709000000000003,12,0,1,NA,0,0,1,1,0,489
62,64123,500,2,"poisson","linesearch",0.000426668755869589,10,0.00426668755869589,2.13334377934794,0.01,2000,0.5,1,7,0,NA,3.678,76,1,0,0.00912488624247362,2,2,0,0,0,490
62,64123,500,2,"poisson","fixed",0.000426668755869589,5,0.00213334377934794,1.06667188967397,0.01,2000,0.5,1,0,0,NA,12.847,2000,0,0,421.617979601546,0,0,1,1,0,491
62,64123,500,2,"poisson","linesearch",0.000426668755869589,5,0.00213334377934794,1.06667188967397,0.01,2000,0.5,1,7,0,NA,3.16999999999999,76,1,0,0.00912488624247362,1,1,0,0,0,492
62,64123,500,2,"poisson","fixed",0.000426668755869589,1,0.000426668755869589,0.213334377934794,0.01,2000,0.5,1,0,0,NA,1.732,192,1,0,0.00995097847013776,0,0,1,1,0,493
62,64123,500,2,"poisson","linesearch",0.000426668755869589,1,0.000426668755869589,0.213334377934794,0.01,2000,0.5,1,7,0,NA,5.608,192,1,0,0.00995097847013776,0,0,1,0,0,494
62,64123,500,2,"poisson","fixed",0.000426668755869589,0.2,8.53337511739178e-05,0.0426668755869589,0.01,2000,0.5,1,0,0,NA,6.239,971,1,0,0.00995608329398828,0,0,1,1,0,495
62,64123,500,2,"poisson","linesearch",0.000426668755869589,0.2,8.53337511739178e-05,0.0426668755869589,0.01,2000,0.5,1,7,0,NA,28.455,971,1,0,0.00995608329398828,0,0,1,0,0,496
63,65123,500,2,"poisson","fixed",0.000434813240815111,10,0.00434813240815111,2.17406620407556,0.01,2000,0.5,1,0,0,NA,0.61399999999999,6,0,1,NA,0,0,1,1,0,497
63,65123,500,2,"poisson","linesearch",0.000434813240815111,10,0.00434813240815111,2.17406620407556,0.01,2000,0.5,1,7,0,NA,3.31599999999999,68,1,0,0.00970067128446739,2,2,0,0,0,498
63,65123,500,2,"poisson","fixed",0.000434813240815111,5,0.00217406620407556,1.08703310203778,0.01,2000,0.5,1,0,0,NA,12.431,2000,0,0,1071.06799241396,0,0,1,1,0,499
63,65123,500,2,"poisson","linesearch",0.000434813240815111,5,0.00217406620407556,1.08703310203778,0.01,2000,0.5,1,7,0,NA,2.96799999999999,68,1,0,0.00970067128446739,1,1,0,0,0,500
63,65123,500,2,"poisson","fixed",0.000434813240815111,1,0.000434813240815111,0.217406620407556,0.01,2000,0.5,1,0,0,NA,1.66199999999998,174,1,0,0.00967830826868195,0,0,1,1,0,501
63,65123,500,2,"poisson","linesearch",0.000434813240815111,1,0.000434813240815111,0.217406620407556,0.01,2000,0.5,1,7,0,NA,5.196,174,1,0,0.00967830826868195,0,0,1,0,0,502
63,65123,500,2,"poisson","fixed",0.000434813240815111,0.2,8.69626481630223e-05,0.0434813240815111,0.01,2000,0.5,1,0,0,NA,6.13899999999998,877,1,0,0.00993882749356981,0,0,1,1,0,503
63,65123,500,2,"poisson","linesearch",0.000434813240815111,0.2,8.69626481630223e-05,0.0434813240815111,0.01,2000,0.5,1,7,0,NA,24.501,877,1,0,0.00993882749356981,0,0,1,0,0,504
64,66123,500,2,"poisson","fixed",0.000402916923410466,10,0.00402916923410466,2.01458461705233,0.01,2000,0.5,1,0,0,NA,0.619,6,0,1,NA,0,0,1,1,0,505
64,66123,500,2,"poisson","linesearch",0.000402916923410466,10,0.00402916923410466,2.01458461705233,0.01,2000,0.5,1,7,0,NA,3.42,72,1,0,0.00931231351090545,2,2,0,0,0,506
64,66123,500,2,"poisson","fixed",0.000402916923410466,5,0.00201458461705233,1.00729230852617,0.01,2000,0.5,1,0,0,NA,12.454,2000,0,0,422.575787780243,0,0,1,1,0,507
64,66123,500,2,"poisson","linesearch",0.000402916923410466,5,0.00201458461705233,1.00729230852617,0.01,2000,0.5,1,7,0,NA,3.02800000000002,72,1,0,0.00931231351090545,1,1,0,0,0,508
64,66123,500,2,"poisson","fixed",0.000402916923410466,1,0.000402916923410466,0.201458461705233,0.01,2000,0.5,1,0,0,NA,1.65099999999998,183,1,0,0.00965408796318207,0,0,1,1,0,509
64,66123,500,2,"poisson","linesearch",0.000402916923410466,1,0.000402916923410466,0.201458461705233,0.01,2000,0.5,1,7,0,NA,5.20700000000002,183,1,0,0.00965408796318207,0,0,1,0,0,510
64,66123,500,2,"poisson","fixed",0.000402916923410466,0.2,8.05833846820932e-05,0.0402916923410466,0.01,2000,0.5,1,0,0,NA,6.01499999999999,921,1,0,0.00997401367948453,0,0,1,1,0,511
64,66123,500,2,"poisson","linesearch",0.000402916923410466,0.2,8.05833846820932e-05,0.0402916923410466,0.01,2000,0.5,1,7,0,NA,25.023,921,1,0,0.00997401367948453,0,0,1,0,0,512
65,67123,500,2,"poisson","fixed",0.000425879024345762,10,0.00425879024345762,2.12939512172881,0.01,2000,0.5,1,0,0,NA,0.621000000000009,7,0,1,NA,0,0,1,1,0,513
65,67123,500,2,"poisson","linesearch",0.000425879024345762,10,0.00425879024345762,2.12939512172881,0.01,2000,0.5,1,7,0,NA,3.158,67,1,0,0.00964693736019318,2,2,0,0,0,514
65,67123,500,2,"poisson","fixed",0.000425879024345762,5,0.00212939512172881,1.06469756086441,0.01,2000,0.5,1,0,0,NA,13.09,2000,0,0,778.858544825831,0,0,1,1,0,515
65,67123,500,2,"poisson","linesearch",0.000425879024345762,5,0.00212939512172881,1.06469756086441,0.01,2000,0.5,1,7,0,NA,3.16399999999999,67,1,0,0.00964693736019318,1,1,0,0,0,516
65,67123,500,2,"poisson","fixed",0.000425879024345762,1,0.000425879024345762,0.212939512172881,0.01,2000,0.5,1,0,0,NA,1.69,171,1,0,0.00986370813250226,0,0,1,1,0,517
65,67123,500,2,"poisson","linesearch",0.000425879024345762,1,0.000425879024345762,0.212939512172881,0.01,2000,0.5,1,7,0,NA,5.30600000000001,171,1,0,0.00986370813250226,0,0,1,0,0,518
65,67123,500,2,"poisson","fixed",0.000425879024345762,0.2,8.51758048691525e-05,0.0425879024345762,0.01,2000,0.5,1,0,0,NA,5.75900000000001,864,1,0,0.00998846788611074,0,0,1,1,0,519
65,67123,500,2,"poisson","linesearch",0.000425879024345762,0.2,8.51758048691525e-05,0.0425879024345762,0.01,2000,0.5,1,7,0,NA,23.613,864,1,0,0.00998846788611074,0,0,1,0,0,520
66,68123,500,2,"poisson","fixed",0.000434202151864519,10,0.00434202151864519,2.17101075932259,0.01,2000,0.5,1,0,0,NA,0.634,9,0,1,NA,0,0,1,1,0,521
66,68123,500,2,"poisson","linesearch",0.000434202151864519,10,0.00434202151864519,2.17101075932259,0.01,2000,0.5,1,7,0,NA,3.83199999999999,75,1,0,0.00970846264817976,2,2,0,0,0,522
66,68123,500,2,"poisson","fixed",0.000434202151864519,5,0.00217101075932259,1.0855053796613,0.01,2000,0.5,1,0,0,NA,14.184,2000,0,0,918.273950013854,0,0,1,1,0,523
66,68123,500,2,"poisson","linesearch",0.000434202151864519,5,0.00217101075932259,1.0855053796613,0.01,2000,0.5,1,7,0,NA,3.298,75,1,0,0.00970846264817976,1,1,0,0,0,524
66,68123,500,2,"poisson","fixed",0.000434202151864519,1,0.000434202151864519,0.21710107593226,0.01,2000,0.5,1,0,0,NA,1.708,192,1,0,0.00967660461692882,0,0,1,1,0,525
66,68123,500,2,"poisson","linesearch",0.000434202151864519,1,0.000434202151864519,0.21710107593226,0.01,2000,0.5,1,7,0,NA,6.047,192,1,0,0.00967660461692882,0,0,1,0,0,526
66,68123,500,2,"poisson","fixed",0.000434202151864519,0.2,8.68404303729038e-05,0.0434202151864519,0.01,2000,0.5,1,0,0,NA,6.322,968,1,0,0.00995037565341522,0,0,1,1,0,527
66,68123,500,2,"poisson","linesearch",0.000434202151864519,0.2,8.68404303729038e-05,0.0434202151864519,0.01,2000,0.5,1,7,0,NA,28.058,968,1,0,0.00995037565341522,0,0,1,0,0,528
67,69123,500,2,"poisson","fixed",0.000441628611789686,10,0.00441628611789686,2.20814305894843,0.01,2000,0.5,1,0,0,NA,0.633999999999986,9,0,1,NA,0,0,1,1,0,529
67,69123,500,2,"poisson","linesearch",0.000441628611789686,10,0.00441628611789686,2.20814305894843,0.01,2000,0.5,1,7,0,NA,3.06700000000001,69,1,0,0.00950024570106917,2,2,0,0,0,530
67,69123,500,2,"poisson","fixed",0.000441628611789686,5,0.00220814305894843,1.10407152947421,0.01,2000,0.5,1,0,0,NA,12.316,2000,0,0,875.345537653932,0,0,1,1,0,531
67,69123,500,2,"poisson","linesearch",0.000441628611789686,5,0.00220814305894843,1.10407152947421,0.01,2000,0.5,1,7,0,NA,2.55799999999999,69,1,0,0.00950024570106917,1,1,0,0,0,532
67,69123,500,2,"poisson","fixed",0.000441628611789686,1,0.000441628611789686,0.220814305894843,0.01,2000,0.5,1,0,0,NA,1.608,176,1,0,0.00970666342319146,0,0,1,1,0,533
67,69123,500,2,"poisson","linesearch",0.000441628611789686,1,0.000441628611789686,0.220814305894843,0.01,2000,0.5,1,7,0,NA,7.15799999999999,176,1,0,0.00970666342319146,0,0,1,0,0,534
67,69123,500,2,"poisson","fixed",0.000441628611789686,0.2,8.83257223579371e-05,0.0441628611789686,0.01,2000,0.5,1,0,0,NA,5.66899999999998,887,1,0,0.00998320622226238,0,0,1,1,0,535
67,69123,500,2,"poisson","linesearch",0.000441628611789686,0.2,8.83257223579371e-05,0.0441628611789686,0.01,2000,0.5,1,7,0,NA,20.935,887,1,0,0.00998320622226238,0,0,1,0,0,536
68,70123,500,2,"poisson","fixed",0.000443801480113933,10,0.00443801480113933,2.21900740056967,0.01,2000,0.5,1,0,0,NA,0.633999999999986,9,0,1,NA,0,0,1,1,0,537
68,70123,500,2,"poisson","linesearch",0.000443801480113933,10,0.00443801480113933,2.21900740056967,0.01,2000,0.5,1,7,0,NA,3.33099999999999,69,1,0,0.00908147156078837,2,2,0,0,0,538
68,70123,500,2,"poisson","fixed",0.000443801480113933,5,0.00221900740056967,1.10950370028483,0.01,2000,0.5,1,0,0,NA,12.595,2000,0,0,836.902797752779,0,0,1,1,0,539
68,70123,500,2,"poisson","linesearch",0.000443801480113933,5,0.00221900740056967,1.10950370028483,0.01,2000,0.5,1,7,0,NA,2.839,69,1,0,0.00908147156078837,1,1,0,0,0,540
68,70123,500,2,"poisson","fixed",0.000443801480113933,1,0.000443801480113933,0.221900740056967,0.01,2000,0.5,1,0,0,NA,1.64700000000002,175,1,0,0.00969409209043676,0,0,1,1,0,541
68,70123,500,2,"poisson","linesearch",0.000443801480113933,1,0.000443801480113933,0.221900740056967,0.01,2000,0.5,1,7,0,NA,5.26400000000001,175,1,0,0.00969409209043676,0,0,1,0,0,542
68,70123,500,2,"poisson","fixed",0.000443801480113933,0.2,8.87602960227866e-05,0.0443801480113933,0.01,2000,0.5,1,0,0,NA,5.86599999999999,882,1,0,0.00997906158532341,0,0,1,1,0,543
68,70123,500,2,"poisson","linesearch",0.000443801480113933,0.2,8.87602960227866e-05,0.0443801480113933,0.01,2000,0.5,1,7,0,NA,24.719,882,1,0,0.00997906158532341,0,0,1,0,0,544
69,71123,500,2,"poisson","fixed",0.000399575294663663,10,0.00399575294663663,1.99787647331831,0.01,2000,0.5,1,0,0,NA,0.680000000000007,10,0,1,NA,0,0,1,1,0,545
69,71123,500,2,"poisson","linesearch",0.000399575294663663,10,0.00399575294663663,1.99787647331831,0.01,2000,0.5,1,7,0,NA,3.25200000000001,72,1,0,0.00954092880259325,2,2,0,0,0,546
69,71123,500,2,"poisson","fixed",0.000399575294663663,5,0.00199787647331831,0.998938236659156,0.01,2000,0.5,1,0,0,NA,12.608,2000,0,0,547.183577207306,0,0,1,1,0,547
69,71123,500,2,"poisson","linesearch",0.000399575294663663,5,0.00199787647331831,0.998938236659156,0.01,2000,0.5,1,7,0,NA,2.60000000000002,72,1,0,0.00954092880259325,1,1,0,0,0,548
69,71123,500,2,"poisson","fixed",0.000399575294663663,1,0.000399575294663663,0.199787647331831,0.01,2000,0.5,1,0,0,NA,1.642,183,1,0,0.00986049084584456,0,0,1,1,0,549
69,71123,500,2,"poisson","linesearch",0.000399575294663663,1,0.000399575294663663,0.199787647331831,0.01,2000,0.5,1,7,0,NA,7.69,183,1,0,0.00986049084584456,0,0,1,0,0,550
69,71123,500,2,"poisson","fixed",0.000399575294663663,0.2,7.99150589327325e-05,0.0399575294663663,0.01,2000,0.5,1,0,0,NA,5.95400000000001,924,1,0,0.00994203285238654,0,0,1,1,0,551
69,71123,500,2,"poisson","linesearch",0.000399575294663663,0.2,7.99150589327325e-05,0.0399575294663663,0.01,2000,0.5,1,7,0,NA,22.331,924,1,0,0.00994203285238654,0,0,1,0,0,552
70,72123,500,2,"poisson","fixed",0.000430778928972496,10,0.00430778928972496,2.15389464486248,0.01,2000,0.5,1,0,0,NA,0.643999999999977,10,0,1,NA,0,0,1,1,0,553
70,72123,500,2,"poisson","linesearch",0.000430778928972496,10,0.00430778928972496,2.15389464486248,0.01,2000,0.5,1,7,0,NA,3.07599999999999,70,1,0,0.00940558397146159,2,2,0,0,0,554
70,72123,500,2,"poisson","fixed",0.000430778928972496,5,0.00215389464486248,1.07694732243124,0.01,2000,0.5,1,0,0,NA,12.407,2000,0,0,398.173018373172,0,0,1,1,0,555
70,72123,500,2,"poisson","linesearch",0.000430778928972496,5,0.00215389464486248,1.07694732243124,0.01,2000,0.5,1,7,0,NA,2.87700000000001,70,1,0,0.00940558397146159,1,1,0,0,0,556
70,72123,500,2,"poisson","fixed",0.000430778928972496,1,0.000430778928972496,0.215389464486248,0.01,2000,0.5,1,0,0,NA,1.61700000000002,178,1,0,0.00990377691214539,0,0,1,1,0,557
70,72123,500,2,"poisson","linesearch",0.000430778928972496,1,0.000430778928972496,0.215389464486248,0.01,2000,0.5,1,7,0,NA,5.21599999999998,178,1,0,0.00990377691214539,0,0,1,0,0,558
70,72123,500,2,"poisson","fixed",0.000430778928972496,0.2,8.61557857944991e-05,0.0430778928972496,0.01,2000,0.5,1,0,0,NA,5.72399999999999,900,1,0,0.00998891844755637,0,0,1,1,0,559
70,72123,500,2,"poisson","linesearch",0.000430778928972496,0.2,8.61557857944991e-05,0.0430778928972496,0.01,2000,0.5,1,7,0,NA,26.016,900,1,0,0.00998891844755637,0,0,1,0,0,560
71,73123,500,2,"poisson","fixed",0.000423246894496954,10,0.00423246894496954,2.11623447248477,0.01,2000,0.5,1,0,0,NA,0.64700000000002,10,0,1,NA,0,0,1,1,0,561
71,73123,500,2,"poisson","linesearch",0.000423246894496954,10,0.00423246894496954,2.11623447248477,0.01,2000,0.5,1,7,0,NA,3.49900000000002,75,1,0,0.00933519595249477,2,2,0,0,0,562
71,73123,500,2,"poisson","fixed",0.000423246894496954,5,0.00211623447248477,1.05811723624238,0.01,2000,0.5,1,0,0,NA,12.522,2000,0,0,406.783168795652,0,0,1,1,0,563
71,73123,500,2,"poisson","linesearch",0.000423246894496954,5,0.00211623447248477,1.05811723624238,0.01,2000,0.5,1,7,0,NA,3.565,75,1,0,0.00933519595249477,1,1,0,0,0,564
71,73123,500,2,"poisson","fixed",0.000423246894496954,1,0.000423246894496954,0.211623447248477,0.01,2000,0.5,1,0,0,NA,1.78200000000001,190,1,0,0.00979814577538418,0,0,1,1,0,565
71,73123,500,2,"poisson","linesearch",0.000423246894496954,1,0.000423246894496954,0.211623447248477,0.01,2000,0.5,1,7,0,NA,5.26600000000002,190,1,0,0.00979814577538418,0,0,1,0,0,566
71,73123,500,2,"poisson","fixed",0.000423246894496954,0.2,8.46493788993908e-05,0.0423246894496954,0.01,2000,0.5,1,0,0,NA,6.27199999999999,958,1,0,0.00993460946559699,0,0,1,1,0,567
71,73123,500,2,"poisson","linesearch",0.000423246894496954,0.2,8.46493788993908e-05,0.0423246894496954,0.01,2000,0.5,1,7,0,NA,25.631,958,1,0,0.00993460946559699,0,0,1,0,0,568
72,74123,500,2,"poisson","fixed",0.000434900666626608,10,0.00434900666626608,2.17450333313304,0.01,2000,0.5,1,0,0,NA,0.650000000000006,9,0,1,NA,0,0,1,1,0,569
72,74123,500,2,"poisson","linesearch",0.000434900666626608,10,0.00434900666626608,2.17450333313304,0.01,2000,0.5,1,7,0,NA,3.84399999999999,77,1,0,0.0091756090117574,2,2,0,0,0,570
72,74123,500,2,"poisson","fixed",0.000434900666626608,5,0.00217450333313304,1.08725166656652,0.01,2000,0.5,1,0,0,NA,12.876,2000,0,0,919.59677057746,0,0,1,1,0,571
72,74123,500,2,"poisson","linesearch",0.000434900666626608,5,0.00217450333313304,1.08725166656652,0.01,2000,0.5,1,7,0,NA,3.19400000000002,77,1,0,0.0091756090117574,1,1,0,0,0,572
72,74123,500,2,"poisson","fixed",0.000434900666626608,1,0.000434900666626608,0.217450333313304,0.01,2000,0.5,1,0,0,NA,1.75199999999998,195,1,0,0.00984356601705061,0,0,1,1,0,573
72,74123,500,2,"poisson","linesearch",0.000434900666626608,1,0.000434900666626608,0.217450333313304,0.01,2000,0.5,1,7,0,NA,6.34599999999998,195,1,0,0.00984356601705061,0,0,1,0,0,574
72,74123,500,2,"poisson","fixed",0.000434900666626608,0.2,8.69801333253217e-05,0.0434900666626608,0.01,2000,0.5,1,0,0,NA,6.57299999999998,985,1,0,0.0099323861402274,0,0,1,1,0,575
72,74123,500,2,"poisson","linesearch",0.000434900666626608,0.2,8.69801333253217e-05,0.0434900666626608,0.01,2000,0.5,1,7,0,NA,28.834,985,1,0,0.0099323861402274,0,0,1,0,0,576
73,75123,500,2,"poisson","fixed",0.000460407284460045,10,0.00460407284460045,2.30203642230023,0.01,2000,0.5,1,0,0,NA,0.627999999999986,9,0,1,NA,0,0,1,1,0,577
73,75123,500,2,"poisson","linesearch",0.000460407284460045,10,0.00460407284460045,2.30203642230023,0.01,2000,0.5,1,7,0,NA,3.01300000000001,61,1,0,0.00974179851138679,2,2,0,0,0,578
73,75123,500,2,"poisson","fixed",0.000460407284460045,5,0.00230203642230023,1.15101821115011,0.01,2000,0.5,1,0,0,NA,12.254,2000,0,0,953.533332510395,0,0,1,1,0,579
73,75123,500,2,"poisson","linesearch",0.000460407284460045,5,0.00230203642230023,1.15101821115011,0.01,2000,0.5,1,7,0,NA,2.517,61,1,0,0.00974179851138679,1,1,0,0,0,580
73,75123,500,2,"poisson","fixed",0.000460407284460045,1,0.000460407284460045,0.230203642230023,0.01,2000,0.5,1,0,0,NA,1.48699999999999,156,1,0,0.00987017080551134,0,0,1,1,0,581
73,75123,500,2,"poisson","linesearch",0.000460407284460045,1,0.000460407284460045,0.230203642230023,0.01,2000,0.5,1,7,0,NA,5.23700000000002,156,1,0,0.00987017080551134,0,0,1,0,0,582
73,75123,500,2,"poisson","fixed",0.000460407284460045,0.2,9.20814568920091e-05,0.0460407284460045,0.01,2000,0.5,1,0,0,NA,5.14400000000001,789,1,0,0.00994765800145414,0,0,1,1,0,583
73,75123,500,2,"poisson","linesearch",0.000460407284460045,0.2,9.20814568920091e-05,0.0460407284460045,0.01,2000,0.5,1,7,0,NA,22.135,789,1,0,0.00994765800145414,0,0,1,0,0,584
74,76123,500,2,"poisson","fixed",0.000430858125835929,10,0.00430858125835929,2.15429062917965,0.01,2000,0.5,1,0,0,NA,0.643000000000001,10,0,1,NA,0,0,1,1,0,585
74,76123,500,2,"poisson","linesearch",0.000430858125835929,10,0.00430858125835929,2.15429062917965,0.01,2000,0.5,1,7,0,NA,3.34299999999999,70,1,0,0.00973654579065839,2,2,0,0,0,586
74,76123,500,2,"poisson","fixed",0.000430858125835929,5,0.00215429062917965,1.07714531458982,0.01,2000,0.5,1,0,0,NA,12.706,2000,0,0,917.694055738291,0,0,1,1,0,587
74,76123,500,2,"poisson","linesearch",0.000430858125835929,5,0.00215429062917965,1.07714531458982,0.01,2000,0.5,1,7,0,NA,2.887,70,1,0,0.00973654579065839,1,1,0,0,0,588
74,76123,500,2,"poisson","fixed",0.000430858125835929,1,0.000430858125835929,0.215429062917965,0.01,2000,0.5,1,0,0,NA,1.601,179,1,0,0.00991017593695397,0,0,1,1,0,589
74,76123,500,2,"poisson","linesearch",0.000430858125835929,1,0.000430858125835929,0.215429062917965,0.01,2000,0.5,1,7,0,NA,5.66399999999999,179,1,0,0.00991017593695397,0,0,1,0,0,590
74,76123,500,2,"poisson","fixed",0.000430858125835929,0.2,8.61716251671858e-05,0.0430858125835929,0.01,2000,0.5,1,0,0,NA,5.82500000000002,906,1,0,0.00995309614150609,0,0,1,1,0,591
74,76123,500,2,"poisson","linesearch",0.000430858125835929,0.2,8.61716251671858e-05,0.0430858125835929,0.01,2000,0.5,1,7,0,NA,25.305,906,1,0,0.00995309614150609,0,0,1,0,0,592
75,77123,500,2,"poisson","fixed",0.000441755666533564,10,0.00441755666533564,2.20877833266782,0.01,2000,0.5,1,0,0,NA,0.682999999999993,9,0,1,NA,0,0,1,1,0,593
75,77123,500,2,"poisson","linesearch",0.000441755666533564,10,0.00441755666533564,2.20877833266782,0.01,2000,0.5,1,7,0,NA,3.20000000000002,66,1,0,0.00990180829119505,2,2,0,0,0,594
75,77123,500,2,"poisson","fixed",0.000441755666533564,5,0.00220877833266782,1.10438916633391,0.01,2000,0.5,1,0,0,NA,12.299,2000,0,0,867.745888112865,0,0,1,1,0,595
75,77123,500,2,"poisson","linesearch",0.000441755666533564,5,0.00220877833266782,1.10438916633391,0.01,2000,0.5,1,7,0,NA,2.62199999999999,66,1,0,0.00990180829119505,1,1,0,0,0,596
75,77123,500,2,"poisson","fixed",0.000441755666533564,1,0.000441755666533564,0.220877833266782,0.01,2000,0.5,1,0,0,NA,1.55199999999999,169,1,0,0.00998052032462556,0,0,1,1,0,597
75,77123,500,2,"poisson","linesearch",0.000441755666533564,1,0.000441755666533564,0.220877833266782,0.01,2000,0.5,1,7,0,NA,5.48100000000002,169,1,0,0.00998052032462556,0,0,1,0,0,598
75,77123,500,2,"poisson","fixed",0.000441755666533564,0.2,8.83511333067127e-05,0.0441755666533564,0.01,2000,0.5,1,0,0,NA,5.60999999999999,856,1,0,0.00997388893125574,0,0,1,1,0,599
75,77123,500,2,"poisson","linesearch",0.000441755666533564,0.2,8.83511333067127e-05,0.0441755666533564,0.01,2000,0.5,1,7,0,NA,25.658,856,1,0,0.00997388893125574,0,0,1,0,0,600
76,78123,500,2,"poisson","fixed",0.000439067148212037,10,0.00439067148212038,2.19533574106019,0.01,2000,0.5,1,0,0,NA,0.620000000000005,6,0,1,NA,0,0,1,1,0,601
76,78123,500,2,"poisson","linesearch",0.000439067148212037,10,0.00439067148212038,2.19533574106019,0.01,2000,0.5,1,7,0,NA,3.45699999999999,73,1,0,0.00947577834817034,2,2,0,0,0,602
76,78123,500,2,"poisson","fixed",0.000439067148212037,5,0.00219533574106019,1.09766787053009,0.01,2000,0.5,1,0,0,NA,12.395,2000,0,0,1011.1074634106,0,0,1,1,0,603
76,78123,500,2,"poisson","linesearch",0.000439067148212037,5,0.00219533574106019,1.09766787053009,0.01,2000,0.5,1,7,0,NA,2.99799999999999,73,1,0,0.00947577834817034,1,1,0,0,0,604
76,78123,500,2,"poisson","fixed",0.000439067148212037,1,0.000439067148212037,0.219533574106019,0.01,2000,0.5,1,0,0,NA,1.64500000000001,186,1,0,0.00982104035771544,0,0,1,1,0,605
76,78123,500,2,"poisson","linesearch",0.000439067148212037,1,0.000439067148212037,0.219533574106019,0.01,2000,0.5,1,7,0,NA,5.083,186,1,0,0.00982104035771544,0,0,1,0,0,606
76,78123,500,2,"poisson","fixed",0.000439067148212037,0.2,8.78134296424075e-05,0.0439067148212038,0.01,2000,0.5,1,0,0,NA,5.99700000000001,940,1,0,0.00993162720481175,0,0,1,1,0,607
76,78123,500,2,"poisson","linesearch",0.000439067148212037,0.2,8.78134296424075e-05,0.0439067148212038,0.01,2000,0.5,1,7,0,NA,27.507,940,1,0,0.00993162720481175,0,0,1,0,0,608
77,79123,500,2,"poisson","fixed",0.000439169276157436,10,0.00439169276157436,2.19584638078718,0.01,2000,0.5,1,0,0,NA,0.639999999999986,10,0,1,NA,0,0,1,1,0,609
77,79123,500,2,"poisson","linesearch",0.000439169276157436,10,0.00439169276157436,2.19584638078718,0.01,2000,0.5,1,7,0,NA,3.43299999999999,68,1,0,0.00945075201538303,2,2,0,0,0,610
77,79123,500,2,"poisson","fixed",0.000439169276157436,5,0.00219584638078718,1.09792319039359,0.01,2000,0.5,1,0,0,NA,12.884,2000,0,0,884.173436121149,0,0,1,1,0,611
77,79123,500,2,"poisson","linesearch",0.000439169276157436,5,0.00219584638078718,1.09792319039359,0.01,2000,0.5,1,7,0,NA,3.61199999999999,68,1,0,0.00945075201538303,1,1,0,0,0,612
77,79123,500,2,"poisson","fixed",0.000439169276157436,1,0.000439169276157436,0.219584638078718,0.01,2000,0.5,1,0,0,NA,1.649,173,1,0,0.00982641013002106,0,0,1,1,0,613
77,79123,500,2,"poisson","linesearch",0.000439169276157436,1,0.000439169276157436,0.219584638078718,0.01,2000,0.5,1,7,0,NA,4.85499999999999,173,1,0,0.00982641013002106,0,0,1,0,0,614
77,79123,500,2,"poisson","fixed",0.000439169276157436,0.2,8.78338552314873e-05,0.0439169276157436,0.01,2000,0.5,1,0,0,NA,5.84700000000001,874,1,0,0.00992931136068809,0,0,1,1,0,615
77,79123,500,2,"poisson","linesearch",0.000439169276157436,0.2,8.78338552314873e-05,0.0439169276157436,0.01,2000,0.5,1,7,0,NA,25.051,874,1,0,0.00992931136068809,0,0,1,0,0,616
78,80123,500,2,"poisson","fixed",0.000450099710893798,10,0.00450099710893798,2.25049855446899,0.01,2000,0.5,1,0,0,NA,0.632999999999981,10,0,1,NA,0,0,1,1,0,617
78,80123,500,2,"poisson","linesearch",0.000450099710893798,10,0.00450099710893798,2.25049855446899,0.01,2000,0.5,1,7,0,NA,3.029,69,1,0,0.00905462317306333,2,2,0,0,0,618
78,80123,500,2,"poisson","fixed",0.000450099710893798,5,0.00225049855446899,1.12524927723449,0.01,2000,0.5,1,0,0,NA,12.24,2000,0,0,905.318178578837,0,0,1,1,0,619
78,80123,500,2,"poisson","linesearch",0.000450099710893798,5,0.00225049855446899,1.12524927723449,0.01,2000,0.5,1,7,0,NA,2.59,69,1,0,0.00905462317306333,1,1,0,0,0,620
78,80123,500,2,"poisson","fixed",0.000450099710893798,1,0.000450099710893798,0.225049855446899,0.01,2000,0.5,1,0,0,NA,1.559,175,1,0,0.00960695681756046,0,0,1,1,0,621
78,80123,500,2,"poisson","linesearch",0.000450099710893798,1,0.000450099710893798,0.225049855446899,0.01,2000,0.5,1,7,0,NA,4.566,175,1,0,0.00960695681756046,0,0,1,0,0,622
78,80123,500,2,"poisson","fixed",0.000450099710893798,0.2,9.00199421787596e-05,0.0450099710893798,0.01,2000,0.5,1,0,0,NA,5.57499999999999,881,1,0,0.00994187972195321,0,0,1,1,0,623
78,80123,500,2,"poisson","linesearch",0.000450099710893798,0.2,9.00199421787596e-05,0.0450099710893798,0.01,2000,0.5,1,7,0,NA,20.799,881,1,0,0.00994187972195321,0,0,1,0,0,624
79,81123,500,2,"poisson","fixed",0.000433805229879332,10,0.00433805229879332,2.16902614939666,0.01,2000,0.5,1,0,0,NA,0.650000000000006,10,0,1,NA,0,0,1,1,0,625
79,81123,500,2,"poisson","linesearch",0.000433805229879332,10,0.00433805229879332,2.16902614939666,0.01,2000,0.5,1,7,0,NA,3.285,65,1,0,0.00983608204628966,2,2,0,0,0,626
79,81123,500,2,"poisson","fixed",0.000433805229879332,5,0.00216902614939666,1.08451307469833,0.01,2000,0.5,1,0,0,NA,12.668,2000,0,0,387.002049894561,0,0,1,1,0,627
79,81123,500,2,"poisson","linesearch",0.000433805229879332,5,0.00216902614939666,1.08451307469833,0.01,2000,0.5,1,7,0,NA,2.79299999999998,65,1,0,0.00983608204628966,1,1,0,0,0,628
79,81123,500,2,"poisson","fixed",0.000433805229879332,1,0.000433805229879332,0.216902614939666,0.01,2000,0.5,1,0,0,NA,1.59400000000002,167,1,0,0.0096580864451063,0,0,1,1,0,629
79,81123,500,2,"poisson","linesearch",0.000433805229879332,1,0.000433805229879332,0.216902614939666,0.01,2000,0.5,1,7,0,NA,4.91899999999998,167,1,0,0.0096580864451063,0,0,1,0,0,630
79,81123,500,2,"poisson","fixed",0.000433805229879332,0.2,8.67610459758665e-05,0.0433805229879332,0.01,2000,0.5,1,0,0,NA,5.571,842,1,0,0.00996766219646861,0,0,1,1,0,631
79,81123,500,2,"poisson","linesearch",0.000433805229879332,0.2,8.67610459758665e-05,0.0433805229879332,0.01,2000,0.5,1,7,0,NA,24.026,842,1,0,0.00996766219646861,0,0,1,0,0,632
80,82123,500,2,"poisson","fixed",0.000376113353793901,10,0.00376113353793901,1.88056676896951,0.01,2000,0.5,1,0,0,NA,0.615000000000009,7,0,1,NA,0,0,1,1,0,633
80,82123,500,2,"poisson","linesearch",0.000376113353793901,10,0.00376113353793901,1.88056676896951,0.01,2000,0.5,1,7,0,NA,3.33000000000001,79,1,0,0.00947454354133959,2,2,0,0,0,634
80,82123,500,2,"poisson","fixed",0.000376113353793901,5,0.00188056676896951,0.940283384484753,0.01,2000,0.5,1,0,0,NA,12.345,2000,0,0,400.084829768518,0,0,1,1,0,635
80,82123,500,2,"poisson","linesearch",0.000376113353793901,5,0.00188056676896951,0.940283384484753,0.01,2000,0.5,1,7,0,NA,3.857,79,1,0,0.00947454354133959,1,1,0,0,0,636
80,82123,500,2,"poisson","fixed",0.000376113353793901,1,0.000376113353793901,0.188056676896951,0.01,2000,0.5,1,0,0,NA,1.733,200,1,0,0.0099306864451294,0,0,1,1,0,637
80,82123,500,2,"poisson","linesearch",0.000376113353793901,1,0.000376113353793901,0.188056676896951,0.01,2000,0.5,1,7,0,NA,5.19,200,1,0,0.0099306864451294,0,0,1,0,0,638
80,82123,500,2,"poisson","fixed",0.000376113353793901,0.2,7.52226707587802e-05,0.0376113353793901,0.01,2000,0.5,1,0,0,NA,6.43199999999999,1010,1,0,0.00993331654689356,0,0,1,1,0,639
80,82123,500,2,"poisson","linesearch",0.000376113353793901,0.2,7.52226707587802e-05,0.0376113353793901,0.01,2000,0.5,1,7,0,NA,23.633,1010,1,0,0.00993331654689356,0,0,1,0,0,640
81,83123,500,2,"poisson","fixed",0.000450677195373616,10,0.00450677195373616,2.25338597686808,0.01,2000,0.5,1,0,0,NA,0.623999999999995,8,0,1,NA,0,0,1,1,0,641
81,83123,500,2,"poisson","linesearch",0.000450677195373616,10,0.00450677195373616,2.25338597686808,0.01,2000,0.5,1,7,0,NA,3.37200000000001,73,1,0,0.00915243971742391,2,2,0,0,0,642
81,83123,500,2,"poisson","fixed",0.000450677195373616,5,0.00225338597686808,1.12669298843404,0.01,2000,0.5,1,0,0,NA,12.158,2000,0,0,963.50271495228,0,0,1,1,0,643
81,83123,500,2,"poisson","linesearch",0.000450677195373616,5,0.00225338597686808,1.12669298843404,0.01,2000,0.5,1,7,0,NA,2.964,73,1,0,0.00915243971742391,1,1,0,0,0,644
81,83123,500,2,"poisson","fixed",0.000450677195373616,1,0.000450677195373616,0.225338597686808,0.01,2000,0.5,1,0,0,NA,1.655,185,1,0,0.00984817877327313,0,0,1,1,0,645
81,83123,500,2,"poisson","linesearch",0.000450677195373616,1,0.000450677195373616,0.225338597686808,0.01,2000,0.5,1,7,0,NA,5.10999999999999,185,1,0,0.00984817877327313,0,0,1,0,0,646
81,83123,500,2,"poisson","fixed",0.000450677195373616,0.2,9.01354390747233e-05,0.0450677195373616,0.01,2000,0.5,1,0,0,NA,6.16400000000002,935,1,0,0.0099388262985905,0,0,1,1,0,647
81,83123,500,2,"poisson","linesearch",0.000450677195373616,0.2,9.01354390747233e-05,0.0450677195373616,0.01,2000,0.5,1,7,0,NA,26.383,935,1,0,0.0099388262985905,0,0,1,0,0,648
82,84123,500,2,"poisson","fixed",0.000444506151953237,10,0.00444506151953237,2.22253075976618,0.01,2000,0.5,1,0,0,NA,0.610000000000014,6,0,1,NA,0,0,1,1,0,649
82,84123,500,2,"poisson","linesearch",0.000444506151953237,10,0.00444506151953237,2.22253075976618,0.01,2000,0.5,1,7,0,NA,3.428,75,1,0,0.00942652404405295,2,2,0,0,0,650
82,84123,500,2,"poisson","fixed",0.000444506151953237,5,0.00222253075976618,1.11126537988309,0.01,2000,0.5,1,0,0,NA,12.554,2000,0,0,958.954820328897,0,0,1,1,0,651
82,84123,500,2,"poisson","linesearch",0.000444506151953237,5,0.00222253075976618,1.11126537988309,0.01,2000,0.5,1,7,0,NA,3.81800000000001,75,1,0,0.00942652404405295,1,1,0,0,0,652
82,84123,500,2,"poisson","fixed",0.000444506151953237,1,0.000444506151953237,0.222253075976618,0.01,2000,0.5,1,0,0,NA,1.76399999999998,191,1,0,0.00964535661327534,0,0,1,1,0,653
82,84123,500,2,"poisson","linesearch",0.000444506151953237,1,0.000444506151953237,0.222253075976618,0.01,2000,0.5,1,7,0,NA,5.44400000000002,191,1,0,0.00964535661327534,0,0,1,0,0,654
82,84123,500,2,"poisson","fixed",0.000444506151953237,0.2,8.89012303906474e-05,0.0444506151953237,0.01,2000,0.5,1,0,0,NA,6.28700000000001,961,1,0,0.00999379100150164,0,0,1,1,0,655
82,84123,500,2,"poisson","linesearch",0.000444506151953237,0.2,8.89012303906474e-05,0.0444506151953237,0.01,2000,0.5,1,7,0,NA,28.192,961,1,0,0.00999379100150164,0,0,1,0,0,656
83,85123,500,2,"poisson","fixed",0.000431118829854309,10,0.00431118829854309,2.15559414927154,0.01,2000,0.5,1,0,0,NA,0.663000000000011,16,0,1,NA,0,0,1,1,0,657
83,85123,500,2,"poisson","linesearch",0.000431118829854309,10,0.00431118829854309,2.15559414927154,0.01,2000,0.5,1,7,0,NA,3.19299999999998,71,1,0,0.00963220263249187,2,2,0,0,0,658
83,85123,500,2,"poisson","fixed",0.000431118829854309,5,0.00215559414927154,1.07779707463577,0.01,2000,0.5,1,0,0,NA,12.159,2000,0,0,971.902668489335,0,0,1,1,0,659
83,85123,500,2,"poisson","linesearch",0.000431118829854309,5,0.00215559414927154,1.07779707463577,0.01,2000,0.5,1,7,0,NA,2.72200000000001,71,1,0,0.00963220263249187,1,1,0,0,0,660
83,85123,500,2,"poisson","fixed",0.000431118829854309,1,0.000431118829854309,0.215559414927154,0.01,2000,0.5,1,0,0,NA,1.655,182,1,0,0.00960257291382738,0,0,1,1,0,661
83,85123,500,2,"poisson","linesearch",0.000431118829854309,1,0.000431118829854309,0.215559414927154,0.01,2000,0.5,1,7,0,NA,5.45499999999998,182,1,0,0.00960257291382738,0,0,1,0,0,662
83,85123,500,2,"poisson","fixed",0.000431118829854309,0.2,8.62237659708617e-05,0.0431118829854309,0.01,2000,0.5,1,0,0,NA,5.98700000000002,917,1,0,0.00997332054907726,0,0,1,1,0,663
83,85123,500,2,"poisson","linesearch",0.000431118829854309,0.2,8.62237659708617e-05,0.0431118829854309,0.01,2000,0.5,1,7,0,NA,25.849,917,1,0,0.00997332054907726,0,0,1,0,0,664
84,86123,500,2,"poisson","fixed",0.000427324643389324,10,0.00427324643389324,2.13662321694662,0.01,2000,0.5,1,0,0,NA,0.637,9,0,1,NA,0,0,1,1,0,665
84,86123,500,2,"poisson","linesearch",0.000427324643389324,10,0.00427324643389324,2.13662321694662,0.01,2000,0.5,1,7,0,NA,3.26900000000001,73,1,0,0.00927522215476639,2,2,0,0,0,666
84,86123,500,2,"poisson","fixed",0.000427324643389324,5,0.00213662321694662,1.06831160847331,0.01,2000,0.5,1,0,0,NA,12.484,2000,0,0,761.861258178751,0,0,1,1,0,667
84,86123,500,2,"poisson","linesearch",0.000427324643389324,5,0.00213662321694662,1.06831160847331,0.01,2000,0.5,1,7,0,NA,3.13499999999999,73,1,0,0.00927522215476639,1,1,0,0,0,668
84,86123,500,2,"poisson","fixed",0.000427324643389324,1,0.000427324643389324,0.213662321694662,0.01,2000,0.5,1,0,0,NA,1.69900000000001,185,1,0,0.00987964240960926,0,0,1,1,0,669
84,86123,500,2,"poisson","linesearch",0.000427324643389324,1,0.000427324643389324,0.213662321694662,0.01,2000,0.5,1,7,0,NA,5.464,185,1,0,0.00987964240960926,0,0,1,0,0,670
84,86123,500,2,"poisson","fixed",0.000427324643389324,0.2,8.54649286778648e-05,0.0427324643389324,0.01,2000,0.5,1,0,0,NA,6.322,935,1,0,0.00992930553649074,0,0,1,1,0,671
84,86123,500,2,"poisson","linesearch",0.000427324643389324,0.2,8.54649286778648e-05,0.0427324643389324,0.01,2000,0.5,1,7,0,NA,27.345,935,1,0,0.00992930553649074,0,0,1,0,0,672
85,87123,500,2,"poisson","fixed",0.000428242693905823,10,0.00428242693905823,2.14121346952911,0.01,2000,0.5,1,0,0,NA,0.673000000000002,8,0,1,NA,0,0,1,1,0,673
85,87123,500,2,"poisson","linesearch",0.000428242693905823,10,0.00428242693905823,2.14121346952911,0.01,2000,0.5,1,7,0,NA,3.31400000000002,72,1,0,0.00938010188244517,2,2,0,0,0,674
85,87123,500,2,"poisson","fixed",0.000428242693905823,5,0.00214121346952911,1.07060673476456,0.01,2000,0.5,1,0,0,NA,13.003,2000,0,0,1118.87237964885,0,0,1,1,0,675
85,87123,500,2,"poisson","linesearch",0.000428242693905823,5,0.00214121346952911,1.07060673476456,0.01,2000,0.5,1,7,0,NA,2.91999999999999,72,1,0,0.00938010188244517,1,1,0,0,0,676
85,87123,500,2,"poisson","fixed",0.000428242693905823,1,0.000428242693905823,0.214121346952911,0.01,2000,0.5,1,0,0,NA,1.63900000000001,183,1,0,0.00975628354730579,0,0,1,1,0,677
85,87123,500,2,"poisson","linesearch",0.000428242693905823,1,0.000428242693905823,0.214121346952911,0.01,2000,0.5,1,7,0,NA,5.59,183,1,0,0.00975628354730579,0,0,1,0,0,678
85,87123,500,2,"poisson","fixed",0.000428242693905823,0.2,8.56485387811646e-05,0.0428242693905823,0.01,2000,0.5,1,0,0,NA,6.274,923,1,0,0.00994107282463391,0,0,1,1,0,679
85,87123,500,2,"poisson","linesearch",0.000428242693905823,0.2,8.56485387811646e-05,0.0428242693905823,0.01,2000,0.5,1,7,0,NA,25.389,923,1,0,0.00994107282463391,0,0,1,0,0,680
86,88123,500,2,"poisson","fixed",0.000433353268945521,10,0.00433353268945521,2.16676634472761,0.01,2000,0.5,1,0,0,NA,0.635999999999996,8,0,1,NA,0,0,1,1,0,681
86,88123,500,2,"poisson","linesearch",0.000433353268945521,10,0.00433353268945521,2.16676634472761,0.01,2000,0.5,1,7,0,NA,3.52300000000002,71,1,0,0.00937315643025161,2,2,0,0,0,682
86,88123,500,2,"poisson","fixed",0.000433353268945521,5,0.00216676634472761,1.0833831723638,0.01,2000,0.5,1,0,0,NA,13.193,2000,0,0,905.626876307177,0,0,1,1,0,683
86,88123,500,2,"poisson","linesearch",0.000433353268945521,5,0.00216676634472761,1.0833831723638,0.01,2000,0.5,1,7,0,NA,3.328,71,1,0,0.00937315643025161,1,1,0,0,0,684
86,88123,500,2,"poisson","fixed",0.000433353268945521,1,0.000433353268945521,0.216676634472761,0.01,2000,0.5,1,0,0,NA,1.69300000000001,181,1,0,0.00969661080111162,0,0,1,1,0,685
86,88123,500,2,"poisson","linesearch",0.000433353268945521,1,0.000433353268945521,0.216676634472761,0.01,2000,0.5,1,7,0,NA,5.29499999999999,181,1,0,0.00969661080111162,0,0,1,0,0,686
86,88123,500,2,"poisson","fixed",0.000433353268945521,0.2,8.66706537891043e-05,0.0433353268945521,0.01,2000,0.5,1,0,0,NA,6.161,913,1,0,0.00995625711114934,0,0,1,1,0,687
86,88123,500,2,"poisson","linesearch",0.000433353268945521,0.2,8.66706537891043e-05,0.0433353268945521,0.01,2000,0.5,1,7,0,NA,24.168,913,1,0,0.00995625711114934,0,0,1,0,0,688
87,89123,500,2,"poisson","fixed",0.000412458685111364,10,0.00412458685111363,2.06229342555682,0.01,2000,0.5,1,0,0,NA,0.610000000000014,6,0,1,NA,0,0,1,1,0,689
87,89123,500,2,"poisson","linesearch",0.000412458685111364,10,0.00412458685111363,2.06229342555682,0.01,2000,0.5,1,7,0,NA,3.19099999999997,69,1,0,0.00927514012456823,2,2,0,0,0,690
87,89123,500,2,"poisson","fixed",0.000412458685111364,5,0.00206229342555682,1.03114671277841,0.01,2000,0.5,1,0,0,NA,12.68,2000,0,0,509.658576139773,0,0,1,1,0,691
87,89123,500,2,"poisson","linesearch",0.000412458685111364,5,0.00206229342555682,1.03114671277841,0.01,2000,0.5,1,7,0,NA,2.89099999999999,69,1,0,0.00927514012456823,1,1,0,0,0,692
87,89123,500,2,"poisson","fixed",0.000412458685111364,1,0.000412458685111364,0.206229342555682,0.01,2000,0.5,1,0,0,NA,1.64699999999999,175,1,0,0.00973733043234848,0,0,1,1,0,693
87,89123,500,2,"poisson","linesearch",0.000412458685111364,1,0.000412458685111364,0.206229342555682,0.01,2000,0.5,1,7,0,NA,5.24600000000001,175,1,0,0.00973733043234848,0,0,1,0,0,694
87,89123,500,2,"poisson","fixed",0.000412458685111364,0.2,8.24917370222727e-05,0.0412458685111364,0.01,2000,0.5,1,0,0,NA,5.786,882,1,0,0.00994580416351543,0,0,1,1,0,695
87,89123,500,2,"poisson","linesearch",0.000412458685111364,0.2,8.24917370222727e-05,0.0412458685111364,0.01,2000,0.5,1,7,0,NA,23.623,882,1,0,0.00994580416351543,0,0,1,0,0,696
88,90123,500,2,"poisson","fixed",0.000463388795306037,10,0.00463388795306037,2.31694397653019,0.01,2000,0.5,1,0,0,NA,0.629000000000019,7,0,1,NA,0,0,1,1,0,697
88,90123,500,2,"poisson","linesearch",0.000463388795306037,10,0.00463388795306037,2.31694397653019,0.01,2000,0.5,1,7,0,NA,3.16800000000001,70,1,0,0.00902671271034849,2,2,0,0,0,698
88,90123,500,2,"poisson","fixed",0.000463388795306037,5,0.00231694397653019,1.15847198826509,0.01,2000,0.5,1,0,0,NA,12.522,2000,0,0,392.48701238786,0,0,1,1,0,699
88,90123,500,2,"poisson","linesearch",0.000463388795306037,5,0.00231694397653019,1.15847198826509,0.01,2000,0.5,1,7,0,NA,2.82500000000002,70,1,0,0.00902671271034849,1,1,0,0,0,700
88,90123,500,2,"poisson","fixed",0.000463388795306037,1,0.000463388795306037,0.231694397653019,0.01,2000,0.5,1,0,0,NA,1.59899999999999,177,1,0,0.00987174528774858,0,0,1,1,0,701
88,90123,500,2,"poisson","linesearch",0.000463388795306037,1,0.000463388795306037,0.231694397653019,0.01,2000,0.5,1,7,0,NA,5.55100000000002,177,1,0,0.00987174528774858,0,0,1,0,0,702
88,90123,500,2,"poisson","fixed",0.000463388795306037,0.2,9.26777590612075e-05,0.0463388795306037,0.01,2000,0.5,1,0,0,NA,5.779,895,1,0,0.00993254022815734,0,0,1,1,0,703
88,90123,500,2,"poisson","linesearch",0.000463388795306037,0.2,9.26777590612075e-05,0.0463388795306037,0.01,2000,0.5,1,7,0,NA,21.44,895,1,0,0.00993254022815734,0,0,1,0,0,704
89,91123,500,2,"poisson","fixed",0.000423174119420749,10,0.00423174119420749,2.11587059710374,0.01,2000,0.5,1,0,0,NA,0.677000000000021,9,0,1,NA,0,0,1,1,0,705
89,91123,500,2,"poisson","linesearch",0.000423174119420749,10,0.00423174119420749,2.11587059710374,0.01,2000,0.5,1,7,0,NA,3.54500000000002,74,1,0,0.00918259753849385,2,2,0,0,0,706
89,91123,500,2,"poisson","fixed",0.000423174119420749,5,0.00211587059710374,1.05793529855187,0.01,2000,0.5,1,0,0,NA,12.492,2000,0,0,400.734468925452,0,0,1,1,0,707
89,91123,500,2,"poisson","linesearch",0.000423174119420749,5,0.00211587059710374,1.05793529855187,0.01,2000,0.5,1,7,0,NA,3.04300000000001,74,1,0,0.00918259753849385,1,1,0,0,0,708
89,91123,500,2,"poisson","fixed",0.000423174119420749,1,0.000423174119420749,0.211587059710374,0.01,2000,0.5,1,0,0,NA,1.71799999999999,187,1,0,0.00989727488977483,0,0,1,1,0,709
89,91123,500,2,"poisson","linesearch",0.000423174119420749,1,0.000423174119420749,0.211587059710374,0.01,2000,0.5,1,7,0,NA,5.84099999999998,187,1,0,0.00989727488977483,0,0,1,0,0,710
89,91123,500,2,"poisson","fixed",0.000423174119420749,0.2,8.46348238841498e-05,0.0423174119420749,0.01,2000,0.5,1,0,0,NA,6.279,944,1,0,0.00999226518436816,0,0,1,1,0,711
89,91123,500,2,"poisson","linesearch",0.000423174119420749,0.2,8.46348238841498e-05,0.0423174119420749,0.01,2000,0.5,1,7,0,NA,26.095,944,1,0,0.00999226518436816,0,0,1,0,0,712
90,92123,500,2,"poisson","fixed",0.000434245636016562,10,0.00434245636016562,2.17122818008281,0.01,2000,0.5,1,0,0,NA,0.662000000000006,9,0,1,NA,0,0,1,1,0,713
90,92123,500,2,"poisson","linesearch",0.000434245636016562,10,0.00434245636016562,2.17122818008281,0.01,2000,0.5,1,7,0,NA,3.21099999999998,68,1,0,0.00935200067252989,2,2,0,0,0,714
90,92123,500,2,"poisson","fixed",0.000434245636016562,5,0.00217122818008281,1.08561409004141,0.01,2000,0.5,1,0,0,NA,12.742,2000,0,0,927.469795855065,0,0,1,1,0,715
90,92123,500,2,"poisson","linesearch",0.000434245636016562,5,0.00217122818008281,1.08561409004141,0.01,2000,0.5,1,7,0,NA,3.547,68,1,0,0.00935200067252989,1,1,0,0,0,716
90,92123,500,2,"poisson","fixed",0.000434245636016562,1,0.000434245636016562,0.217122818008281,0.01,2000,0.5,1,0,0,NA,1.583,172,1,0,0.00994486006591383,0,0,1,1,0,717
90,92123,500,2,"poisson","linesearch",0.000434245636016562,1,0.000434245636016562,0.217122818008281,0.01,2000,0.5,1,7,0,NA,4.91800000000001,172,1,0,0.00994486006591383,0,0,1,0,0,718
90,92123,500,2,"poisson","fixed",0.000434245636016562,0.2,8.68491272033124e-05,0.0434245636016562,0.01,2000,0.5,1,0,0,NA,5.61499999999998,869,1,0,0.00996775407978717,0,0,1,1,0,719
90,92123,500,2,"poisson","linesearch",0.000434245636016562,0.2,8.68491272033124e-05,0.0434245636016562,0.01,2000,0.5,1,7,0,NA,22.529,869,1,0,0.00996775407978717,0,0,1,0,0,720
91,93123,500,2,"poisson","fixed",0.000433264834185822,10,0.00433264834185822,2.16632417092911,0.01,2000,0.5,1,0,0,NA,0.663000000000011,10,0,1,NA,0,0,1,1,0,721
91,93123,500,2,"poisson","linesearch",0.000433264834185822,10,0.00433264834185822,2.16632417092911,0.01,2000,0.5,1,7,0,NA,3.36600000000001,73,1,0,0.00937149932680897,2,2,0,0,0,722
91,93123,500,2,"poisson","fixed",0.000433264834185822,5,0.00216632417092911,1.08316208546455,0.01,2000,0.5,1,0,0,NA,13.194,2000,0,0,900.844415065265,0,0,1,1,0,723
91,93123,500,2,"poisson","linesearch",0.000433264834185822,5,0.00216632417092911,1.08316208546455,0.01,2000,0.5,1,7,0,NA,2.946,73,1,0,0.00937149932680897,1,1,0,0,0,724
91,93123,500,2,"poisson","fixed",0.000433264834185822,1,0.000433264834185822,0.216632417092911,0.01,2000,0.5,1,0,0,NA,1.72099999999998,186,1,0,0.00965578230053193,0,0,1,1,0,725
91,93123,500,2,"poisson","linesearch",0.000433264834185822,1,0.000433264834185822,0.216632417092911,0.01,2000,0.5,1,7,0,NA,5.11799999999999,186,1,0,0.00965578230053193,0,0,1,0,0,726
91,93123,500,2,"poisson","fixed",0.000433264834185822,0.2,8.66529668371644e-05,0.0433264834185822,0.01,2000,0.5,1,0,0,NA,6.339,937,1,0,0.00996911880283702,0,0,1,1,0,727
91,93123,500,2,"poisson","linesearch",0.000433264834185822,0.2,8.66529668371644e-05,0.0433264834185822,0.01,2000,0.5,1,7,0,NA,22.005,937,1,0,0.00996911880283702,0,0,1,0,0,728
92,94123,500,2,"poisson","fixed",0.000402734466630424,10,0.00402734466630424,2.01367233315212,0.01,2000,0.5,1,0,0,NA,0.695999999999998,10,0,1,NA,0,0,1,1,0,729
92,94123,500,2,"poisson","linesearch",0.000402734466630424,10,0.00402734466630424,2.01367233315212,0.01,2000,0.5,1,7,0,NA,3.64499999999998,76,1,0,0.00990753077431261,2,2,0,0,0,730
92,94123,500,2,"poisson","fixed",0.000402734466630424,5,0.00201367233315212,1.00683616657606,0.01,2000,0.5,1,0,0,NA,13.288,2000,0,0,462.247123700056,0,0,1,1,0,731
92,94123,500,2,"poisson","linesearch",0.000402734466630424,5,0.00201367233315212,1.00683616657606,0.01,2000,0.5,1,7,0,NA,3.44499999999999,76,1,0,0.00990753077431261,1,1,0,0,0,732
92,94123,500,2,"poisson","fixed",0.000402734466630424,1,0.000402734466630424,0.201367233315212,0.01,2000,0.5,1,0,0,NA,1.78800000000001,195,1,0,0.00965070570324,0,0,1,1,0,733
92,94123,500,2,"poisson","linesearch",0.000402734466630424,1,0.000402734466630424,0.201367233315212,0.01,2000,0.5,1,7,0,NA,5.64000000000001,195,1,0,0.00965070570324,0,0,1,0,0,734
92,94123,500,2,"poisson","fixed",0.000402734466630424,0.2,8.05468933260847e-05,0.0402734466630424,0.01,2000,0.5,1,0,0,NA,6.60999999999999,982,1,0,0.0099761207034289,0,0,1,1,0,735
92,94123,500,2,"poisson","linesearch",0.000402734466630424,0.2,8.05468933260847e-05,0.0402734466630424,0.01,2000,0.5,1,7,0,NA,28.847,982,1,0,0.0099761207034289,0,0,1,0,0,736
93,95123,500,2,"poisson","fixed",0.000435822625602187,10,0.00435822625602187,2.17911312801094,0.01,2000,0.5,1,0,0,NA,0.633999999999986,10,0,1,NA,0,0,1,1,0,737
93,95123,500,2,"poisson","linesearch",0.000435822625602187,10,0.00435822625602187,2.17911312801094,0.01,2000,0.5,1,7,0,NA,3.10900000000001,65,1,0,0.00933016207419983,2,2,0,0,0,738
93,95123,500,2,"poisson","fixed",0.000435822625602187,5,0.00217911312801094,1.08955656400547,0.01,2000,0.5,1,0,0,NA,12.357,2000,0,0,879.247309913681,0,0,1,1,0,739
93,95123,500,2,"poisson","linesearch",0.000435822625602187,5,0.00217911312801094,1.08955656400547,0.01,2000,0.5,1,7,0,NA,2.87199999999999,65,1,0,0.00933016207419983,1,1,0,0,0,740
93,95123,500,2,"poisson","fixed",0.000435822625602187,1,0.000435822625602187,0.217911312801094,0.01,2000,0.5,1,0,0,NA,1.56400000000002,165,1,0,0.00985560097826962,0,0,1,1,0,741
93,95123,500,2,"poisson","linesearch",0.000435822625602187,1,0.000435822625602187,0.217911312801094,0.01,2000,0.5,1,7,0,NA,4.86699999999999,165,1,0,0.00985560097826962,0,0,1,0,0,742
93,95123,500,2,"poisson","fixed",0.000435822625602187,0.2,8.71645251204375e-05,0.0435822625602187,0.01,2000,0.5,1,0,0,NA,5.41500000000002,834,1,0,0.00992438294811988,0,0,1,1,0,743
93,95123,500,2,"poisson","linesearch",0.000435822625602187,0.2,8.71645251204375e-05,0.0435822625602187,0.01,2000,0.5,1,7,0,NA,20.462,834,1,0,0.00992438294811988,0,0,1,0,0,744
94,96123,500,2,"poisson","fixed",0.000435106624094974,10,0.00435106624094974,2.17553312047487,0.01,2000,0.5,1,0,0,NA,0.693999999999988,10,0,1,NA,0,0,1,1,0,745
94,96123,500,2,"poisson","linesearch",0.000435106624094974,10,0.00435106624094974,2.17553312047487,0.01,2000,0.5,1,7,0,NA,3.726,74,1,0,0.00938933348171334,2,2,0,0,0,746
94,96123,500,2,"poisson","fixed",0.000435106624094974,5,0.00217553312047487,1.08776656023743,0.01,2000,0.5,1,0,0,NA,13.237,2000,0,0,975.627901514365,0,0,1,1,0,747
94,96123,500,2,"poisson","linesearch",0.000435106624094974,5,0.00217553312047487,1.08776656023743,0.01,2000,0.5,1,7,0,NA,3.03,74,1,0,0.00938933348171334,1,1,0,0,0,748
94,96123,500,2,"poisson","fixed",0.000435106624094974,1,0.000435106624094974,0.217553312047487,0.01,2000,0.5,1,0,0,NA,1.78899999999999,188,1,0,0.00980959033062845,0,0,1,1,0,749
94,96123,500,2,"poisson","linesearch",0.000435106624094974,1,0.000435106624094974,0.217553312047487,0.01,2000,0.5,1,7,0,NA,6.03200000000001,188,1,0,0.00980959033062845,0,0,1,0,0,750
94,96123,500,2,"poisson","fixed",0.000435106624094974,0.2,8.70213248189948e-05,0.0435106624094974,0.01,2000,0.5,1,0,0,NA,6.33700000000002,949,1,0,0.00993892384885847,0,0,1,1,0,751
94,96123,500,2,"poisson","linesearch",0.000435106624094974,0.2,8.70213248189948e-05,0.0435106624094974,0.01,2000,0.5,1,7,0,NA,25.166,949,1,0,0.00993892384885847,0,0,1,0,0,752
95,97123,500,2,"poisson","fixed",0.0004035751901235,10,0.004035751901235,2.0178759506175,0.01,2000,0.5,1,0,0,NA,0.685000000000002,10,0,1,NA,0,0,1,1,0,753
95,97123,500,2,"poisson","linesearch",0.0004035751901235,10,0.004035751901235,2.0178759506175,0.01,2000,0.5,1,7,0,NA,3.70399999999998,75,1,0,0.00911968551044656,2,2,0,0,0,754
95,97123,500,2,"poisson","fixed",0.0004035751901235,5,0.0020178759506175,1.00893797530875,0.01,2000,0.5,1,0,0,NA,12.419,2000,0,0,741.526441941465,0,0,1,1,0,755
95,97123,500,2,"poisson","linesearch",0.0004035751901235,5,0.0020178759506175,1.00893797530875,0.01,2000,0.5,1,7,0,NA,3.31300000000002,75,1,0,0.00911968551044656,1,1,0,0,0,756
95,97123,500,2,"poisson","fixed",0.0004035751901235,1,0.0004035751901235,0.20178759506175,0.01,2000,0.5,1,0,0,NA,1.69199999999998,190,1,0,0.00979988746328389,0,0,1,1,0,757
95,97123,500,2,"poisson","linesearch",0.0004035751901235,1,0.0004035751901235,0.20178759506175,0.01,2000,0.5,1,7,0,NA,5.238,190,1,0,0.00979988746328389,0,0,1,0,0,758
95,97123,500,2,"poisson","fixed",0.0004035751901235,0.2,8.07150380246999e-05,0.04035751901235,0.01,2000,0.5,1,0,0,NA,6.08099999999999,959,1,0,0.00997167155575707,0,0,1,1,0,759
95,97123,500,2,"poisson","linesearch",0.0004035751901235,0.2,8.07150380246999e-05,0.04035751901235,0.01,2000,0.5,1,7,0,NA,25.166,959,1,0,0.00997167155575707,0,0,1,0,0,760
96,98123,500,2,"poisson","fixed",0.000410485863892956,10,0.00410485863892956,2.05242931946478,0.01,2000,0.5,1,0,0,NA,0.638000000000005,10,0,1,NA,0,0,1,1,0,761
96,98123,500,2,"poisson","linesearch",0.000410485863892956,10,0.00410485863892956,2.05242931946478,0.01,2000,0.5,1,7,0,NA,3.91,80,1,0,0.00942144470857351,2,2,0,0,0,762
96,98123,500,2,"poisson","fixed",0.000410485863892956,5,0.00205242931946478,1.02621465973239,0.01,2000,0.5,1,0,0,NA,12.83,2000,0,0,589.427095752362,0,0,1,1,0,763
96,98123,500,2,"poisson","linesearch",0.000410485863892956,5,0.00205242931946478,1.02621465973239,0.01,2000,0.5,1,7,0,NA,4.517,80,1,0,0.00942144470857351,1,1,0,0,0,764
96,98123,500,2,"poisson","fixed",0.000410485863892956,1,0.000410485863892956,0.205242931946478,0.01,2000,0.5,1,0,0,NA,1.84,203,1,0,0.00984338084575676,0,0,1,1,0,765
96,98123,500,2,"poisson","linesearch",0.000410485863892956,1,0.000410485863892956,0.205242931946478,0.01,2000,0.5,1,7,0,NA,5.91200000000001,203,1,0,0.00984338084575676,0,0,1,0,0,766
96,98123,500,2,"poisson","fixed",0.000410485863892956,0.2,8.20971727785913e-05,0.0410485863892956,0.01,2000,0.5,1,0,0,NA,6.74299999999999,1024,1,0,0.0099818432179244,0,0,1,1,0,767
96,98123,500,2,"poisson","linesearch",0.000410485863892956,0.2,8.20971727785913e-05,0.0410485863892956,0.01,2000,0.5,1,7,0,NA,28.401,1024,1,0,0.0099818432179244,0,0,1,0,0,768
97,99123,500,2,"poisson","fixed",0.00044218517971072,10,0.0044218517971072,2.2109258985536,0.01,2000,0.5,1,0,0,NA,0.641999999999996,8,0,1,NA,0,0,1,1,0,769
97,99123,500,2,"poisson","linesearch",0.00044218517971072,10,0.0044218517971072,2.2109258985536,0.01,2000,0.5,1,7,0,NA,3.095,64,1,0,0.00991504320864822,2,2,0,0,0,770
97,99123,500,2,"poisson","fixed",0.00044218517971072,5,0.0022109258985536,1.1054629492768,0.01,2000,0.5,1,0,0,NA,12.51,2000,0,0,879.158502883335,0,0,1,1,0,771
97,99123,500,2,"poisson","linesearch",0.00044218517971072,5,0.0022109258985536,1.1054629492768,0.01,2000,0.5,1,7,0,NA,2.84799999999998,64,1,0,0.00991504320864822,1,1,0,0,0,772
97,99123,500,2,"poisson","fixed",0.00044218517971072,1,0.00044218517971072,0.22109258985536,0.01,2000,0.5,1,0,0,NA,1.56500000000003,164,1,0,0.00983783733089338,0,0,1,1,0,773
97,99123,500,2,"poisson","linesearch",0.00044218517971072,1,0.00044218517971072,0.22109258985536,0.01,2000,0.5,1,7,0,NA,4.74199999999999,164,1,0,0.00983783733089338,0,0,1,0,0,774
97,99123,500,2,"poisson","fixed",0.00044218517971072,0.2,8.8437035942144e-05,0.044218517971072,0.01,2000,0.5,1,0,0,NA,5.45400000000001,829,1,0,0.00992201360809686,0,0,1,1,0,775
97,99123,500,2,"poisson","linesearch",0.00044218517971072,0.2,8.8437035942144e-05,0.044218517971072,0.01,2000,0.5,1,7,0,NA,23.344,829,1,0,0.00992201360809686,0,0,1,0,0,776
98,100123,500,2,"poisson","fixed",0.000425671849444115,10,0.00425671849444115,2.12835924722057,0.01,2000,0.5,1,0,0,NA,0.611000000000018,6,0,1,NA,0,0,1,1,0,777
98,100123,500,2,"poisson","linesearch",0.000425671849444115,10,0.00425671849444115,2.12835924722057,0.01,2000,0.5,1,7,0,NA,3.25199999999998,66,1,0,0.00971608937001345,2,2,0,0,0,778
98,100123,500,2,"poisson","fixed",0.000425671849444115,5,0.00212835924722057,1.06417962361029,0.01,2000,0.5,1,0,0,NA,12.588,2000,0,0,892.063341959463,0,0,1,1,0,779
98,100123,500,2,"poisson","linesearch",0.000425671849444115,5,0.00212835924722057,1.06417962361029,0.01,2000,0.5,1,7,0,NA,2.773,66,1,0,0.00971608937001345,1,1,0,0,0,780
98,100123,500,2,"poisson","fixed",0.000425671849444115,1,0.000425671849444115,0.212835924722057,0.01,2000,0.5,1,0,0,NA,1.58000000000001,169,1,0,0.00966367343166996,0,0,1,1,0,781
98,100123,500,2,"poisson","linesearch",0.000425671849444115,1,0.000425671849444115,0.212835924722057,0.01,2000,0.5,1,7,0,NA,4.86000000000001,169,1,0,0.00966367343166996,0,0,1,0,0,782
98,100123,500,2,"poisson","fixed",0.000425671849444115,0.2,8.5134369888823e-05,0.0425671849444115,0.01,2000,0.5,1,0,0,NA,5.56899999999999,851,1,0,0.00999581338894373,0,0,1,1,0,783
98,100123,500,2,"poisson","linesearch",0.000425671849444115,0.2,8.5134369888823e-05,0.0425671849444115,0.01,2000,0.5,1,7,0,NA,21.638,851,1,0,0.00999581338894373,0,0,1,0,0,784
99,101123,500,2,"poisson","fixed",0.000441236513594668,10,0.00441236513594668,2.20618256797334,0.01,2000,0.5,1,0,0,NA,0.651999999999987,12,0,1,NA,0,0,1,1,0,785
99,101123,500,2,"poisson","linesearch",0.000441236513594668,10,0.00441236513594668,2.20618256797334,0.01,2000,0.5,1,7,0,NA,3.73400000000001,73,1,0,0.00941903013167861,2,2,0,0,0,786
99,101123,500,2,"poisson","fixed",0.000441236513594668,5,0.00220618256797334,1.10309128398667,0.01,2000,0.5,1,0,0,NA,13.727,2000,0,0,879.16397980079,0,0,1,1,0,787
99,101123,500,2,"poisson","linesearch",0.000441236513594668,5,0.00220618256797334,1.10309128398667,0.01,2000,0.5,1,7,0,NA,3.684,73,1,0,0.00941903013167861,1,1,0,0,0,788
99,101123,500,2,"poisson","fixed",0.000441236513594668,1,0.000441236513594668,0.220618256797334,0.01,2000,0.5,1,0,0,NA,1.828,186,1,0,0.00974512889660503,0,0,1,1,0,789
99,101123,500,2,"poisson","linesearch",0.000441236513594668,1,0.000441236513594668,0.220618256797334,0.01,2000,0.5,1,7,0,NA,6.56700000000001,186,1,0,0.00974512889660503,0,0,1,0,0,790
99,101123,500,2,"poisson","fixed",0.000441236513594668,0.2,8.82473027189337e-05,0.0441236513594668,0.01,2000,0.5,1,0,0,NA,6.696,939,1,0,0.00992649434853812,0,0,1,1,0,791
99,101123,500,2,"poisson","linesearch",0.000441236513594668,0.2,8.82473027189337e-05,0.0441236513594668,0.01,2000,0.5,1,7,0,NA,28.517,939,1,0,0.00992649434853812,0,0,1,0,0,792
100,102123,500,2,"poisson","fixed",0.000429958492641618,10,0.00429958492641618,2.14979246320809,0.01,2000,0.5,1,0,0,NA,0.62299999999999,7,0,1,NA,0,0,1,1,0,793
100,102123,500,2,"poisson","linesearch",0.000429958492641618,10,0.00429958492641618,2.14979246320809,0.01,2000,0.5,1,7,0,NA,3.20600000000002,74,1,0,0.00944608181873052,2,2,0,0,0,794
100,102123,500,2,"poisson","fixed",0.000429958492641618,5,0.00214979246320809,1.07489623160405,0.01,2000,0.5,1,0,0,NA,11.766,2000,0,0,938.019437241954,0,0,1,1,0,795
100,102123,500,2,"poisson","linesearch",0.000429958492641618,5,0.00214979246320809,1.07489623160405,0.01,2000,0.5,1,7,0,NA,2.864,74,1,0,0.00944608181873052,1,1,0,0,0,796
100,102123,500,2,"poisson","fixed",0.000429958492641618,1,0.000429958492641618,0.214979246320809,0.01,2000,0.5,1,0,0,NA,1.63899999999998,188,1,0,0.00987621210028666,0,0,1,1,0,797
100,102123,500,2,"poisson","linesearch",0.000429958492641618,1,0.000429958492641618,0.214979246320809,0.01,2000,0.5,1,7,0,NA,4.76499999999999,188,1,0,0.00987621210028666,0,0,1,0,0,798
100,102123,500,2,"poisson","fixed",0.000429958492641618,0.2,8.59916985283236e-05,0.0429958492641618,0.01,2000,0.5,1,0,0,NA,5.75300000000001,950,1,0,0.00993589874685674,0,0,1,1,0,799
100,102123,500,2,"poisson","linesearch",0.000429958492641618,0.2,8.59916985283236e-05,0.0429958492641618,0.01,2000,0.5,1,7,0,NA,20.922,950,1,0,0.00993589874685674,0,0,1,0,0,800
