"rep","seed","n","k","family","method","eta0","eta_mult","eta_init","eta_times_n","eps_grad","max_gd_steps","beta_ls","c_ls","Rprime","error","error_message","elapsed_sec","num_of_steps","converged","exploded","score_Y_max_abs","bt_mean","bt_max","bt_frac0","bt_frac_hit_cap","ls_fail_frac","record_id"
1,3123,2000,2,"gaussian","fixed",0.00025,10,0.0025,5,0.01,2000,0.5,1,0,0,NA,39.486,13,0,1,NA,0,0,1,1,0,1
1,3123,2000,2,"gaussian","linesearch",0.00025,10,0.0025,5,0.01,2000,0.5,1,8,0,NA,65.427,62,1,0,0.00954093784114501,3,3,0,0,0,2
1,3123,2000,2,"gaussian","fixed",0.00025,5,0.00125,2.5,0.01,2000,0.5,1,0,0,NA,38.719,18,0,1,NA,0,0,1,1,0,3
1,3123,2000,2,"gaussian","linesearch",0.00025,5,0.00125,2.5,0.01,2000,0.5,1,8,0,NA,59.777,62,1,0,0.00954093784114501,2,2,0,0,0,4
1,3123,2000,2,"gaussian","fixed",0.00025,1,0.00025,0.5,0.01,2000,0.5,1,0,0,NA,42.21,79,1,0,0.00894449146318665,0,0,1,1,0,5
1,3123,2000,2,"gaussian","linesearch",0.00025,1,0.00025,0.5,0.01,2000,0.5,1,8,0,NA,56.131,79,1,0,0.00894449146318665,0,0,1,0,0,6
1,3123,2000,2,"gaussian","fixed",0.00025,0.2,5e-05,0.1,0.01,2000,0.5,1,0,0,NA,65.389,406,1,0,0.00984672619974553,0,0,1,1,0,7
1,3123,2000,2,"gaussian","linesearch",0.00025,0.2,5e-05,0.1,0.01,2000,0.5,1,8,0,NA,142.428,406,1,0,0.00984672619974553,0,0,1,0,0,8
2,4123,2000,2,"gaussian","fixed",0.00025,10,0.0025,5,0.01,2000,0.5,1,0,0,NA,37.49,13,0,1,NA,0,0,1,1,0,9
2,4123,2000,2,"gaussian","linesearch",0.00025,10,0.0025,5,0.01,2000,0.5,1,8,0,NA,64.145,63,1,0,0.00859516159686002,3,3,0,0,0,10
2,4123,2000,2,"gaussian","fixed",0.00025,5,0.00125,2.5,0.01,2000,0.5,1,0,0,NA,38.922,18,0,1,NA,0,0,1,1,0,11
2,4123,2000,2,"gaussian","linesearch",0.00025,5,0.00125,2.5,0.01,2000,0.5,1,8,0,NA,59.525,63,1,0,0.00859516159686002,2,2,0,0,0,12
2,4123,2000,2,"gaussian","fixed",0.00025,1,0.00025,0.5,0.01,2000,0.5,1,0,0,NA,42.5,79,1,0,0.00941484031694428,0,0,1,1,0,13
2,4123,2000,2,"gaussian","linesearch",0.00025,1,0.00025,0.5,0.01,2000,0.5,1,8,0,NA,56.175,79,1,0,0.00941484031694428,0,0,1,0,0,14
2,4123,2000,2,"gaussian","fixed",0.00025,0.2,5e-05,0.1,0.01,2000,0.5,1,0,0,NA,64.146,408,1,0,0.00995484320435525,0,0,1,1,0,15
2,4123,2000,2,"gaussian","linesearch",0.00025,0.2,5e-05,0.1,0.01,2000,0.5,1,8,0,NA,124.15,408,1,0,0.00995484320435525,0,0,1,0,0,16
3,5123,2000,2,"gaussian","fixed",0.00025,10,0.0025,5,0.01,2000,0.5,1,0,0,NA,39.101,14,0,1,NA,0,0,1,1,0,17
3,5123,2000,2,"gaussian","linesearch",0.00025,10,0.0025,5,0.01,2000,0.5,1,8,0,NA,65.227,61,1,0,0.00974966683243088,3,3,0,0,0,18
3,5123,2000,2,"gaussian","fixed",0.00025,5,0.00125,2.5,0.01,2000,0.5,1,0,0,NA,38.899,18,0,1,NA,0,0,1,1,0,19
3,5123,2000,2,"gaussian","linesearch",0.00025,5,0.00125,2.5,0.01,2000,0.5,1,8,0,NA,61.49,61,1,0,0.00974966683243088,2,2,0,0,0,20
3,5123,2000,2,"gaussian","fixed",0.00025,1,0.00025,0.5,0.01,2000,0.5,1,0,0,NA,41.881,78,1,0,0.00886162168792444,0,0,1,1,0,21
3,5123,2000,2,"gaussian","linesearch",0.00025,1,0.00025,0.5,0.01,2000,0.5,1,8,0,NA,56.663,78,1,0,0.00886162168792444,0,0,1,0,0,22
3,5123,2000,2,"gaussian","fixed",0.00025,0.2,5e-05,0.1,0.01,2000,0.5,1,0,0,NA,65.133,401,1,0,0.00981312089553957,0,0,1,1,0,23
3,5123,2000,2,"gaussian","linesearch",0.00025,0.2,5e-05,0.1,0.01,2000,0.5,1,8,0,NA,137.135,401,1,0,0.00981312089553957,0,0,1,0,0,24
4,6123,2000,2,"gaussian","fixed",0.00025,10,0.0025,5,0.01,2000,0.5,1,0,0,NA,39.522,14,0,1,NA,0,0,1,1,0,25
4,6123,2000,2,"gaussian","linesearch",0.00025,10,0.0025,5,0.01,2000,0.5,1,8,0,NA,62.401,63,1,0,0.00906988794234977,3,3,0,0,0,26
4,6123,2000,2,"gaussian","fixed",0.00025,5,0.00125,2.5,0.01,2000,0.5,1,0,0,NA,38.668,18,0,1,NA,0,0,1,1,0,27
4,6123,2000,2,"gaussian","linesearch",0.00025,5,0.00125,2.5,0.01,2000,0.5,1,8,0,NA,59.999,63,1,0,0.00906988794234977,2,2,0,0,0,28
4,6123,2000,2,"gaussian","fixed",0.00025,1,0.00025,0.5,0.01,2000,0.5,1,0,0,NA,43.244,79,1,0,0.00995533474970373,0,0,1,1,0,29
4,6123,2000,2,"gaussian","linesearch",0.00025,1,0.00025,0.5,0.01,2000,0.5,1,8,0,NA,56.499,79,1,0,0.00995533474970373,0,0,1,0,0,30
4,6123,2000,2,"gaussian","fixed",0.00025,0.2,5e-05,0.1,0.01,2000,0.5,1,0,0,NA,63.349,411,1,0,0.00984959644340304,0,0,1,1,0,31
4,6123,2000,2,"gaussian","linesearch",0.00025,0.2,5e-05,0.1,0.01,2000,0.5,1,8,0,NA,140.884,411,1,0,0.00984959644340304,0,0,1,0,0,32
5,7123,2000,2,"gaussian","fixed",0.00025,10,0.0025,5,0.01,2000,0.5,1,0,0,NA,38.946,13,0,1,NA,0,0,1,1,0,33
5,7123,2000,2,"gaussian","linesearch",0.00025,10,0.0025,5,0.01,2000,0.5,1,8,0,NA,67.13,63,1,0,0.00958412771524511,3,3,0,0,0,34
5,7123,2000,2,"gaussian","fixed",0.00025,5,0.00125,2.5,0.01,2000,0.5,1,0,0,NA,38.934,18,0,1,NA,0,0,1,1,0,35
5,7123,2000,2,"gaussian","linesearch",0.00025,5,0.00125,2.5,0.01,2000,0.5,1,8,0,NA,61.85,63,1,0,0.00958412771524511,2,2,0,0,0,36
5,7123,2000,2,"gaussian","fixed",0.00025,1,0.00025,0.5,0.01,2000,0.5,1,0,0,NA,42.922,80,1,0,0.00930150280738265,0,0,1,1,0,37
5,7123,2000,2,"gaussian","linesearch",0.00025,1,0.00025,0.5,0.01,2000,0.5,1,8,0,NA,59.658,80,1,0,0.00930150280738265,0,0,1,0,0,38
5,7123,2000,2,"gaussian","fixed",0.00025,0.2,5e-05,0.1,0.01,2000,0.5,1,0,0,NA,63.022,413,1,0,0.00991744678943893,0,0,1,1,0,39
5,7123,2000,2,"gaussian","linesearch",0.00025,0.2,5e-05,0.1,0.01,2000,0.5,1,8,0,NA,134.733,413,1,0,0.00991744678943893,0,0,1,0,0,40
6,8123,2000,2,"gaussian","fixed",0.00025,10,0.0025,5,0.01,2000,0.5,1,0,0,NA,37.734,13,0,1,NA,0,0,1,1,0,41
6,8123,2000,2,"gaussian","linesearch",0.00025,10,0.0025,5,0.01,2000,0.5,1,8,0,NA,60.568,60,1,0,0.00944550144571218,3,3,0,0,0,42
6,8123,2000,2,"gaussian","fixed",0.00025,5,0.00125,2.5,0.01,2000,0.5,1,0,0,NA,37.374,17,0,1,NA,0,0,1,1,0,43
6,8123,2000,2,"gaussian","linesearch",0.00025,5,0.00125,2.5,0.01,2000,0.5,1,8,0,NA,55.333,60,1,0,0.00944550144571218,2,2,0,0,0,44
6,8123,2000,2,"gaussian","fixed",0.00025,1,0.00025,0.5,0.01,2000,0.5,1,0,0,NA,40.549,76,1,0,0.00938281903943797,0,0,1,1,0,45
6,8123,2000,2,"gaussian","linesearch",0.00025,1,0.00025,0.5,0.01,2000,0.5,1,8,0,NA,51.5530000000001,76,1,0,0.00938281903943797,0,0,1,0,0,46
6,8123,2000,2,"gaussian","fixed",0.00025,0.2,5e-05,0.1,0.01,2000,0.5,1,0,0,NA,60.745,393,1,0,0.00977553926509653,0,0,1,1,0,47
6,8123,2000,2,"gaussian","linesearch",0.00025,0.2,5e-05,0.1,0.01,2000,0.5,1,8,0,NA,133.316,393,1,0,0.00977553926509653,0,0,1,0,0,48
7,9123,2000,2,"gaussian","fixed",0.00025,10,0.0025,5,0.01,2000,0.5,1,0,0,NA,37.595,14,0,1,NA,0,0,1,1,0,49
7,9123,2000,2,"gaussian","linesearch",0.00025,10,0.0025,5,0.01,2000,0.5,1,8,0,NA,59.929,61,1,0,0.00859079211787106,3,3,0,0,0,50
7,9123,2000,2,"gaussian","fixed",0.00025,5,0.00125,2.5,0.01,2000,0.5,1,0,0,NA,37.773,19,0,1,NA,0,0,1,1,0,51
7,9123,2000,2,"gaussian","linesearch",0.00025,5,0.00125,2.5,0.01,2000,0.5,1,8,0,NA,55.909,61,1,0,0.00859079211787106,2,2,0,0,0,52
7,9123,2000,2,"gaussian","fixed",0.00025,1,0.00025,0.5,0.01,2000,0.5,1,0,0,NA,41.057,76,1,0,0.00993912779508566,0,0,1,1,0,53
7,9123,2000,2,"gaussian","linesearch",0.00025,1,0.00025,0.5,0.01,2000,0.5,1,8,0,NA,52.627,76,1,0,0.00993912779508566,0,0,1,0,0,54
7,9123,2000,2,"gaussian","fixed",0.00025,0.2,5e-05,0.1,0.01,2000,0.5,1,0,0,NA,61.475,395,1,0,0.00983837951322464,0,0,1,1,0,55
7,9123,2000,2,"gaussian","linesearch",0.00025,0.2,5e-05,0.1,0.01,2000,0.5,1,8,0,NA,130.958,395,1,0,0.00983837951322464,0,0,1,0,0,56
8,10123,2000,2,"gaussian","fixed",0.00025,10,0.0025,5,0.01,2000,0.5,1,0,0,NA,37.647,13,0,1,NA,0,0,1,1,0,57
8,10123,2000,2,"gaussian","linesearch",0.00025,10,0.0025,5,0.01,2000,0.5,1,8,0,NA,59.429,60,1,0,0.00984032230087807,3,3,0,0,0,58
8,10123,2000,2,"gaussian","fixed",0.00025,5,0.00125,2.5,0.01,2000,0.5,1,0,0,NA,37.357,18,0,1,NA,0,0,1,1,0,59
8,10123,2000,2,"gaussian","linesearch",0.00025,5,0.00125,2.5,0.01,2000,0.5,1,8,0,NA,53.929,60,1,0,0.00984032230087807,2,2,0,0,0,60
8,10123,2000,2,"gaussian","fixed",0.00025,1,0.00025,0.5,0.01,2000,0.5,1,0,0,NA,40.465,76,1,0,0.00980497534339841,0,0,1,1,0,61
8,10123,2000,2,"gaussian","linesearch",0.00025,1,0.00025,0.5,0.01,2000,0.5,1,8,0,NA,51.099,76,1,0,0.00980497534339841,0,0,1,0,0,62
8,10123,2000,2,"gaussian","fixed",0.00025,0.2,5e-05,0.1,0.01,2000,0.5,1,0,0,NA,59.732,395,1,0,0.0098374936257075,0,0,1,1,0,63
8,10123,2000,2,"gaussian","linesearch",0.00025,0.2,5e-05,0.1,0.01,2000,0.5,1,8,0,NA,131.024,395,1,0,0.0098374936257075,0,0,1,0,0,64
9,11123,2000,2,"gaussian","fixed",0.00025,10,0.0025,5,0.01,2000,0.5,1,0,0,NA,38.86,13,0,1,NA,0,0,1,1,0,65
9,11123,2000,2,"gaussian","linesearch",0.00025,10,0.0025,5,0.01,2000,0.5,1,8,0,NA,61.204,62,1,0,0.00952637389727123,3,3,0,0,0,66
9,11123,2000,2,"gaussian","fixed",0.00025,5,0.00125,2.5,0.01,2000,0.5,1,0,0,NA,37.497,18,0,1,NA,0,0,1,1,0,67
9,11123,2000,2,"gaussian","linesearch",0.00025,5,0.00125,2.5,0.01,2000,0.5,1,8,0,NA,56.536,62,1,0,0.00952637389727123,2,2,0,0,0,68
9,11123,2000,2,"gaussian","fixed",0.00025,1,0.00025,0.5,0.01,2000,0.5,1,0,0,NA,40.418,79,1,0,0.00895976557915873,0,0,1,1,0,69
9,11123,2000,2,"gaussian","linesearch",0.00025,1,0.00025,0.5,0.01,2000,0.5,1,8,0,NA,53.818,79,1,0,0.00895976557915873,0,0,1,0,0,70
9,11123,2000,2,"gaussian","fixed",0.00025,0.2,5e-05,0.1,0.01,2000,0.5,1,0,0,NA,59.955,407,1,0,0.00980657319457551,0,0,1,1,0,71
9,11123,2000,2,"gaussian","linesearch",0.00025,0.2,5e-05,0.1,0.01,2000,0.5,1,8,0,NA,132.481,407,1,0,0.00980657319457551,0,0,1,0,0,72
10,12123,2000,2,"gaussian","fixed",0.00025,10,0.0025,5,0.01,2000,0.5,1,0,0,NA,37.889,14,0,1,NA,0,0,1,1,0,73
10,12123,2000,2,"gaussian","linesearch",0.00025,10,0.0025,5,0.01,2000,0.5,1,8,0,NA,61.638,62,1,0,0.00900169432384108,3,3,0,0,0,74
10,12123,2000,2,"gaussian","fixed",0.00025,5,0.00125,2.5,0.01,2000,0.5,1,0,0,NA,38.283,19,0,1,NA,0,0,1,1,0,75
10,12123,2000,2,"gaussian","linesearch",0.00025,5,0.00125,2.5,0.01,2000,0.5,1,8,0,NA,57.769,62,1,0,0.00900169432384108,2,2,0,0,0,76
10,12123,2000,2,"gaussian","fixed",0.00025,1,0.00025,0.5,0.01,2000,0.5,1,0,0,NA,41.634,78,1,0,0.00954720755186017,0,0,1,1,0,77
10,12123,2000,2,"gaussian","linesearch",0.00025,1,0.00025,0.5,0.01,2000,0.5,1,8,0,NA,53.169,78,1,0,0.00954720755186017,0,0,1,0,0,78
10,12123,2000,2,"gaussian","fixed",0.00025,0.2,5e-05,0.1,0.01,2000,0.5,1,0,0,NA,61.21,404,1,0,0.00982370644508927,0,0,1,1,0,79
10,12123,2000,2,"gaussian","linesearch",0.00025,0.2,5e-05,0.1,0.01,2000,0.5,1,8,0,NA,136,404,1,0,0.00982370644508927,0,0,1,0,0,80
11,13123,2000,2,"gaussian","fixed",0.00025,10,0.0025,5,0.01,2000,0.5,1,0,0,NA,38.223,14,0,1,NA,0,0,1,1,0,81
11,13123,2000,2,"gaussian","linesearch",0.00025,10,0.0025,5,0.01,2000,0.5,1,8,0,NA,64.551,62,1,0,0.00973756494075753,3,3,0,0,0,82
11,13123,2000,2,"gaussian","fixed",0.00025,5,0.00125,2.5,0.01,2000,0.5,1,0,0,NA,39.177,19,0,1,NA,0,0,1,1,0,83
11,13123,2000,2,"gaussian","linesearch",0.00025,5,0.00125,2.5,0.01,2000,0.5,1,8,0,NA,60.454,62,1,0,0.00973756494075753,2,2,0,0,0,84
11,13123,2000,2,"gaussian","fixed",0.00025,1,0.00025,0.5,0.01,2000,0.5,1,0,0,NA,41.352,79,1,0,0.00914086716145343,0,0,1,1,0,85
11,13123,2000,2,"gaussian","linesearch",0.00025,1,0.00025,0.5,0.01,2000,0.5,1,8,0,NA,56.266,79,1,0,0.00914086716145343,0,0,1,0,0,86
11,13123,2000,2,"gaussian","fixed",0.00025,0.2,5e-05,0.1,0.01,2000,0.5,1,0,0,NA,66.111,407,1,0,0.00989343602070619,0,0,1,1,0,87
11,13123,2000,2,"gaussian","linesearch",0.00025,0.2,5e-05,0.1,0.01,2000,0.5,1,8,0,NA,143.031,407,1,0,0.00989343602070619,0,0,1,0,0,88
12,14123,2000,2,"gaussian","fixed",0.00025,10,0.0025,5,0.01,2000,0.5,1,0,0,NA,38.166,14,0,1,NA,0,0,1,1,0,89
12,14123,2000,2,"gaussian","linesearch",0.00025,10,0.0025,5,0.01,2000,0.5,1,8,0,NA,62.231,62,1,0,0.00868371545950072,3,3,0,0,0,90
12,14123,2000,2,"gaussian","fixed",0.00025,5,0.00125,2.5,0.01,2000,0.5,1,0,0,NA,38.099,19,0,1,NA,0,0,1,1,0,91
12,14123,2000,2,"gaussian","linesearch",0.00025,5,0.00125,2.5,0.01,2000,0.5,1,8,0,NA,57.356,62,1,0,0.00868371545950072,2,2,0,0,0,92
12,14123,2000,2,"gaussian","fixed",0.00025,1,0.00025,0.5,0.01,2000,0.5,1,0,0,NA,41.51,78,1,0,0.00922081943681952,0,0,1,1,0,93
12,14123,2000,2,"gaussian","linesearch",0.00025,1,0.00025,0.5,0.01,2000,0.5,1,8,0,NA,52.799,78,1,0,0.00922081943681952,0,0,1,0,0,94
12,14123,2000,2,"gaussian","fixed",0.00025,0.2,5e-05,0.1,0.01,2000,0.5,1,0,0,NA,60.727,402,1,0,0.00996314530170776,0,0,1,1,0,95
12,14123,2000,2,"gaussian","linesearch",0.00025,0.2,5e-05,0.1,0.01,2000,0.5,1,8,0,NA,142.11,402,1,0,0.00996314530170776,0,0,1,0,0,96
13,15123,2000,2,"gaussian","fixed",0.00025,10,0.0025,5,0.01,2000,0.5,1,0,0,NA,37.931,14,0,1,NA,0,0,1,1,0,97
13,15123,2000,2,"gaussian","linesearch",0.00025,10,0.0025,5,0.01,2000,0.5,1,8,0,NA,64.178,62,1,0,0.00865884736450827,3,3,0,0,0,98
13,15123,2000,2,"gaussian","fixed",0.00025,5,0.00125,2.5,0.01,2000,0.5,1,0,0,NA,38.892,18,0,1,NA,0,0,1,1,0,99
13,15123,2000,2,"gaussian","linesearch",0.00025,5,0.00125,2.5,0.01,2000,0.5,1,8,0,NA,60.277,62,1,0,0.00865884736450827,2,2,0,0,0,100
13,15123,2000,2,"gaussian","fixed",0.00025,1,0.00025,0.5,0.01,2000,0.5,1,0,0,NA,43.048,78,1,0,0.00921447549084185,0,0,1,1,0,101
13,15123,2000,2,"gaussian","linesearch",0.00025,1,0.00025,0.5,0.01,2000,0.5,1,8,0,NA,55.388,78,1,0,0.00921447549084185,0,0,1,0,0,102
13,15123,2000,2,"gaussian","fixed",0.00025,0.2,5e-05,0.1,0.01,2000,0.5,1,0,0,NA,60.986,403,1,0,0.00977732773135311,0,0,1,1,0,103
13,15123,2000,2,"gaussian","linesearch",0.00025,0.2,5e-05,0.1,0.01,2000,0.5,1,8,0,NA,133.718,403,1,0,0.00977732773135311,0,0,1,0,0,104
14,16123,2000,2,"gaussian","fixed",0.00025,10,0.0025,5,0.01,2000,0.5,1,0,0,NA,39.782,14,0,1,NA,0,0,1,1,0,105
14,16123,2000,2,"gaussian","linesearch",0.00025,10,0.0025,5,0.01,2000,0.5,1,8,0,NA,64.734,61,1,0,0.00994866654077953,3,3,0,0,0,106
14,16123,2000,2,"gaussian","fixed",0.00025,5,0.00125,2.5,0.01,2000,0.5,1,0,0,NA,38.713,19,0,1,NA,0,0,1,1,0,107
14,16123,2000,2,"gaussian","linesearch",0.00025,5,0.00125,2.5,0.01,2000,0.5,1,8,0,NA,60.209,61,1,0,0.00994866654077953,2,2,0,0,0,108
14,16123,2000,2,"gaussian","fixed",0.00025,1,0.00025,0.5,0.01,2000,0.5,1,0,0,NA,42.951,78,1,0,0.00902892145344381,0,0,1,1,0,109
14,16123,2000,2,"gaussian","linesearch",0.00025,1,0.00025,0.5,0.01,2000,0.5,1,8,0,NA,53.991,78,1,0,0.00902892145344381,0,0,1,0,0,110
14,16123,2000,2,"gaussian","fixed",0.00025,0.2,5e-05,0.1,0.01,2000,0.5,1,0,0,NA,65.132,401,1,0,0.00988753359105754,0,0,1,1,0,111
14,16123,2000,2,"gaussian","linesearch",0.00025,0.2,5e-05,0.1,0.01,2000,0.5,1,8,0,NA,139.614,401,1,0,0.00988753359105754,0,0,1,0,0,112
15,17123,2000,2,"gaussian","fixed",0.00025,10,0.0025,5,0.01,2000,0.5,1,0,0,NA,38.543,13,0,1,NA,0,0,1,1,0,113
15,17123,2000,2,"gaussian","linesearch",0.00025,10,0.0025,5,0.01,2000,0.5,1,8,0,NA,65.088,63,1,0,0.00878360753499841,3,3,0,0,0,114
15,17123,2000,2,"gaussian","fixed",0.00025,5,0.00125,2.5,0.01,2000,0.5,1,0,0,NA,38.827,18,0,1,NA,0,0,1,1,0,115
15,17123,2000,2,"gaussian","linesearch",0.00025,5,0.00125,2.5,0.01,2000,0.5,1,8,0,NA,58.804,63,1,0,0.00878360753499841,2,2,0,0,0,116
15,17123,2000,2,"gaussian","fixed",0.00025,1,0.00025,0.5,0.01,2000,0.5,1,0,0,NA,42.112,79,1,0,0.00961016105723578,0,0,1,1,0,117
15,17123,2000,2,"gaussian","linesearch",0.00025,1,0.00025,0.5,0.01,2000,0.5,1,8,0,NA,54.459,79,1,0,0.00961016105723578,0,0,1,0,0,118
15,17123,2000,2,"gaussian","fixed",0.00025,0.2,5e-05,0.1,0.01,2000,0.5,1,0,0,NA,64.4,409,1,0,0.00990308719834943,0,0,1,1,0,119
15,17123,2000,2,"gaussian","linesearch",0.00025,0.2,5e-05,0.1,0.01,2000,0.5,1,8,0,NA,142.458,409,1,0,0.00990308719834943,0,0,1,0,0,120
16,18123,2000,2,"gaussian","fixed",0.00025,10,0.0025,5,0.01,2000,0.5,1,0,0,NA,37.391,14,0,1,NA,0,0,1,1,0,121
16,18123,2000,2,"gaussian","linesearch",0.00025,10,0.0025,5,0.01,2000,0.5,1,8,0,NA,60.511,62,1,0,0.00901912410179673,3,3,0,0,0,122
16,18123,2000,2,"gaussian","fixed",0.00025,5,0.00125,2.5,0.01,2000,0.5,1,0,0,NA,37.756,18,0,1,NA,0,0,1,1,0,123
16,18123,2000,2,"gaussian","linesearch",0.00025,5,0.00125,2.5,0.01,2000,0.5,1,8,0,NA,56.081,62,1,0,0.00901912410179673,2,2,0,0,0,124
16,18123,2000,2,"gaussian","fixed",0.00025,1,0.00025,0.5,0.01,2000,0.5,1,0,0,NA,40.417,78,1,0,0.00956348175399557,0,0,1,1,0,125
16,18123,2000,2,"gaussian","linesearch",0.00025,1,0.00025,0.5,0.01,2000,0.5,1,8,0,NA,52.834,78,1,0,0.00956348175399557,0,0,1,0,0,126
16,18123,2000,2,"gaussian","fixed",0.00025,0.2,5e-05,0.1,0.01,2000,0.5,1,0,0,NA,58.861,404,1,0,0.00982771218578793,0,0,1,1,0,127
16,18123,2000,2,"gaussian","linesearch",0.00025,0.2,5e-05,0.1,0.01,2000,0.5,1,8,0,NA,140.564,404,1,0,0.00982771218578793,0,0,1,0,0,128
17,19123,2000,2,"gaussian","fixed",0.00025,10,0.0025,5,0.01,2000,0.5,1,0,0,NA,39.082,14,0,1,NA,0,0,1,1,0,129
17,19123,2000,2,"gaussian","linesearch",0.00025,10,0.0025,5,0.01,2000,0.5,1,8,0,NA,64.033,61,1,0,0.00884582556556462,3,3,0,0,0,130
17,19123,2000,2,"gaussian","fixed",0.00025,5,0.00125,2.5,0.01,2000,0.5,1,0,0,NA,38.958,19,0,1,NA,0,0,1,1,0,131
17,19123,2000,2,"gaussian","linesearch",0.00025,5,0.00125,2.5,0.01,2000,0.5,1,8,0,NA,59.802,61,1,0,0.00884582556556462,2,2,0,0,0,132
17,19123,2000,2,"gaussian","fixed",0.00025,1,0.00025,0.5,0.01,2000,0.5,1,0,0,NA,42.934,77,1,0,0.0091070735121298,0,0,1,1,0,133
17,19123,2000,2,"gaussian","linesearch",0.00025,1,0.00025,0.5,0.01,2000,0.5,1,8,0,NA,56.378,77,1,0,0.0091070735121298,0,0,1,0,0,134
17,19123,2000,2,"gaussian","fixed",0.00025,0.2,5e-05,0.1,0.01,2000,0.5,1,0,0,NA,61.188,397,1,0,0.00984742214160039,0,0,1,1,0,135
17,19123,2000,2,"gaussian","linesearch",0.00025,0.2,5e-05,0.1,0.01,2000,0.5,1,8,0,NA,135.645,397,1,0,0.00984742214160039,0,0,1,0,0,136
18,20123,2000,2,"gaussian","fixed",0.00025,10,0.0025,5,0.01,2000,0.5,1,0,0,NA,39.623,13,0,1,NA,0,0,1,1,0,137
18,20123,2000,2,"gaussian","linesearch",0.00025,10,0.0025,5,0.01,2000,0.5,1,8,0,NA,64.698,61,1,0,0.00866954628265182,3,3,0,0,0,138
18,20123,2000,2,"gaussian","fixed",0.00025,5,0.00125,2.5,0.01,2000,0.5,1,0,0,NA,38.755,18,0,1,NA,0,0,1,1,0,139
18,20123,2000,2,"gaussian","linesearch",0.00025,5,0.00125,2.5,0.01,2000,0.5,1,8,0,NA,59.406,61,1,0,0.00866954628265182,2,2,0,0,0,140
18,20123,2000,2,"gaussian","fixed",0.00025,1,0.00025,0.5,0.01,2000,0.5,1,0,0,NA,42.622,77,1,0,0.00892175637946968,0,0,1,1,0,141
18,20123,2000,2,"gaussian","linesearch",0.00025,1,0.00025,0.5,0.01,2000,0.5,1,8,0,NA,56.017,77,1,0,0.00892175637946968,0,0,1,0,0,142
18,20123,2000,2,"gaussian","fixed",0.00025,0.2,5e-05,0.1,0.01,2000,0.5,1,0,0,NA,61.518,396,1,0,0.00986245636503802,0,0,1,1,0,143
18,20123,2000,2,"gaussian","linesearch",0.00025,0.2,5e-05,0.1,0.01,2000,0.5,1,8,0,NA,131.051,396,1,0,0.00986245636503802,0,0,1,0,0,144
19,21123,2000,2,"gaussian","fixed",0.00025,10,0.0025,5,0.01,2000,0.5,1,0,0,NA,39.123,14,0,1,NA,0,0,1,1,0,145
19,21123,2000,2,"gaussian","linesearch",0.00025,10,0.0025,5,0.01,2000,0.5,1,8,0,NA,60.631,62,1,0,0.00994451154896565,3,3,0,0,0,146
19,21123,2000,2,"gaussian","fixed",0.00025,5,0.00125,2.5,0.01,2000,0.5,1,0,0,NA,37.464,19,0,1,Inf,0,0,1,1,0,147
19,21123,2000,2,"gaussian","linesearch",0.00025,5,0.00125,2.5,0.01,2000,0.5,1,8,0,NA,55.141,62,1,0,0.00994451154896565,2,2,0,0,0,148
19,21123,2000,2,"gaussian","fixed",0.00025,1,0.00025,0.5,0.01,2000,0.5,1,0,0,NA,40.5,79,1,0,0.00933655743151077,0,0,1,1,0,149
19,21123,2000,2,"gaussian","linesearch",0.00025,1,0.00025,0.5,0.01,2000,0.5,1,8,0,NA,51.229,79,1,0,0.00933655743151077,0,0,1,0,0,150
19,21123,2000,2,"gaussian","fixed",0.00025,0.2,5e-05,0.1,0.01,2000,0.5,1,0,0,NA,59.189,408,1,0,0.0098853445456644,0,0,1,1,0,151
19,21123,2000,2,"gaussian","linesearch",0.00025,0.2,5e-05,0.1,0.01,2000,0.5,1,8,0,NA,129.243,408,1,0,0.0098853445456644,0,0,1,0,0,152
20,22123,2000,2,"gaussian","fixed",0.00025,10,0.0025,5,0.01,2000,0.5,1,0,0,NA,39.448,14,0,1,NA,0,0,1,1,0,153
20,22123,2000,2,"gaussian","linesearch",0.00025,10,0.0025,5,0.01,2000,0.5,1,8,0,NA,64.586,62,1,0,0.00853964105407913,3,3,0,0,0,154
20,22123,2000,2,"gaussian","fixed",0.00025,5,0.00125,2.5,0.01,2000,0.5,1,0,0,NA,38.748,18,0,1,NA,0,0,1,1,0,155
20,22123,2000,2,"gaussian","linesearch",0.00025,5,0.00125,2.5,0.01,2000,0.5,1,8,0,NA,59.852,62,1,0,0.00853964105407913,2,2,0,0,0,156
20,22123,2000,2,"gaussian","fixed",0.00025,1,0.00025,0.5,0.01,2000,0.5,1,0,0,NA,42.599,78,1,0,0.00910525964252285,0,0,1,1,0,157
20,22123,2000,2,"gaussian","linesearch",0.00025,1,0.00025,0.5,0.01,2000,0.5,1,8,0,NA,56.863,78,1,0,0.00910525964252285,0,0,1,0,0,158
20,22123,2000,2,"gaussian","fixed",0.00025,0.2,5e-05,0.1,0.01,2000,0.5,1,0,0,NA,64.194,402,1,0,0.00993759372660968,0,0,1,1,0,159
20,22123,2000,2,"gaussian","linesearch",0.00025,0.2,5e-05,0.1,0.01,2000,0.5,1,8,0,NA,135.81,402,1,0,0.00993759372660968,0,0,1,0,0,160
21,23123,2000,2,"gaussian","fixed",0.00025,10,0.0025,5,0.01,2000,0.5,1,0,0,NA,39.149,14,0,1,NA,0,0,1,1,0,161
21,23123,2000,2,"gaussian","linesearch",0.00025,10,0.0025,5,0.01,2000,0.5,1,8,0,NA,63.534,59,1,0,0.00998323415587676,3,3,0,0,0,162
21,23123,2000,2,"gaussian","fixed",0.00025,5,0.00125,2.5,0.01,2000,0.5,1,0,0,NA,38.919,20,0,1,NA,0,0,1,1,0,163
21,23123,2000,2,"gaussian","linesearch",0.00025,5,0.00125,2.5,0.01,2000,0.5,1,8,0,NA,59.061,59,1,0,0.00998323415587676,2,2,0,0,0,164
21,23123,2000,2,"gaussian","fixed",0.00025,1,0.00025,0.5,0.01,2000,0.5,1,0,0,NA,42.119,75,1,0,0.00959643290959644,0,0,1,1,0,165
21,23123,2000,2,"gaussian","linesearch",0.00025,1,0.00025,0.5,0.01,2000,0.5,1,8,0,NA,55.208,75,1,0,0.00959643290959644,0,0,1,0,0,166
21,23123,2000,2,"gaussian","fixed",0.00025,0.2,5e-05,0.1,0.01,2000,0.5,1,0,0,NA,62.837,388,1,0,0.00998114557938523,0,0,1,1,0,167
21,23123,2000,2,"gaussian","linesearch",0.00025,0.2,5e-05,0.1,0.01,2000,0.5,1,8,0,NA,130.658,388,1,0,0.00998114557938523,0,0,1,0,0,168
22,24123,2000,2,"gaussian","fixed",0.00025,10,0.0025,5,0.01,2000,0.5,1,0,0,NA,38.924,13,0,1,NA,0,0,1,1,0,169
22,24123,2000,2,"gaussian","linesearch",0.00025,10,0.0025,5,0.01,2000,0.5,1,8,0,NA,65.167,63,1,0,0.0091623890924003,3,3,0,0,0,170
22,24123,2000,2,"gaussian","fixed",0.00025,5,0.00125,2.5,0.01,2000,0.5,1,0,0,NA,38.892,18,0,1,NA,0,0,1,1,0,171
22,24123,2000,2,"gaussian","linesearch",0.00025,5,0.00125,2.5,0.01,2000,0.5,1,8,0,NA,61.021,63,1,0,0.0091623890924003,2,2,0,0,0,172
22,24123,2000,2,"gaussian","fixed",0.00025,1,0.00025,0.5,0.01,2000,0.5,1,0,0,NA,42.49,80,1,0,0.00890562467819411,0,0,1,1,0,173
22,24123,2000,2,"gaussian","linesearch",0.00025,1,0.00025,0.5,0.01,2000,0.5,1,8,0,NA,57.742,80,1,0,0.00890562467819411,0,0,1,0,0,174
22,24123,2000,2,"gaussian","fixed",0.00025,0.2,5e-05,0.1,0.01,2000,0.5,1,0,0,NA,64.366,412,1,0,0.00977866180641895,0,0,1,1,0,175
22,24123,2000,2,"gaussian","linesearch",0.00025,0.2,5e-05,0.1,0.01,2000,0.5,1,8,0,NA,130.082,412,1,0,0.00977866180641895,0,0,1,0,0,176
23,25123,2000,2,"gaussian","fixed",0.00025,10,0.0025,5,0.01,2000,0.5,1,0,0,NA,39.671,14,0,1,NA,0,0,1,1,0,177
23,25123,2000,2,"gaussian","linesearch",0.00025,10,0.0025,5,0.01,2000,0.5,1,8,0,NA,65.87,62,1,0,0.00859976854484669,3,3,0,0,0,178
23,25123,2000,2,"gaussian","fixed",0.00025,5,0.00125,2.5,0.01,2000,0.5,1,0,0,NA,38.775,19,0,1,NA,0,0,1,1,0,179
23,25123,2000,2,"gaussian","linesearch",0.00025,5,0.00125,2.5,0.01,2000,0.5,1,8,0,NA,59.508,62,1,0,0.00859976854484669,2,2,0,0,0,180
23,25123,2000,2,"gaussian","fixed",0.00025,1,0.00025,0.5,0.01,2000,0.5,1,0,0,NA,43.102,78,1,0,0.00915675188646579,0,0,1,1,0,181
23,25123,2000,2,"gaussian","linesearch",0.00025,1,0.00025,0.5,0.01,2000,0.5,1,8,0,NA,56.962,78,1,0,0.00915675188646579,0,0,1,0,0,182
23,25123,2000,2,"gaussian","fixed",0.00025,0.2,5e-05,0.1,0.01,2000,0.5,1,0,0,NA,64.371,402,1,0,0.00996300917224965,0,0,1,1,0,183
23,25123,2000,2,"gaussian","linesearch",0.00025,0.2,5e-05,0.1,0.01,2000,0.5,1,8,0,NA,141.719,402,1,0,0.00996300917224965,0,0,1,0,0,184
24,26123,2000,2,"gaussian","fixed",0.00025,10,0.0025,5,0.01,2000,0.5,1,0,0,NA,38.838,13,0,1,Inf,0,0,1,1,0,185
24,26123,2000,2,"gaussian","linesearch",0.00025,10,0.0025,5,0.01,2000,0.5,1,8,0,NA,65.493,62,1,0,0.00985820749305932,3,3,0,0,0,186
24,26123,2000,2,"gaussian","fixed",0.00025,5,0.00125,2.5,0.01,2000,0.5,1,0,0,NA,39.283,18,0,1,NA,0,0,1,1,0,187
24,26123,2000,2,"gaussian","linesearch",0.00025,5,0.00125,2.5,0.01,2000,0.5,1,8,0,NA,60.787,62,1,0,0.00985820749305932,2,2,0,0,0,188
24,26123,2000,2,"gaussian","fixed",0.00025,1,0.00025,0.5,0.01,2000,0.5,1,0,0,NA,42.663,79,1,0,0.00925563018738651,0,0,1,1,0,189
24,26123,2000,2,"gaussian","linesearch",0.00025,1,0.00025,0.5,0.01,2000,0.5,1,8,0,NA,57.908,79,1,0,0.00925563018738651,0,0,1,0,0,190
24,26123,2000,2,"gaussian","fixed",0.00025,0.2,5e-05,0.1,0.01,2000,0.5,1,0,0,NA,66.444,408,1,0,0.00979475914054917,0,0,1,1,0,191
24,26123,2000,2,"gaussian","linesearch",0.00025,0.2,5e-05,0.1,0.01,2000,0.5,1,8,0,NA,140.039,408,1,0,0.00979475914054917,0,0,1,0,0,192
25,27123,2000,2,"gaussian","fixed",0.00025,10,0.0025,5,0.01,2000,0.5,1,0,0,NA,38.614,14,0,1,NA,0,0,1,1,0,193
25,27123,2000,2,"gaussian","linesearch",0.00025,10,0.0025,5,0.01,2000,0.5,1,8,0,NA,62.527,62,1,0,0.00958843415948847,3,3,0,0,0,194
25,27123,2000,2,"gaussian","fixed",0.00025,5,0.00125,2.5,0.01,2000,0.5,1,0,0,NA,37.956,18,0,1,NA,0,0,1,1,0,195
25,27123,2000,2,"gaussian","linesearch",0.00025,5,0.00125,2.5,0.01,2000,0.5,1,8,0,NA,59.454,62,1,0,0.00958843415948847,2,2,0,0,0,196
25,27123,2000,2,"gaussian","fixed",0.00025,1,0.00025,0.5,0.01,2000,0.5,1,0,0,NA,42.214,79,1,0,0.00901119194350918,0,0,1,1,0,197
25,27123,2000,2,"gaussian","linesearch",0.00025,1,0.00025,0.5,0.01,2000,0.5,1,8,0,NA,57.36,79,1,0,0.00901119194350918,0,0,1,0,0,198
25,27123,2000,2,"gaussian","fixed",0.00025,0.2,5e-05,0.1,0.01,2000,0.5,1,0,0,NA,66.497,407,1,0,0.00982268134367781,0,0,1,1,0,199
25,27123,2000,2,"gaussian","linesearch",0.00025,0.2,5e-05,0.1,0.01,2000,0.5,1,8,0,NA,151.43,407,1,0,0.00982268134367781,0,0,1,0,0,200
26,28123,2000,2,"gaussian","fixed",0.00025,10,0.0025,5,0.01,2000,0.5,1,0,0,NA,37.006,14,0,1,NA,0,0,1,1,0,201
26,28123,2000,2,"gaussian","linesearch",0.00025,10,0.0025,5,0.01,2000,0.5,1,8,0,NA,57.99,62,1,0,0.00953237055752865,3,3,0,0,0,202
26,28123,2000,2,"gaussian","fixed",0.00025,5,0.00125,2.5,0.01,2000,0.5,1,0,0,NA,38.703,19,0,1,NA,0,0,1,1,0,203
26,28123,2000,2,"gaussian","linesearch",0.00025,5,0.00125,2.5,0.01,2000,0.5,1,8,0,NA,54.379,62,1,0,0.00953237055752865,2,2,0,0,0,204
26,28123,2000,2,"gaussian","fixed",0.00025,1,0.00025,0.5,0.01,2000,0.5,1,0,0,NA,41.6880000000001,79,1,0,0.00894824637498715,0,0,1,1,0,205
26,28123,2000,2,"gaussian","linesearch",0.00025,1,0.00025,0.5,0.01,2000,0.5,1,8,0,NA,51.1519999999999,79,1,0,0.00894824637498715,0,0,1,0,0,206
26,28123,2000,2,"gaussian","fixed",0.00025,0.2,5e-05,0.1,0.01,2000,0.5,1,0,0,NA,60.122,406,1,0,0.0099152967397011,0,0,1,1,0,207
26,28123,2000,2,"gaussian","linesearch",0.00025,0.2,5e-05,0.1,0.01,2000,0.5,1,8,0,NA,128.761,406,1,0,0.0099152967397011,0,0,1,0,0,208
27,29123,2000,2,"gaussian","fixed",0.00025,10,0.0025,5,0.01,2000,0.5,1,0,0,NA,37.6859999999999,13,0,1,NA,0,0,1,1,0,209
27,29123,2000,2,"gaussian","linesearch",0.00025,10,0.0025,5,0.01,2000,0.5,1,8,0,NA,58.41,62,1,0,0.00982380955635096,3,3,0,0,0,210
27,29123,2000,2,"gaussian","fixed",0.00025,5,0.00125,2.5,0.01,2000,0.5,1,0,0,NA,38.5500000000001,18,0,1,NA,0,0,1,1,0,211
27,29123,2000,2,"gaussian","linesearch",0.00025,5,0.00125,2.5,0.01,2000,0.5,1,8,0,NA,57.702,62,1,0,0.00982380955635096,2,2,0,0,0,212
27,29123,2000,2,"gaussian","fixed",0.00025,1,0.00025,0.5,0.01,2000,0.5,1,0,0,NA,43.1320000000001,79,1,0,0.00924271011336195,0,0,1,1,0,213
27,29123,2000,2,"gaussian","linesearch",0.00025,1,0.00025,0.5,0.01,2000,0.5,1,8,0,NA,54.506,79,1,0,0.00924271011336195,0,0,1,0,0,214
27,29123,2000,2,"gaussian","fixed",0.00025,0.2,5e-05,0.1,0.01,2000,0.5,1,0,0,NA,60.264,408,1,0,0.00989367075307716,0,0,1,1,0,215
27,29123,2000,2,"gaussian","linesearch",0.00025,0.2,5e-05,0.1,0.01,2000,0.5,1,8,0,NA,132.947,408,1,0,0.00989367075307716,0,0,1,0,0,216
28,30123,2000,2,"gaussian","fixed",0.00025,10,0.0025,5,0.01,2000,0.5,1,0,0,NA,37.0599999999999,14,0,1,NA,0,0,1,1,0,217
28,30123,2000,2,"gaussian","linesearch",0.00025,10,0.0025,5,0.01,2000,0.5,1,8,0,NA,58.9010000000001,62,1,0,0.00944042479829755,3,3,0,0,0,218
28,30123,2000,2,"gaussian","fixed",0.00025,5,0.00125,2.5,0.01,2000,0.5,1,0,0,NA,38.224,19,0,1,NA,0,0,1,1,0,219
28,30123,2000,2,"gaussian","linesearch",0.00025,5,0.00125,2.5,0.01,2000,0.5,1,8,0,NA,55.347,62,1,0,0.00944042479829755,2,2,0,0,0,220
28,30123,2000,2,"gaussian","fixed",0.00025,1,0.00025,0.5,0.01,2000,0.5,1,0,0,NA,41.668,79,1,0,0.00887722408629158,0,0,1,1,0,221
28,30123,2000,2,"gaussian","linesearch",0.00025,1,0.00025,0.5,0.01,2000,0.5,1,8,0,NA,53.454,79,1,0,0.00887722408629158,0,0,1,0,0,222
28,30123,2000,2,"gaussian","fixed",0.00025,0.2,5e-05,0.1,0.01,2000,0.5,1,0,0,NA,60.3339999999999,406,1,0,0.00993379530723797,0,0,1,1,0,223
28,30123,2000,2,"gaussian","linesearch",0.00025,0.2,5e-05,0.1,0.01,2000,0.5,1,8,0,NA,132.534,406,1,0,0.00993379530723797,0,0,1,0,0,224
29,31123,2000,2,"gaussian","fixed",0.00025,10,0.0025,5,0.01,2000,0.5,1,0,0,NA,37.375,14,0,1,NA,0,0,1,1,0,225
29,31123,2000,2,"gaussian","linesearch",0.00025,10,0.0025,5,0.01,2000,0.5,1,8,0,NA,60.4349999999999,61,1,0,0.00858562385914885,3,3,0,0,0,226
29,31123,2000,2,"gaussian","fixed",0.00025,5,0.00125,2.5,0.01,2000,0.5,1,0,0,NA,40.9870000000001,19,0,1,NA,0,0,1,1,0,227
29,31123,2000,2,"gaussian","linesearch",0.00025,5,0.00125,2.5,0.01,2000,0.5,1,8,0,NA,58.774,61,1,0,0.00858562385914885,2,2,0,0,0,228
29,31123,2000,2,"gaussian","fixed",0.00025,1,0.00025,0.5,0.01,2000,0.5,1,0,0,NA,42.833,76,1,0,0.00997729769491051,0,0,1,1,0,229
29,31123,2000,2,"gaussian","linesearch",0.00025,1,0.00025,0.5,0.01,2000,0.5,1,8,0,NA,53.604,76,1,0,0.00997729769491051,0,0,1,0,0,230
29,31123,2000,2,"gaussian","fixed",0.00025,0.2,5e-05,0.1,0.01,2000,0.5,1,0,0,NA,61.3629999999999,395,1,0,0.00994542363480158,0,0,1,1,0,231
29,31123,2000,2,"gaussian","linesearch",0.00025,0.2,5e-05,0.1,0.01,2000,0.5,1,8,0,NA,133.079,395,1,0,0.00994542363480158,0,0,1,0,0,232
30,32123,2000,2,"gaussian","fixed",0.00025,10,0.0025,5,0.01,2000,0.5,1,0,0,NA,36.9449999999999,13,0,1,NA,0,0,1,1,0,233
30,32123,2000,2,"gaussian","linesearch",0.00025,10,0.0025,5,0.01,2000,0.5,1,8,0,NA,58.5859999999999,61,1,0,0.00913734718562836,3,3,0,0,0,234
30,32123,2000,2,"gaussian","fixed",0.00025,5,0.00125,2.5,0.01,2000,0.5,1,0,0,NA,37.788,18,0,1,NA,0,0,1,1,0,235
30,32123,2000,2,"gaussian","linesearch",0.00025,5,0.00125,2.5,0.01,2000,0.5,1,8,0,NA,56.775,61,1,0,0.00913734718562836,2,2,0,0,0,236
30,32123,2000,2,"gaussian","fixed",0.00025,1,0.00025,0.5,0.01,2000,0.5,1,0,0,NA,41.973,77,1,0,0.00937329082369988,0,0,1,1,0,237
30,32123,2000,2,"gaussian","linesearch",0.00025,1,0.00025,0.5,0.01,2000,0.5,1,8,0,NA,53.332,77,1,0,0.00937329082369988,0,0,1,0,0,238
30,32123,2000,2,"gaussian","fixed",0.00025,0.2,5e-05,0.1,0.01,2000,0.5,1,0,0,NA,59.8440000000001,398,1,0,0.00979964602841841,0,0,1,1,0,239
30,32123,2000,2,"gaussian","linesearch",0.00025,0.2,5e-05,0.1,0.01,2000,0.5,1,8,0,NA,131.929,398,1,0,0.00979964602841841,0,0,1,0,0,240
31,33123,2000,2,"gaussian","fixed",0.00025,10,0.0025,5,0.01,2000,0.5,1,0,0,NA,36.793,13,0,1,NA,0,0,1,1,0,241
31,33123,2000,2,"gaussian","linesearch",0.00025,10,0.0025,5,0.01,2000,0.5,1,8,0,NA,58.125,62,1,0,0.00922882635276845,3,3,0,0,0,242
31,33123,2000,2,"gaussian","fixed",0.00025,5,0.00125,2.5,0.01,2000,0.5,1,0,0,NA,37.5699999999999,18,0,1,NA,0,0,1,1,0,243
31,33123,2000,2,"gaussian","linesearch",0.00025,5,0.00125,2.5,0.01,2000,0.5,1,8,0,NA,54.865,62,1,0,0.00922882635276845,2,2,0,0,0,244
31,33123,2000,2,"gaussian","fixed",0.00025,1,0.00025,0.5,0.01,2000,0.5,1,0,0,NA,40.9690000000001,78,1,0,0.0097600804860114,0,0,1,1,0,245
31,33123,2000,2,"gaussian","linesearch",0.00025,1,0.00025,0.5,0.01,2000,0.5,1,8,0,NA,51.7959999999999,78,1,0,0.0097600804860114,0,0,1,0,0,246
31,33123,2000,2,"gaussian","fixed",0.00025,0.2,5e-05,0.1,0.01,2000,0.5,1,0,0,NA,62.614,405,1,0,0.00977177368743454,0,0,1,1,0,247
31,33123,2000,2,"gaussian","linesearch",0.00025,0.2,5e-05,0.1,0.01,2000,0.5,1,8,0,NA,132.879,405,1,0,0.00977177368743454,0,0,1,0,0,248
32,34123,2000,2,"gaussian","fixed",0.00025,10,0.0025,5,0.01,2000,0.5,1,0,0,NA,36.624,13,0,1,Inf,0,0,1,1,0,249
32,34123,2000,2,"gaussian","linesearch",0.00025,10,0.0025,5,0.01,2000,0.5,1,8,0,NA,58.475,62,1,0,0.00934420151769505,3,3,0,0,0,250
32,34123,2000,2,"gaussian","fixed",0.00025,5,0.00125,2.5,0.01,2000,0.5,1,0,0,NA,37.549,18,0,1,NA,0,0,1,1,0,251
32,34123,2000,2,"gaussian","linesearch",0.00025,5,0.00125,2.5,0.01,2000,0.5,1,8,0,NA,54.437,62,1,0,0.00934420151769505,2,2,0,0,0,252
32,34123,2000,2,"gaussian","fixed",0.00025,1,0.00025,0.5,0.01,2000,0.5,1,0,0,NA,40.982,78,1,0,0.00992979590138038,0,0,1,1,0,253
32,34123,2000,2,"gaussian","linesearch",0.00025,1,0.00025,0.5,0.01,2000,0.5,1,8,0,NA,51.5830000000001,78,1,0,0.00992979590138038,0,0,1,0,0,254
32,34123,2000,2,"gaussian","fixed",0.00025,0.2,5e-05,0.1,0.01,2000,0.5,1,0,0,NA,60.071,406,1,0,0.00978345932643204,0,0,1,1,0,255
32,34123,2000,2,"gaussian","linesearch",0.00025,0.2,5e-05,0.1,0.01,2000,0.5,1,8,0,NA,128.542,406,1,0,0.00978345932643204,0,0,1,0,0,256
33,35123,2000,2,"gaussian","fixed",0.00025,10,0.0025,5,0.01,2000,0.5,1,0,0,NA,37.8339999999999,14,0,1,NA,0,0,1,1,0,257
33,35123,2000,2,"gaussian","linesearch",0.00025,10,0.0025,5,0.01,2000,0.5,1,8,0,NA,59.7650000000001,63,1,0,0.00959473698892378,3,3,0,0,0,258
33,35123,2000,2,"gaussian","fixed",0.00025,5,0.00125,2.5,0.01,2000,0.5,1,0,0,NA,39.3290000000001,18,0,1,NA,0,0,1,1,0,259
33,35123,2000,2,"gaussian","linesearch",0.00025,5,0.00125,2.5,0.01,2000,0.5,1,8,0,NA,55.6460000000001,63,1,0,0.00959473698892378,2,2,0,0,0,260
33,35123,2000,2,"gaussian","fixed",0.00025,1,0.00025,0.5,0.01,2000,0.5,1,0,0,NA,44.35,80,1,0,0.00933315387601641,0,0,1,1,0,261
33,35123,2000,2,"gaussian","linesearch",0.00025,1,0.00025,0.5,0.01,2000,0.5,1,8,0,NA,55.276,80,1,0,0.00933315387601641,0,0,1,0,0,262
33,35123,2000,2,"gaussian","fixed",0.00025,0.2,5e-05,0.1,0.01,2000,0.5,1,0,0,NA,62.724,414,1,0,0.00980419084338694,0,0,1,1,0,263
33,35123,2000,2,"gaussian","linesearch",0.00025,0.2,5e-05,0.1,0.01,2000,0.5,1,8,0,NA,159.191,414,1,0,0.00980419084338694,0,0,1,0,0,264
34,36123,2000,2,"gaussian","fixed",0.00025,10,0.0025,5,0.01,2000,0.5,1,0,0,NA,37.7589999999999,13,0,1,NA,0,0,1,1,0,265
34,36123,2000,2,"gaussian","linesearch",0.00025,10,0.0025,5,0.01,2000,0.5,1,8,0,NA,59.487,62,1,0,0.00889965636775304,3,3,0,0,0,266
34,36123,2000,2,"gaussian","fixed",0.00025,5,0.00125,2.5,0.01,2000,0.5,1,0,0,NA,40.7479999999999,18,0,1,NA,0,0,1,1,0,267
34,36123,2000,2,"gaussian","linesearch",0.00025,5,0.00125,2.5,0.01,2000,0.5,1,8,0,NA,56.572,62,1,0,0.00889965636775304,2,2,0,0,0,268
34,36123,2000,2,"gaussian","fixed",0.00025,1,0.00025,0.5,0.01,2000,0.5,1,0,0,NA,43.093,78,1,0,0.00944778704143404,0,0,1,1,0,269
34,36123,2000,2,"gaussian","linesearch",0.00025,1,0.00025,0.5,0.01,2000,0.5,1,8,0,NA,55.135,78,1,0,0.00944778704143404,0,0,1,0,0,270
34,36123,2000,2,"gaussian","fixed",0.00025,0.2,5e-05,0.1,0.01,2000,0.5,1,0,0,NA,61.129,403,1,0,0.00996841082024973,0,0,1,1,0,271
34,36123,2000,2,"gaussian","linesearch",0.00025,0.2,5e-05,0.1,0.01,2000,0.5,1,8,0,NA,148.042,403,1,0,0.00996841082024973,0,0,1,0,0,272
35,37123,2000,2,"gaussian","fixed",0.00025,10,0.0025,5,0.01,2000,0.5,1,0,0,NA,37.183,13,0,1,NA,0,0,1,1,0,273
35,37123,2000,2,"gaussian","linesearch",0.00025,10,0.0025,5,0.01,2000,0.5,1,8,0,NA,58.977,61,1,0,0.0086707220644322,3,3,0,0,0,274
35,37123,2000,2,"gaussian","fixed",0.00025,5,0.00125,2.5,0.01,2000,0.5,1,0,0,NA,38.67,18,0,1,NA,0,0,1,1,0,275
35,37123,2000,2,"gaussian","linesearch",0.00025,5,0.00125,2.5,0.01,2000,0.5,1,8,0,NA,55.644,61,1,0,0.0086707220644322,2,2,0,0,0,276
35,37123,2000,2,"gaussian","fixed",0.00025,1,0.00025,0.5,0.01,2000,0.5,1,0,0,NA,42.139,77,1,0,0.00892213906719153,0,0,1,1,0,277
35,37123,2000,2,"gaussian","linesearch",0.00025,1,0.00025,0.5,0.01,2000,0.5,1,8,0,NA,52.5700000000001,77,1,0,0.00892213906719153,0,0,1,0,0,278
35,37123,2000,2,"gaussian","fixed",0.00025,0.2,5e-05,0.1,0.01,2000,0.5,1,0,0,NA,59.263,396,1,0,0.00986039630952029,0,0,1,1,0,279
35,37123,2000,2,"gaussian","linesearch",0.00025,0.2,5e-05,0.1,0.01,2000,0.5,1,8,0,NA,125.014,396,1,0,0.00986039630952029,0,0,1,0,0,280
36,38123,2000,2,"gaussian","fixed",0.00025,10,0.0025,5,0.01,2000,0.5,1,0,0,NA,37.936,13,0,1,NA,0,0,1,1,0,281
36,38123,2000,2,"gaussian","linesearch",0.00025,10,0.0025,5,0.01,2000,0.5,1,8,0,NA,60.289,62,1,0,0.00913901326865549,3,3,0,0,0,282
36,38123,2000,2,"gaussian","fixed",0.00025,5,0.00125,2.5,0.01,2000,0.5,1,0,0,NA,39.679,18,0,1,NA,0,0,1,1,0,283
36,38123,2000,2,"gaussian","linesearch",0.00025,5,0.00125,2.5,0.01,2000,0.5,1,8,0,NA,57.0799999999999,62,1,0,0.00913901326865549,2,2,0,0,0,284
36,38123,2000,2,"gaussian","fixed",0.00025,1,0.00025,0.5,0.01,2000,0.5,1,0,0,NA,43.135,78,1,0,0.00970061556512747,0,0,1,1,0,285
36,38123,2000,2,"gaussian","linesearch",0.00025,1,0.00025,0.5,0.01,2000,0.5,1,8,0,NA,54.279,78,1,0,0.00970061556512747,0,0,1,0,0,286
36,38123,2000,2,"gaussian","fixed",0.00025,0.2,5e-05,0.1,0.01,2000,0.5,1,0,0,NA,63.0260000000001,404,1,0,0.00999270142875511,0,0,1,1,0,287
36,38123,2000,2,"gaussian","linesearch",0.00025,0.2,5e-05,0.1,0.01,2000,0.5,1,8,0,NA,135.999,404,1,0,0.00999270142875511,0,0,1,0,0,288
37,39123,2000,2,"gaussian","fixed",0.00025,10,0.0025,5,0.01,2000,0.5,1,0,0,NA,38.331,14,0,1,NA,0,0,1,1,0,289
37,39123,2000,2,"gaussian","linesearch",0.00025,10,0.0025,5,0.01,2000,0.5,1,8,0,NA,63.8090000000001,62,1,0,0.00888218086515719,3,3,0,0,0,290
37,39123,2000,2,"gaussian","fixed",0.00025,5,0.00125,2.5,0.01,2000,0.5,1,0,0,NA,38.865,19,0,1,NA,0,0,1,1,0,291
37,39123,2000,2,"gaussian","linesearch",0.00025,5,0.00125,2.5,0.01,2000,0.5,1,8,0,NA,59.244,62,1,0,0.00888218086515719,2,2,0,0,0,292
37,39123,2000,2,"gaussian","fixed",0.00025,1,0.00025,0.5,0.01,2000,0.5,1,0,0,NA,41.9930000000001,78,1,0,0.0094531181458552,0,0,1,1,0,293
37,39123,2000,2,"gaussian","linesearch",0.00025,1,0.00025,0.5,0.01,2000,0.5,1,8,0,NA,57.2520000000001,78,1,0,0.0094531181458552,0,0,1,0,0,294
37,39123,2000,2,"gaussian","fixed",0.00025,0.2,5e-05,0.1,0.01,2000,0.5,1,0,0,NA,61.499,404,1,0,0.0097999689942056,0,0,1,1,0,295
37,39123,2000,2,"gaussian","linesearch",0.00025,0.2,5e-05,0.1,0.01,2000,0.5,1,8,0,NA,134.197,404,1,0,0.0097999689942056,0,0,1,0,0,296
38,40123,2000,2,"gaussian","fixed",0.00025,10,0.0025,5,0.01,2000,0.5,1,0,0,NA,38.105,14,0,1,NA,0,0,1,1,0,297
38,40123,2000,2,"gaussian","linesearch",0.00025,10,0.0025,5,0.01,2000,0.5,1,8,0,NA,63.4109999999999,60,1,0,0.00941633473744513,3,3,0,0,0,298
38,40123,2000,2,"gaussian","fixed",0.00025,5,0.00125,2.5,0.01,2000,0.5,1,0,0,NA,38.998,19,0,1,NA,0,0,1,1,0,299
38,40123,2000,2,"gaussian","linesearch",0.00025,5,0.00125,2.5,0.01,2000,0.5,1,8,0,NA,58.6560000000001,60,1,0,0.00941633473744513,2,2,0,0,0,300
38,40123,2000,2,"gaussian","fixed",0.00025,1,0.00025,0.5,0.01,2000,0.5,1,0,0,NA,40.6800000000001,76,1,0,0.00932675090112813,0,0,1,1,0,301
38,40123,2000,2,"gaussian","linesearch",0.00025,1,0.00025,0.5,0.01,2000,0.5,1,8,0,NA,56.034,76,1,0,0.00932675090112813,0,0,1,0,0,302
38,40123,2000,2,"gaussian","fixed",0.00025,0.2,5e-05,0.1,0.01,2000,0.5,1,0,0,NA,65.948,392,1,0,0.00993987746057276,0,0,1,1,0,303
38,40123,2000,2,"gaussian","linesearch",0.00025,0.2,5e-05,0.1,0.01,2000,0.5,1,8,0,NA,132.37,392,1,0,0.00993987746057276,0,0,1,0,0,304
39,41123,2000,2,"gaussian","fixed",0.00025,10,0.0025,5,0.01,2000,0.5,1,0,0,NA,38.4029999999999,14,0,1,NA,0,0,1,1,0,305
39,41123,2000,2,"gaussian","linesearch",0.00025,10,0.0025,5,0.01,2000,0.5,1,8,0,NA,64.288,62,1,0,0.0091391143567946,3,3,0,0,0,306
39,41123,2000,2,"gaussian","fixed",0.00025,5,0.00125,2.5,0.01,2000,0.5,1,0,0,NA,38.0260000000001,18,0,1,NA,0,0,1,1,0,307
39,41123,2000,2,"gaussian","linesearch",0.00025,5,0.00125,2.5,0.01,2000,0.5,1,8,0,NA,57.015,62,1,0,0.0091391143567946,2,2,0,0,0,308
39,41123,2000,2,"gaussian","fixed",0.00025,1,0.00025,0.5,0.01,2000,0.5,1,0,0,NA,41.7859999999999,78,1,0,0.00969409841959001,0,0,1,1,0,309
39,41123,2000,2,"gaussian","linesearch",0.00025,1,0.00025,0.5,0.01,2000,0.5,1,8,0,NA,55.237,78,1,0,0.00969409841959001,0,0,1,0,0,310
39,41123,2000,2,"gaussian","fixed",0.00025,0.2,5e-05,0.1,0.01,2000,0.5,1,0,0,NA,65.4509999999999,404,1,0,0.0099737720643939,0,0,1,1,0,311
39,41123,2000,2,"gaussian","linesearch",0.00025,0.2,5e-05,0.1,0.01,2000,0.5,1,8,0,NA,137.614,404,1,0,0.0099737720643939,0,0,1,0,0,312
40,42123,2000,2,"gaussian","fixed",0.00025,10,0.0025,5,0.01,2000,0.5,1,0,0,NA,37.99,14,0,1,NA,0,0,1,1,0,313
40,42123,2000,2,"gaussian","linesearch",0.00025,10,0.0025,5,0.01,2000,0.5,1,8,0,NA,64.298,62,1,0,0.00874907359313259,3,3,0,0,0,314
40,42123,2000,2,"gaussian","fixed",0.00025,5,0.00125,2.5,0.01,2000,0.5,1,0,0,NA,38.338,19,0,1,NA,0,0,1,1,0,315
40,42123,2000,2,"gaussian","linesearch",0.00025,5,0.00125,2.5,0.01,2000,0.5,1,8,0,NA,58.986,62,1,0,0.00874907359313259,2,2,0,0,0,316
40,42123,2000,2,"gaussian","fixed",0.00025,1,0.00025,0.5,0.01,2000,0.5,1,0,0,NA,40.359,78,1,0,0.00927300384249929,0,0,1,1,0,317
40,42123,2000,2,"gaussian","linesearch",0.00025,1,0.00025,0.5,0.01,2000,0.5,1,8,0,NA,55.633,78,1,0,0.00927300384249929,0,0,1,0,0,318
40,42123,2000,2,"gaussian","fixed",0.00025,0.2,5e-05,0.1,0.01,2000,0.5,1,0,0,NA,60.101,402,1,0,0.00997313277928968,0,0,1,1,0,319
40,42123,2000,2,"gaussian","linesearch",0.00025,0.2,5e-05,0.1,0.01,2000,0.5,1,8,0,NA,135.869,402,1,0,0.00997313277928968,0,0,1,0,0,320
41,43123,2000,2,"gaussian","fixed",0.00025,10,0.0025,5,0.01,2000,0.5,1,0,0,NA,37.664,14,0,1,NA,0,0,1,1,0,321
41,43123,2000,2,"gaussian","linesearch",0.00025,10,0.0025,5,0.01,2000,0.5,1,8,0,NA,63.395,61,1,0,0.00893622286483015,3,3,0,0,0,322
41,43123,2000,2,"gaussian","fixed",0.00025,5,0.00125,2.5,0.01,2000,0.5,1,0,0,NA,39.1030000000001,20,0,1,NA,0,0,1,1,0,323
41,43123,2000,2,"gaussian","linesearch",0.00025,5,0.00125,2.5,0.01,2000,0.5,1,8,0,NA,57.919,61,1,0,0.00893622286483015,2,2,0,0,0,324
41,43123,2000,2,"gaussian","fixed",0.00025,1,0.00025,0.5,0.01,2000,0.5,1,0,0,NA,42.3829999999999,77,1,0,0.00915164665712184,0,0,1,1,0,325
41,43123,2000,2,"gaussian","linesearch",0.00025,1,0.00025,0.5,0.01,2000,0.5,1,8,0,NA,54.1899999999999,77,1,0,0.00915164665712184,0,0,1,0,0,326
41,43123,2000,2,"gaussian","fixed",0.00025,0.2,5e-05,0.1,0.01,2000,0.5,1,0,0,NA,63.492,396,1,0,0.00997239813040325,0,0,1,1,0,327
41,43123,2000,2,"gaussian","linesearch",0.00025,0.2,5e-05,0.1,0.01,2000,0.5,1,8,0,NA,131.892,396,1,0,0.00997239813040325,0,0,1,0,0,328
42,44123,2000,2,"gaussian","fixed",0.00025,10,0.0025,5,0.01,2000,0.5,1,0,0,NA,38.7280000000001,14,0,1,NA,0,0,1,1,0,329
42,44123,2000,2,"gaussian","linesearch",0.00025,10,0.0025,5,0.01,2000,0.5,1,8,0,NA,60.371,60,1,0,0.00994969417161667,3,3,0,0,0,330
42,44123,2000,2,"gaussian","fixed",0.00025,5,0.00125,2.5,0.01,2000,0.5,1,0,0,NA,39.013,18,0,1,NA,0,0,1,1,0,331
42,44123,2000,2,"gaussian","linesearch",0.00025,5,0.00125,2.5,0.01,2000,0.5,1,8,0,NA,57.73,60,1,0,0.00994969417161667,2,2,0,0,0,332
42,44123,2000,2,"gaussian","fixed",0.00025,1,0.00025,0.5,0.01,2000,0.5,1,0,0,NA,42.4450000000001,76,1,0,0.0098829703586169,0,0,1,1,0,333
42,44123,2000,2,"gaussian","linesearch",0.00025,1,0.00025,0.5,0.01,2000,0.5,1,8,0,NA,52.955,76,1,0,0.0098829703586169,0,0,1,0,0,334
42,44123,2000,2,"gaussian","fixed",0.00025,0.2,5e-05,0.1,0.01,2000,0.5,1,0,0,NA,61.9730000000001,395,1,0,0.00982569559963306,0,0,1,1,0,335
42,44123,2000,2,"gaussian","linesearch",0.00025,0.2,5e-05,0.1,0.01,2000,0.5,1,8,0,NA,132.434,395,1,0,0.00982569559963306,0,0,1,0,0,336
43,45123,2000,2,"gaussian","fixed",0.00025,10,0.0025,5,0.01,2000,0.5,1,0,0,NA,38.235,14,0,1,NA,0,0,1,1,0,337
43,45123,2000,2,"gaussian","linesearch",0.00025,10,0.0025,5,0.01,2000,0.5,1,8,0,NA,63.455,60,1,0,0.00889295782587263,3,3,0,0,0,338
43,45123,2000,2,"gaussian","fixed",0.00025,5,0.00125,2.5,0.01,2000,0.5,1,0,0,NA,38.7239999999999,18,0,1,NA,0,0,1,1,0,339
43,45123,2000,2,"gaussian","linesearch",0.00025,5,0.00125,2.5,0.01,2000,0.5,1,8,0,NA,57.7910000000001,60,1,0,0.00889295782587263,2,2,0,0,0,340
43,45123,2000,2,"gaussian","fixed",0.00025,1,0.00025,0.5,0.01,2000,0.5,1,0,0,NA,42.046,76,1,0,0.00885603339428798,0,0,1,1,0,341
43,45123,2000,2,"gaussian","linesearch",0.00025,1,0.00025,0.5,0.01,2000,0.5,1,8,0,NA,54.442,76,1,0,0.00885603339428798,0,0,1,0,0,342
43,45123,2000,2,"gaussian","fixed",0.00025,0.2,5e-05,0.1,0.01,2000,0.5,1,0,0,NA,62.38,390,1,0,0.00998915951769447,0,0,1,1,0,343
43,45123,2000,2,"gaussian","linesearch",0.00025,0.2,5e-05,0.1,0.01,2000,0.5,1,8,0,NA,133.632,390,1,0,0.00998915951769447,0,0,1,0,0,344
44,46123,2000,2,"gaussian","fixed",0.00025,10,0.0025,5,0.01,2000,0.5,1,0,0,NA,36.838,14,0,1,NA,0,0,1,1,0,345
44,46123,2000,2,"gaussian","linesearch",0.00025,10,0.0025,5,0.01,2000,0.5,1,8,0,NA,59.4630000000001,61,1,0,0.00955635771811096,3,3,0,0,0,346
44,46123,2000,2,"gaussian","fixed",0.00025,5,0.00125,2.5,0.01,2000,0.5,1,0,0,NA,37.5169999999999,19,0,1,NA,0,0,1,1,0,347
44,46123,2000,2,"gaussian","linesearch",0.00025,5,0.00125,2.5,0.01,2000,0.5,1,8,0,NA,55.364,61,1,0,0.00955635771811096,2,2,0,0,0,348
44,46123,2000,2,"gaussian","fixed",0.00025,1,0.00025,0.5,0.01,2000,0.5,1,0,0,NA,41.128,77,1,0,0.00982150598233378,0,0,1,1,0,349
44,46123,2000,2,"gaussian","linesearch",0.00025,1,0.00025,0.5,0.01,2000,0.5,1,8,0,NA,51.4010000000001,77,1,0,0.00982150598233378,0,0,1,0,0,350
44,46123,2000,2,"gaussian","fixed",0.00025,0.2,5e-05,0.1,0.01,2000,0.5,1,0,0,NA,60.6419999999999,400,1,0,0.00984564223746832,0,0,1,1,0,351
44,46123,2000,2,"gaussian","linesearch",0.00025,0.2,5e-05,0.1,0.01,2000,0.5,1,8,0,NA,125.596,400,1,0,0.00984564223746832,0,0,1,0,0,352
45,47123,2000,2,"gaussian","fixed",0.00025,10,0.0025,5,0.01,2000,0.5,1,0,0,NA,38.298,13,0,1,NA,0,0,1,1,0,353
45,47123,2000,2,"gaussian","linesearch",0.00025,10,0.0025,5,0.01,2000,0.5,1,8,0,NA,62.042,61,1,0,0.00944799674237422,3,3,0,0,0,354
45,47123,2000,2,"gaussian","fixed",0.00025,5,0.00125,2.5,0.01,2000,0.5,1,0,0,NA,37.6139999999999,18,0,1,NA,0,0,1,1,0,355
45,47123,2000,2,"gaussian","linesearch",0.00025,5,0.00125,2.5,0.01,2000,0.5,1,8,0,NA,56.232,61,1,0,0.00944799674237422,2,2,0,0,0,356
45,47123,2000,2,"gaussian","fixed",0.00025,1,0.00025,0.5,0.01,2000,0.5,1,0,0,NA,41.9290000000001,77,1,0,0.00970406602615715,0,0,1,1,0,357
45,47123,2000,2,"gaussian","linesearch",0.00025,1,0.00025,0.5,0.01,2000,0.5,1,8,0,NA,53.217,77,1,0,0.00970406602615715,0,0,1,0,0,358
45,47123,2000,2,"gaussian","fixed",0.00025,0.2,5e-05,0.1,0.01,2000,0.5,1,0,0,NA,65.01,399,1,0,0.00994619212826838,0,0,1,1,0,359
45,47123,2000,2,"gaussian","linesearch",0.00025,0.2,5e-05,0.1,0.01,2000,0.5,1,8,0,NA,131.911,399,1,0,0.00994619212826838,0,0,1,0,0,360
46,48123,2000,2,"gaussian","fixed",0.00025,10,0.0025,5,0.01,2000,0.5,1,0,0,NA,38.1,13,0,1,NA,0,0,1,1,0,361
46,48123,2000,2,"gaussian","linesearch",0.00025,10,0.0025,5,0.01,2000,0.5,1,8,0,NA,63.5310000000001,61,1,0,0.00988534360228668,3,3,0,0,0,362
46,48123,2000,2,"gaussian","fixed",0.00025,5,0.00125,2.5,0.01,2000,0.5,1,0,0,NA,38.268,18,0,1,NA,0,0,1,1,0,363
46,48123,2000,2,"gaussian","linesearch",0.00025,5,0.00125,2.5,0.01,2000,0.5,1,8,0,NA,58.4409999999999,61,1,0,0.00988534360228668,2,2,0,0,0,364
46,48123,2000,2,"gaussian","fixed",0.00025,1,0.00025,0.5,0.01,2000,0.5,1,0,0,NA,41.842,78,1,0,0.00898192681389932,0,0,1,1,0,365
46,48123,2000,2,"gaussian","linesearch",0.00025,1,0.00025,0.5,0.01,2000,0.5,1,8,0,NA,53.913,78,1,0,0.00898192681389932,0,0,1,0,0,366
46,48123,2000,2,"gaussian","fixed",0.00025,0.2,5e-05,0.1,0.01,2000,0.5,1,0,0,NA,63.086,401,1,0,0.00993338872870521,0,0,1,1,0,367
46,48123,2000,2,"gaussian","linesearch",0.00025,0.2,5e-05,0.1,0.01,2000,0.5,1,8,0,NA,129.925,401,1,0,0.00993338872870521,0,0,1,0,0,368
47,49123,2000,2,"gaussian","fixed",0.00025,10,0.0025,5,0.01,2000,0.5,1,0,0,NA,38.092,14,0,1,NA,0,0,1,1,0,369
47,49123,2000,2,"gaussian","linesearch",0.00025,10,0.0025,5,0.01,2000,0.5,1,8,0,NA,63.329,63,1,0,0.00872054309944699,3,3,0,0,0,370
47,49123,2000,2,"gaussian","fixed",0.00025,5,0.00125,2.5,0.01,2000,0.5,1,0,0,NA,38.341,18,0,1,NA,0,0,1,1,0,371
47,49123,2000,2,"gaussian","linesearch",0.00025,5,0.00125,2.5,0.01,2000,0.5,1,8,0,NA,58.2760000000001,63,1,0,0.00872054309944699,2,2,0,0,0,372
47,49123,2000,2,"gaussian","fixed",0.00025,1,0.00025,0.5,0.01,2000,0.5,1,0,0,NA,42.129,79,1,0,0.00957244859957502,0,0,1,1,0,373
47,49123,2000,2,"gaussian","linesearch",0.00025,1,0.00025,0.5,0.01,2000,0.5,1,8,0,NA,56.579,79,1,0,0.00957244859957502,0,0,1,0,0,374
47,49123,2000,2,"gaussian","fixed",0.00025,0.2,5e-05,0.1,0.01,2000,0.5,1,0,0,NA,64.7819999999999,409,1,0,0.00993211585551042,0,0,1,1,0,375
47,49123,2000,2,"gaussian","linesearch",0.00025,0.2,5e-05,0.1,0.01,2000,0.5,1,8,0,NA,138.2,409,1,0,0.00993211585551042,0,0,1,0,0,376
48,50123,2000,2,"gaussian","fixed",0.00025,10,0.0025,5,0.01,2000,0.5,1,0,0,NA,38.6600000000001,14,0,1,NA,0,0,1,1,0,377
48,50123,2000,2,"gaussian","linesearch",0.00025,10,0.0025,5,0.01,2000,0.5,1,8,0,NA,63.064,63,1,0,0.00895389479802272,3,3,0,0,0,378
48,50123,2000,2,"gaussian","fixed",0.00025,5,0.00125,2.5,0.01,2000,0.5,1,0,0,NA,38.5970000000001,19,0,1,NA,0,0,1,1,0,379
48,50123,2000,2,"gaussian","linesearch",0.00025,5,0.00125,2.5,0.01,2000,0.5,1,8,0,NA,59.79,63,1,0,0.00895389479802272,2,2,0,0,0,380
48,50123,2000,2,"gaussian","fixed",0.00025,1,0.00025,0.5,0.01,2000,0.5,1,0,0,NA,41.559,79,1,0,0.00979853894580734,0,0,1,1,0,381
48,50123,2000,2,"gaussian","linesearch",0.00025,1,0.00025,0.5,0.01,2000,0.5,1,8,0,NA,56.345,79,1,0,0.00979853894580734,0,0,1,0,0,382
48,50123,2000,2,"gaussian","fixed",0.00025,0.2,5e-05,0.1,0.01,2000,0.5,1,0,0,NA,63.515,410,1,0,0.00986880638029347,0,0,1,1,0,383
48,50123,2000,2,"gaussian","linesearch",0.00025,0.2,5e-05,0.1,0.01,2000,0.5,1,8,0,NA,139.585,410,1,0,0.00986880638029347,0,0,1,0,0,384
49,51123,2000,2,"gaussian","fixed",0.00025,10,0.0025,5,0.01,2000,0.5,1,0,0,NA,37.053,14,0,1,NA,0,0,1,1,0,385
49,51123,2000,2,"gaussian","linesearch",0.00025,10,0.0025,5,0.01,2000,0.5,1,8,0,NA,61.4870000000001,61,1,0,0.00955405872576326,3,3,0,0,0,386
49,51123,2000,2,"gaussian","fixed",0.00025,5,0.00125,2.5,0.01,2000,0.5,1,0,0,NA,38.59,18,0,1,NA,0,0,1,1,0,387
49,51123,2000,2,"gaussian","linesearch",0.00025,5,0.00125,2.5,0.01,2000,0.5,1,8,0,NA,58.853,61,1,0,0.00955405872576326,2,2,0,0,0,388
49,51123,2000,2,"gaussian","fixed",0.00025,1,0.00025,0.5,0.01,2000,0.5,1,0,0,NA,42.186,77,1,0,0.00981326147978234,0,0,1,1,0,389
49,51123,2000,2,"gaussian","linesearch",0.00025,1,0.00025,0.5,0.01,2000,0.5,1,8,0,NA,56.026,77,1,0,0.00981326147978234,0,0,1,0,0,390
49,51123,2000,2,"gaussian","fixed",0.00025,0.2,5e-05,0.1,0.01,2000,0.5,1,0,0,NA,64.544,400,1,0,0.00982155521955996,0,0,1,1,0,391
49,51123,2000,2,"gaussian","linesearch",0.00025,0.2,5e-05,0.1,0.01,2000,0.5,1,8,0,NA,135.963,400,1,0,0.00982155521955996,0,0,1,0,0,392
50,52123,2000,2,"gaussian","fixed",0.00025,10,0.0025,5,0.01,2000,0.5,1,0,0,NA,38.527,14,0,1,NA,0,0,1,1,0,393
50,52123,2000,2,"gaussian","linesearch",0.00025,10,0.0025,5,0.01,2000,0.5,1,8,0,NA,64.034,63,1,0,0.00990044845282578,3,3,0,0,0,394
50,52123,2000,2,"gaussian","fixed",0.00025,5,0.00125,2.5,0.01,2000,0.5,1,0,0,NA,38.514,18,0,1,NA,0,0,1,1,0,395
50,52123,2000,2,"gaussian","linesearch",0.00025,5,0.00125,2.5,0.01,2000,0.5,1,8,0,NA,58.277,63,1,0,0.00990044845282578,2,2,0,0,0,396
50,52123,2000,2,"gaussian","fixed",0.00025,1,0.00025,0.5,0.01,2000,0.5,1,0,0,NA,41.615,80,1,0,0.00960752651765578,0,0,1,1,0,397
50,52123,2000,2,"gaussian","linesearch",0.00025,1,0.00025,0.5,0.01,2000,0.5,1,8,0,NA,56.823,80,1,0,0.00960752651765578,0,0,1,0,0,398
50,52123,2000,2,"gaussian","fixed",0.00025,0.2,5e-05,0.1,0.01,2000,0.5,1,0,0,NA,65.434,415,1,0,0.00977009640455545,0,0,1,1,0,399
50,52123,2000,2,"gaussian","linesearch",0.00025,0.2,5e-05,0.1,0.01,2000,0.5,1,8,0,NA,172.23,415,1,0,0.00977009640455545,0,0,1,0,0,400
51,53123,2000,2,"gaussian","fixed",0.00025,10,0.0025,5,0.01,2000,0.5,1,0,0,NA,36.9019999999998,14,0,1,NA,0,0,1,1,0,401
51,53123,2000,2,"gaussian","linesearch",0.00025,10,0.0025,5,0.01,2000,0.5,1,8,0,NA,57.816,62,1,0,0.00922892728038854,3,3,0,0,0,402
51,53123,2000,2,"gaussian","fixed",0.00025,5,0.00125,2.5,0.01,2000,0.5,1,0,0,NA,40.21,18,0,1,NA,0,0,1,1,0,403
51,53123,2000,2,"gaussian","linesearch",0.00025,5,0.00125,2.5,0.01,2000,0.5,1,8,0,NA,56.748,62,1,0,0.00922892728038854,2,2,0,0,0,404
51,53123,2000,2,"gaussian","fixed",0.00025,1,0.00025,0.5,0.01,2000,0.5,1,0,0,NA,43.2180000000001,78,1,0,0.00980274517035928,0,0,1,1,0,405
51,53123,2000,2,"gaussian","linesearch",0.00025,1,0.00025,0.5,0.01,2000,0.5,1,8,0,NA,53.454,78,1,0,0.00980274517035928,0,0,1,0,0,406
51,53123,2000,2,"gaussian","fixed",0.00025,0.2,5e-05,0.1,0.01,2000,0.5,1,0,0,NA,60.845,405,1,0,0.00988061265131773,0,0,1,1,0,407
51,53123,2000,2,"gaussian","linesearch",0.00025,0.2,5e-05,0.1,0.01,2000,0.5,1,8,0,NA,132.491,405,1,0,0.00988061265131773,0,0,1,0,0,408
52,54123,2000,2,"gaussian","fixed",0.00025,10,0.0025,5,0.01,2000,0.5,1,0,0,NA,37.181,14,0,1,NA,0,0,1,1,0,409
52,54123,2000,2,"gaussian","linesearch",0.00025,10,0.0025,5,0.01,2000,0.5,1,8,0,NA,58.768,61,1,0,0.00991257978413281,3,3,0,0,0,410
52,54123,2000,2,"gaussian","fixed",0.00025,5,0.00125,2.5,0.01,2000,0.5,1,0,0,NA,37.913,18,0,1,NA,0,0,1,1,0,411
52,54123,2000,2,"gaussian","linesearch",0.00025,5,0.00125,2.5,0.01,2000,0.5,1,8,0,NA,56.039,61,1,0,0.00991257978413281,2,2,0,0,0,412
52,54123,2000,2,"gaussian","fixed",0.00025,1,0.00025,0.5,0.01,2000,0.5,1,0,0,NA,43.557,78,1,0,0.00901015924026808,0,0,1,1,0,413
52,54123,2000,2,"gaussian","linesearch",0.00025,1,0.00025,0.5,0.01,2000,0.5,1,8,0,NA,56.1369999999999,78,1,0,0.00901015924026808,0,0,1,0,0,414
52,54123,2000,2,"gaussian","fixed",0.00025,0.2,5e-05,0.1,0.01,2000,0.5,1,0,0,NA,59.857,401,1,0,0.00999382057027151,0,0,1,1,0,415
52,54123,2000,2,"gaussian","linesearch",0.00025,0.2,5e-05,0.1,0.01,2000,0.5,1,8,0,NA,130.731,401,1,0,0.00999382057027151,0,0,1,0,0,416
53,55123,2000,2,"gaussian","fixed",0.00025,10,0.0025,5,0.01,2000,0.5,1,0,0,NA,37.3099999999999,14,0,1,NA,0,0,1,1,0,417
53,55123,2000,2,"gaussian","linesearch",0.00025,10,0.0025,5,0.01,2000,0.5,1,8,0,NA,59.7829999999999,63,1,0,0.0088908295827981,3,3,0,0,0,418
53,55123,2000,2,"gaussian","fixed",0.00025,5,0.00125,2.5,0.01,2000,0.5,1,0,0,NA,38.163,19,0,1,NA,0,0,1,1,0,419
53,55123,2000,2,"gaussian","linesearch",0.00025,5,0.00125,2.5,0.01,2000,0.5,1,8,0,NA,55.5740000000001,63,1,0,0.0088908295827981,2,2,0,0,0,420
53,55123,2000,2,"gaussian","fixed",0.00025,1,0.00025,0.5,0.01,2000,0.5,1,0,0,NA,43.75,79,1,0,0.00974681981664458,0,0,1,1,0,421
53,55123,2000,2,"gaussian","linesearch",0.00025,1,0.00025,0.5,0.01,2000,0.5,1,8,0,NA,53.816,79,1,0,0.00974681981664458,0,0,1,0,0,422
53,55123,2000,2,"gaussian","fixed",0.00025,0.2,5e-05,0.1,0.01,2000,0.5,1,0,0,NA,60.3689999999999,410,1,0,0.00985442971374799,0,0,1,1,0,423
53,55123,2000,2,"gaussian","linesearch",0.00025,0.2,5e-05,0.1,0.01,2000,0.5,1,8,0,NA,126.068,410,1,0,0.00985442971374799,0,0,1,0,0,424
54,56123,2000,2,"gaussian","fixed",0.00025,10,0.0025,5,0.01,2000,0.5,1,0,0,NA,36.923,14,0,1,NA,0,0,1,1,0,425
54,56123,2000,2,"gaussian","linesearch",0.00025,10,0.0025,5,0.01,2000,0.5,1,8,0,NA,61.46,64,1,0,0.00861621785988383,3,3,0,0,0,426
54,56123,2000,2,"gaussian","fixed",0.00025,5,0.00125,2.5,0.01,2000,0.5,1,0,0,NA,41.0910000000001,19,0,1,Inf,0,0,1,1,0,427
54,56123,2000,2,"gaussian","linesearch",0.00025,5,0.00125,2.5,0.01,2000,0.5,1,8,0,NA,56.8890000000001,64,1,0,0.00861621785988383,2,2,0,0,0,428
54,56123,2000,2,"gaussian","fixed",0.00025,1,0.00025,0.5,0.01,2000,0.5,1,0,0,NA,41.376,80,1,0,0.00971761257469718,0,0,1,1,0,429
54,56123,2000,2,"gaussian","linesearch",0.00025,1,0.00025,0.5,0.01,2000,0.5,1,8,0,NA,54.25,80,1,0,0.00971761257469718,0,0,1,0,0,430
54,56123,2000,2,"gaussian","fixed",0.00025,0.2,5e-05,0.1,0.01,2000,0.5,1,0,0,NA,64.221,415,1,0,0.00980365775759093,0,0,1,1,0,431
54,56123,2000,2,"gaussian","linesearch",0.00025,0.2,5e-05,0.1,0.01,2000,0.5,1,8,0,NA,154.32,415,1,0,0.00980365775759093,0,0,1,0,0,432
55,57123,2000,2,"gaussian","fixed",0.00025,10,0.0025,5,0.01,2000,0.5,1,0,0,NA,37.0419999999999,13,0,1,NA,0,0,1,1,0,433
55,57123,2000,2,"gaussian","linesearch",0.00025,10,0.0025,5,0.01,2000,0.5,1,8,0,NA,62.931,64,1,0,0.00883265613469742,3,3,0,0,0,434
55,57123,2000,2,"gaussian","fixed",0.00025,5,0.00125,2.5,0.01,2000,0.5,1,0,0,NA,38.577,18,0,1,NA,0,0,1,1,0,435
55,57123,2000,2,"gaussian","linesearch",0.00025,5,0.00125,2.5,0.01,2000,0.5,1,8,0,NA,58.154,64,1,0,0.00883265613469742,2,2,0,0,0,436
55,57123,2000,2,"gaussian","fixed",0.00025,1,0.00025,0.5,0.01,2000,0.5,1,0,0,NA,41.47,80,1,0,0.00998573196779796,0,0,1,1,0,437
55,57123,2000,2,"gaussian","linesearch",0.00025,1,0.00025,0.5,0.01,2000,0.5,1,8,0,NA,54.991,80,1,0,0.00998573196779796,0,0,1,0,0,438
55,57123,2000,2,"gaussian","fixed",0.00025,0.2,5e-05,0.1,0.01,2000,0.5,1,0,0,NA,62.4470000000001,416,1,0,0.00988969426844106,0,0,1,1,0,439
55,57123,2000,2,"gaussian","linesearch",0.00025,0.2,5e-05,0.1,0.01,2000,0.5,1,8,0,NA,141.953,416,1,0,0.00988969426844106,0,0,1,0,0,440
56,58123,2000,2,"gaussian","fixed",0.00025,10,0.0025,5,0.01,2000,0.5,1,0,0,NA,36.7860000000001,13,0,1,NA,0,0,1,1,0,441
56,58123,2000,2,"gaussian","linesearch",0.00025,10,0.0025,5,0.01,2000,0.5,1,8,0,NA,59.885,61,1,0,0.00967370786434507,3,3,0,0,0,442
56,58123,2000,2,"gaussian","fixed",0.00025,5,0.00125,2.5,0.01,2000,0.5,1,0,0,NA,40.7240000000002,18,0,1,NA,0,0,1,1,0,443
56,58123,2000,2,"gaussian","linesearch",0.00025,5,0.00125,2.5,0.01,2000,0.5,1,8,0,NA,56.307,61,1,0,0.00967370786434507,2,2,0,0,0,444
56,58123,2000,2,"gaussian","fixed",0.00025,1,0.00025,0.5,0.01,2000,0.5,1,0,0,NA,42.9949999999999,77,1,0,0.00992574166838651,0,0,1,1,0,445
56,58123,2000,2,"gaussian","linesearch",0.00025,1,0.00025,0.5,0.01,2000,0.5,1,8,0,NA,51.268,77,1,0,0.00992574166838651,0,0,1,0,0,446
56,58123,2000,2,"gaussian","fixed",0.00025,0.2,5e-05,0.1,0.01,2000,0.5,1,0,0,NA,61.309,400,1,0,0.00991004129425042,0,0,1,1,0,447
56,58123,2000,2,"gaussian","linesearch",0.00025,0.2,5e-05,0.1,0.01,2000,0.5,1,8,0,NA,128.956,400,1,0,0.00991004129425042,0,0,1,0,0,448
57,59123,2000,2,"gaussian","fixed",0.00025,10,0.0025,5,0.01,2000,0.5,1,0,0,NA,37.5630000000001,13,0,1,NA,0,0,1,1,0,449
57,59123,2000,2,"gaussian","linesearch",0.00025,10,0.0025,5,0.01,2000,0.5,1,8,0,NA,58.2349999999999,62,1,0,0.00874548215975374,3,3,0,0,0,450
57,59123,2000,2,"gaussian","fixed",0.00025,5,0.00125,2.5,0.01,2000,0.5,1,0,0,NA,39.4839999999999,18,0,1,NA,0,0,1,1,0,451
57,59123,2000,2,"gaussian","linesearch",0.00025,5,0.00125,2.5,0.01,2000,0.5,1,8,0,NA,54.53,62,1,0,0.00874548215975374,2,2,0,0,0,452
57,59123,2000,2,"gaussian","fixed",0.00025,1,0.00025,0.5,0.01,2000,0.5,1,0,0,NA,42.3249999999998,78,1,0,0.0092871376172135,0,0,1,1,0,453
57,59123,2000,2,"gaussian","linesearch",0.00025,1,0.00025,0.5,0.01,2000,0.5,1,8,0,NA,51.8630000000001,78,1,0,0.0092871376172135,0,0,1,0,0,454
57,59123,2000,2,"gaussian","fixed",0.00025,0.2,5e-05,0.1,0.01,2000,0.5,1,0,0,NA,59.183,403,1,0,0.0098420750938072,0,0,1,1,0,455
57,59123,2000,2,"gaussian","linesearch",0.00025,0.2,5e-05,0.1,0.01,2000,0.5,1,8,0,NA,129.64,403,1,0,0.0098420750938072,0,0,1,0,0,456
58,60123,2000,2,"gaussian","fixed",0.00025,10,0.0025,5,0.01,2000,0.5,1,0,0,NA,37.51,13,0,1,NA,0,0,1,1,0,457
58,60123,2000,2,"gaussian","linesearch",0.00025,10,0.0025,5,0.01,2000,0.5,1,8,0,NA,60.223,61,1,0,0.0096026715030762,3,3,0,0,0,458
58,60123,2000,2,"gaussian","fixed",0.00025,5,0.00125,2.5,0.01,2000,0.5,1,0,0,NA,38.0799999999999,18,0,1,NA,0,0,1,1,0,459
58,60123,2000,2,"gaussian","linesearch",0.00025,5,0.00125,2.5,0.01,2000,0.5,1,8,0,NA,55.29,61,1,0,0.0096026715030762,2,2,0,0,0,460
58,60123,2000,2,"gaussian","fixed",0.00025,1,0.00025,0.5,0.01,2000,0.5,1,0,0,NA,41.116,77,1,0,0.00988950449599504,0,0,1,1,0,461
58,60123,2000,2,"gaussian","linesearch",0.00025,1,0.00025,0.5,0.01,2000,0.5,1,8,0,NA,52.145,77,1,0,0.00988950449599504,0,0,1,0,0,462
58,60123,2000,2,"gaussian","fixed",0.00025,0.2,5e-05,0.1,0.01,2000,0.5,1,0,0,NA,61.6970000000001,400,1,0,0.00996609567023282,0,0,1,1,0,463
58,60123,2000,2,"gaussian","linesearch",0.00025,0.2,5e-05,0.1,0.01,2000,0.5,1,8,0,NA,128.77,400,1,0,0.00996609567023282,0,0,1,0,0,464
59,61123,2000,2,"gaussian","fixed",0.00025,10,0.0025,5,0.01,2000,0.5,1,0,0,NA,37.1189999999999,13,0,1,NA,0,0,1,1,0,465
59,61123,2000,2,"gaussian","linesearch",0.00025,10,0.0025,5,0.01,2000,0.5,1,8,0,NA,58.258,61,1,0,0.00969566942934283,3,3,0,0,0,466
59,61123,2000,2,"gaussian","fixed",0.00025,5,0.00125,2.5,0.01,2000,0.5,1,0,0,NA,38.963,18,0,1,NA,0,0,1,1,0,467
59,61123,2000,2,"gaussian","linesearch",0.00025,5,0.00125,2.5,0.01,2000,0.5,1,8,0,NA,55.1220000000001,61,1,0,0.00969566942934283,2,2,0,0,0,468
59,61123,2000,2,"gaussian","fixed",0.00025,1,0.00025,0.5,0.01,2000,0.5,1,0,0,NA,42.0150000000001,77,1,0,0.00995005671809243,0,0,1,1,0,469
59,61123,2000,2,"gaussian","linesearch",0.00025,1,0.00025,0.5,0.01,2000,0.5,1,8,0,NA,52.6559999999999,77,1,0,0.00995005671809243,0,0,1,0,0,470
59,61123,2000,2,"gaussian","fixed",0.00025,0.2,5e-05,0.1,0.01,2000,0.5,1,0,0,NA,60.8030000000001,400,1,0,0.00994070204493588,0,0,1,1,0,471
59,61123,2000,2,"gaussian","linesearch",0.00025,0.2,5e-05,0.1,0.01,2000,0.5,1,8,0,NA,124.953,400,1,0,0.00994070204493588,0,0,1,0,0,472
60,62123,2000,2,"gaussian","fixed",0.00025,10,0.0025,5,0.01,2000,0.5,1,0,0,NA,38.1090000000002,13,0,1,NA,0,0,1,1,0,473
60,62123,2000,2,"gaussian","linesearch",0.00025,10,0.0025,5,0.01,2000,0.5,1,8,0,NA,62.2819999999999,63,1,0,0.00927798731390571,3,3,0,0,0,474
60,62123,2000,2,"gaussian","fixed",0.00025,5,0.00125,2.5,0.01,2000,0.5,1,0,0,NA,38.434,18,0,1,NA,0,0,1,1,0,475
60,62123,2000,2,"gaussian","linesearch",0.00025,5,0.00125,2.5,0.01,2000,0.5,1,8,0,NA,59.0800000000002,63,1,0,0.00927798731390571,2,2,0,0,0,476
60,62123,2000,2,"gaussian","fixed",0.00025,1,0.00025,0.5,0.01,2000,0.5,1,0,0,NA,41.8349999999998,80,1,0,0.00903352535798228,0,0,1,1,0,477
60,62123,2000,2,"gaussian","linesearch",0.00025,1,0.00025,0.5,0.01,2000,0.5,1,8,0,NA,57.2750000000001,80,1,0,0.00903352535798228,0,0,1,0,0,478
60,62123,2000,2,"gaussian","fixed",0.00025,0.2,5e-05,0.1,0.01,2000,0.5,1,0,0,NA,63.0119999999999,412,1,0,0.00998597967788907,0,0,1,1,0,479
60,62123,2000,2,"gaussian","linesearch",0.00025,0.2,5e-05,0.1,0.01,2000,0.5,1,8,0,NA,171.95,412,1,0,0.00998597967788907,0,0,1,0,0,480
61,63123,2000,2,"gaussian","fixed",0.00025,10,0.0025,5,0.01,2000,0.5,1,0,0,NA,37.9160000000002,14,0,1,NA,0,0,1,1,0,481
61,63123,2000,2,"gaussian","linesearch",0.00025,10,0.0025,5,0.01,2000,0.5,1,8,0,NA,62.2860000000001,62,1,0,0.00916924613119791,3,3,0,0,0,482
61,63123,2000,2,"gaussian","fixed",0.00025,5,0.00125,2.5,0.01,2000,0.5,1,0,0,NA,38.925,18,0,1,NA,0,0,1,1,0,483
61,63123,2000,2,"gaussian","linesearch",0.00025,5,0.00125,2.5,0.01,2000,0.5,1,8,0,NA,59.3989999999999,62,1,0,0.00916924613119791,2,2,0,0,0,484
61,63123,2000,2,"gaussian","fixed",0.00025,1,0.00025,0.5,0.01,2000,0.5,1,0,0,NA,42.627,78,1,0,0.00975063029755197,0,0,1,1,0,485
61,63123,2000,2,"gaussian","linesearch",0.00025,1,0.00025,0.5,0.01,2000,0.5,1,8,0,NA,54.9860000000001,78,1,0,0.00975063029755197,0,0,1,0,0,486
61,63123,2000,2,"gaussian","fixed",0.00025,0.2,5e-05,0.1,0.01,2000,0.5,1,0,0,NA,60.6219999999998,405,1,0,0.00985220542682258,0,0,1,1,0,487
61,63123,2000,2,"gaussian","linesearch",0.00025,0.2,5e-05,0.1,0.01,2000,0.5,1,8,0,NA,140.255,405,1,0,0.00985220542682258,0,0,1,0,0,488
62,64123,2000,2,"gaussian","fixed",0.00025,10,0.0025,5,0.01,2000,0.5,1,0,0,NA,37.539,14,0,1,NA,0,0,1,1,0,489
62,64123,2000,2,"gaussian","linesearch",0.00025,10,0.0025,5,0.01,2000,0.5,1,8,0,NA,61.088,63,1,0,0.0098135063602395,3,3,0,0,0,490
62,64123,2000,2,"gaussian","fixed",0.00025,5,0.00125,2.5,0.01,2000,0.5,1,0,0,NA,38.1089999999999,18,0,1,NA,0,0,1,1,0,491
62,64123,2000,2,"gaussian","linesearch",0.00025,5,0.00125,2.5,0.01,2000,0.5,1,8,0,NA,57.7900000000002,63,1,0,0.0098135063602395,2,2,0,0,0,492
62,64123,2000,2,"gaussian","fixed",0.00025,1,0.00025,0.5,0.01,2000,0.5,1,0,0,NA,40.933,80,1,0,0.00951985638085074,0,0,1,1,0,493
62,64123,2000,2,"gaussian","linesearch",0.00025,1,0.00025,0.5,0.01,2000,0.5,1,8,0,NA,55.028,80,1,0,0.00951985638085074,0,0,1,0,0,494
62,64123,2000,2,"gaussian","fixed",0.00025,0.2,5e-05,0.1,0.01,2000,0.5,1,0,0,NA,63.539,414,1,0,0.00989582660706708,0,0,1,1,0,495
62,64123,2000,2,"gaussian","linesearch",0.00025,0.2,5e-05,0.1,0.01,2000,0.5,1,8,0,NA,145.592,414,1,0,0.00989582660706708,0,0,1,0,0,496
63,65123,2000,2,"gaussian","fixed",0.00025,10,0.0025,5,0.01,2000,0.5,1,0,0,NA,37.6190000000001,13,0,1,Inf,0,0,1,1,0,497
63,65123,2000,2,"gaussian","linesearch",0.00025,10,0.0025,5,0.01,2000,0.5,1,8,0,NA,60.8050000000001,61,1,0,0.00971679817255366,3,3,0,0,0,498
63,65123,2000,2,"gaussian","fixed",0.00025,5,0.00125,2.5,0.01,2000,0.5,1,0,0,NA,38.0520000000001,18,0,1,NA,0,0,1,1,0,499
63,65123,2000,2,"gaussian","linesearch",0.00025,5,0.00125,2.5,0.01,2000,0.5,1,8,0,NA,54.799,61,1,0,0.00971679817255366,2,2,0,0,0,500
63,65123,2000,2,"gaussian","fixed",0.00025,1,0.00025,0.5,0.01,2000,0.5,1,0,0,NA,40.912,77,1,0,0.00995677595449385,0,0,1,1,0,501
63,65123,2000,2,"gaussian","linesearch",0.00025,1,0.00025,0.5,0.01,2000,0.5,1,8,0,NA,54.3199999999999,77,1,0,0.00995677595449385,0,0,1,0,0,502
63,65123,2000,2,"gaussian","fixed",0.00025,0.2,5e-05,0.1,0.01,2000,0.5,1,0,0,NA,60.5450000000001,400,1,0,0.00990784009827173,0,0,1,1,0,503
63,65123,2000,2,"gaussian","linesearch",0.00025,0.2,5e-05,0.1,0.01,2000,0.5,1,8,0,NA,140.097,400,1,0,0.00990784009827173,0,0,1,0,0,504
64,66123,2000,2,"gaussian","fixed",0.00025,10,0.0025,5,0.01,2000,0.5,1,0,0,NA,38.2329999999999,14,0,1,NA,0,0,1,1,0,505
64,66123,2000,2,"gaussian","linesearch",0.00025,10,0.0025,5,0.01,2000,0.5,1,8,0,NA,62.1579999999999,62,1,0,0.0089597446416001,3,3,0,0,0,506
64,66123,2000,2,"gaussian","fixed",0.00025,5,0.00125,2.5,0.01,2000,0.5,1,0,0,NA,38.7919999999999,18,0,1,NA,0,0,1,1,0,507
64,66123,2000,2,"gaussian","linesearch",0.00025,5,0.00125,2.5,0.01,2000,0.5,1,8,0,NA,56.617,62,1,0,0.0089597446416001,2,2,0,0,0,508
64,66123,2000,2,"gaussian","fixed",0.00025,1,0.00025,0.5,0.01,2000,0.5,1,0,0,NA,42.8609999999999,78,1,0,0.00948182069635983,0,0,1,1,0,509
64,66123,2000,2,"gaussian","linesearch",0.00025,1,0.00025,0.5,0.01,2000,0.5,1,8,0,NA,53.0330000000001,78,1,0,0.00948182069635983,0,0,1,0,0,510
64,66123,2000,2,"gaussian","fixed",0.00025,0.2,5e-05,0.1,0.01,2000,0.5,1,0,0,NA,58.788,403,1,0,0.0099325435938471,0,0,1,1,0,511
64,66123,2000,2,"gaussian","linesearch",0.00025,0.2,5e-05,0.1,0.01,2000,0.5,1,8,0,NA,125.562,403,1,0,0.0099325435938471,0,0,1,0,0,512
65,67123,2000,2,"gaussian","fixed",0.00025,10,0.0025,5,0.01,2000,0.5,1,0,0,NA,39.1569999999999,13,0,1,NA,0,0,1,1,0,513
65,67123,2000,2,"gaussian","linesearch",0.00025,10,0.0025,5,0.01,2000,0.5,1,8,0,NA,59.0840000000001,60,1,0,0.00975139197796512,3,3,0,0,0,514
65,67123,2000,2,"gaussian","fixed",0.00025,5,0.00125,2.5,0.01,2000,0.5,1,0,0,NA,39.126,18,0,1,NA,0,0,1,1,0,515
65,67123,2000,2,"gaussian","linesearch",0.00025,5,0.00125,2.5,0.01,2000,0.5,1,8,0,NA,56.579,60,1,0,0.00975139197796512,2,2,0,0,0,516
65,67123,2000,2,"gaussian","fixed",0.00025,1,0.00025,0.5,0.01,2000,0.5,1,0,0,NA,42.4349999999999,76,1,0,0.00971330224841369,0,0,1,1,0,517
65,67123,2000,2,"gaussian","linesearch",0.00025,1,0.00025,0.5,0.01,2000,0.5,1,8,0,NA,51.7350000000001,76,1,0,0.00971330224841369,0,0,1,0,0,518
65,67123,2000,2,"gaussian","fixed",0.00025,0.2,5e-05,0.1,0.01,2000,0.5,1,0,0,NA,58.5210000000002,394,1,0,0.00997226154543757,0,0,1,1,0,519
65,67123,2000,2,"gaussian","linesearch",0.00025,0.2,5e-05,0.1,0.01,2000,0.5,1,8,0,NA,119.357,394,1,0,0.00997226154543757,0,0,1,0,0,520
66,68123,2000,2,"gaussian","fixed",0.00025,10,0.0025,5,0.01,2000,0.5,1,0,0,NA,38.2719999999999,14,0,1,NA,0,0,1,1,0,521
66,68123,2000,2,"gaussian","linesearch",0.00025,10,0.0025,5,0.01,2000,0.5,1,8,0,NA,63.7850000000001,62,1,0,0.00896654479411263,3,3,0,0,0,522
66,68123,2000,2,"gaussian","fixed",0.00025,5,0.00125,2.5,0.01,2000,0.5,1,0,0,NA,38.2939999999999,18,0,1,NA,0,0,1,1,0,523
66,68123,2000,2,"gaussian","linesearch",0.00025,5,0.00125,2.5,0.01,2000,0.5,1,8,0,NA,61.066,62,1,0,0.00896654479411263,2,2,0,0,0,524
66,68123,2000,2,"gaussian","fixed",0.00025,1,0.00025,0.5,0.01,2000,0.5,1,0,0,NA,42.902,78,1,0,0.00949253393001703,0,0,1,1,0,525
66,68123,2000,2,"gaussian","linesearch",0.00025,1,0.00025,0.5,0.01,2000,0.5,1,8,0,NA,55.058,78,1,0,0.00949253393001703,0,0,1,0,0,526
66,68123,2000,2,"gaussian","fixed",0.00025,0.2,5e-05,0.1,0.01,2000,0.5,1,0,0,NA,62.866,403,1,0,0.00995417391956688,0,0,1,1,0,527
66,68123,2000,2,"gaussian","linesearch",0.00025,0.2,5e-05,0.1,0.01,2000,0.5,1,8,0,NA,135.957,403,1,0,0.00995417391956688,0,0,1,0,0,528
67,69123,2000,2,"gaussian","fixed",0.00025,10,0.0025,5,0.01,2000,0.5,1,0,0,NA,38.72,14,0,1,NA,0,0,1,1,0,529
67,69123,2000,2,"gaussian","linesearch",0.00025,10,0.0025,5,0.01,2000,0.5,1,8,0,NA,64.3050000000001,63,1,0,0.0091942332144781,3,3,0,0,0,530
67,69123,2000,2,"gaussian","fixed",0.00025,5,0.00125,2.5,0.01,2000,0.5,1,0,0,NA,39.8649999999998,18,0,1,NA,0,0,1,1,0,531
67,69123,2000,2,"gaussian","linesearch",0.00025,5,0.00125,2.5,0.01,2000,0.5,1,8,0,NA,58.203,63,1,0,0.0091942332144781,2,2,0,0,0,532
67,69123,2000,2,"gaussian","fixed",0.00025,1,0.00025,0.5,0.01,2000,0.5,1,0,0,NA,43.0149999999999,80,1,0,0.00891711549962282,0,0,1,1,0,533
67,69123,2000,2,"gaussian","linesearch",0.00025,1,0.00025,0.5,0.01,2000,0.5,1,8,0,NA,53.8299999999999,80,1,0,0.00891711549962282,0,0,1,0,0,534
67,69123,2000,2,"gaussian","fixed",0.00025,0.2,5e-05,0.1,0.01,2000,0.5,1,0,0,NA,61.8199999999999,411,1,0,0.00993469642118039,0,0,1,1,0,535
67,69123,2000,2,"gaussian","linesearch",0.00025,0.2,5e-05,0.1,0.01,2000,0.5,1,8,0,NA,128.905,411,1,0,0.00993469642118039,0,0,1,0,0,536
68,70123,2000,2,"gaussian","fixed",0.00025,10,0.0025,5,0.01,2000,0.5,1,0,0,NA,37.5740000000001,13,0,1,NA,0,0,1,1,0,537
68,70123,2000,2,"gaussian","linesearch",0.00025,10,0.0025,5,0.01,2000,0.5,1,8,0,NA,61.8020000000001,62,1,0,0.0099505011070701,3,3,0,0,0,538
68,70123,2000,2,"gaussian","fixed",0.00025,5,0.00125,2.5,0.01,2000,0.5,1,0,0,NA,39.424,19,0,1,NA,0,0,1,1,0,539
68,70123,2000,2,"gaussian","linesearch",0.00025,5,0.00125,2.5,0.01,2000,0.5,1,8,0,NA,59.6800000000001,62,1,0,0.0099505011070701,2,2,0,0,0,540
68,70123,2000,2,"gaussian","fixed",0.00025,1,0.00025,0.5,0.01,2000,0.5,1,0,0,NA,42.6869999999999,79,1,0,0.00934235274547141,0,0,1,1,0,541
68,70123,2000,2,"gaussian","linesearch",0.00025,1,0.00025,0.5,0.01,2000,0.5,1,8,0,NA,54.375,79,1,0,0.00934235274547141,0,0,1,0,0,542
68,70123,2000,2,"gaussian","fixed",0.00025,0.2,5e-05,0.1,0.01,2000,0.5,1,0,0,NA,63.4180000000001,408,1,0,0.00989469105253099,0,0,1,1,0,543
68,70123,2000,2,"gaussian","linesearch",0.00025,0.2,5e-05,0.1,0.01,2000,0.5,1,8,0,NA,136.054,408,1,0,0.00989469105253099,0,0,1,0,0,544
69,71123,2000,2,"gaussian","fixed",0.00025,10,0.0025,5,0.01,2000,0.5,1,0,0,NA,38.1190000000001,13,0,1,NA,0,0,1,1,0,545
69,71123,2000,2,"gaussian","linesearch",0.00025,10,0.0025,5,0.01,2000,0.5,1,8,0,NA,62.6379999999999,64,1,0,0.0088155678214806,3,3,0,0,0,546
69,71123,2000,2,"gaussian","fixed",0.00025,5,0.00125,2.5,0.01,2000,0.5,1,0,0,NA,39.615,18,0,1,NA,0,0,1,1,0,547
69,71123,2000,2,"gaussian","linesearch",0.00025,5,0.00125,2.5,0.01,2000,0.5,1,8,0,NA,59.183,64,1,0,0.0088155678214806,2,2,0,0,0,548
69,71123,2000,2,"gaussian","fixed",0.00025,1,0.00025,0.5,0.01,2000,0.5,1,0,0,NA,41.933,80,1,0,0.00994981618417229,0,0,1,1,0,549
69,71123,2000,2,"gaussian","linesearch",0.00025,1,0.00025,0.5,0.01,2000,0.5,1,8,0,NA,55.4839999999999,80,1,0,0.00994981618417229,0,0,1,0,0,550
69,71123,2000,2,"gaussian","fixed",0.00025,0.2,5e-05,0.1,0.01,2000,0.5,1,0,0,NA,64.2539999999999,416,1,0,0.00982143037999031,0,0,1,1,0,551
69,71123,2000,2,"gaussian","linesearch",0.00025,0.2,5e-05,0.1,0.01,2000,0.5,1,8,0,NA,138.299,416,1,0,0.00982143037999031,0,0,1,0,0,552
70,72123,2000,2,"gaussian","fixed",0.00025,10,0.0025,5,0.01,2000,0.5,1,0,0,NA,37.1099999999999,13,0,1,NA,0,0,1,1,0,553
70,72123,2000,2,"gaussian","linesearch",0.00025,10,0.0025,5,0.01,2000,0.5,1,8,0,NA,58.6199999999999,60,1,0,0.00963092164919693,3,3,0,0,0,554
70,72123,2000,2,"gaussian","fixed",0.00025,5,0.00125,2.5,0.01,2000,0.5,1,0,0,NA,37.527,18,0,1,NA,0,0,1,1,0,555
70,72123,2000,2,"gaussian","linesearch",0.00025,5,0.00125,2.5,0.01,2000,0.5,1,8,0,NA,55.6469999999999,60,1,0,0.00963092164919693,2,2,0,0,0,556
70,72123,2000,2,"gaussian","fixed",0.00025,1,0.00025,0.5,0.01,2000,0.5,1,0,0,NA,40.7830000000001,76,1,0,0.00957231903681457,0,0,1,1,0,557
70,72123,2000,2,"gaussian","linesearch",0.00025,1,0.00025,0.5,0.01,2000,0.5,1,8,0,NA,53.021,76,1,0,0.00957231903681457,0,0,1,0,0,558
70,72123,2000,2,"gaussian","fixed",0.00025,0.2,5e-05,0.1,0.01,2000,0.5,1,0,0,NA,62.5550000000001,393,1,0,0.00999177966181158,0,0,1,1,0,559
70,72123,2000,2,"gaussian","linesearch",0.00025,0.2,5e-05,0.1,0.01,2000,0.5,1,8,0,NA,131.596,393,1,0,0.00999177966181158,0,0,1,0,0,560
71,73123,2000,2,"gaussian","fixed",0.00025,10,0.0025,5,0.01,2000,0.5,1,0,0,NA,37.277,14,0,1,NA,0,0,1,1,0,561
71,73123,2000,2,"gaussian","linesearch",0.00025,10,0.0025,5,0.01,2000,0.5,1,8,0,NA,59.982,60,1,0,0.00972834527755198,3,3,0,0,0,562
71,73123,2000,2,"gaussian","fixed",0.00025,5,0.00125,2.5,0.01,2000,0.5,1,0,0,NA,38.5029999999999,21,0,1,NA,0,0,1,1,0,563
71,73123,2000,2,"gaussian","linesearch",0.00025,5,0.00125,2.5,0.01,2000,0.5,1,8,0,NA,58.0450000000001,60,1,0,0.00972834527755198,2,2,0,0,0,564
71,73123,2000,2,"gaussian","fixed",0.00025,1,0.00025,0.5,0.01,2000,0.5,1,0,0,NA,41.451,76,1,0,0.00963061524796066,0,0,1,1,0,565
71,73123,2000,2,"gaussian","linesearch",0.00025,1,0.00025,0.5,0.01,2000,0.5,1,8,0,NA,55.106,76,1,0,0.00963061524796066,0,0,1,0,0,566
71,73123,2000,2,"gaussian","fixed",0.00025,0.2,5e-05,0.1,0.01,2000,0.5,1,0,0,NA,61.7619999999999,393,1,0,0.00991950584420151,0,0,1,1,0,567
71,73123,2000,2,"gaussian","linesearch",0.00025,0.2,5e-05,0.1,0.01,2000,0.5,1,8,0,NA,132.234,393,1,0,0.00991950584420151,0,0,1,0,0,568
72,74123,2000,2,"gaussian","fixed",0.00025,10,0.0025,5,0.01,2000,0.5,1,0,0,NA,37.779,13,0,1,NA,0,0,1,1,0,569
72,74123,2000,2,"gaussian","linesearch",0.00025,10,0.0025,5,0.01,2000,0.5,1,8,0,NA,62.903,62,1,0,0.00950514663493407,3,3,0,0,0,570
72,74123,2000,2,"gaussian","fixed",0.00025,5,0.00125,2.5,0.01,2000,0.5,1,0,0,NA,39.289,18,0,1,NA,0,0,1,1,0,571
72,74123,2000,2,"gaussian","linesearch",0.00025,5,0.00125,2.5,0.01,2000,0.5,1,8,0,NA,60.5529999999999,62,1,0,0.00950514663493407,2,2,0,0,0,572
72,74123,2000,2,"gaussian","fixed",0.00025,1,0.00025,0.5,0.01,2000,0.5,1,0,0,NA,42.855,79,1,0,0.00891452959107597,0,0,1,1,0,573
72,74123,2000,2,"gaussian","linesearch",0.00025,1,0.00025,0.5,0.01,2000,0.5,1,8,0,NA,55.6990000000001,79,1,0,0.00891452959107597,0,0,1,0,0,574
72,74123,2000,2,"gaussian","fixed",0.00025,0.2,5e-05,0.1,0.01,2000,0.5,1,0,0,NA,63.769,406,1,0,0.00983594509738617,0,0,1,1,0,575
72,74123,2000,2,"gaussian","linesearch",0.00025,0.2,5e-05,0.1,0.01,2000,0.5,1,8,0,NA,144.422,406,1,0,0.00983594509738617,0,0,1,0,0,576
73,75123,2000,2,"gaussian","fixed",0.00025,10,0.0025,5,0.01,2000,0.5,1,0,0,NA,38.3429999999998,14,0,1,Inf,0,0,1,1,0,577
73,75123,2000,2,"gaussian","linesearch",0.00025,10,0.0025,5,0.01,2000,0.5,1,8,0,NA,63.3419999999999,62,1,0,0.0095041817189255,3,3,0,0,0,578
73,75123,2000,2,"gaussian","fixed",0.00025,5,0.00125,2.5,0.01,2000,0.5,1,0,0,NA,39.3099999999999,23,0,1,NA,0,0,1,1,0,579
73,75123,2000,2,"gaussian","linesearch",0.00025,5,0.00125,2.5,0.01,2000,0.5,1,8,0,NA,57.3689999999999,62,1,0,0.0095041817189255,2,2,0,0,0,580
73,75123,2000,2,"gaussian","fixed",0.00025,1,0.00025,0.5,0.01,2000,0.5,1,0,0,NA,42.694,79,1,0,0.00892410501793747,0,0,1,1,0,581
73,75123,2000,2,"gaussian","linesearch",0.00025,1,0.00025,0.5,0.01,2000,0.5,1,8,0,NA,55.9069999999999,79,1,0,0.00892410501793747,0,0,1,0,0,582
73,75123,2000,2,"gaussian","fixed",0.00025,0.2,5e-05,0.1,0.01,2000,0.5,1,0,0,NA,61.7139999999999,406,1,0,0.00990132325535699,0,0,1,1,0,583
73,75123,2000,2,"gaussian","linesearch",0.00025,0.2,5e-05,0.1,0.01,2000,0.5,1,8,0,NA,130.9,406,1,0,0.00990132325535699,0,0,1,0,0,584
74,76123,2000,2,"gaussian","fixed",0.00025,10,0.0025,5,0.01,2000,0.5,1,0,0,NA,38.598,14,0,1,NA,0,0,1,1,0,585
74,76123,2000,2,"gaussian","linesearch",0.00025,10,0.0025,5,0.01,2000,0.5,1,8,0,NA,63.6010000000001,62,1,0,0.00948760430567678,3,3,0,0,0,586
74,76123,2000,2,"gaussian","fixed",0.00025,5,0.00125,2.5,0.01,2000,0.5,1,0,0,NA,38.8409999999999,18,0,1,NA,0,0,1,1,0,587
74,76123,2000,2,"gaussian","linesearch",0.00025,5,0.00125,2.5,0.01,2000,0.5,1,8,0,NA,59.5530000000001,62,1,0,0.00948760430567678,2,2,0,0,0,588
74,76123,2000,2,"gaussian","fixed",0.00025,1,0.00025,0.5,0.01,2000,0.5,1,0,0,NA,42.318,79,1,0,0.00891427684079195,0,0,1,1,0,589
74,76123,2000,2,"gaussian","linesearch",0.00025,1,0.00025,0.5,0.01,2000,0.5,1,8,0,NA,54.337,79,1,0,0.00891427684079195,0,0,1,0,0,590
74,76123,2000,2,"gaussian","fixed",0.00025,0.2,5e-05,0.1,0.01,2000,0.5,1,0,0,NA,64.9100000000001,406,1,0,0.00993188040167936,0,0,1,1,0,591
74,76123,2000,2,"gaussian","linesearch",0.00025,0.2,5e-05,0.1,0.01,2000,0.5,1,8,0,NA,136.643,406,1,0,0.00993188040167936,0,0,1,0,0,592
75,77123,2000,2,"gaussian","fixed",0.00025,10,0.0025,5,0.01,2000,0.5,1,0,0,NA,41.9260000000002,14,0,1,NA,0,0,1,1,0,593
75,77123,2000,2,"gaussian","linesearch",0.00025,10,0.0025,5,0.01,2000,0.5,1,8,0,NA,60.124,62,1,0,0.00923923107741123,3,3,0,0,0,594
75,77123,2000,2,"gaussian","fixed",0.00025,5,0.00125,2.5,0.01,2000,0.5,1,0,0,NA,41.645,18,0,1,Inf,0,0,1,1,0,595
75,77123,2000,2,"gaussian","linesearch",0.00025,5,0.00125,2.5,0.01,2000,0.5,1,8,0,NA,56.7350000000001,62,1,0,0.00923923107741123,2,2,0,0,0,596
75,77123,2000,2,"gaussian","fixed",0.00025,1,0.00025,0.5,0.01,2000,0.5,1,0,0,NA,44.355,78,1,0,0.00981971839892083,0,0,1,1,0,597
75,77123,2000,2,"gaussian","linesearch",0.00025,1,0.00025,0.5,0.01,2000,0.5,1,8,0,NA,54.9810000000002,78,1,0,0.00981971839892083,0,0,1,0,0,598
75,77123,2000,2,"gaussian","fixed",0.00025,0.2,5e-05,0.1,0.01,2000,0.5,1,0,0,NA,64.1189999999999,405,1,0,0.00991371767527686,0,0,1,1,0,599
75,77123,2000,2,"gaussian","linesearch",0.00025,0.2,5e-05,0.1,0.01,2000,0.5,1,8,0,NA,143.203,405,1,0,0.00991371767527686,0,0,1,0,0,600
76,78123,2000,2,"gaussian","fixed",0.00025,10,0.0025,5,0.01,2000,0.5,1,0,0,NA,37.8520000000001,14,0,1,NA,0,0,1,1,0,601
76,78123,2000,2,"gaussian","linesearch",0.00025,10,0.0025,5,0.01,2000,0.5,1,8,0,NA,58.884,63,1,0,0.00932846427514844,3,3,0,0,0,602
76,78123,2000,2,"gaussian","fixed",0.00025,5,0.00125,2.5,0.01,2000,0.5,1,0,0,NA,38.1760000000002,18,0,1,NA,0,0,1,1,0,603
76,78123,2000,2,"gaussian","linesearch",0.00025,5,0.00125,2.5,0.01,2000,0.5,1,8,0,NA,55.7940000000001,63,1,0,0.00932846427514844,2,2,0,0,0,604
76,78123,2000,2,"gaussian","fixed",0.00025,1,0.00025,0.5,0.01,2000,0.5,1,0,0,NA,43.23,80,1,0,0.00905385123193464,0,0,1,1,0,605
76,78123,2000,2,"gaussian","linesearch",0.00025,1,0.00025,0.5,0.01,2000,0.5,1,8,0,NA,55.9569999999999,80,1,0,0.00905385123193464,0,0,1,0,0,606
76,78123,2000,2,"gaussian","fixed",0.00025,0.2,5e-05,0.1,0.01,2000,0.5,1,0,0,NA,61.002,412,1,0,0.00987909948639082,0,0,1,1,0,607
76,78123,2000,2,"gaussian","linesearch",0.00025,0.2,5e-05,0.1,0.01,2000,0.5,1,8,0,NA,134.594,412,1,0,0.00987909948639082,0,0,1,0,0,608
77,79123,2000,2,"gaussian","fixed",0.00025,10,0.0025,5,0.01,2000,0.5,1,0,0,NA,36.75,13,0,1,NA,0,0,1,1,0,609
77,79123,2000,2,"gaussian","linesearch",0.00025,10,0.0025,5,0.01,2000,0.5,1,8,0,NA,57.5609999999999,63,1,0,0.00912766073236071,3,3,0,0,0,610
77,79123,2000,2,"gaussian","fixed",0.00025,5,0.00125,2.5,0.01,2000,0.5,1,0,0,NA,40.6360000000002,18,0,1,NA,0,0,1,1,0,611
77,79123,2000,2,"gaussian","linesearch",0.00025,5,0.00125,2.5,0.01,2000,0.5,1,8,0,NA,55.8510000000001,63,1,0,0.00912766073236071,2,2,0,0,0,612
77,79123,2000,2,"gaussian","fixed",0.00025,1,0.00025,0.5,0.01,2000,0.5,1,0,0,NA,42.1090000000002,80,1,0,0.00886302728851251,0,0,1,1,0,613
77,79123,2000,2,"gaussian","linesearch",0.00025,1,0.00025,0.5,0.01,2000,0.5,1,8,0,NA,51.769,80,1,0,0.00886302728851251,0,0,1,0,0,614
77,79123,2000,2,"gaussian","fixed",0.00025,0.2,5e-05,0.1,0.01,2000,0.5,1,0,0,NA,59.183,411,1,0,0.00992062721259968,0,0,1,1,0,615
77,79123,2000,2,"gaussian","linesearch",0.00025,0.2,5e-05,0.1,0.01,2000,0.5,1,8,0,NA,129.056,411,1,0,0.00992062721259968,0,0,1,0,0,616
78,80123,2000,2,"gaussian","fixed",0.00025,10,0.0025,5,0.01,2000,0.5,1,0,0,NA,36.6110000000001,14,0,1,NA,0,0,1,1,0,617
78,80123,2000,2,"gaussian","linesearch",0.00025,10,0.0025,5,0.01,2000,0.5,1,8,0,NA,57.096,61,1,0,0.00990218825321101,3,3,0,0,0,618
78,80123,2000,2,"gaussian","fixed",0.00025,5,0.00125,2.5,0.01,2000,0.5,1,0,0,NA,38.3340000000001,19,0,1,NA,0,0,1,1,0,619
78,80123,2000,2,"gaussian","linesearch",0.00025,5,0.00125,2.5,0.01,2000,0.5,1,8,0,NA,54.296,61,1,0,0.00990218825321101,2,2,0,0,0,620
78,80123,2000,2,"gaussian","fixed",0.00025,1,0.00025,0.5,0.01,2000,0.5,1,0,0,NA,41.0450000000001,78,1,0,0.0089968532795057,0,0,1,1,0,621
78,80123,2000,2,"gaussian","linesearch",0.00025,1,0.00025,0.5,0.01,2000,0.5,1,8,0,NA,52.4269999999999,78,1,0,0.0089968532795057,0,0,1,0,0,622
78,80123,2000,2,"gaussian","fixed",0.00025,0.2,5e-05,0.1,0.01,2000,0.5,1,0,0,NA,62.2850000000001,401,1,0,0.00993724717010064,0,0,1,1,0,623
78,80123,2000,2,"gaussian","linesearch",0.00025,0.2,5e-05,0.1,0.01,2000,0.5,1,8,0,NA,133.19,401,1,0,0.00993724717010064,0,0,1,0,0,624
79,81123,2000,2,"gaussian","fixed",0.00025,10,0.0025,5,0.01,2000,0.5,1,0,0,NA,50.635,14,0,1,NA,0,0,1,1,0,625
79,81123,2000,2,"gaussian","linesearch",0.00025,10,0.0025,5,0.01,2000,0.5,1,8,0,NA,71.885,60,1,0,0.00914704540768585,3,3,0,0,0,626
79,81123,2000,2,"gaussian","fixed",0.00025,5,0.00125,2.5,0.01,2000,0.5,1,0,0,NA,52.3500000000001,19,0,1,NA,0,0,1,1,0,627
79,81123,2000,2,"gaussian","linesearch",0.00025,5,0.00125,2.5,0.01,2000,0.5,1,8,0,NA,69.481,60,1,0,0.00914704540768585,2,2,0,0,0,628
79,81123,2000,2,"gaussian","fixed",0.00025,1,0.00025,0.5,0.01,2000,0.5,1,0,0,NA,55.4649999999999,76,1,0,0.00909300103181843,0,0,1,1,0,629
79,81123,2000,2,"gaussian","linesearch",0.00025,1,0.00025,0.5,0.01,2000,0.5,1,8,0,NA,68.4659999999999,76,1,0,0.00909300103181843,0,0,1,0,0,630
79,81123,2000,2,"gaussian","fixed",0.00025,0.2,5e-05,0.1,0.01,2000,0.5,1,0,0,NA,81.1279999999999,391,1,0,0.00995381195155343,0,0,1,1,0,631
79,81123,2000,2,"gaussian","linesearch",0.00025,0.2,5e-05,0.1,0.01,2000,0.5,1,8,0,NA,124.913,391,1,0,0.00995381195155343,0,0,1,0,0,632
80,82123,2000,2,"gaussian","fixed",0.00025,10,0.0025,5,0.01,2000,0.5,1,0,0,NA,38.3150000000001,14,0,1,NA,0,0,1,1,0,633
80,82123,2000,2,"gaussian","linesearch",0.00025,10,0.0025,5,0.01,2000,0.5,1,8,0,NA,59.0140000000001,64,1,0,0.00863967681681221,3,3,0,0,0,634
80,82123,2000,2,"gaussian","fixed",0.00025,5,0.00125,2.5,0.01,2000,0.5,1,0,0,NA,38.671,18,0,1,NA,0,0,1,1,0,635
80,82123,2000,2,"gaussian","linesearch",0.00025,5,0.00125,2.5,0.01,2000,0.5,1,8,0,NA,55.902,64,1,0,0.00863967681681221,2,2,0,0,0,636
80,82123,2000,2,"gaussian","fixed",0.00025,1,0.00025,0.5,0.01,2000,0.5,1,0,0,NA,41.8199999999999,80,1,0,0.00979262963124444,0,0,1,1,0,637
80,82123,2000,2,"gaussian","linesearch",0.00025,1,0.00025,0.5,0.01,2000,0.5,1,8,0,NA,53.2049999999999,80,1,0,0.00979262963124444,0,0,1,0,0,638
80,82123,2000,2,"gaussian","fixed",0.00025,0.2,5e-05,0.1,0.01,2000,0.5,1,0,0,NA,60.5580000000002,415,1,0,0.00996113242219254,0,0,1,1,0,639
80,82123,2000,2,"gaussian","linesearch",0.00025,0.2,5e-05,0.1,0.01,2000,0.5,1,8,0,NA,134.767,415,1,0,0.00996113242219254,0,0,1,0,0,640
81,83123,2000,2,"gaussian","fixed",0.00025,10,0.0025,5,0.01,2000,0.5,1,0,0,NA,37.829,13,0,1,NA,0,0,1,1,0,641
81,83123,2000,2,"gaussian","linesearch",0.00025,10,0.0025,5,0.01,2000,0.5,1,8,0,NA,60.335,63,1,0,0.00996416141889001,3,3,0,0,0,642
81,83123,2000,2,"gaussian","fixed",0.00025,5,0.00125,2.5,0.01,2000,0.5,1,0,0,NA,38.607,18,0,1,NA,0,0,1,1,0,643
81,83123,2000,2,"gaussian","linesearch",0.00025,5,0.00125,2.5,0.01,2000,0.5,1,8,0,NA,54.5530000000001,63,1,0,0.00996416141889001,2,2,0,0,0,644
81,83123,2000,2,"gaussian","fixed",0.00025,1,0.00025,0.5,0.01,2000,0.5,1,0,0,NA,41.325,80,1,0,0.00968247036963726,0,0,1,1,0,645
81,83123,2000,2,"gaussian","linesearch",0.00025,1,0.00025,0.5,0.01,2000,0.5,1,8,0,NA,52.654,80,1,0,0.00968247036963726,0,0,1,0,0,646
81,83123,2000,2,"gaussian","fixed",0.00025,0.2,5e-05,0.1,0.01,2000,0.5,1,0,0,NA,59.0219999999999,415,1,0,0.00989440581325274,0,0,1,1,0,647
81,83123,2000,2,"gaussian","linesearch",0.00025,0.2,5e-05,0.1,0.01,2000,0.5,1,8,0,NA,138.906,415,1,0,0.00989440581325274,0,0,1,0,0,648
82,84123,2000,2,"gaussian","fixed",0.00025,10,0.0025,5,0.01,2000,0.5,1,0,0,NA,37.6569999999999,14,0,1,NA,0,0,1,1,0,649
82,84123,2000,2,"gaussian","linesearch",0.00025,10,0.0025,5,0.01,2000,0.5,1,8,0,NA,58.2259999999999,63,1,0,0.00899795523307101,3,3,0,0,0,650
82,84123,2000,2,"gaussian","fixed",0.00025,5,0.00125,2.5,0.01,2000,0.5,1,0,0,NA,40.2540000000001,18,0,1,NA,0,0,1,1,0,651
82,84123,2000,2,"gaussian","linesearch",0.00025,5,0.00125,2.5,0.01,2000,0.5,1,8,0,NA,57.5340000000001,63,1,0,0.00899795523307101,2,2,0,0,0,652
82,84123,2000,2,"gaussian","fixed",0.00025,1,0.00025,0.5,0.01,2000,0.5,1,0,0,NA,43.596,79,1,0,0.00986066546515285,0,0,1,1,0,653
82,84123,2000,2,"gaussian","linesearch",0.00025,1,0.00025,0.5,0.01,2000,0.5,1,8,0,NA,54.683,79,1,0,0.00986066546515285,0,0,1,0,0,654
82,84123,2000,2,"gaussian","fixed",0.00025,0.2,5e-05,0.1,0.01,2000,0.5,1,0,0,NA,61.3869999999999,410,1,0,0.00995937867928853,0,0,1,1,0,655
82,84123,2000,2,"gaussian","linesearch",0.00025,0.2,5e-05,0.1,0.01,2000,0.5,1,8,0,NA,138.536,410,1,0,0.00995937867928853,0,0,1,0,0,656
83,85123,2000,2,"gaussian","fixed",0.00025,10,0.0025,5,0.01,2000,0.5,1,0,0,NA,37.5920000000001,13,0,1,Inf,0,0,1,1,0,657
83,85123,2000,2,"gaussian","linesearch",0.00025,10,0.0025,5,0.01,2000,0.5,1,8,0,NA,59.3489999999999,61,1,0,0.0091978984599298,3,3,0,0,0,658
83,85123,2000,2,"gaussian","fixed",0.00025,5,0.00125,2.5,0.01,2000,0.5,1,0,0,NA,37.7859999999998,18,0,1,NA,0,0,1,1,0,659
83,85123,2000,2,"gaussian","linesearch",0.00025,5,0.00125,2.5,0.01,2000,0.5,1,8,0,NA,56.4780000000001,61,1,0,0.0091978984599298,2,2,0,0,0,660
83,85123,2000,2,"gaussian","fixed",0.00025,1,0.00025,0.5,0.01,2000,0.5,1,0,0,NA,43.0429999999999,77,1,0,0.00946698625660325,0,0,1,1,0,661
83,85123,2000,2,"gaussian","linesearch",0.00025,1,0.00025,0.5,0.01,2000,0.5,1,8,0,NA,54.222,77,1,0,0.00946698625660325,0,0,1,0,0,662
83,85123,2000,2,"gaussian","fixed",0.00025,0.2,5e-05,0.1,0.01,2000,0.5,1,0,0,NA,60.7190000000001,398,1,0,0.00998746307906218,0,0,1,1,0,663
83,85123,2000,2,"gaussian","linesearch",0.00025,0.2,5e-05,0.1,0.01,2000,0.5,1,8,0,NA,137.395,398,1,0,0.00998746307906218,0,0,1,0,0,664
84,86123,2000,2,"gaussian","fixed",0.00025,10,0.0025,5,0.01,2000,0.5,1,0,0,NA,36.9480000000001,13,0,1,NA,0,0,1,1,0,665
84,86123,2000,2,"gaussian","linesearch",0.00025,10,0.0025,5,0.01,2000,0.5,1,8,0,NA,59.9870000000001,60,1,0,0.00981551273865011,3,3,0,0,0,666
84,86123,2000,2,"gaussian","fixed",0.00025,5,0.00125,2.5,0.01,2000,0.5,1,0,0,NA,41.1479999999999,18,0,1,NA,0,0,1,1,0,667
84,86123,2000,2,"gaussian","linesearch",0.00025,5,0.00125,2.5,0.01,2000,0.5,1,8,0,NA,53.713,60,1,0,0.00981551273865011,2,2,0,0,0,668
84,86123,2000,2,"gaussian","fixed",0.00025,1,0.00025,0.5,0.01,2000,0.5,1,0,0,NA,40.258,76,1,0,0.00972691809875803,0,0,1,1,0,669
84,86123,2000,2,"gaussian","linesearch",0.00025,1,0.00025,0.5,0.01,2000,0.5,1,8,0,NA,51.3910000000001,76,1,0,0.00972691809875803,0,0,1,0,0,670
84,86123,2000,2,"gaussian","fixed",0.00025,0.2,5e-05,0.1,0.01,2000,0.5,1,0,0,NA,59.1959999999999,394,1,0,0.00982543376228434,0,0,1,1,0,671
84,86123,2000,2,"gaussian","linesearch",0.00025,0.2,5e-05,0.1,0.01,2000,0.5,1,8,0,NA,121.653,394,1,0,0.00982543376228434,0,0,1,0,0,672
85,87123,2000,2,"gaussian","fixed",0.00025,10,0.0025,5,0.01,2000,0.5,1,0,0,NA,37.009,13,0,1,Inf,0,0,1,1,0,673
85,87123,2000,2,"gaussian","linesearch",0.00025,10,0.0025,5,0.01,2000,0.5,1,8,0,NA,61.037,61,1,0,0.00979613129870804,3,3,0,0,0,674
85,87123,2000,2,"gaussian","fixed",0.00025,5,0.00125,2.5,0.01,2000,0.5,1,0,0,NA,39.4490000000001,18,0,1,NA,0,0,1,1,0,675
85,87123,2000,2,"gaussian","linesearch",0.00025,5,0.00125,2.5,0.01,2000,0.5,1,8,0,NA,57.1959999999999,61,1,0,0.00979613129870804,2,2,0,0,0,676
85,87123,2000,2,"gaussian","fixed",0.00025,1,0.00025,0.5,0.01,2000,0.5,1,0,0,NA,42.6970000000001,78,1,0,0.00891343950932322,0,0,1,1,0,677
85,87123,2000,2,"gaussian","linesearch",0.00025,1,0.00025,0.5,0.01,2000,0.5,1,8,0,NA,52.1600000000001,78,1,0,0.00891343950932322,0,0,1,0,0,678
85,87123,2000,2,"gaussian","fixed",0.00025,0.2,5e-05,0.1,0.01,2000,0.5,1,0,0,NA,58.0699999999999,401,1,0,0.0099655361413048,0,0,1,1,0,679
85,87123,2000,2,"gaussian","linesearch",0.00025,0.2,5e-05,0.1,0.01,2000,0.5,1,8,0,NA,121.047,401,1,0,0.0099655361413048,0,0,1,0,0,680
86,88123,2000,2,"gaussian","fixed",0.00025,10,0.0025,5,0.01,2000,0.5,1,0,0,NA,37.067,14,0,1,NA,0,0,1,1,0,681
86,88123,2000,2,"gaussian","linesearch",0.00025,10,0.0025,5,0.01,2000,0.5,1,8,0,NA,60.432,61,1,0,0.0092030504564077,3,3,0,0,0,682
86,88123,2000,2,"gaussian","fixed",0.00025,5,0.00125,2.5,0.01,2000,0.5,1,0,0,NA,38.8589999999999,18,0,1,NA,0,0,1,1,0,683
86,88123,2000,2,"gaussian","linesearch",0.00025,5,0.00125,2.5,0.01,2000,0.5,1,8,0,NA,54.221,61,1,0,0.0092030504564077,2,2,0,0,0,684
86,88123,2000,2,"gaussian","fixed",0.00025,1,0.00025,0.5,0.01,2000,0.5,1,0,0,NA,40.7149999999999,77,1,0,0.00946009437996734,0,0,1,1,0,685
86,88123,2000,2,"gaussian","linesearch",0.00025,1,0.00025,0.5,0.01,2000,0.5,1,8,0,NA,51.3619999999999,77,1,0,0.00946009437996734,0,0,1,0,0,686
86,88123,2000,2,"gaussian","fixed",0.00025,0.2,5e-05,0.1,0.01,2000,0.5,1,0,0,NA,58.519,398,1,0,0.00994369588048822,0,0,1,1,0,687
86,88123,2000,2,"gaussian","linesearch",0.00025,0.2,5e-05,0.1,0.01,2000,0.5,1,8,0,NA,128.474,398,1,0,0.00994369588048822,0,0,1,0,0,688
87,89123,2000,2,"gaussian","fixed",0.00025,10,0.0025,5,0.01,2000,0.5,1,0,0,NA,38.6769999999999,13,0,1,NA,0,0,1,1,0,689
87,89123,2000,2,"gaussian","linesearch",0.00025,10,0.0025,5,0.01,2000,0.5,1,8,0,NA,60.7250000000001,62,1,0,0.00903159303649692,3,3,0,0,0,690
87,89123,2000,2,"gaussian","fixed",0.00025,5,0.00125,2.5,0.01,2000,0.5,1,0,0,NA,39.5150000000001,18,0,1,NA,0,0,1,1,0,691
87,89123,2000,2,"gaussian","linesearch",0.00025,5,0.00125,2.5,0.01,2000,0.5,1,8,0,NA,56.7529999999999,62,1,0,0.00903159303649692,2,2,0,0,0,692
87,89123,2000,2,"gaussian","fixed",0.00025,1,0.00025,0.5,0.01,2000,0.5,1,0,0,NA,42.971,78,1,0,0.009558866830565,0,0,1,1,0,693
87,89123,2000,2,"gaussian","linesearch",0.00025,1,0.00025,0.5,0.01,2000,0.5,1,8,0,NA,54.8320000000001,78,1,0,0.009558866830565,0,0,1,0,0,694
87,89123,2000,2,"gaussian","fixed",0.00025,0.2,5e-05,0.1,0.01,2000,0.5,1,0,0,NA,63.3299999999999,404,1,0,0.00978703389196167,0,0,1,1,0,695
87,89123,2000,2,"gaussian","linesearch",0.00025,0.2,5e-05,0.1,0.01,2000,0.5,1,8,0,NA,133.068,404,1,0,0.00978703389196167,0,0,1,0,0,696
88,90123,2000,2,"gaussian","fixed",0.00025,10,0.0025,5,0.01,2000,0.5,1,0,0,NA,38.519,14,0,1,NA,0,0,1,1,0,697
88,90123,2000,2,"gaussian","linesearch",0.00025,10,0.0025,5,0.01,2000,0.5,1,8,0,NA,57.7809999999999,61,1,0,0.00902919342761943,3,3,0,0,0,698
88,90123,2000,2,"gaussian","fixed",0.00025,5,0.00125,2.5,0.01,2000,0.5,1,0,0,NA,37.9260000000002,19,0,1,NA,0,0,1,1,0,699
88,90123,2000,2,"gaussian","linesearch",0.00025,5,0.00125,2.5,0.01,2000,0.5,1,8,0,NA,54.4349999999999,61,1,0,0.00902919342761943,2,2,0,0,0,700
88,90123,2000,2,"gaussian","fixed",0.00025,1,0.00025,0.5,0.01,2000,0.5,1,0,0,NA,41.1940000000002,77,1,0,0.0092528242777794,0,0,1,1,0,701
88,90123,2000,2,"gaussian","linesearch",0.00025,1,0.00025,0.5,0.01,2000,0.5,1,8,0,NA,54.21,77,1,0,0.0092528242777794,0,0,1,0,0,702
88,90123,2000,2,"gaussian","fixed",0.00025,0.2,5e-05,0.1,0.01,2000,0.5,1,0,0,NA,61.1130000000001,397,1,0,0.00987071702306819,0,0,1,1,0,703
88,90123,2000,2,"gaussian","linesearch",0.00025,0.2,5e-05,0.1,0.01,2000,0.5,1,8,0,NA,128.961,397,1,0,0.00987071702306819,0,0,1,0,0,704
89,91123,2000,2,"gaussian","fixed",0.00025,10,0.0025,5,0.01,2000,0.5,1,0,0,NA,37.8159999999998,14,0,1,NA,0,0,1,1,0,705
89,91123,2000,2,"gaussian","linesearch",0.00025,10,0.0025,5,0.01,2000,0.5,1,8,0,NA,59.0619999999999,62,1,0,0.00879555007161467,3,3,0,0,0,706
89,91123,2000,2,"gaussian","fixed",0.00025,5,0.00125,2.5,0.01,2000,0.5,1,0,0,NA,38.473,19,0,1,NA,0,0,1,1,0,707
89,91123,2000,2,"gaussian","linesearch",0.00025,5,0.00125,2.5,0.01,2000,0.5,1,8,0,NA,56.269,62,1,0,0.00879555007161467,2,2,0,0,0,708
89,91123,2000,2,"gaussian","fixed",0.00025,1,0.00025,0.5,0.01,2000,0.5,1,0,0,NA,41.569,78,1,0,0.0093533453695599,0,0,1,1,0,709
89,91123,2000,2,"gaussian","linesearch",0.00025,1,0.00025,0.5,0.01,2000,0.5,1,8,0,NA,54.192,78,1,0,0.0093533453695599,0,0,1,0,0,710
89,91123,2000,2,"gaussian","fixed",0.00025,0.2,5e-05,0.1,0.01,2000,0.5,1,0,0,NA,59.395,403,1,0,0.0099078985356458,0,0,1,1,0,711
89,91123,2000,2,"gaussian","linesearch",0.00025,0.2,5e-05,0.1,0.01,2000,0.5,1,8,0,NA,126.632,403,1,0,0.0099078985356458,0,0,1,0,0,712
90,92123,2000,2,"gaussian","fixed",0.00025,10,0.0025,5,0.01,2000,0.5,1,0,0,NA,38.48,13,0,1,NA,0,0,1,1,0,713
90,92123,2000,2,"gaussian","linesearch",0.00025,10,0.0025,5,0.01,2000,0.5,1,8,0,NA,58.9459999999999,61,1,0,0.00933277218326922,3,3,0,0,0,714
90,92123,2000,2,"gaussian","fixed",0.00025,5,0.00125,2.5,0.01,2000,0.5,1,0,0,NA,39.5409999999999,18,0,1,NA,0,0,1,1,0,715
90,92123,2000,2,"gaussian","linesearch",0.00025,5,0.00125,2.5,0.01,2000,0.5,1,8,0,NA,57.135,61,1,0,0.00933277218326922,2,2,0,0,0,716
90,92123,2000,2,"gaussian","fixed",0.00025,1,0.00025,0.5,0.01,2000,0.5,1,0,0,NA,43.1049999999998,77,1,0,0.00960744580080108,0,0,1,1,0,717
90,92123,2000,2,"gaussian","linesearch",0.00025,1,0.00025,0.5,0.01,2000,0.5,1,8,0,NA,53.6660000000002,77,1,0,0.00960744580080108,0,0,1,0,0,718
90,92123,2000,2,"gaussian","fixed",0.00025,0.2,5e-05,0.1,0.01,2000,0.5,1,0,0,NA,61.6660000000002,399,1,0,0.00990399181769674,0,0,1,1,0,719
90,92123,2000,2,"gaussian","linesearch",0.00025,0.2,5e-05,0.1,0.01,2000,0.5,1,8,0,NA,130.164,399,1,0,0.00990399181769674,0,0,1,0,0,720
91,93123,2000,2,"gaussian","fixed",0.00025,10,0.0025,5,0.01,2000,0.5,1,0,0,NA,38.9169999999999,13,0,1,NA,0,0,1,1,0,721
91,93123,2000,2,"gaussian","linesearch",0.00025,10,0.0025,5,0.01,2000,0.5,1,8,0,NA,62.1380000000001,63,1,0,0.00965548143447387,3,3,0,0,0,722
91,93123,2000,2,"gaussian","fixed",0.00025,5,0.00125,2.5,0.01,2000,0.5,1,0,0,NA,40.2089999999998,18,0,1,NA,0,0,1,1,0,723
91,93123,2000,2,"gaussian","linesearch",0.00025,5,0.00125,2.5,0.01,2000,0.5,1,8,0,NA,59.423,63,1,0,0.00965548143447387,2,2,0,0,0,724
91,93123,2000,2,"gaussian","fixed",0.00025,1,0.00025,0.5,0.01,2000,0.5,1,0,0,NA,42.7030000000002,80,1,0,0.00939172491879586,0,0,1,1,0,725
91,93123,2000,2,"gaussian","linesearch",0.00025,1,0.00025,0.5,0.01,2000,0.5,1,8,0,NA,56.1010000000001,80,1,0,0.00939172491879586,0,0,1,0,0,726
91,93123,2000,2,"gaussian","fixed",0.00025,0.2,5e-05,0.1,0.01,2000,0.5,1,0,0,NA,61.1289999999999,414,1,0,0.00986069452583443,0,0,1,1,0,727
91,93123,2000,2,"gaussian","linesearch",0.00025,0.2,5e-05,0.1,0.01,2000,0.5,1,8,0,NA,130.241,414,1,0,0.00986069452583443,0,0,1,0,0,728
92,94123,2000,2,"gaussian","fixed",0.00025,10,0.0025,5,0.01,2000,0.5,1,0,0,NA,39.0829999999999,13,0,1,Inf,0,0,1,1,0,729
92,94123,2000,2,"gaussian","linesearch",0.00025,10,0.0025,5,0.01,2000,0.5,1,8,0,NA,62.2449999999999,62,1,0,0.00996954870068376,3,3,0,0,0,730
92,94123,2000,2,"gaussian","fixed",0.00025,5,0.00125,2.5,0.01,2000,0.5,1,0,0,NA,39.424,18,0,1,NA,0,0,1,1,0,731
92,94123,2000,2,"gaussian","linesearch",0.00025,5,0.00125,2.5,0.01,2000,0.5,1,8,0,NA,57.336,62,1,0,0.00996954870068376,2,2,0,0,0,732
92,94123,2000,2,"gaussian","fixed",0.00025,1,0.00025,0.5,0.01,2000,0.5,1,0,0,NA,41.4369999999999,79,1,0,0.00936119451856818,0,0,1,1,0,733
92,94123,2000,2,"gaussian","linesearch",0.00025,1,0.00025,0.5,0.01,2000,0.5,1,8,0,NA,52.7149999999999,79,1,0,0.00936119451856818,0,0,1,0,0,734
92,94123,2000,2,"gaussian","fixed",0.00025,0.2,5e-05,0.1,0.01,2000,0.5,1,0,0,NA,60.7929999999999,408,1,0,0.00991813232167563,0,0,1,1,0,735
92,94123,2000,2,"gaussian","linesearch",0.00025,0.2,5e-05,0.1,0.01,2000,0.5,1,8,0,NA,127.405,408,1,0,0.00991813232167563,0,0,1,0,0,736
93,95123,2000,2,"gaussian","fixed",0.00025,10,0.0025,5,0.01,2000,0.5,1,0,0,NA,37.979,14,0,1,NA,0,0,1,1,0,737
93,95123,2000,2,"gaussian","linesearch",0.00025,10,0.0025,5,0.01,2000,0.5,1,8,0,NA,60.768,63,1,0,0.00865067995785429,3,3,0,0,0,738
93,95123,2000,2,"gaussian","fixed",0.00025,5,0.00125,2.5,0.01,2000,0.5,1,0,0,NA,39.8009999999999,18,0,1,NA,0,0,1,1,0,739
93,95123,2000,2,"gaussian","linesearch",0.00025,5,0.00125,2.5,0.01,2000,0.5,1,8,0,NA,57.72,63,1,0,0.00865067995785429,2,2,0,0,0,740
93,95123,2000,2,"gaussian","fixed",0.00025,1,0.00025,0.5,0.01,2000,0.5,1,0,0,NA,43.4000000000001,79,1,0,0.00946518616090229,0,0,1,1,0,741
93,95123,2000,2,"gaussian","linesearch",0.00025,1,0.00025,0.5,0.01,2000,0.5,1,8,0,NA,56.4739999999999,79,1,0,0.00946518616090229,0,0,1,0,0,742
93,95123,2000,2,"gaussian","fixed",0.00025,0.2,5e-05,0.1,0.01,2000,0.5,1,0,0,NA,64.6659999999999,408,1,0,0.0099856508260482,0,0,1,1,0,743
93,95123,2000,2,"gaussian","linesearch",0.00025,0.2,5e-05,0.1,0.01,2000,0.5,1,8,0,NA,133.324,408,1,0,0.0099856508260482,0,0,1,0,0,744
94,96123,2000,2,"gaussian","fixed",0.00025,10,0.0025,5,0.01,2000,0.5,1,0,0,NA,39.2720000000002,14,0,1,NA,0,0,1,1,0,745
94,96123,2000,2,"gaussian","linesearch",0.00025,10,0.0025,5,0.01,2000,0.5,1,8,0,NA,62.779,61,1,0,0.00858371111854616,3,3,0,0,0,746
94,96123,2000,2,"gaussian","fixed",0.00025,5,0.00125,2.5,0.01,2000,0.5,1,0,0,NA,39.837,18,0,1,NA,0,0,1,1,0,747
94,96123,2000,2,"gaussian","linesearch",0.00025,5,0.00125,2.5,0.01,2000,0.5,1,8,0,NA,58.7640000000001,61,1,0,0.00858371111854616,2,2,0,0,0,748
94,96123,2000,2,"gaussian","fixed",0.00025,1,0.00025,0.5,0.01,2000,0.5,1,0,0,NA,41.421,77,1,0,0.0088340364425189,0,0,1,1,0,749
94,96123,2000,2,"gaussian","linesearch",0.00025,1,0.00025,0.5,0.01,2000,0.5,1,8,0,NA,53.8299999999999,77,1,0,0.0088340364425189,0,0,1,0,0,750
94,96123,2000,2,"gaussian","fixed",0.00025,0.2,5e-05,0.1,0.01,2000,0.5,1,0,0,NA,63.9649999999999,396,1,0,0.00982023825541101,0,0,1,1,0,751
94,96123,2000,2,"gaussian","linesearch",0.00025,0.2,5e-05,0.1,0.01,2000,0.5,1,8,0,NA,124.23,396,1,0,0.00982023825541101,0,0,1,0,0,752
95,97123,2000,2,"gaussian","fixed",0.00025,10,0.0025,5,0.01,2000,0.5,1,0,0,NA,38.3200000000002,14,0,1,NA,0,0,1,1,0,753
95,97123,2000,2,"gaussian","linesearch",0.00025,10,0.0025,5,0.01,2000,0.5,1,8,0,NA,60.8180000000002,62,1,0,0.00891232774484202,3,3,0,0,0,754
95,97123,2000,2,"gaussian","fixed",0.00025,5,0.00125,2.5,0.01,2000,0.5,1,0,0,NA,39.0119999999999,19,0,1,NA,0,0,1,1,0,755
95,97123,2000,2,"gaussian","linesearch",0.00025,5,0.00125,2.5,0.01,2000,0.5,1,8,0,NA,57.202,62,1,0,0.00891232774484202,2,2,0,0,0,756
95,97123,2000,2,"gaussian","fixed",0.00025,1,0.00025,0.5,0.01,2000,0.5,1,0,0,NA,43.1110000000001,78,1,0,0.0094851308372001,0,0,1,1,0,757
95,97123,2000,2,"gaussian","linesearch",0.00025,1,0.00025,0.5,0.01,2000,0.5,1,8,0,NA,53.2450000000001,78,1,0,0.0094851308372001,0,0,1,0,0,758
95,97123,2000,2,"gaussian","fixed",0.00025,0.2,5e-05,0.1,0.01,2000,0.5,1,0,0,NA,66.107,404,1,0,0.00982904716085142,0,0,1,1,0,759
95,97123,2000,2,"gaussian","linesearch",0.00025,0.2,5e-05,0.1,0.01,2000,0.5,1,8,0,NA,128.942,404,1,0,0.00982904716085142,0,0,1,0,0,760
96,98123,2000,2,"gaussian","fixed",0.00025,10,0.0025,5,0.01,2000,0.5,1,0,0,NA,37.825,14,0,1,NA,0,0,1,1,0,761
96,98123,2000,2,"gaussian","linesearch",0.00025,10,0.0025,5,0.01,2000,0.5,1,8,0,NA,60.1009999999999,62,1,0,0.00882950177247219,3,3,0,0,0,762
96,98123,2000,2,"gaussian","fixed",0.00025,5,0.00125,2.5,0.01,2000,0.5,1,0,0,NA,38.7930000000001,18,0,1,NA,0,0,1,1,0,763
96,98123,2000,2,"gaussian","linesearch",0.00025,5,0.00125,2.5,0.01,2000,0.5,1,8,0,NA,57.2429999999999,62,1,0,0.00882950177247219,2,2,0,0,0,764
96,98123,2000,2,"gaussian","fixed",0.00025,1,0.00025,0.5,0.01,2000,0.5,1,0,0,NA,43.0500000000002,78,1,0,0.00939586762578208,0,0,1,1,0,765
96,98123,2000,2,"gaussian","linesearch",0.00025,1,0.00025,0.5,0.01,2000,0.5,1,8,0,NA,54.8240000000001,78,1,0,0.00939586762578208,0,0,1,0,0,766
96,98123,2000,2,"gaussian","fixed",0.00025,0.2,5e-05,0.1,0.01,2000,0.5,1,0,0,NA,61.999,403,1,0,0.00996814446473338,0,0,1,1,0,767
96,98123,2000,2,"gaussian","linesearch",0.00025,0.2,5e-05,0.1,0.01,2000,0.5,1,8,0,NA,127.861,403,1,0,0.00996814446473338,0,0,1,0,0,768
97,99123,2000,2,"gaussian","fixed",0.00025,10,0.0025,5,0.01,2000,0.5,1,0,0,NA,39.0829999999999,14,0,1,NA,0,0,1,1,0,769
97,99123,2000,2,"gaussian","linesearch",0.00025,10,0.0025,5,0.01,2000,0.5,1,8,0,NA,62.912,61,1,0,0.00998469102910438,3,3,0,0,0,770
97,99123,2000,2,"gaussian","fixed",0.00025,5,0.00125,2.5,0.01,2000,0.5,1,0,0,NA,38.9739999999999,18,0,1,NA,0,0,1,1,0,771
97,99123,2000,2,"gaussian","linesearch",0.00025,5,0.00125,2.5,0.01,2000,0.5,1,8,0,NA,58.7259999999999,61,1,0,0.00998469102910438,2,2,0,0,0,772
97,99123,2000,2,"gaussian","fixed",0.00025,1,0.00025,0.5,0.01,2000,0.5,1,0,0,NA,42.72,78,1,0,0.00906115280387743,0,0,1,1,0,773
97,99123,2000,2,"gaussian","linesearch",0.00025,1,0.00025,0.5,0.01,2000,0.5,1,8,0,NA,57.5219999999999,78,1,0,0.00906115280387743,0,0,1,0,0,774
97,99123,2000,2,"gaussian","fixed",0.00025,0.2,5e-05,0.1,0.01,2000,0.5,1,0,0,NA,64.788,401,1,0,0.00990611104135997,0,0,1,1,0,775
97,99123,2000,2,"gaussian","linesearch",0.00025,0.2,5e-05,0.1,0.01,2000,0.5,1,8,0,NA,127.932,401,1,0,0.00990611104135997,0,0,1,0,0,776
98,100123,2000,2,"gaussian","fixed",0.00025,10,0.0025,5,0.01,2000,0.5,1,0,0,NA,37.347,14,0,1,NA,0,0,1,1,0,777
98,100123,2000,2,"gaussian","linesearch",0.00025,10,0.0025,5,0.01,2000,0.5,1,8,0,NA,61.836,62,1,0,0.0095229311978281,3,3,0,0,0,778
98,100123,2000,2,"gaussian","fixed",0.00025,5,0.00125,2.5,0.01,2000,0.5,1,0,0,NA,39.348,18,0,1,NA,0,0,1,1,0,779
98,100123,2000,2,"gaussian","linesearch",0.00025,5,0.00125,2.5,0.01,2000,0.5,1,8,0,NA,58.3199999999999,62,1,0,0.0095229311978281,2,2,0,0,0,780
98,100123,2000,2,"gaussian","fixed",0.00025,1,0.00025,0.5,0.01,2000,0.5,1,0,0,NA,41.74,79,1,0,0.00893797937763885,0,0,1,1,0,781
98,100123,2000,2,"gaussian","linesearch",0.00025,1,0.00025,0.5,0.01,2000,0.5,1,8,0,NA,55.7739999999999,79,1,0,0.00893797937763885,0,0,1,0,0,782
98,100123,2000,2,"gaussian","fixed",0.00025,0.2,5e-05,0.1,0.01,2000,0.5,1,0,0,NA,61.4359999999999,406,1,0,0.00990120600733368,0,0,1,1,0,783
98,100123,2000,2,"gaussian","linesearch",0.00025,0.2,5e-05,0.1,0.01,2000,0.5,1,8,0,NA,124.321,406,1,0,0.00990120600733368,0,0,1,0,0,784
99,101123,2000,2,"gaussian","fixed",0.00025,10,0.0025,5,0.01,2000,0.5,1,0,0,NA,38.5629999999999,14,0,1,NA,0,0,1,1,0,785
99,101123,2000,2,"gaussian","linesearch",0.00025,10,0.0025,5,0.01,2000,0.5,1,8,0,NA,61.7729999999999,61,1,0,0.00960453883376036,3,3,0,0,0,786
99,101123,2000,2,"gaussian","fixed",0.00025,5,0.00125,2.5,0.01,2000,0.5,1,0,0,NA,37.5049999999999,18,0,1,NA,0,0,1,1,0,787
99,101123,2000,2,"gaussian","linesearch",0.00025,5,0.00125,2.5,0.01,2000,0.5,1,8,0,NA,57.9859999999999,61,1,0,0.00960453883376036,2,2,0,0,0,788
99,101123,2000,2,"gaussian","fixed",0.00025,1,0.00025,0.5,0.01,2000,0.5,1,0,0,NA,42.1700000000001,77,1,0,0.00988129733472145,0,0,1,1,0,789
99,101123,2000,2,"gaussian","linesearch",0.00025,1,0.00025,0.5,0.01,2000,0.5,1,8,0,NA,54.453,77,1,0,0.00988129733472145,0,0,1,0,0,790
99,101123,2000,2,"gaussian","fixed",0.00025,0.2,5e-05,0.1,0.01,2000,0.5,1,0,0,NA,64.26,400,1,0,0.0099340939322935,0,0,1,1,0,791
99,101123,2000,2,"gaussian","linesearch",0.00025,0.2,5e-05,0.1,0.01,2000,0.5,1,8,0,NA,127.867,400,1,0,0.0099340939322935,0,0,1,0,0,792
100,102123,2000,2,"gaussian","fixed",0.00025,10,0.0025,5,0.01,2000,0.5,1,0,0,NA,39.9200000000001,13,0,1,NA,0,0,1,1,0,793
100,102123,2000,2,"gaussian","linesearch",0.00025,10,0.0025,5,0.01,2000,0.5,1,8,0,NA,59.9089999999999,61,1,0,0.00961082562669488,3,3,0,0,0,794
100,102123,2000,2,"gaussian","fixed",0.00025,5,0.00125,2.5,0.01,2000,0.5,1,0,0,NA,40.308,18,0,1,NA,0,0,1,1,0,795
100,102123,2000,2,"gaussian","linesearch",0.00025,5,0.00125,2.5,0.01,2000,0.5,1,8,0,NA,56.5329999999999,61,1,0,0.00961082562669488,2,2,0,0,0,796
100,102123,2000,2,"gaussian","fixed",0.00025,1,0.00025,0.5,0.01,2000,0.5,1,0,0,NA,44.616,77,1,0,0.00989283574713579,0,0,1,1,0,797
100,102123,2000,2,"gaussian","linesearch",0.00025,1,0.00025,0.5,0.01,2000,0.5,1,8,0,NA,57.788,77,1,0,0.00989283574713579,0,0,1,0,0,798
100,102123,2000,2,"gaussian","fixed",0.00025,0.2,5e-05,0.1,0.01,2000,0.5,1,0,0,NA,63.6570000000002,400,1,0,0.00995605765371227,0,0,1,1,0,799
100,102123,2000,2,"gaussian","linesearch",0.00025,0.2,5e-05,0.1,0.01,2000,0.5,1,8,0,NA,108.972,400,1,0,0.00995605765371227,0,0,1,0,0,800
