"rep","seed","n","k","family","method","eta0","eta_mult","eta_init","eta_times_n","eps_grad","max_gd_steps","beta_ls","c_ls","Rprime","error","error_message","elapsed_sec","num_of_steps","converged","exploded","score_Y_max_abs","bt_mean","bt_max","bt_frac0","bt_frac_hit_cap","ls_fail_frac","record_id"
1,3123,4000,2,"bernoulli","fixed",2e-04,10,0.002,8,0.01,2000,0.5,1,0,0,NA,1378.141,2000,0,0,1910.7489139729,0,0,1,1,0,1
1,3123,4000,2,"bernoulli","linesearch",2e-04,10,0.002,8,0.01,2000,0.5,1,9,0,NA,7515.99,446,1,0,0.00986364931943227,4,4,0,0,0,2
1,3123,4000,2,"bernoulli","fixed",2e-04,5,0.001,4,0.01,2000,0.5,1,0,0,NA,352.102000000001,71,1,0,0.00980829222850266,0,0,1,1,0,3
1,3123,4000,2,"bernoulli","linesearch",2e-04,5,0.001,4,0.01,2000,0.5,1,9,0,NA,6935.846,446,1,0,0.00986364931943227,3,3,0,0,0,4
1,3123,4000,2,"bernoulli","fixed",2e-04,1,2e-04,0.8,0.01,2000,0.5,1,0,0,NA,448.733,277,1,0,0.00999788523072799,0,0,1,1,0,5
1,3123,4000,2,"bernoulli","linesearch",2e-04,1,2e-04,0.8,0.01,2000,0.5,1,9,0,NA,4604.081,277,1,0,0.00999788523072799,0,0,1,0,0,6
1,3123,4000,2,"bernoulli","fixed",2e-04,0.2,4e-05,0.16,0.01,2000,0.5,1,0,0,NA,960.355,1400,1,0,0.00993966912046329,0,0,1,1,0,7
1,3123,4000,2,"bernoulli","linesearch",2e-04,0.2,4e-05,0.16,0.01,2000,0.5,1,9,0,NA,23265.313,1400,1,0,0.00993966912046329,0,0,1,0,0,8
2,4123,4000,2,"bernoulli","fixed",2e-04,10,0.002,8,0.01,2000,0.5,1,0,0,NA,1394.804,2000,0,0,1911.16741832048,0,0,1,1,0,9
2,4123,4000,2,"bernoulli","linesearch",2e-04,10,0.002,8,0.01,2000,0.5,1,9,0,NA,5276.292,421,1,0,0.00981288886898554,4,4,0,0,0,10
2,4123,4000,2,"bernoulli","fixed",2e-04,5,0.001,4,0.01,2000,0.5,1,0,0,NA,345.305,72,1,0,0.00953898814981846,0,0,1,1,0,11
2,4123,4000,2,"bernoulli","linesearch",2e-04,5,0.001,4,0.01,2000,0.5,1,9,0,NA,4845.25,421,1,0,0.00981288886898554,3,3,0,0,0,12
2,4123,4000,2,"bernoulli","fixed",2e-04,1,2e-04,0.8,0.01,2000,0.5,1,0,0,NA,447.852999999999,262,1,0,0.00976533182791645,0,0,1,1,0,13
2,4123,4000,2,"bernoulli","linesearch",2e-04,1,2e-04,0.8,0.01,2000,0.5,1,9,0,NA,2622.977,262,1,0,0.00976533182791645,0,0,1,0,0,14
2,4123,4000,2,"bernoulli","fixed",2e-04,0.2,4e-05,0.16,0.01,2000,0.5,1,0,0,NA,930.387000000001,1320,1,0,0.00999197699961715,0,0,1,1,0,15
2,4123,4000,2,"bernoulli","linesearch",2e-04,0.2,4e-05,0.16,0.01,2000,0.5,1,9,0,NA,12077.2,1320,1,0,0.00999197699961715,0,0,1,0,0,16
3,5123,4000,2,"bernoulli","fixed",2e-04,10,0.002,8,0.01,2000,0.5,1,0,0,NA,1393.836,2000,0,0,1876.18334185029,0,0,1,1,0,17
3,5123,4000,2,"bernoulli","linesearch",2e-04,10,0.002,8,0.01,2000,0.5,1,9,0,NA,5474.64,431,1,0,0.00996154887790887,4,4,0,0,0,18
3,5123,4000,2,"bernoulli","fixed",2e-04,5,0.001,4,0.01,2000,0.5,1,0,0,NA,343.006,70,1,0,0.00976035627899841,0,0,1,1,0,19
3,5123,4000,2,"bernoulli","linesearch",2e-04,5,0.001,4,0.01,2000,0.5,1,9,0,NA,4838.43,431,1,0,0.00996154887790887,3,3,0,0,0,20
3,5123,4000,2,"bernoulli","fixed",2e-04,1,2e-04,0.8,0.01,2000,0.5,1,0,0,NA,444.369000000001,268,1,0,0.00999489912918315,0,0,1,1,0,21
3,5123,4000,2,"bernoulli","linesearch",2e-04,1,2e-04,0.8,0.01,2000,0.5,1,9,0,NA,2649.648,268,1,0,0.00999489912918315,0,0,1,0,0,22
3,5123,4000,2,"bernoulli","fixed",2e-04,0.2,4e-05,0.16,0.01,2000,0.5,1,0,0,NA,956.127999999999,1354,1,0,0.00996351949942482,0,0,1,1,0,23
3,5123,4000,2,"bernoulli","linesearch",2e-04,0.2,4e-05,0.16,0.01,2000,0.5,1,9,0,NA,12734.797,1354,1,0,0.00996351949942482,0,0,1,0,0,24
4,6123,4000,2,"bernoulli","fixed",2e-04,10,0.002,8,0.01,2000,0.5,1,0,0,NA,1399.19,2000,0,0,1907.17095292511,0,0,1,1,0,25
4,6123,4000,2,"bernoulli","linesearch",2e-04,10,0.002,8,0.01,2000,0.5,1,9,0,NA,7185.665,446,1,0,0.00993238389313322,4,4,0,0,0,26
4,6123,4000,2,"bernoulli","fixed",2e-04,5,0.001,4,0.01,2000,0.5,1,0,0,NA,358.617,71,1,0,0.00973318559928804,0,0,1,1,0,27
4,6123,4000,2,"bernoulli","linesearch",2e-04,5,0.001,4,0.01,2000,0.5,1,9,0,NA,6619.098,446,1,0,0.00993238389313322,3,3,0,0,0,28
4,6123,4000,2,"bernoulli","fixed",2e-04,1,2e-04,0.8,0.01,2000,0.5,1,0,0,NA,453.227000000001,278,1,0,0.00975382127490909,0,0,1,1,0,29
4,6123,4000,2,"bernoulli","linesearch",2e-04,1,2e-04,0.8,0.01,2000,0.5,1,9,0,NA,4490.678,278,1,0,0.00975382127490909,0,0,1,0,0,30
4,6123,4000,2,"bernoulli","fixed",2e-04,0.2,4e-05,0.16,0.01,2000,0.5,1,0,0,NA,960.688999999998,1401,1,0,0.00994501808508319,0,0,1,1,0,31
4,6123,4000,2,"bernoulli","linesearch",2e-04,0.2,4e-05,0.16,0.01,2000,0.5,1,9,0,NA,21836.333,1401,1,0,0.00994501808508319,0,0,1,0,0,32
5,7123,4000,2,"bernoulli","fixed",2e-04,10,0.002,8,0.01,2000,0.5,1,0,0,NA,1412.958,2000,0,0,1862.71340166589,0,0,1,1,0,33
5,7123,4000,2,"bernoulli","linesearch",2e-04,10,0.002,8,0.01,2000,0.5,1,9,0,NA,7235.74,440,1,0,0.00984022370740312,4,4,0,0,0,34
5,7123,4000,2,"bernoulli","fixed",2e-04,5,0.001,4,0.01,2000,0.5,1,0,0,NA,364.638999999999,70,1,0,0.00969157685874611,0,0,1,1,0,35
5,7123,4000,2,"bernoulli","linesearch",2e-04,5,0.001,4,0.01,2000,0.5,1,9,0,NA,6789.049,440,1,0,0.00984022370740312,3,3,0,0,0,36
5,7123,4000,2,"bernoulli","fixed",2e-04,1,2e-04,0.8,0.01,2000,0.5,1,0,0,NA,453.974999999999,274,1,0,0.0097404280999496,0,0,1,1,0,37
5,7123,4000,2,"bernoulli","linesearch",2e-04,1,2e-04,0.8,0.01,2000,0.5,1,9,0,NA,4791.687,274,1,0,0.0097404280999496,0,0,1,0,0,38
5,7123,4000,2,"bernoulli","fixed",2e-04,0.2,4e-05,0.16,0.01,2000,0.5,1,0,0,NA,981.27,1380,1,0,0.00999254915255188,0,0,1,1,0,39
5,7123,4000,2,"bernoulli","linesearch",2e-04,0.2,4e-05,0.16,0.01,2000,0.5,1,9,0,NA,22172.08,1380,1,0,0.00999254915255188,0,0,1,0,0,40
6,8123,4000,2,"bernoulli","fixed",2e-04,10,0.002,8,0.01,2000,0.5,1,0,0,NA,1421.158,2000,0,0,1876.48322431742,0,0,1,1,0,41
6,8123,4000,2,"bernoulli","linesearch",2e-04,10,0.002,8,0.01,2000,0.5,1,9,0,NA,5222.218,419,1,0,0.00997340767575498,4,4,0,0,0,42
6,8123,4000,2,"bernoulli","fixed",2e-04,5,0.001,4,0.01,2000,0.5,1,0,0,NA,345.203,69,1,0,0.00975202564730615,0,0,1,1,0,43
6,8123,4000,2,"bernoulli","linesearch",2e-04,5,0.001,4,0.01,2000,0.5,1,9,0,NA,4700.088,419,1,0,0.00997340767575498,3,3,0,0,0,44
6,8123,4000,2,"bernoulli","fixed",2e-04,1,2e-04,0.8,0.01,2000,0.5,1,0,0,NA,440.710000000001,261,1,0,0.00983910651815004,0,0,1,1,0,45
6,8123,4000,2,"bernoulli","linesearch",2e-04,1,2e-04,0.8,0.01,2000,0.5,1,9,0,NA,2589.187,261,1,0,0.00983910651815004,0,0,1,0,0,46
6,8123,4000,2,"bernoulli","fixed",2e-04,0.2,4e-05,0.16,0.01,2000,0.5,1,0,0,NA,948.462,1317,1,0,0.00994804725555571,0,0,1,1,0,47
6,8123,4000,2,"bernoulli","linesearch",2e-04,0.2,4e-05,0.16,0.01,2000,0.5,1,9,0,NA,12048.917,1317,1,0,0.00994804725555571,0,0,1,0,0,48
7,9123,4000,2,"bernoulli","fixed",2e-04,10,0.002,8,0.01,2000,0.5,1,0,0,NA,1410.29,2000,0,0,1909.05655537765,0,0,1,1,0,49
7,9123,4000,2,"bernoulli","linesearch",2e-04,10,0.002,8,0.01,2000,0.5,1,9,0,NA,5255.702,419,1,0,0.00986226727673772,4,4,0,0,0,50
7,9123,4000,2,"bernoulli","fixed",2e-04,5,0.001,4,0.01,2000,0.5,1,0,0,NA,346.257,72,1,0,0.00942040419544876,0,0,1,1,0,51
7,9123,4000,2,"bernoulli","linesearch",2e-04,5,0.001,4,0.01,2000,0.5,1,9,0,NA,4672.091,419,1,0,0.00986226727673772,3,3,0,0,0,52
7,9123,4000,2,"bernoulli","fixed",2e-04,1,2e-04,0.8,0.01,2000,0.5,1,0,0,NA,440.980000000001,261,1,0,0.00973315658741444,0,0,1,1,0,53
7,9123,4000,2,"bernoulli","linesearch",2e-04,1,2e-04,0.8,0.01,2000,0.5,1,9,0,NA,2588.582,261,1,0,0.00973315658741444,0,0,1,0,0,54
7,9123,4000,2,"bernoulli","fixed",2e-04,0.2,4e-05,0.16,0.01,2000,0.5,1,0,0,NA,943.915999999999,1315,1,0,0.009962693611277,0,0,1,1,0,55
7,9123,4000,2,"bernoulli","linesearch",2e-04,0.2,4e-05,0.16,0.01,2000,0.5,1,9,0,NA,12145.443,1315,1,0,0.009962693611277,0,0,1,0,0,56
8,10123,4000,2,"bernoulli","fixed",2e-04,10,0.002,8,0.01,2000,0.5,1,0,0,NA,1523.759,2000,0,0,1863.45440689112,0,0,1,1,0,57
8,10123,4000,2,"bernoulli","linesearch",2e-04,10,0.002,8,0.01,2000,0.5,1,9,0,NA,6397.599,434,1,0,0.00994163943774637,4,4,0,0,0,58
8,10123,4000,2,"bernoulli","fixed",2e-04,5,0.001,4,0.01,2000,0.5,1,0,0,NA,470.298000000001,70,1,0,0.00960495489851598,0,0,1,1,0,59
8,10123,4000,2,"bernoulli","linesearch",2e-04,5,0.001,4,0.01,2000,0.5,1,9,0,NA,5870.218,434,1,0,0.00994163943774637,3,3,0,0,0,60
8,10123,4000,2,"bernoulli","fixed",2e-04,1,2e-04,0.8,0.01,2000,0.5,1,0,0,NA,552.771000000001,270,1,0,0.0099285663108401,0,0,1,1,0,61
8,10123,4000,2,"bernoulli","linesearch",2e-04,1,2e-04,0.8,0.01,2000,0.5,1,9,0,NA,3718.793,270,1,0,0.0099285663108401,0,0,1,0,0,62
8,10123,4000,2,"bernoulli","fixed",2e-04,0.2,4e-05,0.16,0.01,2000,0.5,1,0,0,NA,1102.125,1363,1,0,0.00997466348152359,0,0,1,1,0,63
8,10123,4000,2,"bernoulli","linesearch",2e-04,0.2,4e-05,0.16,0.01,2000,0.5,1,9,0,NA,16331.018,1363,1,0,0.00997466348152359,0,0,1,0,0,64
9,11123,4000,2,"bernoulli","fixed",2e-04,10,0.002,8.00000000000001,0.01,2000,0.5,1,0,0,NA,1418.407,2000,0,0,1909.40607203995,0,0,1,1,0,65
9,11123,4000,2,"bernoulli","linesearch",2e-04,10,0.002,8.00000000000001,0.01,2000,0.5,1,9,0,NA,5095.842,412,1,0,0.00996514967605477,4,4,0,0,0,66
9,11123,4000,2,"bernoulli","fixed",2e-04,5,0.001,4,0.01,2000,0.5,1,0,0,NA,344.116999999999,69,1,0,0.00993607411465369,0,0,1,1,0,67
9,11123,4000,2,"bernoulli","linesearch",2e-04,5,0.001,4,0.01,2000,0.5,1,9,0,NA,4586.514,412,1,0,0.00996514967605477,3,3,0,0,0,68
9,11123,4000,2,"bernoulli","fixed",2e-04,1,2e-04,0.800000000000001,0.01,2000,0.5,1,0,0,NA,438.014999999999,257,1,0,0.00970977944901935,0,0,1,1,0,69
9,11123,4000,2,"bernoulli","linesearch",2e-04,1,2e-04,0.800000000000001,0.01,2000,0.5,1,9,0,NA,2502.949,257,1,0,0.00970977944901935,0,0,1,0,0,70
9,11123,4000,2,"bernoulli","fixed",2e-04,0.2,4e-05,0.16,0.01,2000,0.5,1,0,0,NA,937.173999999999,1295,1,0,0.00994404174776164,0,0,1,1,0,71
9,11123,4000,2,"bernoulli","linesearch",2e-04,0.2,4e-05,0.16,0.01,2000,0.5,1,9,0,NA,11501.707,1295,1,0,0.00994404174776164,0,0,1,0,0,72
10,12123,4000,2,"bernoulli","fixed",2e-04,10,0.002,8,0.01,2000,0.5,1,0,0,NA,1385.143,2000,0,0,1862.5791288001,0,0,1,1,0,73
10,12123,4000,2,"bernoulli","linesearch",2e-04,10,0.002,8,0.01,2000,0.5,1,9,0,NA,6143.41,432,1,0,0.0098385310106793,4,4,0,0,0,74
10,12123,4000,2,"bernoulli","fixed",2e-04,5,0.001,4,0.01,2000,0.5,1,0,0,NA,351.848999999999,70,1,0,0.00963094792979668,0,0,1,1,0,75
10,12123,4000,2,"bernoulli","linesearch",2e-04,5,0.001,4,0.01,2000,0.5,1,9,0,NA,5612.242,432,1,0,0.0098385310106793,3,3,0,0,0,76
10,12123,4000,2,"bernoulli","fixed",2e-04,1,2e-04,0.8,0.01,2000,0.5,1,0,0,NA,441.124,269,1,0,0.00973911366116637,0,0,1,1,0,77
10,12123,4000,2,"bernoulli","linesearch",2e-04,1,2e-04,0.8,0.01,2000,0.5,1,9,0,NA,3498.591,269,1,0,0.00973911366116637,0,0,1,0,0,78
10,12123,4000,2,"bernoulli","fixed",2e-04,0.2,4e-05,0.16,0.01,2000,0.5,1,0,0,NA,962.075999999997,1355,1,0,0.00999102429428063,0,0,1,1,0,79
10,12123,4000,2,"bernoulli","linesearch",2e-04,0.2,4e-05,0.16,0.01,2000,0.5,1,9,0,NA,16630.535,1355,1,0,0.00999102429428063,0,0,1,0,0,80
11,13123,4000,2,"bernoulli","fixed",2e-04,10,0.002,8,0.01,2000,0.5,1,0,0,NA,1406.664,2000,0,0,1909.95805145405,0,0,1,1,0,81
11,13123,4000,2,"bernoulli","linesearch",2e-04,10,0.002,8,0.01,2000,0.5,1,9,0,NA,6412.904,432,1,0,0.0098165950692469,4,4,0,0,0,82
11,13123,4000,2,"bernoulli","fixed",2e-04,5,0.001,4,0.01,2000,0.5,1,0,0,NA,359.387999999999,72,1,0,0.00942337953217143,0,0,1,1,0,83
11,13123,4000,2,"bernoulli","linesearch",2e-04,5,0.001,4,0.01,2000,0.5,1,9,0,NA,5855.165,432,1,0,0.0098165950692469,3,3,0,0,0,84
11,13123,4000,2,"bernoulli","fixed",2e-04,1,2e-04,0.8,0.01,2000,0.5,1,0,0,NA,446.487999999999,269,1,0,0.00971772887650043,0,0,1,1,0,85
11,13123,4000,2,"bernoulli","linesearch",2e-04,1,2e-04,0.8,0.01,2000,0.5,1,9,0,NA,3807.717,269,1,0,0.00971772887650043,0,0,1,0,0,86
11,13123,4000,2,"bernoulli","fixed",2e-04,0.2,4e-05,0.16,0.01,2000,0.5,1,0,0,NA,987.666000000001,1355,1,0,0.00996834049991678,0,0,1,1,0,87
11,13123,4000,2,"bernoulli","linesearch",2e-04,0.2,4e-05,0.16,0.01,2000,0.5,1,9,0,NA,17626.456,1355,1,0,0.00996834049991678,0,0,1,0,0,88
12,14123,4000,2,"bernoulli","fixed",2e-04,10,0.002,8,0.01,2000,0.5,1,0,0,NA,1365.359,2000,0,0,1875.23320557268,0,0,1,1,0,89
12,14123,4000,2,"bernoulli","linesearch",2e-04,10,0.002,8,0.01,2000,0.5,1,9,0,NA,5333.572,417,1,0,0.00989366837050543,4,4,0,0,0,90
12,14123,4000,2,"bernoulli","fixed",2e-04,5,0.001,4,0.01,2000,0.5,1,0,0,NA,343.901,70,1,0,0.00946532055010574,0,0,1,1,0,91
12,14123,4000,2,"bernoulli","linesearch",2e-04,5,0.001,4,0.01,2000,0.5,1,9,0,NA,4843.291,417,1,0,0.00989366837050543,3,3,0,0,0,92
12,14123,4000,2,"bernoulli","fixed",2e-04,1,2e-04,0.8,0.01,2000,0.5,1,0,0,NA,440.195,260,1,0,0.0096862365722977,0,0,1,1,0,93
12,14123,4000,2,"bernoulli","linesearch",2e-04,1,2e-04,0.8,0.01,2000,0.5,1,9,0,NA,2731.223,260,1,0,0.0096862365722977,0,0,1,0,0,94
12,14123,4000,2,"bernoulli","fixed",2e-04,0.2,4e-05,0.16,0.01,2000,0.5,1,0,0,NA,926.362000000001,1309,1,0,0.00997579761901886,0,0,1,1,0,95
12,14123,4000,2,"bernoulli","linesearch",2e-04,0.2,4e-05,0.16,0.01,2000,0.5,1,9,0,NA,12858.567,1309,1,0,0.00997579761901886,0,0,1,0,0,96
13,15123,4000,2,"bernoulli","fixed",2e-04,10,0.002,8,0.01,2000,0.5,1,0,0,NA,1392.53,2000,0,0,1909.18473508417,0,0,1,1,0,97
13,15123,4000,2,"bernoulli","linesearch",2e-04,10,0.002,8,0.01,2000,0.5,1,9,0,NA,5271.093,420,1,0,0.00986136805274881,4,4,0,0,0,98
13,15123,4000,2,"bernoulli","fixed",2e-04,5,0.001,4,0.01,2000,0.5,1,0,0,NA,341.916,71,1,0,0.00964460140585532,0,0,1,1,0,99
13,15123,4000,2,"bernoulli","linesearch",2e-04,5,0.001,4,0.01,2000,0.5,1,9,0,NA,4776.178,420,1,0,0.00986136805274881,3,3,0,0,0,100
13,15123,4000,2,"bernoulli","fixed",2e-04,1,2e-04,0.8,0.01,2000,0.5,1,0,0,NA,444.256000000001,261,1,0,0.00993793811312799,0,0,1,1,0,101
13,15123,4000,2,"bernoulli","linesearch",2e-04,1,2e-04,0.8,0.01,2000,0.5,1,9,0,NA,2628.068,261,1,0,0.00993793811312799,0,0,1,0,0,102
13,15123,4000,2,"bernoulli","fixed",2e-04,0.2,4e-05,0.16,0.01,2000,0.5,1,0,0,NA,928.51,1318,1,0,0.0099636866254515,0,0,1,1,0,103
13,15123,4000,2,"bernoulli","linesearch",2e-04,0.2,4e-05,0.16,0.01,2000,0.5,1,9,0,NA,12151.862,1318,1,0,0.0099636866254515,0,0,1,0,0,104
14,16123,4000,2,"bernoulli","fixed",2e-04,10,0.002,8,0.01,2000,0.5,1,0,0,NA,1416.866,2000,0,0,1883.81192400742,0,0,1,1,0,105
14,16123,4000,2,"bernoulli","linesearch",2e-04,10,0.002,8,0.01,2000,0.5,1,9,0,NA,5441.081,422,1,0,0.00984082843865836,4,4,0,0,0,106
14,16123,4000,2,"bernoulli","fixed",2e-04,5,0.001,4,0.01,2000,0.5,1,0,0,NA,344.789,71,1,0,0.00970223848215085,0,0,1,1,0,107
14,16123,4000,2,"bernoulli","linesearch",2e-04,5,0.001,4,0.01,2000,0.5,1,9,0,NA,4928.223,422,1,0,0.00984082843865836,3,3,0,0,0,108
14,16123,4000,2,"bernoulli","fixed",2e-04,1,2e-04,0.8,0.01,2000,0.5,1,0,0,NA,441.950999999999,262,1,0,0.00998708687972655,0,0,1,1,0,109
14,16123,4000,2,"bernoulli","linesearch",2e-04,1,2e-04,0.8,0.01,2000,0.5,1,9,0,NA,2703.629,262,1,0,0.00998708687972655,0,0,1,0,0,110
14,16123,4000,2,"bernoulli","fixed",2e-04,0.2,4e-05,0.16,0.01,2000,0.5,1,0,0,NA,952.312,1324,1,0,0.00997853203320259,0,0,1,1,0,111
14,16123,4000,2,"bernoulli","linesearch",2e-04,0.2,4e-05,0.16,0.01,2000,0.5,1,9,0,NA,12107.46,1324,1,0,0.00997853203320259,0,0,1,0,0,112
15,17123,4000,2,"bernoulli","fixed",2e-04,10,0.002,8,0.01,2000,0.5,1,0,0,NA,1420.201,2000,0,0,1911.72795456376,0,0,1,1,0,113
15,17123,4000,2,"bernoulli","linesearch",2e-04,10,0.002,8,0.01,2000,0.5,1,9,0,NA,6192.219,426,1,0,0.00984841962445285,4,4,0,0,0,114
15,17123,4000,2,"bernoulli","fixed",2e-04,5,0.001,4,0.01,2000,0.5,1,0,0,NA,357.670000000001,71,1,0,0.00987632315727827,0,0,1,1,0,115
15,17123,4000,2,"bernoulli","linesearch",2e-04,5,0.001,4,0.01,2000,0.5,1,9,0,NA,5660.94,426,1,0,0.00984841962445285,3,3,0,0,0,116
15,17123,4000,2,"bernoulli","fixed",2e-04,1,2e-04,0.8,0.01,2000,0.5,1,0,0,NA,442.407999999999,265,1,0,0.00983099617605826,0,0,1,1,0,117
15,17123,4000,2,"bernoulli","linesearch",2e-04,1,2e-04,0.8,0.01,2000,0.5,1,9,0,NA,3445.463,265,1,0,0.00983099617605826,0,0,1,0,0,118
15,17123,4000,2,"bernoulli","fixed",2e-04,0.2,4e-05,0.16,0.01,2000,0.5,1,0,0,NA,971.934000000001,1337,1,0,0.00995107289838992,0,0,1,1,0,119
15,17123,4000,2,"bernoulli","linesearch",2e-04,0.2,4e-05,0.16,0.01,2000,0.5,1,9,0,NA,15193.698,1337,1,0,0.00995107289838992,0,0,1,0,0,120
16,18123,4000,2,"bernoulli","fixed",2e-04,10,0.002,8,0.01,2000,0.5,1,0,0,NA,1476.228,2000,0,0,1910.78235469156,0,0,1,1,0,121
16,18123,4000,2,"bernoulli","linesearch",2e-04,10,0.002,8,0.01,2000,0.5,1,9,0,NA,5049.983,415,1,0,0.00996320315384275,4,4,0,0,0,122
16,18123,4000,2,"bernoulli","fixed",2e-04,5,0.001,4,0.01,2000,0.5,1,0,0,NA,447.271,71,1,0,0.00946091333393095,0,0,1,1,0,123
16,18123,4000,2,"bernoulli","linesearch",2e-04,5,0.001,4,0.01,2000,0.5,1,9,0,NA,4468.882,415,1,0,0.00996320315384275,3,3,0,0,0,124
16,18123,4000,2,"bernoulli","fixed",2e-04,1,2e-04,0.8,0.01,2000,0.5,1,0,0,NA,539.467999999999,258,1,0,0.00999461159995468,0,0,1,1,0,125
16,18123,4000,2,"bernoulli","linesearch",2e-04,1,2e-04,0.8,0.01,2000,0.5,1,9,0,NA,2378.086,258,1,0,0.00999461159995468,0,0,1,0,0,126
16,18123,4000,2,"bernoulli","fixed",2e-04,0.2,4e-05,0.16,0.01,2000,0.5,1,0,0,NA,1024.038,1304,1,0,0.00996924797143744,0,0,1,1,0,127
16,18123,4000,2,"bernoulli","linesearch",2e-04,0.2,4e-05,0.16,0.01,2000,0.5,1,9,0,NA,10849.542,1304,1,0,0.00996924797143744,0,0,1,0,0,128
17,19123,4000,2,"bernoulli","fixed",2e-04,10,0.002,8.00000000000001,0.01,2000,0.5,1,0,0,NA,1405.561,2000,0,0,1911.75324401486,0,0,1,1,0,129
17,19123,4000,2,"bernoulli","linesearch",2e-04,10,0.002,8.00000000000001,0.01,2000,0.5,1,9,0,NA,5531.985,424,1,0,0.00981861080094659,4,4,0,0,0,130
17,19123,4000,2,"bernoulli","fixed",2e-04,5,0.001,4,0.01,2000,0.5,1,0,0,NA,348.829,71,1,0,0.00998843537662786,0,0,1,1,0,131
17,19123,4000,2,"bernoulli","linesearch",2e-04,5,0.001,4,0.01,2000,0.5,1,9,0,NA,5051.265,424,1,0,0.00981861080094659,3,3,0,0,0,132
17,19123,4000,2,"bernoulli","fixed",2e-04,1,2e-04,0.800000000000001,0.01,2000,0.5,1,0,0,NA,448.172,264,1,0,0.00972834728442923,0,0,1,1,0,133
17,19123,4000,2,"bernoulli","linesearch",2e-04,1,2e-04,0.800000000000001,0.01,2000,0.5,1,9,0,NA,2886.275,264,1,0,0.00972834728442923,0,0,1,0,0,134
17,19123,4000,2,"bernoulli","fixed",2e-04,0.2,4e-05,0.16,0.01,2000,0.5,1,0,0,NA,964.028000000002,1330,1,0,0.00996067324463848,0,0,1,1,0,135
17,19123,4000,2,"bernoulli","linesearch",2e-04,0.2,4e-05,0.16,0.01,2000,0.5,1,9,0,NA,13387.92,1330,1,0,0.00996067324463848,0,0,1,0,0,136
18,20123,4000,2,"bernoulli","fixed",2e-04,10,0.002,8,0.01,2000,0.5,1,0,0,NA,1409.61,2000,0,0,1910.32804270525,0,0,1,1,0,137
18,20123,4000,2,"bernoulli","linesearch",2e-04,10,0.002,8,0.01,2000,0.5,1,9,0,NA,5904.733,426,1,0,0.00994034252044115,4,4,0,0,0,138
18,20123,4000,2,"bernoulli","fixed",2e-04,5,0.001,4,0.01,2000,0.5,1,0,0,NA,357.042,71,1,0,0.00975905023744278,0,0,1,1,0,139
18,20123,4000,2,"bernoulli","linesearch",2e-04,5,0.001,4,0.01,2000,0.5,1,9,0,NA,5352.57,426,1,0,0.00994034252044115,3,3,0,0,0,140
18,20123,4000,2,"bernoulli","fixed",2e-04,1,2e-04,0.8,0.01,2000,0.5,1,0,0,NA,445.201999999999,265,1,0,0.00993041335283859,0,0,1,1,0,141
18,20123,4000,2,"bernoulli","linesearch",2e-04,1,2e-04,0.8,0.01,2000,0.5,1,9,0,NA,3191.675,265,1,0,0.00993041335283859,0,0,1,0,0,142
18,20123,4000,2,"bernoulli","fixed",2e-04,0.2,4e-05,0.16,0.01,2000,0.5,1,0,0,NA,965.403000000002,1338,1,0,0.00997008027159485,0,0,1,1,0,143
18,20123,4000,2,"bernoulli","linesearch",2e-04,0.2,4e-05,0.16,0.01,2000,0.5,1,9,0,NA,15062.6,1338,1,0,0.00997008027159485,0,0,1,0,0,144
19,21123,4000,2,"bernoulli","fixed",2e-04,10,0.002,8,0.01,2000,0.5,1,0,0,NA,1412.16,2000,0,0,1870.41802262351,0,0,1,1,0,145
19,21123,4000,2,"bernoulli","linesearch",2e-04,10,0.002,8,0.01,2000,0.5,1,9,0,NA,5482.709,422,1,0,0.00999724147711433,4,4,0,0,0,146
19,21123,4000,2,"bernoulli","fixed",2e-04,5,0.001,4,0.01,2000,0.5,1,0,0,NA,345.923,71,1,0,0.00943275457166071,0,0,1,1,0,147
19,21123,4000,2,"bernoulli","linesearch",2e-04,5,0.001,4,0.01,2000,0.5,1,9,0,NA,4901.102,422,1,0,0.00999724147711433,3,3,0,0,0,148
19,21123,4000,2,"bernoulli","fixed",2e-04,1,2e-04,0.8,0.01,2000,0.5,1,0,0,NA,445.482999999998,263,1,0,0.00983180484340033,0,0,1,1,0,149
19,21123,4000,2,"bernoulli","linesearch",2e-04,1,2e-04,0.8,0.01,2000,0.5,1,9,0,NA,2891.142,263,1,0,0.00983180484340033,0,0,1,0,0,150
19,21123,4000,2,"bernoulli","fixed",2e-04,0.2,4e-05,0.16,0.01,2000,0.5,1,0,0,NA,969.968000000001,1326,1,0,0.00998908695106087,0,0,1,1,0,151
19,21123,4000,2,"bernoulli","linesearch",2e-04,0.2,4e-05,0.16,0.01,2000,0.5,1,9,0,NA,13733.368,1326,1,0,0.00998908695106087,0,0,1,0,0,152
20,22123,4000,2,"bernoulli","fixed",2e-04,10,0.002,8,0.01,2000,0.5,1,0,0,NA,1413.781,2000,0,0,1910.92108074271,0,0,1,1,0,153
20,22123,4000,2,"bernoulli","linesearch",2e-04,10,0.002,8,0.01,2000,0.5,1,9,0,NA,5211.222,423,1,0,0.00984921767676478,4,4,0,0,0,154
20,22123,4000,2,"bernoulli","fixed",2e-04,5,0.001,4,0.01,2000,0.5,1,0,0,NA,348.48,70,1,0,0.0099322842205315,0,0,1,1,0,155
20,22123,4000,2,"bernoulli","linesearch",2e-04,5,0.001,4,0.01,2000,0.5,1,9,0,NA,4675.476,423,1,0,0.00984921767676478,3,3,0,0,0,156
20,22123,4000,2,"bernoulli","fixed",2e-04,1,2e-04,0.8,0.01,2000,0.5,1,0,0,NA,440.856,263,1,0,0.00987912645990764,0,0,1,1,0,157
20,22123,4000,2,"bernoulli","linesearch",2e-04,1,2e-04,0.8,0.01,2000,0.5,1,9,0,NA,2539.089,263,1,0,0.00987912645990764,0,0,1,0,0,158
20,22123,4000,2,"bernoulli","fixed",2e-04,0.2,4e-05,0.16,0.01,2000,0.5,1,0,0,NA,942.755000000001,1327,1,0,0.00998379820610522,0,0,1,1,0,159
20,22123,4000,2,"bernoulli","linesearch",2e-04,0.2,4e-05,0.16,0.01,2000,0.5,1,9,0,NA,11757.874,1327,1,0,0.00998379820610522,0,0,1,0,0,160
21,23123,4000,2,"bernoulli","fixed",2e-04,10,0.002,8,0.01,2000,0.5,1,0,0,NA,1378.539,2000,0,0,1892.12300209954,0,0,1,1,0,161
21,23123,4000,2,"bernoulli","linesearch",2e-04,10,0.002,8,0.01,2000,0.5,1,9,0,NA,8883.705,451,1,0,0.00998409566827105,4,4,0,0,0,162
21,23123,4000,2,"bernoulli","fixed",2e-04,5,0.001,4,0.01,2000,0.5,1,0,0,NA,352.882,71,1,0,0.00953183534071067,0,0,1,1,0,163
21,23123,4000,2,"bernoulli","linesearch",2e-04,5,0.001,4,0.01,2000,0.5,1,9,0,NA,8334.873,451,1,0,0.00998409566827105,3,3,0,0,0,164
21,23123,4000,2,"bernoulli","fixed",2e-04,1,2e-04,0.8,0.01,2000,0.5,1,0,0,NA,456.755000000001,281,1,0,0.00983863104215338,0,0,1,1,0,165
21,23123,4000,2,"bernoulli","linesearch",2e-04,1,2e-04,0.8,0.01,2000,0.5,1,9,0,NA,6182.281,281,1,0,0.00983863104215338,0,0,1,0,0,166
21,23123,4000,2,"bernoulli","fixed",2e-04,0.2,4e-05,0.16,0.01,2000,0.5,1,0,0,NA,969.971999999998,1417,1,0,0.00997898003062642,0,0,1,1,0,167
21,23123,4000,2,"bernoulli","linesearch",2e-04,0.2,4e-05,0.16,0.01,2000,0.5,1,9,0,NA,30396.939,1417,1,0,0.00997898003062642,0,0,1,0,0,168
22,24123,4000,2,"bernoulli","fixed",2e-04,10,0.002,8,0.01,2000,0.5,1,0,0,NA,1371.274,2000,0,0,1861.50140546024,0,0,1,1,0,169
22,24123,4000,2,"bernoulli","linesearch",2e-04,10,0.002,8,0.01,2000,0.5,1,9,0,NA,5058.193,416,1,0,0.0098092225266628,4,4,0,0,0,170
22,24123,4000,2,"bernoulli","fixed",2e-04,5,0.001,4,0.01,2000,0.5,1,0,0,NA,341.344,70,1,0,0.00989170000222805,0,0,1,1,0,171
22,24123,4000,2,"bernoulli","linesearch",2e-04,5,0.001,4,0.01,2000,0.5,1,9,0,NA,4522.207,416,1,0,0.0098092225266628,3,3,0,0,0,172
22,24123,4000,2,"bernoulli","fixed",2e-04,1,2e-04,0.8,0.01,2000,0.5,1,0,0,NA,435.996999999999,259,1,0,0.00972745900614888,0,0,1,1,0,173
22,24123,4000,2,"bernoulli","linesearch",2e-04,1,2e-04,0.8,0.01,2000,0.5,1,9,0,NA,2407.56,259,1,0,0.00972745900614888,0,0,1,0,0,174
22,24123,4000,2,"bernoulli","fixed",2e-04,0.2,4e-05,0.16,0.01,2000,0.5,1,0,0,NA,914.213,1305,1,0,0.00994172637247842,0,0,1,1,0,175
22,24123,4000,2,"bernoulli","linesearch",2e-04,0.2,4e-05,0.16,0.01,2000,0.5,1,9,0,NA,10587.062,1305,1,0,0.00994172637247842,0,0,1,0,0,176
23,25123,4000,2,"bernoulli","fixed",2e-04,10,0.002,8,0.01,2000,0.5,1,0,0,NA,1378.913,2000,0,0,1911.10134077335,0,0,1,1,0,177
23,25123,4000,2,"bernoulli","linesearch",2e-04,10,0.002,8,0.01,2000,0.5,1,9,0,NA,5713.396,430,1,0,0.00992838190546733,4,4,0,0,0,178
23,25123,4000,2,"bernoulli","fixed",2e-04,5,0.001,4,0.01,2000,0.5,1,0,0,NA,342.607,71,1,0,0.00987456770693851,0,0,1,1,0,179
23,25123,4000,2,"bernoulli","linesearch",2e-04,5,0.001,4,0.01,2000,0.5,1,9,0,NA,5278.322,430,1,0,0.00992838190546733,3,3,0,0,0,180
23,25123,4000,2,"bernoulli","fixed",2e-04,1,2e-04,0.8,0.01,2000,0.5,1,0,0,NA,446.444,268,1,0,0.00974980402900752,0,0,1,1,0,181
23,25123,4000,2,"bernoulli","linesearch",2e-04,1,2e-04,0.8,0.01,2000,0.5,1,9,0,NA,3262.316,268,1,0,0.00974980402900752,0,0,1,0,0,182
23,25123,4000,2,"bernoulli","fixed",2e-04,0.2,4e-05,0.16,0.01,2000,0.5,1,0,0,NA,958.241999999998,1350,1,0,0.00999945701026461,0,0,1,1,0,183
23,25123,4000,2,"bernoulli","linesearch",2e-04,0.2,4e-05,0.16,0.01,2000,0.5,1,9,0,NA,14689.515,1350,1,0,0.00999945701026461,0,0,1,0,0,184
24,26123,4000,2,"bernoulli","fixed",2e-04,10,0.002,8,0.01,2000,0.5,1,0,0,NA,1379.254,2000,0,0,1863.86170554921,0,0,1,1,0,185
24,26123,4000,2,"bernoulli","linesearch",2e-04,10,0.002,8,0.01,2000,0.5,1,9,0,NA,8487.402,452,1,0,0.00996429219470599,4,4,0,0,0,186
24,26123,4000,2,"bernoulli","fixed",2e-04,5,0.001,4,0.01,2000,0.5,1,0,0,NA,355.27,71,1,0,0.00960161667514481,0,0,1,1,0,187
24,26123,4000,2,"bernoulli","linesearch",2e-04,5,0.001,4,0.01,2000,0.5,1,9,0,NA,7968.772,452,1,0,0.00996429219470599,3,3,0,0,0,188
24,26123,4000,2,"bernoulli","fixed",2e-04,1,2e-04,0.8,0.01,2000,0.5,1,0,0,NA,455.956000000002,282,1,0,0.00971211323178697,0,0,1,1,0,189
24,26123,4000,2,"bernoulli","linesearch",2e-04,1,2e-04,0.8,0.01,2000,0.5,1,9,0,NA,5833.274,282,1,0,0.00971211323178697,0,0,1,0,0,190
24,26123,4000,2,"bernoulli","fixed",2e-04,0.2,4e-05,0.16,0.01,2000,0.5,1,0,0,NA,966.270999999997,1420,1,0,0.00996098123557709,0,0,1,1,0,191
24,26123,4000,2,"bernoulli","linesearch",2e-04,0.2,4e-05,0.16,0.01,2000,0.5,1,9,0,NA,28080.312,1420,1,0,0.00996098123557709,0,0,1,0,0,192
25,27123,4000,2,"bernoulli","fixed",2e-04,10,0.002,8,0.01,2000,0.5,1,0,0,NA,1418.674,2000,0,0,1870.67124967853,0,0,1,1,0,193
25,27123,4000,2,"bernoulli","linesearch",2e-04,10,0.002,8,0.01,2000,0.5,1,9,0,NA,5937.824,424,1,0,0.00996801457822225,4,4,0,0,0,194
25,27123,4000,2,"bernoulli","fixed",2e-04,5,0.001,4,0.01,2000,0.5,1,0,0,NA,357.098,70,1,0,0.00984830838237549,0,0,1,1,0,195
25,27123,4000,2,"bernoulli","linesearch",2e-04,5,0.001,4,0.01,2000,0.5,1,9,0,NA,5422.372,424,1,0,0.00996801457822225,3,3,0,0,0,196
25,27123,4000,2,"bernoulli","fixed",2e-04,1,2e-04,0.8,0.01,2000,0.5,1,0,0,NA,441.828,264,1,0,0.0098696822436839,0,0,1,1,0,197
25,27123,4000,2,"bernoulli","linesearch",2e-04,1,2e-04,0.8,0.01,2000,0.5,1,9,0,NA,3329.307,264,1,0,0.0098696822436839,0,0,1,0,0,198
25,27123,4000,2,"bernoulli","fixed",2e-04,0.2,4e-05,0.16,0.01,2000,0.5,1,0,0,NA,967.377,1332,1,0,0.00998918708902177,0,0,1,1,0,199
25,27123,4000,2,"bernoulli","linesearch",2e-04,0.2,4e-05,0.16,0.01,2000,0.5,1,9,0,NA,15296.17,1332,1,0,0.00998918708902177,0,0,1,0,0,200
26,28123,4000,2,"bernoulli","fixed",2e-04,10,0.002,8,0.01,2000,0.5,1,0,0,NA,1240.864,2000,0,0,1889.47120993334,0,0,1,1,0,201
26,28123,4000,2,"bernoulli","linesearch",2e-04,10,0.002,8,0.01,2000,0.5,1,9,0,NA,5537.025,425,1,0,0.00992107097363936,4,4,0,0,0,202
26,28123,4000,2,"bernoulli","fixed",2e-04,5,0.001,4,0.01,2000,0.5,1,0,0,NA,349.965000000004,70,1,0,0.0098728914433539,0,0,1,1,0,203
26,28123,4000,2,"bernoulli","linesearch",2e-04,5,0.001,4,0.01,2000,0.5,1,9,0,NA,4989.416,425,1,0,0.00992107097363936,3,3,0,0,0,204
26,28123,4000,2,"bernoulli","fixed",2e-04,1,2e-04,0.8,0.01,2000,0.5,1,0,0,NA,440.998,265,1,0,0.0097065044732031,0,0,1,1,0,205
26,28123,4000,2,"bernoulli","linesearch",2e-04,1,2e-04,0.8,0.01,2000,0.5,1,9,0,NA,2927.10000000001,265,1,0,0.0097065044732031,0,0,1,0,0,206
26,28123,4000,2,"bernoulli","fixed",2e-04,0.2,4e-05,0.16,0.01,2000,0.5,1,0,0,NA,922.754000000001,1335,1,0,0.00994708869611579,0,0,1,1,0,207
26,28123,4000,2,"bernoulli","linesearch",2e-04,0.2,4e-05,0.16,0.01,2000,0.5,1,9,0,NA,14108.718,1335,1,0,0.00994708869611579,0,0,1,0,0,208
27,29123,4000,2,"bernoulli","fixed",2e-04,10,0.002,8,0.01,2000,0.5,1,0,0,NA,1260.062,2000,0,0,1870.28942231625,0,0,1,1,0,209
27,29123,4000,2,"bernoulli","linesearch",2e-04,10,0.002,8,0.01,2000,0.5,1,9,0,NA,6062.114,428,1,0,0.00986150569165883,4,4,0,0,0,210
27,29123,4000,2,"bernoulli","fixed",2e-04,5,0.001,4,0.01,2000,0.5,1,0,0,NA,346.399000000005,73,1,0,0.00946310430891295,0,0,1,1,0,211
27,29123,4000,2,"bernoulli","linesearch",2e-04,5,0.001,4,0.01,2000,0.5,1,9,0,NA,5527.041,428,1,0,0.00986150569165883,3,3,0,0,0,212
27,29123,4000,2,"bernoulli","fixed",2e-04,1,2e-04,0.8,0.01,2000,0.5,1,0,0,NA,434.516000000003,266,1,0,0.00992553179948738,0,0,1,1,0,213
27,29123,4000,2,"bernoulli","linesearch",2e-04,1,2e-04,0.8,0.01,2000,0.5,1,9,0,NA,3319.392,266,1,0,0.00992553179948738,0,0,1,0,0,214
27,29123,4000,2,"bernoulli","fixed",2e-04,0.2,4e-05,0.16,0.01,2000,0.5,1,0,0,NA,937.936000000002,1343,1,0,0.00997924323053273,0,0,1,1,0,215
27,29123,4000,2,"bernoulli","linesearch",2e-04,0.2,4e-05,0.16,0.01,2000,0.5,1,9,0,NA,16081.982,1343,1,0,0.00997924323053273,0,0,1,0,0,216
28,30123,4000,2,"bernoulli","fixed",2e-04,10,0.002,8,0.01,2000,0.5,1,0,0,NA,1259.471,2000,0,0,1885.32030470259,0,0,1,1,0,217
28,30123,4000,2,"bernoulli","linesearch",2e-04,10,0.002,8,0.01,2000,0.5,1,9,0,NA,5268.128,419,1,0,0.00996027812395436,4,4,0,0,0,218
28,30123,4000,2,"bernoulli","fixed",2e-04,5,0.001,4,0.01,2000,0.5,1,0,0,NA,355.919999999998,71,1,0,0.00956110678343602,0,0,1,1,0,219
28,30123,4000,2,"bernoulli","linesearch",2e-04,5,0.001,4,0.01,2000,0.5,1,9,0,NA,4806.221,419,1,0,0.00996027812395436,3,3,0,0,0,220
28,30123,4000,2,"bernoulli","fixed",2e-04,1,2e-04,0.8,0.01,2000,0.5,1,0,0,NA,450.118000000002,261,1,0,0.00982278323678765,0,0,1,1,0,221
28,30123,4000,2,"bernoulli","linesearch",2e-04,1,2e-04,0.8,0.01,2000,0.5,1,9,0,NA,2804.024,261,1,0,0.00982278323678765,0,0,1,0,0,222
28,30123,4000,2,"bernoulli","fixed",2e-04,0.2,4e-05,0.16,0.01,2000,0.5,1,0,0,NA,946.870000000003,1317,1,0,0.00993806815411161,0,0,1,1,0,223
28,30123,4000,2,"bernoulli","linesearch",2e-04,0.2,4e-05,0.16,0.01,2000,0.5,1,9,0,NA,13138.487,1317,1,0,0.00993806815411161,0,0,1,0,0,224
29,31123,4000,2,"bernoulli","fixed",2e-04,10,0.002,8,0.01,2000,0.5,1,0,0,NA,1281.551,2000,0,0,1873.17813118377,0,0,1,1,0,225
29,31123,4000,2,"bernoulli","linesearch",2e-04,10,0.002,8,0.01,2000,0.5,1,9,0,NA,4938.726,415,1,0,0.00991067904268944,4,4,0,0,0,226
29,31123,4000,2,"bernoulli","fixed",2e-04,5,0.001,4,0.01,2000,0.5,1,0,0,NA,359.367000000006,70,1,0,0.00977510670104587,0,0,1,1,0,227
29,31123,4000,2,"bernoulli","linesearch",2e-04,5,0.001,4,0.01,2000,0.5,1,9,0,NA,4460.991,415,1,0,0.00991067904268944,3,3,0,0,0,228
29,31123,4000,2,"bernoulli","fixed",2e-04,1,2e-04,0.8,0.01,2000,0.5,1,0,0,NA,448.370000000003,258,1,0,0.00995106673683607,0,0,1,1,0,229
29,31123,4000,2,"bernoulli","linesearch",2e-04,1,2e-04,0.8,0.01,2000,0.5,1,9,0,NA,2363.926,258,1,0,0.00995106673683607,0,0,1,0,0,230
29,31123,4000,2,"bernoulli","fixed",2e-04,0.2,4e-05,0.16,0.01,2000,0.5,1,0,0,NA,937.474999999999,1303,1,0,0.00996969205300693,0,0,1,1,0,231
29,31123,4000,2,"bernoulli","linesearch",2e-04,0.2,4e-05,0.16,0.01,2000,0.5,1,9,0,NA,11214.884,1303,1,0,0.00996969205300693,0,0,1,0,0,232
30,32123,4000,2,"bernoulli","fixed",2e-04,10,0.002,8,0.01,2000,0.5,1,0,0,NA,1280.671,2000,0,0,1881.57309087592,0,0,1,1,0,233
30,32123,4000,2,"bernoulli","linesearch",2e-04,10,0.002,8,0.01,2000,0.5,1,9,0,NA,9796.305,464,1,0,0.00981051984434853,4,4,0,0,0,234
30,32123,4000,2,"bernoulli","fixed",2e-04,5,0.001,4,0.01,2000,0.5,1,0,0,NA,354.349000000002,70,1,0,0.0095972842007761,0,0,1,1,0,235
30,32123,4000,2,"bernoulli","linesearch",2e-04,5,0.001,4,0.01,2000,0.5,1,9,0,NA,9293.933,464,1,0,0.00981051984434853,3,3,0,0,0,236
30,32123,4000,2,"bernoulli","fixed",2e-04,1,2e-04,0.8,0.01,2000,0.5,1,0,0,NA,458.081999999995,289,1,0,0.00970325234673197,0,0,1,1,0,237
30,32123,4000,2,"bernoulli","linesearch",2e-04,1,2e-04,0.8,0.01,2000,0.5,1,9,0,NA,7149.839,289,1,0,0.00970325234673197,0,0,1,0,0,238
30,32123,4000,2,"bernoulli","fixed",2e-04,0.2,4e-05,0.16,0.01,2000,0.5,1,0,0,NA,1009.928,1455,1,0,0.00997006444938603,0,0,1,1,0,239
30,32123,4000,2,"bernoulli","linesearch",2e-04,0.2,4e-05,0.16,0.01,2000,0.5,1,9,0,NA,34805.233,1455,1,0,0.00997006444938603,0,0,1,0,0,240
31,33123,4000,2,"bernoulli","fixed",2e-04,10,0.002,8,0.01,2000,0.5,1,0,0,NA,1290.406,2000,0,0,1869.28865786089,0,0,1,1,0,241
31,33123,4000,2,"bernoulli","linesearch",2e-04,10,0.002,8,0.01,2000,0.5,1,9,0,NA,6293.715,432,1,0,0.00991171980081834,4,4,0,0,0,242
31,33123,4000,2,"bernoulli","fixed",2e-04,5,0.001,4,0.01,2000,0.5,1,0,0,NA,354.028000000006,71,1,0,0.00980616262202016,0,0,1,1,0,243
31,33123,4000,2,"bernoulli","linesearch",2e-04,5,0.001,4,0.01,2000,0.5,1,9,0,NA,5769.187,432,1,0,0.00991171980081834,3,3,0,0,0,244
31,33123,4000,2,"bernoulli","fixed",2e-04,1,2e-04,0.8,0.01,2000,0.5,1,0,0,NA,451.154999999999,269,1,0,0.00981337496316689,0,0,1,1,0,245
31,33123,4000,2,"bernoulli","linesearch",2e-04,1,2e-04,0.8,0.01,2000,0.5,1,9,0,NA,3608.66899999999,269,1,0,0.00981337496316689,0,0,1,0,0,246
31,33123,4000,2,"bernoulli","fixed",2e-04,0.2,4e-05,0.16,0.01,2000,0.5,1,0,0,NA,973.171999999999,1356,1,0,0.00999875011157586,0,0,1,1,0,247
31,33123,4000,2,"bernoulli","linesearch",2e-04,0.2,4e-05,0.16,0.01,2000,0.5,1,9,0,NA,16850.706,1356,1,0,0.00999875011157586,0,0,1,0,0,248
32,34123,4000,2,"bernoulli","fixed",2e-04,10,0.002,8,0.01,2000,0.5,1,0,0,NA,1264.849,2000,0,0,1860.20015621996,0,0,1,1,0,249
32,34123,4000,2,"bernoulli","linesearch",2e-04,10,0.002,8,0.01,2000,0.5,1,9,0,NA,6440.733,432,1,0,0.00981238772284909,4,4,0,0,0,250
32,34123,4000,2,"bernoulli","fixed",2e-04,5,0.001,4,0.01,2000,0.5,1,0,0,NA,348.036,70,1,0,0.00992940461594893,0,0,1,1,0,251
32,34123,4000,2,"bernoulli","linesearch",2e-04,5,0.001,4,0.01,2000,0.5,1,9,0,NA,5985.277,432,1,0,0.00981238772284909,3,3,0,0,0,252
32,34123,4000,2,"bernoulli","fixed",2e-04,1,2e-04,0.8,0.01,2000,0.5,1,0,0,NA,436.364999999998,269,1,0,0.00972049703936623,0,0,1,1,0,253
32,34123,4000,2,"bernoulli","linesearch",2e-04,1,2e-04,0.8,0.01,2000,0.5,1,9,0,NA,3901.119,269,1,0,0.00972049703936623,0,0,1,0,0,254
32,34123,4000,2,"bernoulli","fixed",2e-04,0.2,4e-05,0.16,0.01,2000,0.5,1,0,0,NA,960.953000000001,1355,1,0,0.0099556588795332,0,0,1,1,0,255
32,34123,4000,2,"bernoulli","linesearch",2e-04,0.2,4e-05,0.16,0.01,2000,0.5,1,9,0,NA,18710.167,1355,1,0,0.0099556588795332,0,0,1,0,0,256
33,35123,4000,2,"bernoulli","fixed",2e-04,10,0.002,8,0.01,2000,0.5,1,0,0,NA,1279.667,2000,0,0,1896.4249486931,0,0,1,1,0,257
33,35123,4000,2,"bernoulli","linesearch",2e-04,10,0.002,8,0.01,2000,0.5,1,9,0,NA,5950.468,440,1,0,0.00984220820729748,4,4,0,0,0,258
33,35123,4000,2,"bernoulli","fixed",2e-04,5,0.001,4,0.01,2000,0.5,1,0,0,NA,346.567000000003,71,1,0,0.00941994681834801,0,0,1,1,0,259
33,35123,4000,2,"bernoulli","linesearch",2e-04,5,0.001,4,0.01,2000,0.5,1,9,0,NA,5449.355,440,1,0,0.00984220820729748,3,3,0,0,0,260
33,35123,4000,2,"bernoulli","fixed",2e-04,1,2e-04,0.8,0.01,2000,0.5,1,0,0,NA,434.953999999998,274,1,0,0.00974122560796759,0,0,1,1,0,261
33,35123,4000,2,"bernoulli","linesearch",2e-04,1,2e-04,0.8,0.01,2000,0.5,1,9,0,NA,3547.635,274,1,0,0.00974122560796759,0,0,1,0,0,262
33,35123,4000,2,"bernoulli","fixed",2e-04,0.2,4e-05,0.16,0.01,2000,0.5,1,0,0,NA,970.048000000003,1380,1,0,0.00999597789986389,0,0,1,1,0,263
33,35123,4000,2,"bernoulli","linesearch",2e-04,0.2,4e-05,0.16,0.01,2000,0.5,1,9,0,NA,16405.724,1380,1,0,0.00999597789986389,0,0,1,0,0,264
34,36123,4000,2,"bernoulli","fixed",2e-04,10,0.002,8,0.01,2000,0.5,1,0,0,NA,1281.727,2000,0,0,1873.40765821127,0,0,1,1,0,265
34,36123,4000,2,"bernoulli","linesearch",2e-04,10,0.002,8,0.01,2000,0.5,1,9,0,NA,5819.663,425,1,0,0.00986508122437615,4,4,0,0,0,266
34,36123,4000,2,"bernoulli","fixed",2e-04,5,0.001,4,0.01,2000,0.5,1,0,0,NA,355.139999999999,71,1,0,0.00952653225494959,0,0,1,1,0,267
34,36123,4000,2,"bernoulli","linesearch",2e-04,5,0.001,4,0.01,2000,0.5,1,9,0,NA,5335.707,425,1,0,0.00986508122437615,3,3,0,0,0,268
34,36123,4000,2,"bernoulli","fixed",2e-04,1,2e-04,0.8,0.01,2000,0.5,1,0,0,NA,441.652000000002,264,1,0,0.00997347882179795,0,0,1,1,0,269
34,36123,4000,2,"bernoulli","linesearch",2e-04,1,2e-04,0.8,0.01,2000,0.5,1,9,0,NA,3103.329,264,1,0,0.00997347882179795,0,0,1,0,0,270
34,36123,4000,2,"bernoulli","fixed",2e-04,0.2,4e-05,0.16,0.01,2000,0.5,1,0,0,NA,965.284,1334,1,0,0.00995527612737261,0,0,1,1,0,271
34,36123,4000,2,"bernoulli","linesearch",2e-04,0.2,4e-05,0.16,0.01,2000,0.5,1,9,0,NA,15049.258,1334,1,0,0.00995527612737261,0,0,1,0,0,272
35,37123,4000,2,"bernoulli","fixed",2e-04,10,0.002,8.00000000000001,0.01,2000,0.5,1,0,0,NA,1284.918,2000,0,0,1910.76902175666,0,0,1,1,0,273
35,37123,4000,2,"bernoulli","linesearch",2e-04,10,0.002,8.00000000000001,0.01,2000,0.5,1,9,0,NA,6285.777,431,1,0,0.00998238259237327,4,4,0,0,0,274
35,37123,4000,2,"bernoulli","fixed",2e-04,5,0.001,4,0.01,2000,0.5,1,0,0,NA,350.640999999996,70,1,0,0.00961566878446862,0,0,1,1,0,275
35,37123,4000,2,"bernoulli","linesearch",2e-04,5,0.001,4,0.01,2000,0.5,1,9,0,NA,5691.586,431,1,0,0.00998238259237327,3,3,0,0,0,276
35,37123,4000,2,"bernoulli","fixed",2e-04,1,2e-04,0.800000000000001,0.01,2000,0.5,1,0,0,NA,437.173999999999,269,1,0,0.00967861044155233,0,0,1,1,0,277
35,37123,4000,2,"bernoulli","linesearch",2e-04,1,2e-04,0.800000000000001,0.01,2000,0.5,1,9,0,NA,3700.412,269,1,0,0.00967861044155233,0,0,1,0,0,278
35,37123,4000,2,"bernoulli","fixed",2e-04,0.2,4e-05,0.16,0.01,2000,0.5,1,0,0,NA,969.012999999999,1355,1,0,0.00993597104840838,0,0,1,1,0,279
35,37123,4000,2,"bernoulli","linesearch",2e-04,0.2,4e-05,0.16,0.01,2000,0.5,1,9,0,NA,17891.953,1355,1,0,0.00993597104840838,0,0,1,0,0,280
36,38123,4000,2,"bernoulli","fixed",2e-04,10,0.002,8,0.01,2000,0.5,1,0,0,NA,1294.885,2000,0,0,1875.09492533675,0,0,1,1,0,281
36,38123,4000,2,"bernoulli","linesearch",2e-04,10,0.002,8,0.01,2000,0.5,1,9,0,NA,5659.91,425,1,0,0.00994321555461805,4,4,0,0,0,282
36,38123,4000,2,"bernoulli","fixed",2e-04,5,0.001,4,0.01,2000,0.5,1,0,0,NA,347.183999999994,71,1,0,0.0096610942199935,0,0,1,1,0,283
36,38123,4000,2,"bernoulli","linesearch",2e-04,5,0.001,4,0.01,2000,0.5,1,9,0,NA,5138.418,425,1,0,0.00994321555461805,3,3,0,0,0,284
36,38123,4000,2,"bernoulli","fixed",2e-04,1,2e-04,0.8,0.01,2000,0.5,1,0,0,NA,434,265,1,0,0.00972788835992899,0,0,1,1,0,285
36,38123,4000,2,"bernoulli","linesearch",2e-04,1,2e-04,0.8,0.01,2000,0.5,1,9,0,NA,3091.296,265,1,0,0.00972788835992899,0,0,1,0,0,286
36,38123,4000,2,"bernoulli","fixed",2e-04,0.2,4e-05,0.16,0.01,2000,0.5,1,0,0,NA,933.207999999999,1335,1,0,0.0099696413945381,0,0,1,1,0,287
36,38123,4000,2,"bernoulli","linesearch",2e-04,0.2,4e-05,0.16,0.01,2000,0.5,1,9,0,NA,14164.421,1335,1,0,0.0099696413945381,0,0,1,0,0,288
37,39123,4000,2,"bernoulli","fixed",2e-04,10,0.002,8,0.01,2000,0.5,1,0,0,NA,1294.917,2000,0,0,1890.98438240969,0,0,1,1,0,289
37,39123,4000,2,"bernoulli","linesearch",2e-04,10,0.002,8,0.01,2000,0.5,1,9,0,NA,5174.164,418,1,0,0.00982316045842846,4,4,0,0,0,290
37,39123,4000,2,"bernoulli","fixed",2e-04,5,0.001,4,0.01,2000,0.5,1,0,0,NA,359.347999999998,70,1,0,0.00951460070331056,0,0,1,1,0,291
37,39123,4000,2,"bernoulli","linesearch",2e-04,5,0.001,4,0.01,2000,0.5,1,9,0,NA,4641.94,418,1,0,0.00982316045842846,3,3,0,0,0,292
37,39123,4000,2,"bernoulli","fixed",2e-04,1,2e-04,0.8,0.01,2000,0.5,1,0,0,NA,450.316999999995,260,1,0,0.00981613491133082,0,0,1,1,0,293
37,39123,4000,2,"bernoulli","linesearch",2e-04,1,2e-04,0.8,0.01,2000,0.5,1,9,0,NA,2459.499,260,1,0,0.00981613491133082,0,0,1,0,0,294
37,39123,4000,2,"bernoulli","fixed",2e-04,0.2,4e-05,0.16,0.01,2000,0.5,1,0,0,NA,960.229999999996,1311,1,0,0.00997857234285948,0,0,1,1,0,295
37,39123,4000,2,"bernoulli","linesearch",2e-04,0.2,4e-05,0.16,0.01,2000,0.5,1,9,0,NA,11205.499,1311,1,0,0.00997857234285948,0,0,1,0,0,296
38,40123,4000,2,"bernoulli","fixed",2e-04,10,0.002,8,0.01,2000,0.5,1,0,0,NA,1299.481,2000,0,0,1911.15016430681,0,0,1,1,0,297
38,40123,4000,2,"bernoulli","linesearch",2e-04,10,0.002,8,0.01,2000,0.5,1,9,0,NA,5876.876,428,1,0,0.00980878174453653,4,4,0,0,0,298
38,40123,4000,2,"bernoulli","fixed",2e-04,5,0.001,4,0.01,2000,0.5,1,0,0,NA,361.444000000003,71,1,0,0.00980230460178988,0,0,1,1,0,299
38,40123,4000,2,"bernoulli","linesearch",2e-04,5,0.001,4,0.01,2000,0.5,1,9,0,NA,5400.124,428,1,0,0.00980878174453653,3,3,0,0,0,300
38,40123,4000,2,"bernoulli","fixed",2e-04,1,2e-04,0.8,0.01,2000,0.5,1,0,0,NA,446.762999999999,266,1,0,0.00987450430107709,0,0,1,1,0,301
38,40123,4000,2,"bernoulli","linesearch",2e-04,1,2e-04,0.8,0.01,2000,0.5,1,9,0,NA,3274.897,266,1,0,0.00987450430107709,0,0,1,0,0,302
38,40123,4000,2,"bernoulli","fixed",2e-04,0.2,4e-05,0.16,0.01,2000,0.5,1,0,0,NA,964.379000000001,1342,1,0,0.00998686741019147,0,0,1,1,0,303
38,40123,4000,2,"bernoulli","linesearch",2e-04,0.2,4e-05,0.16,0.01,2000,0.5,1,9,0,NA,15406.275,1342,1,0,0.00998686741019147,0,0,1,0,0,304
39,41123,4000,2,"bernoulli","fixed",2e-04,10,0.002,8,0.01,2000,0.5,1,0,0,NA,1257.382,2000,0,0,1909.17957279,0,0,1,1,0,305
39,41123,4000,2,"bernoulli","linesearch",2e-04,10,0.002,8,0.01,2000,0.5,1,9,0,NA,5498.717,427,1,0,0.00998014715607255,4,4,0,0,0,306
39,41123,4000,2,"bernoulli","fixed",2e-04,5,0.001,4,0.01,2000,0.5,1,0,0,NA,347.716999999997,71,1,0,0.00997935597238486,0,0,1,1,0,307
39,41123,4000,2,"bernoulli","linesearch",2e-04,5,0.001,4,0.01,2000,0.5,1,9,0,NA,4994.958,427,1,0,0.00998014715607255,3,3,0,0,0,308
39,41123,4000,2,"bernoulli","fixed",2e-04,1,2e-04,0.8,0.01,2000,0.5,1,0,0,NA,437.559999999998,266,1,0,0.0098435867373308,0,0,1,1,0,309
39,41123,4000,2,"bernoulli","linesearch",2e-04,1,2e-04,0.8,0.01,2000,0.5,1,9,0,NA,2955.824,266,1,0,0.0098435867373308,0,0,1,0,0,310
39,41123,4000,2,"bernoulli","fixed",2e-04,0.2,4e-05,0.16,0.01,2000,0.5,1,0,0,NA,947.097000000002,1342,1,0,0.00995940681415211,0,0,1,1,0,311
39,41123,4000,2,"bernoulli","linesearch",2e-04,0.2,4e-05,0.16,0.01,2000,0.5,1,9,0,NA,13899.72,1342,1,0,0.00995940681415211,0,0,1,0,0,312
40,42123,4000,2,"bernoulli","fixed",0.000200000000000001,10,0.00200000000000001,8.00000000000002,0.01,2000,0.5,1,0,0,NA,1280.981,2000,0,0,1906.27325597942,0,0,1,1,0,313
40,42123,4000,2,"bernoulli","linesearch",0.000200000000000001,10,0.00200000000000001,8.00000000000002,0.01,2000,0.5,1,9,0,NA,6536.737,436,1,0,0.00994947518674677,4,4,0,0,0,314
40,42123,4000,2,"bernoulli","fixed",0.000200000000000001,5,0.001,4.00000000000001,0.01,2000,0.5,1,0,0,NA,351.207999999999,71,1,0,0.00987085263436649,0,0,1,1,0,315
40,42123,4000,2,"bernoulli","linesearch",0.000200000000000001,5,0.001,4.00000000000001,0.01,2000,0.5,1,9,0,NA,5951.561,436,1,0,0.00994947518674677,3,3,0,0,0,316
40,42123,4000,2,"bernoulli","fixed",0.000200000000000001,1,0.000200000000000001,0.800000000000002,0.01,2000,0.5,1,0,0,NA,458.539000000004,272,1,0,0.00969517494583254,0,0,1,1,0,317
40,42123,4000,2,"bernoulli","linesearch",0.000200000000000001,1,0.000200000000000001,0.800000000000002,0.01,2000,0.5,1,9,0,NA,3903.374,272,1,0,0.00969517494583254,0,0,1,0,0,318
40,42123,4000,2,"bernoulli","fixed",0.000200000000000001,0.2,4.00000000000001e-05,0.160000000000001,0.01,2000,0.5,1,0,0,NA,961.582999999999,1370,1,0,0.00994015272283234,0,0,1,1,0,319
40,42123,4000,2,"bernoulli","linesearch",0.000200000000000001,0.2,4.00000000000001e-05,0.160000000000001,0.01,2000,0.5,1,9,0,NA,18667.492,1370,1,0,0.00994015272283234,0,0,1,0,0,320
41,43123,4000,2,"bernoulli","fixed",2e-04,10,0.002,8.00000000000001,0.01,2000,0.5,1,0,0,NA,1286.338,2000,0,0,1907.59923954256,0,0,1,1,0,321
41,43123,4000,2,"bernoulli","linesearch",2e-04,10,0.002,8.00000000000001,0.01,2000,0.5,1,9,0,NA,5378.947,419,1,0,0.0099264617746489,4,4,0,0,0,322
41,43123,4000,2,"bernoulli","fixed",2e-04,5,0.001,4.00000000000001,0.01,2000,0.5,1,0,0,NA,353.373999999996,72,1,0,0.00941398948951311,0,0,1,1,0,323
41,43123,4000,2,"bernoulli","linesearch",2e-04,5,0.001,4.00000000000001,0.01,2000,0.5,1,9,0,NA,4918.69,419,1,0,0.0099264617746489,3,3,0,0,0,324
41,43123,4000,2,"bernoulli","fixed",2e-04,1,2e-04,0.800000000000001,0.01,2000,0.5,1,0,0,NA,453.479000000007,261,1,0,0.00979007850649324,0,0,1,1,0,325
41,43123,4000,2,"bernoulli","linesearch",2e-04,1,2e-04,0.800000000000001,0.01,2000,0.5,1,9,0,NA,2825.491,261,1,0,0.00979007850649324,0,0,1,0,0,326
41,43123,4000,2,"bernoulli","fixed",2e-04,0.2,4.00000000000001e-05,0.16,0.01,2000,0.5,1,0,0,NA,951.121999999996,1316,1,0,0.00996865759544438,0,0,1,1,0,327
41,43123,4000,2,"bernoulli","linesearch",2e-04,0.2,4.00000000000001e-05,0.16,0.01,2000,0.5,1,9,0,NA,13077.23,1316,1,0,0.00996865759544438,0,0,1,0,0,328
42,44123,4000,2,"bernoulli","fixed",2e-04,10,0.002,8,0.01,2000,0.5,1,0,0,NA,1395.318,2000,0,0,1899.34875362997,0,0,1,1,0,329
42,44123,4000,2,"bernoulli","linesearch",2e-04,10,0.002,8,0.01,2000,0.5,1,9,0,NA,6888.134,437,1,0,0.00995626003873751,4,4,0,0,0,330
42,44123,4000,2,"bernoulli","fixed",2e-04,5,0.001,4,0.01,2000,0.5,1,0,0,NA,461.347000000002,71,1,0,0.00960284383315246,0,0,1,1,0,331
42,44123,4000,2,"bernoulli","linesearch",2e-04,5,0.001,4,0.01,2000,0.5,1,9,0,NA,6472.144,437,1,0,0.00995626003873751,3,3,0,0,0,332
42,44123,4000,2,"bernoulli","fixed",2e-04,1,2e-04,0.8,0.01,2000,0.5,1,0,0,NA,560.006000000001,272,1,0,0.00989340955725099,0,0,1,1,0,333
42,44123,4000,2,"bernoulli","linesearch",2e-04,1,2e-04,0.8,0.01,2000,0.5,1,9,0,NA,4167.368,272,1,0,0.00989340955725099,0,0,1,0,0,334
42,44123,4000,2,"bernoulli","fixed",2e-04,0.2,4e-05,0.16,0.01,2000,0.5,1,0,0,NA,1077.016,1373,1,0,0.00996044392967149,0,0,1,1,0,335
42,44123,4000,2,"bernoulli","linesearch",2e-04,0.2,4e-05,0.16,0.01,2000,0.5,1,9,0,NA,20057.279,1373,1,0,0.00996044392967149,0,0,1,0,0,336
43,45123,4000,2,"bernoulli","fixed",2e-04,10,0.002,8,0.01,2000,0.5,1,0,0,NA,1260.053,2000,0,0,1865.40542292859,0,0,1,1,0,337
43,45123,4000,2,"bernoulli","linesearch",2e-04,10,0.002,8,0.01,2000,0.5,1,9,0,NA,5090.727,423,1,0,0.00990865185452469,4,4,0,0,0,338
43,45123,4000,2,"bernoulli","fixed",2e-04,5,0.001,4,0.01,2000,0.5,1,0,0,NA,345.313999999998,71,1,0,0.00943090553174453,0,0,1,1,0,339
43,45123,4000,2,"bernoulli","linesearch",2e-04,5,0.001,4,0.01,2000,0.5,1,9,0,NA,4632.102,423,1,0,0.00990865185452469,3,3,0,0,0,340
43,45123,4000,2,"bernoulli","fixed",2e-04,1,2e-04,0.8,0.01,2000,0.5,1,0,0,NA,441.164000000004,263,1,0,0.00994302838258226,0,0,1,1,0,341
43,45123,4000,2,"bernoulli","linesearch",2e-04,1,2e-04,0.8,0.01,2000,0.5,1,9,0,NA,2633.125,263,1,0,0.00994302838258226,0,0,1,0,0,342
43,45123,4000,2,"bernoulli","fixed",2e-04,0.2,4e-05,0.16,0.01,2000,0.5,1,0,0,NA,943.718000000001,1328,1,0,0.00997363795032163,0,0,1,1,0,343
43,45123,4000,2,"bernoulli","linesearch",2e-04,0.2,4e-05,0.16,0.01,2000,0.5,1,9,0,NA,12293.486,1328,1,0,0.00997363795032163,0,0,1,0,0,344
44,46123,4000,2,"bernoulli","fixed",2e-04,10,0.002,8,0.01,2000,0.5,1,0,0,NA,1294.048,2000,0,0,1863.9046717609,0,0,1,1,0,345
44,46123,4000,2,"bernoulli","linesearch",2e-04,10,0.002,8,0.01,2000,0.5,1,9,0,NA,5941.88600000001,428,1,0,0.00991523376551173,4,4,0,0,0,346
44,46123,4000,2,"bernoulli","fixed",2e-04,5,0.001,4,0.01,2000,0.5,1,0,0,NA,358.190000000002,71,1,0,0.00972658200740883,0,0,1,1,0,347
44,46123,4000,2,"bernoulli","linesearch",2e-04,5,0.001,4,0.01,2000,0.5,1,9,0,NA,5404.245,428,1,0,0.00991523376551173,3,3,0,0,0,348
44,46123,4000,2,"bernoulli","fixed",2e-04,1,2e-04,0.8,0.01,2000,0.5,1,0,0,NA,450.192999999999,266,1,0,0.00998735106943816,0,0,1,1,0,349
44,46123,4000,2,"bernoulli","linesearch",2e-04,1,2e-04,0.8,0.01,2000,0.5,1,9,0,NA,3199.151,266,1,0,0.00998735106943816,0,0,1,0,0,350
44,46123,4000,2,"bernoulli","fixed",2e-04,0.2,4e-05,0.16,0.01,2000,0.5,1,0,0,NA,944.764999999999,1344,1,0,0.00995844363362811,0,0,1,1,0,351
44,46123,4000,2,"bernoulli","linesearch",2e-04,0.2,4e-05,0.16,0.01,2000,0.5,1,9,0,NA,15570.972,1344,1,0,0.00995844363362811,0,0,1,0,0,352
45,47123,4000,2,"bernoulli","fixed",2e-04,10,0.002,8,0.01,2000,0.5,1,0,0,NA,1301.686,2000,0,0,1911.47579928615,0,0,1,1,0,353
45,47123,4000,2,"bernoulli","linesearch",2e-04,10,0.002,8,0.01,2000,0.5,1,9,0,NA,5744.366,427,1,0,0.00986242227713185,4,4,0,0,0,354
45,47123,4000,2,"bernoulli","fixed",2e-04,5,0.001,4,0.01,2000,0.5,1,0,0,NA,352.875,71,1,0,0.00993274649029185,0,0,1,1,0,355
45,47123,4000,2,"bernoulli","linesearch",2e-04,5,0.001,4,0.01,2000,0.5,1,9,0,NA,5319.178,427,1,0,0.00986242227713185,3,3,0,0,0,356
45,47123,4000,2,"bernoulli","fixed",2e-04,1,2e-04,0.8,0.01,2000,0.5,1,0,0,NA,450.212,266,1,0,0.00973204093845717,0,0,1,1,0,357
45,47123,4000,2,"bernoulli","linesearch",2e-04,1,2e-04,0.8,0.01,2000,0.5,1,9,0,NA,3030.053,266,1,0,0.00973204093845717,0,0,1,0,0,358
45,47123,4000,2,"bernoulli","fixed",2e-04,0.2,4e-05,0.16,0.01,2000,0.5,1,0,0,NA,945.705000000002,1340,1,0,0.00996500297561834,0,0,1,1,0,359
45,47123,4000,2,"bernoulli","linesearch",2e-04,0.2,4e-05,0.16,0.01,2000,0.5,1,9,0,NA,14181.449,1340,1,0,0.00996500297561834,0,0,1,0,0,360
46,48123,4000,2,"bernoulli","fixed",2e-04,10,0.002,8,0.01,2000,0.5,1,0,0,NA,1264.88299999999,2000,0,0,1906.74361729206,0,0,1,1,0,361
46,48123,4000,2,"bernoulli","linesearch",2e-04,10,0.002,8,0.01,2000,0.5,1,9,0,NA,5672.522,425,1,0,0.0098185126838285,4,4,0,0,0,362
46,48123,4000,2,"bernoulli","fixed",2e-04,5,0.001,4,0.01,2000,0.5,1,0,0,NA,354.007999999994,70,1,0,0.00960038627399573,0,0,1,1,0,363
46,48123,4000,2,"bernoulli","linesearch",2e-04,5,0.001,4,0.01,2000,0.5,1,9,0,NA,5098.467,425,1,0,0.0098185126838285,3,3,0,0,0,364
46,48123,4000,2,"bernoulli","fixed",2e-04,1,2e-04,0.8,0.01,2000,0.5,1,0,0,NA,434.076000000001,264,1,0,0.00992777435536851,0,0,1,1,0,365
46,48123,4000,2,"bernoulli","linesearch",2e-04,1,2e-04,0.8,0.01,2000,0.5,1,9,0,NA,3057.337,264,1,0,0.00992777435536851,0,0,1,0,0,366
46,48123,4000,2,"bernoulli","fixed",2e-04,0.2,4e-05,0.16,0.01,2000,0.5,1,0,0,NA,935.685000000005,1333,1,0,0.00996882222317708,0,0,1,1,0,367
46,48123,4000,2,"bernoulli","linesearch",2e-04,0.2,4e-05,0.16,0.01,2000,0.5,1,9,0,NA,14783.485,1333,1,0,0.00996882222317708,0,0,1,0,0,368
47,49123,4000,2,"bernoulli","fixed",2e-04,10,0.002,8,0.01,2000,0.5,1,0,0,NA,1300.711,2000,0,0,1901.98717551806,0,0,1,1,0,369
47,49123,4000,2,"bernoulli","linesearch",2e-04,10,0.002,8,0.01,2000,0.5,1,9,0,NA,6275.03000000001,436,1,0,0.00994084379610412,4,4,0,0,0,370
47,49123,4000,2,"bernoulli","fixed",2e-04,5,0.001,4,0.01,2000,0.5,1,0,0,NA,348.800999999999,70,1,0,0.00970513547184404,0,0,1,1,0,371
47,49123,4000,2,"bernoulli","linesearch",2e-04,5,0.001,4,0.01,2000,0.5,1,9,0,NA,5714.302,436,1,0,0.00994084379610412,3,3,0,0,0,372
47,49123,4000,2,"bernoulli","fixed",2e-04,1,2e-04,0.8,0.01,2000,0.5,1,0,0,NA,451.315000000002,272,1,0,0.00968278963029719,0,0,1,1,0,373
47,49123,4000,2,"bernoulli","linesearch",2e-04,1,2e-04,0.8,0.01,2000,0.5,1,9,0,NA,3724.128,272,1,0,0.00968278963029719,0,0,1,0,0,374
47,49123,4000,2,"bernoulli","fixed",2e-04,0.2,4e-05,0.16,0.01,2000,0.5,1,0,0,NA,955.067999999999,1369,1,0,0.00999795681678697,0,0,1,1,0,375
47,49123,4000,2,"bernoulli","linesearch",2e-04,0.2,4e-05,0.16,0.01,2000,0.5,1,9,0,NA,17773.959,1369,1,0,0.00999795681678697,0,0,1,0,0,376
48,50123,4000,2,"bernoulli","fixed",2e-04,10,0.002,8,0.01,2000,0.5,1,0,0,NA,1278.226,2000,0,0,1907.06842383379,0,0,1,1,0,377
48,50123,4000,2,"bernoulli","linesearch",2e-04,10,0.002,8,0.01,2000,0.5,1,9,0,NA,5053.593,419,1,0,0.0098239022067958,4,4,0,0,0,378
48,50123,4000,2,"bernoulli","fixed",2e-04,5,0.001,4,0.01,2000,0.5,1,0,0,NA,345.264999999999,70,1,0,0.00963890323497962,0,0,1,1,0,379
48,50123,4000,2,"bernoulli","linesearch",2e-04,5,0.001,4,0.01,2000,0.5,1,9,0,NA,4468.38,419,1,0,0.0098239022067958,3,3,0,0,0,380
48,50123,4000,2,"bernoulli","fixed",2e-04,1,2e-04,0.8,0.01,2000,0.5,1,0,0,NA,432.202000000005,261,1,0,0.00968625856546718,0,0,1,1,0,381
48,50123,4000,2,"bernoulli","linesearch",2e-04,1,2e-04,0.8,0.01,2000,0.5,1,9,0,NA,2420.424,261,1,0,0.00968625856546718,0,0,1,0,0,382
48,50123,4000,2,"bernoulli","fixed",2e-04,0.2,4e-05,0.16,0.01,2000,0.5,1,0,0,NA,924.178,1314,1,0,0.00999927174931975,0,0,1,1,0,383
48,50123,4000,2,"bernoulli","linesearch",2e-04,0.2,4e-05,0.16,0.01,2000,0.5,1,9,0,NA,11418.206,1314,1,0,0.00999927174931975,0,0,1,0,0,384
49,51123,4000,2,"bernoulli","fixed",2e-04,10,0.002,8,0.01,2000,0.5,1,0,0,NA,1254.893,2000,0,0,1863.11133865379,0,0,1,1,0,385
49,51123,4000,2,"bernoulli","linesearch",2e-04,10,0.002,8,0.01,2000,0.5,1,9,0,NA,4247.659,402,1,0,0.00984260587832708,4,4,0,0,0,386
49,51123,4000,2,"bernoulli","fixed",2e-04,5,0.001,4,0.01,2000,0.5,1,0,0,NA,342.402000000002,71,1,0,0.00988012784856296,0,0,1,1,0,387
49,51123,4000,2,"bernoulli","linesearch",2e-04,5,0.001,4,0.01,2000,0.5,1,9,0,NA,3814.00900000001,402,1,0,0.00984260587832708,3,3,0,0,0,388
49,51123,4000,2,"bernoulli","fixed",2e-04,1,2e-04,0.8,0.01,2000,0.5,1,0,0,NA,439.451000000001,250,1,0,0.00984924111623706,0,0,1,1,0,389
49,51123,4000,2,"bernoulli","linesearch",2e-04,1,2e-04,0.8,0.01,2000,0.5,1,9,0,NA,1775.986,250,1,0,0.00984924111623706,0,0,1,0,0,390
49,51123,4000,2,"bernoulli","fixed",2e-04,0.2,4e-05,0.16,0.01,2000,0.5,1,0,0,NA,912.275999999998,1261,1,0,0.00998483118872753,0,0,1,1,0,391
49,51123,4000,2,"bernoulli","linesearch",2e-04,0.2,4e-05,0.16,0.01,2000,0.5,1,9,0,NA,7642.928,1261,1,0,0.00998483118872753,0,0,1,0,0,392
50,52123,4000,2,"bernoulli","fixed",2e-04,10,0.002,8,0.01,2000,0.5,1,0,0,NA,1278.269,2000,0,0,1863.33063747431,0,0,1,1,0,393
50,52123,4000,2,"bernoulli","linesearch",2e-04,10,0.002,8,0.01,2000,0.5,1,9,0,NA,6234.048,428,1,0,0.00988482373834815,4,4,0,0,0,394
50,52123,4000,2,"bernoulli","fixed",2e-04,5,0.001,4,0.01,2000,0.5,1,0,0,NA,348.099000000002,70,1,0,0.00991270086389306,0,0,1,1,0,395
50,52123,4000,2,"bernoulli","linesearch",2e-04,5,0.001,4,0.01,2000,0.5,1,9,0,NA,5671.81999999999,428,1,0,0.00988482373834815,3,3,0,0,0,396
50,52123,4000,2,"bernoulli","fixed",2e-04,1,2e-04,0.8,0.01,2000,0.5,1,0,0,NA,439.948000000004,266,1,0,0.00994682283822781,0,0,1,1,0,397
50,52123,4000,2,"bernoulli","linesearch",2e-04,1,2e-04,0.8,0.01,2000,0.5,1,9,0,NA,3600.83500000001,266,1,0,0.00994682283822781,0,0,1,0,0,398
50,52123,4000,2,"bernoulli","fixed",2e-04,0.2,4e-05,0.16,0.01,2000,0.5,1,0,0,NA,958.491999999998,1344,1,0,0.00994158863584022,0,0,1,1,0,399
50,52123,4000,2,"bernoulli","linesearch",2e-04,0.2,4e-05,0.16,0.01,2000,0.5,1,9,0,NA,17533.889,1344,1,0,0.00994158863584022,0,0,1,0,0,400
51,53123,4000,2,"bernoulli","fixed",2e-04,10,0.002,8,0.01,2000,0.5,1,0,0,NA,1415.372,2000,0,0,1884.93535776936,0,0,1,1,0,401
51,53123,4000,2,"bernoulli","linesearch",2e-04,10,0.002,8,0.01,2000,0.5,1,9,0,NA,11452.796,458,1,0,0.00983446664048748,4,4,0,0,0,402
51,53123,4000,2,"bernoulli","fixed",2e-04,5,0.001,4,0.01,2000,0.5,1,0,0,NA,456.687000000005,71,1,0,0.00966712469720155,0,0,1,1,0,403
51,53123,4000,2,"bernoulli","linesearch",2e-04,5,0.001,4,0.01,2000,0.5,1,9,0,NA,10914.835,458,1,0,0.00983446664048748,3,3,0,0,0,404
51,53123,4000,2,"bernoulli","fixed",2e-04,1,2e-04,0.8,0.01,2000,0.5,1,0,0,NA,554.175000000003,285,1,0,0.0098018722890021,0,0,1,1,0,405
51,53123,4000,2,"bernoulli","linesearch",2e-04,1,2e-04,0.8,0.01,2000,0.5,1,9,0,NA,8862.14200000001,285,1,0,0.0098018722890021,0,0,1,0,0,406
51,53123,4000,2,"bernoulli","fixed",2e-04,0.2,4e-05,0.16,0.01,2000,0.5,1,0,0,NA,1097.42,1437,1,0,0.009950296869541,0,0,1,1,0,407
51,53123,4000,2,"bernoulli","linesearch",2e-04,0.2,4e-05,0.16,0.01,2000,0.5,1,9,0,NA,42245.725,1437,1,0,0.009950296869541,0,0,1,0,0,408
52,54123,4000,2,"bernoulli","fixed",2e-04,10,0.002,8,0.01,2000,0.5,1,0,0,NA,1258.246,2000,0,0,1871.52666325349,0,0,1,1,0,409
52,54123,4000,2,"bernoulli","linesearch",2e-04,10,0.002,8,0.01,2000,0.5,1,9,0,NA,6226.935,434,1,0,0.0099299551866589,4,4,0,0,0,410
52,54123,4000,2,"bernoulli","fixed",2e-04,5,0.001,4,0.01,2000,0.5,1,0,0,NA,351.780999999995,69,1,0,0.00958032089729455,0,0,1,1,0,411
52,54123,4000,2,"bernoulli","linesearch",2e-04,5,0.001,4,0.01,2000,0.5,1,9,0,NA,5660.62500000001,434,1,0,0.0099299551866589,3,3,0,0,0,412
52,54123,4000,2,"bernoulli","fixed",2e-04,1,2e-04,0.8,0.01,2000,0.5,1,0,0,NA,442.315000000002,270,1,0,0.00991337412554277,0,0,1,1,0,413
52,54123,4000,2,"bernoulli","linesearch",2e-04,1,2e-04,0.8,0.01,2000,0.5,1,9,0,NA,3662.02,270,1,0,0.00991337412554277,0,0,1,0,0,414
52,54123,4000,2,"bernoulli","fixed",2e-04,0.2,4e-05,0.16,0.01,2000,0.5,1,0,0,NA,947.926999999996,1363,1,0,0.00996701290647836,0,0,1,1,0,415
52,54123,4000,2,"bernoulli","linesearch",2e-04,0.2,4e-05,0.16,0.01,2000,0.5,1,9,0,NA,17333.717,1363,1,0,0.00996701290647836,0,0,1,0,0,416
53,55123,4000,2,"bernoulli","fixed",2e-04,10,0.002,8,0.01,2000,0.5,1,0,0,NA,1297.933,2000,0,0,1899.01387142488,0,0,1,1,0,417
53,55123,4000,2,"bernoulli","linesearch",2e-04,10,0.002,8,0.01,2000,0.5,1,9,0,NA,6409.034,439,1,0,0.00996849102816625,4,4,0,0,0,418
53,55123,4000,2,"bernoulli","fixed",2e-04,5,0.001,4,0.01,2000,0.5,1,0,0,NA,362.765999999996,70,1,0,0.00979964647812448,0,0,1,1,0,419
53,55123,4000,2,"bernoulli","linesearch",2e-04,5,0.001,4,0.01,2000,0.5,1,9,0,NA,5823.60000000001,439,1,0,0.00996849102816625,3,3,0,0,0,420
53,55123,4000,2,"bernoulli","fixed",2e-04,1,2e-04,0.8,0.01,2000,0.5,1,0,0,NA,449.407000000007,273,1,0,0.00998388820972614,0,0,1,1,0,421
53,55123,4000,2,"bernoulli","linesearch",2e-04,1,2e-04,0.8,0.01,2000,0.5,1,9,0,NA,3808.789,273,1,0,0.00998388820972614,0,0,1,0,0,422
53,55123,4000,2,"bernoulli","fixed",2e-04,0.2,4e-05,0.16,0.01,2000,0.5,1,0,0,NA,976.829000000012,1379,1,0,0.00999096383942978,0,0,1,1,0,423
53,55123,4000,2,"bernoulli","linesearch",2e-04,0.2,4e-05,0.16,0.01,2000,0.5,1,9,0,NA,19353.317,1379,1,0,0.00999096383942978,0,0,1,0,0,424
54,56123,4000,2,"bernoulli","fixed",2e-04,10,0.002,8,0.01,2000,0.5,1,0,0,NA,1258.06,2000,0,0,1910.20405308656,0,0,1,1,0,425
54,56123,4000,2,"bernoulli","linesearch",2e-04,10,0.002,8,0.01,2000,0.5,1,9,0,NA,7789.21800000001,451,1,0,0.00982367865934154,4,4,0,0,0,426
54,56123,4000,2,"bernoulli","fixed",2e-04,5,0.001,4,0.01,2000,0.5,1,0,0,NA,362.029999999999,72,1,0,0.00959949206275279,0,0,1,1,0,427
54,56123,4000,2,"bernoulli","linesearch",2e-04,5,0.001,4,0.01,2000,0.5,1,9,0,NA,7163.913,451,1,0,0.00982367865934154,3,3,0,0,0,428
54,56123,4000,2,"bernoulli","fixed",2e-04,1,2e-04,0.8,0.01,2000,0.5,1,0,0,NA,445.854999999996,280,1,0,0.00999363366187954,0,0,1,1,0,429
54,56123,4000,2,"bernoulli","linesearch",2e-04,1,2e-04,0.8,0.01,2000,0.5,1,9,0,NA,5044.73700000001,280,1,0,0.00999363366187954,0,0,1,0,0,430
54,56123,4000,2,"bernoulli","fixed",2e-04,0.2,4e-05,0.16,0.01,2000,0.5,1,0,0,NA,983.900999999998,1415,1,0,0.00993998615054753,0,0,1,1,0,431
54,56123,4000,2,"bernoulli","linesearch",2e-04,0.2,4e-05,0.16,0.01,2000,0.5,1,9,0,NA,25462.4,1415,1,0,0.00993998615054753,0,0,1,0,0,432
55,57123,4000,2,"bernoulli","fixed",2e-04,10,0.002,8,0.01,2000,0.5,1,0,0,NA,1271.566,2000,0,0,1900.64724075791,0,0,1,1,0,433
55,57123,4000,2,"bernoulli","linesearch",2e-04,10,0.002,8,0.01,2000,0.5,1,9,0,NA,7281.554,436,1,0,0.00982176798092206,4,4,0,0,0,434
55,57123,4000,2,"bernoulli","fixed",2e-04,5,0.001,4,0.01,2000,0.5,1,0,0,NA,344.009999999995,68,1,0,0.00949881495935195,0,0,1,1,0,435
55,57123,4000,2,"bernoulli","linesearch",2e-04,5,0.001,4,0.01,2000,0.5,1,9,0,NA,6609.105,436,1,0,0.00982176798092206,3,3,0,0,0,436
55,57123,4000,2,"bernoulli","fixed",2e-04,1,2e-04,0.8,0.01,2000,0.5,1,0,0,NA,451.830000000002,271,1,0,0.00987942053799747,0,0,1,1,0,437
55,57123,4000,2,"bernoulli","linesearch",2e-04,1,2e-04,0.8,0.01,2000,0.5,1,9,0,NA,4453.162,271,1,0,0.00987942053799747,0,0,1,0,0,438
55,57123,4000,2,"bernoulli","fixed",2e-04,0.2,4e-05,0.16,0.01,2000,0.5,1,0,0,NA,959.055999999997,1368,1,0,0.00994340781788317,0,0,1,1,0,439
55,57123,4000,2,"bernoulli","linesearch",2e-04,0.2,4e-05,0.16,0.01,2000,0.5,1,9,0,NA,21780.778,1368,1,0,0.00994340781788317,0,0,1,0,0,440
56,58123,4000,2,"bernoulli","fixed",2e-04,10,0.002,8,0.01,2000,0.5,1,0,0,NA,1274.169,2000,0,0,1910.93297060652,0,0,1,1,0,441
56,58123,4000,2,"bernoulli","linesearch",2e-04,10,0.002,8,0.01,2000,0.5,1,9,0,NA,8533.41699999999,445,1,0,0.00982018853678329,4,4,0,0,0,442
56,58123,4000,2,"bernoulli","fixed",2e-04,5,0.001,4,0.01,2000,0.5,1,0,0,NA,351.162000000011,70,1,0,0.00988688793627346,0,0,1,1,0,443
56,58123,4000,2,"bernoulli","linesearch",2e-04,5,0.001,4,0.01,2000,0.5,1,9,0,NA,7868.41900000001,445,1,0,0.00982018853678329,3,3,0,0,0,444
56,58123,4000,2,"bernoulli","fixed",2e-04,1,2e-04,0.8,0.01,2000,0.5,1,0,0,NA,455.962,277,1,0,0.00975685140931548,0,0,1,1,0,445
56,58123,4000,2,"bernoulli","linesearch",2e-04,1,2e-04,0.8,0.01,2000,0.5,1,9,0,NA,5852.969,277,1,0,0.00975685140931548,0,0,1,0,0,446
56,58123,4000,2,"bernoulli","fixed",2e-04,0.2,4e-05,0.16,0.01,2000,0.5,1,0,0,NA,970.065999999992,1396,1,0,0.00995139075735027,0,0,1,1,0,447
56,58123,4000,2,"bernoulli","linesearch",2e-04,0.2,4e-05,0.16,0.01,2000,0.5,1,9,0,NA,27986.853,1396,1,0,0.00995139075735027,0,0,1,0,0,448
57,59123,4000,2,"bernoulli","fixed",2e-04,10,0.002,8,0.01,2000,0.5,1,0,0,NA,1264.71999999999,2000,0,0,1910.78341732234,0,0,1,1,0,449
57,59123,4000,2,"bernoulli","linesearch",2e-04,10,0.002,8,0.01,2000,0.5,1,9,0,NA,6016.36399999999,426,1,0,0.00985001421794762,4,4,0,0,0,450
57,59123,4000,2,"bernoulli","fixed",2e-04,5,0.001,4,0.01,2000,0.5,1,0,0,NA,347.77900000001,71,1,0,0.0094106211041875,0,0,1,1,0,451
57,59123,4000,2,"bernoulli","linesearch",2e-04,5,0.001,4,0.01,2000,0.5,1,9,0,NA,5574.091,426,1,0,0.00985001421794762,3,3,0,0,0,452
57,59123,4000,2,"bernoulli","fixed",2e-04,1,2e-04,0.8,0.01,2000,0.5,1,0,0,NA,445.236000000004,265,1,0,0.00983515891015013,0,0,1,1,0,453
57,59123,4000,2,"bernoulli","linesearch",2e-04,1,2e-04,0.8,0.01,2000,0.5,1,9,0,NA,3436.387,265,1,0,0.00983515891015013,0,0,1,0,0,454
57,59123,4000,2,"bernoulli","fixed",2e-04,0.2,4e-05,0.16,0.01,2000,0.5,1,0,0,NA,957.163,1337,1,0,0.00994946508827507,0,0,1,1,0,455
57,59123,4000,2,"bernoulli","linesearch",2e-04,0.2,4e-05,0.16,0.01,2000,0.5,1,9,0,NA,16329.594,1337,1,0,0.00994946508827507,0,0,1,0,0,456
58,60123,4000,2,"bernoulli","fixed",2e-04,10,0.002,8,0.01,2000,0.5,1,0,0,NA,1289.13,2000,0,0,1904.00246503341,0,0,1,1,0,457
58,60123,4000,2,"bernoulli","linesearch",2e-04,10,0.002,8,0.01,2000,0.5,1,9,0,NA,5609.767,426,1,0,0.0098212444562826,4,4,0,0,0,458
58,60123,4000,2,"bernoulli","fixed",2e-04,5,0.001,4,0.01,2000,0.5,1,0,0,NA,347.413,71,1,0,0.00946492363285045,0,0,1,1,0,459
58,60123,4000,2,"bernoulli","linesearch",2e-04,5,0.001,4,0.01,2000,0.5,1,9,0,NA,5058.20899999999,426,1,0,0.0098212444562826,3,3,0,0,0,460
58,60123,4000,2,"bernoulli","fixed",2e-04,1,2e-04,0.8,0.01,2000,0.5,1,0,0,NA,445.864999999991,265,1,0,0.00980417445797233,0,0,1,1,0,461
58,60123,4000,2,"bernoulli","linesearch",2e-04,1,2e-04,0.8,0.01,2000,0.5,1,9,0,NA,2971.349,265,1,0,0.00980417445797233,0,0,1,0,0,462
58,60123,4000,2,"bernoulli","fixed",2e-04,0.2,4e-05,0.16,0.01,2000,0.5,1,0,0,NA,949.080999999991,1336,1,0,0.00998818264782012,0,0,1,1,0,463
58,60123,4000,2,"bernoulli","linesearch",2e-04,0.2,4e-05,0.16,0.01,2000,0.5,1,9,0,NA,14034.701,1336,1,0,0.00998818264782012,0,0,1,0,0,464
59,61123,4000,2,"bernoulli","fixed",2e-04,10,0.002,8,0.01,2000,0.5,1,0,0,NA,1280.09600000001,2000,0,0,1911.3987011181,0,0,1,1,0,465
59,61123,4000,2,"bernoulli","linesearch",2e-04,10,0.002,8,0.01,2000,0.5,1,9,0,NA,5315.95,420,1,0,0.00995015289820589,4,4,0,0,0,466
59,61123,4000,2,"bernoulli","fixed",2e-04,5,0.001,4,0.01,2000,0.5,1,0,0,NA,347.267000000007,70,1,0,0.00979476146268576,0,0,1,1,0,467
59,61123,4000,2,"bernoulli","linesearch",2e-04,5,0.001,4,0.01,2000,0.5,1,9,0,NA,4822.84,420,1,0,0.00995015289820589,3,3,0,0,0,468
59,61123,4000,2,"bernoulli","fixed",2e-04,1,2e-04,0.8,0.01,2000,0.5,1,0,0,NA,450.736000000004,262,1,0,0.00968854756845999,0,0,1,1,0,469
59,61123,4000,2,"bernoulli","linesearch",2e-04,1,2e-04,0.8,0.01,2000,0.5,1,9,0,NA,2841.68699999999,262,1,0,0.00968854756845999,0,0,1,0,0,470
59,61123,4000,2,"bernoulli","fixed",2e-04,0.2,4e-05,0.16,0.01,2000,0.5,1,0,0,NA,935.960000000006,1320,1,0,0.00993869959231031,0,0,1,1,0,471
59,61123,4000,2,"bernoulli","linesearch",2e-04,0.2,4e-05,0.16,0.01,2000,0.5,1,9,0,NA,12748.641,1320,1,0,0.00993869959231031,0,0,1,0,0,472
60,62123,4000,2,"bernoulli","fixed",2e-04,10,0.002,8,0.01,2000,0.5,1,0,0,NA,1281.094,2000,0,0,1905.19288377248,0,0,1,1,0,473
60,62123,4000,2,"bernoulli","linesearch",2e-04,10,0.002,8,0.01,2000,0.5,1,9,0,NA,4788.507,415,1,0,0.00980859399399078,4,4,0,0,0,474
60,62123,4000,2,"bernoulli","fixed",2e-04,5,0.001,4,0.01,2000,0.5,1,0,0,NA,352.941999999995,71,1,0,0.00944664770723391,0,0,1,1,0,475
60,62123,4000,2,"bernoulli","linesearch",2e-04,5,0.001,4,0.01,2000,0.5,1,9,0,NA,4327.467,415,1,0,0.00980859399399078,3,3,0,0,0,476
60,62123,4000,2,"bernoulli","fixed",2e-04,1,2e-04,0.8,0.01,2000,0.5,1,0,0,NA,439.444000000003,258,1,0,0.00983989779932057,0,0,1,1,0,477
60,62123,4000,2,"bernoulli","linesearch",2e-04,1,2e-04,0.8,0.01,2000,0.5,1,9,0,NA,2230.322,258,1,0,0.00983989779932057,0,0,1,0,0,478
60,62123,4000,2,"bernoulli","fixed",2e-04,0.2,4e-05,0.16,0.01,2000,0.5,1,0,0,NA,926.220000000001,1302,1,0,0.00994440048036008,0,0,1,1,0,479
60,62123,4000,2,"bernoulli","linesearch",2e-04,0.2,4e-05,0.16,0.01,2000,0.5,1,9,0,NA,10213.456,1302,1,0,0.00994440048036008,0,0,1,0,0,480
61,63123,4000,2,"bernoulli","fixed",2e-04,10,0.002,8,0.01,2000,0.5,1,0,0,NA,1294.288,2000,0,0,1860.00267055782,0,0,1,1,0,481
61,63123,4000,2,"bernoulli","linesearch",2e-04,10,0.002,8,0.01,2000,0.5,1,9,0,NA,6424.146,434,1,0,0.00990484304648255,4,4,0,0,0,482
61,63123,4000,2,"bernoulli","fixed",2e-04,5,0.001,4,0.01,2000,0.5,1,0,0,NA,349.967999999993,70,1,0,0.00990301669495564,0,0,1,1,0,483
61,63123,4000,2,"bernoulli","linesearch",2e-04,5,0.001,4,0.01,2000,0.5,1,9,0,NA,5910.451,434,1,0,0.00990484304648255,3,3,0,0,0,484
61,63123,4000,2,"bernoulli","fixed",2e-04,1,2e-04,0.8,0.01,2000,0.5,1,0,0,NA,442.298999999999,270,1,0,0.00988270952230329,0,0,1,1,0,485
61,63123,4000,2,"bernoulli","linesearch",2e-04,1,2e-04,0.8,0.01,2000,0.5,1,9,0,NA,3925.459,270,1,0,0.00988270952230329,0,0,1,0,0,486
61,63123,4000,2,"bernoulli","fixed",2e-04,0.2,4e-05,0.16,0.01,2000,0.5,1,0,0,NA,958.363999999987,1363,1,0,0.00994823662064277,0,0,1,1,0,487
61,63123,4000,2,"bernoulli","linesearch",2e-04,0.2,4e-05,0.16,0.01,2000,0.5,1,9,0,NA,19031.764,1363,1,0,0.00994823662064277,0,0,1,0,0,488
62,64123,4000,2,"bernoulli","fixed",2e-04,10,0.002,8,0.01,2000,0.5,1,0,0,NA,1286.311,2000,0,0,1909.23383540222,0,0,1,1,0,489
62,64123,4000,2,"bernoulli","linesearch",2e-04,10,0.002,8,0.01,2000,0.5,1,9,0,NA,6056.023,434,1,0,0.00983244361464958,4,4,0,0,0,490
62,64123,4000,2,"bernoulli","fixed",2e-04,5,0.001,4,0.01,2000,0.5,1,0,0,NA,357.362999999998,71,1,0,0.00973568801931468,0,0,1,1,0,491
62,64123,4000,2,"bernoulli","linesearch",2e-04,5,0.001,4,0.01,2000,0.5,1,9,0,NA,5678.768,434,1,0,0.00983244361464958,3,3,0,0,0,492
62,64123,4000,2,"bernoulli","fixed",2e-04,1,2e-04,0.8,0.01,2000,0.5,1,0,0,NA,445.584000000003,270,1,0,0.00980872222529411,0,0,1,1,0,493
62,64123,4000,2,"bernoulli","linesearch",2e-04,1,2e-04,0.8,0.01,2000,0.5,1,9,0,NA,3573.825,270,1,0,0.00980872222529411,0,0,1,0,0,494
62,64123,4000,2,"bernoulli","fixed",2e-04,0.2,4e-05,0.16,0.01,2000,0.5,1,0,0,NA,964.373999999996,1362,1,0,0.00994147979150375,0,0,1,1,0,495
62,64123,4000,2,"bernoulli","linesearch",2e-04,0.2,4e-05,0.16,0.01,2000,0.5,1,9,0,NA,17222.17,1362,1,0,0.00994147979150375,0,0,1,0,0,496
63,65123,4000,2,"bernoulli","fixed",2e-04,10,0.002,8,0.01,2000,0.5,1,0,0,NA,1287.15199999999,2000,0,0,1911.42080170414,0,0,1,1,0,497
63,65123,4000,2,"bernoulli","linesearch",2e-04,10,0.002,8,0.01,2000,0.5,1,9,0,NA,6660.64999999999,438,1,0,0.0098031286591275,4,4,0,0,0,498
63,65123,4000,2,"bernoulli","fixed",2e-04,5,0.001,4,0.01,2000,0.5,1,0,0,NA,364.077000000005,71,1,0,0.00991710897455977,0,0,1,1,0,499
63,65123,4000,2,"bernoulli","linesearch",2e-04,5,0.001,4,0.01,2000,0.5,1,9,0,NA,6190.49799999999,438,1,0,0.0098031286591275,3,3,0,0,0,500
63,65123,4000,2,"bernoulli","fixed",2e-04,1,2e-04,0.8,0.01,2000,0.5,1,0,0,NA,454.561000000002,272,1,0,0.00994030177580801,0,0,1,1,0,501
63,65123,4000,2,"bernoulli","linesearch",2e-04,1,2e-04,0.8,0.01,2000,0.5,1,9,0,NA,3976.79999999999,272,1,0,0.00994030177580801,0,0,1,0,0,502
63,65123,4000,2,"bernoulli","fixed",2e-04,0.2,4e-05,0.16,0.01,2000,0.5,1,0,0,NA,973.421999999991,1374,1,0,0.00994133786287424,0,0,1,1,0,503
63,65123,4000,2,"bernoulli","linesearch",2e-04,0.2,4e-05,0.16,0.01,2000,0.5,1,9,0,NA,19665.837,1374,1,0,0.00994133786287424,0,0,1,0,0,504
64,66123,4000,2,"bernoulli","fixed",2e-04,10,0.002,8,0.01,2000,0.5,1,0,0,NA,1279.34600000001,2000,0,0,1884.37296436066,0,0,1,1,0,505
64,66123,4000,2,"bernoulli","linesearch",2e-04,10,0.002,8,0.01,2000,0.5,1,9,0,NA,6194.11,435,1,0,0.00987790928245051,4,4,0,0,0,506
64,66123,4000,2,"bernoulli","fixed",2e-04,5,0.001,4,0.01,2000,0.5,1,0,0,NA,347.118999999992,70,1,0,0.00987005705216637,0,0,1,1,0,507
64,66123,4000,2,"bernoulli","linesearch",2e-04,5,0.001,4,0.01,2000,0.5,1,9,0,NA,5671.58099999999,435,1,0,0.00987790928245051,3,3,0,0,0,508
64,66123,4000,2,"bernoulli","fixed",2e-04,1,2e-04,0.8,0.01,2000,0.5,1,0,0,NA,451.747000000003,271,1,0,0.00974367095245096,0,0,1,1,0,509
64,66123,4000,2,"bernoulli","linesearch",2e-04,1,2e-04,0.8,0.01,2000,0.5,1,9,0,NA,3586.06700000001,271,1,0,0.00974367095245096,0,0,1,0,0,510
64,66123,4000,2,"bernoulli","fixed",2e-04,0.2,4e-05,0.16,0.01,2000,0.5,1,0,0,NA,977.300999999992,1365,1,0,0.00998523049356225,0,0,1,1,0,511
64,66123,4000,2,"bernoulli","linesearch",2e-04,0.2,4e-05,0.16,0.01,2000,0.5,1,9,0,NA,16622.06,1365,1,0,0.00998523049356225,0,0,1,0,0,512
65,67123,4000,2,"bernoulli","fixed",2e-04,10,0.002,8,0.01,2000,0.5,1,0,0,NA,1275.09499999999,2000,0,0,1910.16696064364,0,0,1,1,0,513
65,67123,4000,2,"bernoulli","linesearch",2e-04,10,0.002,8,0.01,2000,0.5,1,9,0,NA,4959.47099999999,416,1,0,0.00986722345448737,4,4,0,0,0,514
65,67123,4000,2,"bernoulli","fixed",2e-04,5,0.001,4,0.01,2000,0.5,1,0,0,NA,350.671000000002,72,1,0,0.00955839316330637,0,0,1,1,0,515
65,67123,4000,2,"bernoulli","linesearch",2e-04,5,0.001,4,0.01,2000,0.5,1,9,0,NA,4547.262,416,1,0,0.00986722345448737,3,3,0,0,0,516
65,67123,4000,2,"bernoulli","fixed",2e-04,1,2e-04,0.8,0.01,2000,0.5,1,0,0,NA,430.629000000001,259,1,0,0.00978193211735151,0,0,1,1,0,517
65,67123,4000,2,"bernoulli","linesearch",2e-04,1,2e-04,0.8,0.01,2000,0.5,1,9,0,NA,2497.43699999999,259,1,0,0.00978193211735151,0,0,1,0,0,518
65,67123,4000,2,"bernoulli","fixed",2e-04,0.2,4e-05,0.16,0.01,2000,0.5,1,0,0,NA,926.338000000003,1306,1,0,0.00993931187423541,0,0,1,1,0,519
65,67123,4000,2,"bernoulli","linesearch",2e-04,0.2,4e-05,0.16,0.01,2000,0.5,1,9,0,NA,11147.957,1306,1,0,0.00993931187423541,0,0,1,0,0,520
66,68123,4000,2,"bernoulli","fixed",2e-04,10,0.002,8,0.01,2000,0.5,1,0,0,NA,1275.132,2000,0,0,1862.91937786464,0,0,1,1,0,521
66,68123,4000,2,"bernoulli","linesearch",2e-04,10,0.002,8,0.01,2000,0.5,1,9,0,NA,4578.58899999999,403,1,0,0.00995645493045777,4,4,0,0,0,522
66,68123,4000,2,"bernoulli","fixed",2e-04,5,0.001,4,0.01,2000,0.5,1,0,0,NA,353.860000000001,72,1,0,0.00960329191631382,0,0,1,1,0,523
66,68123,4000,2,"bernoulli","linesearch",2e-04,5,0.001,4,0.01,2000,0.5,1,9,0,NA,4097.32400000001,403,1,0,0.00995645493045777,3,3,0,0,0,524
66,68123,4000,2,"bernoulli","fixed",2e-04,1,2e-04,0.8,0.01,2000,0.5,1,0,0,NA,443.207999999999,251,1,0,0.00983171122216131,0,0,1,1,0,525
66,68123,4000,2,"bernoulli","linesearch",2e-04,1,2e-04,0.8,0.01,2000,0.5,1,9,0,NA,2070.474,251,1,0,0.00983171122216131,0,0,1,0,0,526
66,68123,4000,2,"bernoulli","fixed",2e-04,0.2,4e-05,0.16,0.01,2000,0.5,1,0,0,NA,924.641000000003,1266,1,0,0.00998308300549675,0,0,1,1,0,527
66,68123,4000,2,"bernoulli","linesearch",2e-04,0.2,4e-05,0.16,0.01,2000,0.5,1,9,0,NA,9385.508,1266,1,0,0.00998308300549675,0,0,1,0,0,528
67,69123,4000,2,"bernoulli","fixed",2e-04,10,0.002,8,0.01,2000,0.5,1,0,0,NA,1273.757,2000,0,0,1908.48158622852,0,0,1,1,0,529
67,69123,4000,2,"bernoulli","linesearch",2e-04,10,0.002,8,0.01,2000,0.5,1,9,0,NA,5746.37000000001,428,1,0,0.00993364572852212,4,4,0,0,0,530
67,69123,4000,2,"bernoulli","fixed",2e-04,5,0.001,4,0.01,2000,0.5,1,0,0,NA,353.957000000009,69,1,0,0.0099403059339559,0,0,1,1,0,531
67,69123,4000,2,"bernoulli","linesearch",2e-04,5,0.001,4,0.01,2000,0.5,1,9,0,NA,5247.757,428,1,0,0.00993364572852212,3,3,0,0,0,532
67,69123,4000,2,"bernoulli","fixed",2e-04,1,2e-04,0.8,0.01,2000,0.5,1,0,0,NA,446.989000000001,266,1,0,0.00999899109489755,0,0,1,1,0,533
67,69123,4000,2,"bernoulli","linesearch",2e-04,1,2e-04,0.8,0.01,2000,0.5,1,9,0,NA,2977.595,266,1,0,0.00999899109489755,0,0,1,0,0,534
67,69123,4000,2,"bernoulli","fixed",2e-04,0.2,4e-05,0.16,0.01,2000,0.5,1,0,0,NA,956.702000000005,1344,1,0,0.00998651116863081,0,0,1,1,0,535
67,69123,4000,2,"bernoulli","linesearch",2e-04,0.2,4e-05,0.16,0.01,2000,0.5,1,9,0,NA,14481.246,1344,1,0,0.00998651116863081,0,0,1,0,0,536
68,70123,4000,2,"bernoulli","fixed",2e-04,10,0.002,8.00000000000001,0.01,2000,0.5,1,0,0,NA,1296.31299999999,2000,0,0,1898.1490595301,0,0,1,1,0,537
68,70123,4000,2,"bernoulli","linesearch",2e-04,10,0.002,8.00000000000001,0.01,2000,0.5,1,9,0,NA,5098.682,421,1,0,0.00992323553833281,4,4,0,0,0,538
68,70123,4000,2,"bernoulli","fixed",2e-04,5,0.001,4,0.01,2000,0.5,1,0,0,NA,351.872000000003,69,1,0,0.00998361341119447,0,0,1,1,0,539
68,70123,4000,2,"bernoulli","linesearch",2e-04,5,0.001,4,0.01,2000,0.5,1,9,0,NA,4555.394,421,1,0,0.00992323553833281,3,3,0,0,0,540
68,70123,4000,2,"bernoulli","fixed",2e-04,1,2e-04,0.800000000000001,0.01,2000,0.5,1,0,0,NA,445.972999999998,262,1,0,0.00987125324257904,0,0,1,1,0,541
68,70123,4000,2,"bernoulli","linesearch",2e-04,1,2e-04,0.800000000000001,0.01,2000,0.5,1,9,0,NA,2521.257,262,1,0,0.00987125324257904,0,0,1,0,0,542
68,70123,4000,2,"bernoulli","fixed",2e-04,0.2,4e-05,0.16,0.01,2000,0.5,1,0,0,NA,947.997999999992,1322,1,0,0.00997894578010558,0,0,1,1,0,543
68,70123,4000,2,"bernoulli","linesearch",2e-04,0.2,4e-05,0.16,0.01,2000,0.5,1,9,0,NA,11733.831,1322,1,0,0.00997894578010558,0,0,1,0,0,544
69,71123,4000,2,"bernoulli","fixed",2e-04,10,0.002,8,0.01,2000,0.5,1,0,0,NA,1266.41499999999,2000,0,0,1860.84063992523,0,0,1,1,0,545
69,71123,4000,2,"bernoulli","linesearch",2e-04,10,0.002,8,0.01,2000,0.5,1,9,0,NA,5042.07000000001,416,1,0,0.00992328240950957,4,4,0,0,0,546
69,71123,4000,2,"bernoulli","fixed",2e-04,5,0.001,4,0.01,2000,0.5,1,0,0,NA,354.152999999991,71,1,0,0.00992073011913963,0,0,1,1,0,547
69,71123,4000,2,"bernoulli","linesearch",2e-04,5,0.001,4,0.01,2000,0.5,1,9,0,NA,4584.697,416,1,0,0.00992328240950957,3,3,0,0,0,548
69,71123,4000,2,"bernoulli","fixed",2e-04,1,2e-04,0.8,0.01,2000,0.5,1,0,0,NA,453.06700000001,259,1,0,0.00983254439056286,0,0,1,1,0,549
69,71123,4000,2,"bernoulli","linesearch",2e-04,1,2e-04,0.8,0.01,2000,0.5,1,9,0,NA,2477.38099999999,259,1,0,0.00983254439056286,0,0,1,0,0,550
69,71123,4000,2,"bernoulli","fixed",2e-04,0.2,4e-05,0.16,0.01,2000,0.5,1,0,0,NA,923.520000000004,1307,1,0,0.00993555387468828,0,0,1,1,0,551
69,71123,4000,2,"bernoulli","linesearch",2e-04,0.2,4e-05,0.16,0.01,2000,0.5,1,9,0,NA,11268.79,1307,1,0,0.00993555387468828,0,0,1,0,0,552
70,72123,4000,2,"bernoulli","fixed",2e-04,10,0.002,8,0.01,2000,0.5,1,0,0,NA,1277.895,2000,0,0,1900.60458811085,0,0,1,1,0,553
70,72123,4000,2,"bernoulli","linesearch",2e-04,10,0.002,8,0.01,2000,0.5,1,9,0,NA,5618.60500000001,421,1,0,0.00990947578349419,4,4,0,0,0,554
70,72123,4000,2,"bernoulli","fixed",2e-04,5,0.001,4,0.01,2000,0.5,1,0,0,NA,353.293999999994,71,1,0,0.00945296858770328,0,0,1,1,0,555
70,72123,4000,2,"bernoulli","linesearch",2e-04,5,0.001,4,0.01,2000,0.5,1,9,0,NA,5081.886,421,1,0,0.00990947578349419,3,3,0,0,0,556
70,72123,4000,2,"bernoulli","fixed",2e-04,1,2e-04,0.8,0.01,2000,0.5,1,0,0,NA,435.116999999998,262,1,0,0.00985286338001065,0,0,1,1,0,557
70,72123,4000,2,"bernoulli","linesearch",2e-04,1,2e-04,0.8,0.01,2000,0.5,1,9,0,NA,2984.79300000001,262,1,0,0.00985286338001065,0,0,1,0,0,558
70,72123,4000,2,"bernoulli","fixed",2e-04,0.2,4e-05,0.16,0.01,2000,0.5,1,0,0,NA,924.205000000002,1322,1,0,0.00997034447851786,0,0,1,1,0,559
70,72123,4000,2,"bernoulli","linesearch",2e-04,0.2,4e-05,0.16,0.01,2000,0.5,1,9,0,NA,14319.375,1322,1,0,0.00997034447851786,0,0,1,0,0,560
71,73123,4000,2,"bernoulli","fixed",2e-04,10,0.002,8,0.01,2000,0.5,1,0,0,NA,1281.26299999999,2000,0,0,1910.17143056496,0,0,1,1,0,561
71,73123,4000,2,"bernoulli","linesearch",2e-04,10,0.002,8,0.01,2000,0.5,1,9,0,NA,5547.41900000001,425,1,0,0.00992795652209069,4,4,0,0,0,562
71,73123,4000,2,"bernoulli","fixed",2e-04,5,0.001,4,0.01,2000,0.5,1,0,0,NA,352.430999999997,70,1,0,0.00995624188693067,0,0,1,1,0,563
71,73123,4000,2,"bernoulli","linesearch",2e-04,5,0.001,4,0.01,2000,0.5,1,9,0,NA,4966.777,425,1,0,0.00992795652209069,3,3,0,0,0,564
71,73123,4000,2,"bernoulli","fixed",2e-04,1,2e-04,0.8,0.01,2000,0.5,1,0,0,NA,442.207999999999,265,1,0,0.0097111874210348,0,0,1,1,0,565
71,73123,4000,2,"bernoulli","linesearch",2e-04,1,2e-04,0.8,0.01,2000,0.5,1,9,0,NA,2913.364,265,1,0,0.0097111874210348,0,0,1,0,0,566
71,73123,4000,2,"bernoulli","fixed",2e-04,0.2,4e-05,0.16,0.01,2000,0.5,1,0,0,NA,973.274000000005,1335,1,0,0.00995567404471248,0,0,1,1,0,567
71,73123,4000,2,"bernoulli","linesearch",2e-04,0.2,4e-05,0.16,0.01,2000,0.5,1,9,0,NA,13875.021,1335,1,0,0.00995567404471248,0,0,1,0,0,568
72,74123,4000,2,"bernoulli","fixed",2e-04,10,0.002,8,0.01,2000,0.5,1,0,0,NA,1288.186,2000,0,0,1910.9438260099,0,0,1,1,0,569
72,74123,4000,2,"bernoulli","linesearch",2e-04,10,0.002,8,0.01,2000,0.5,1,9,0,NA,6386.932,434,1,0,0.00984472788696895,4,4,0,0,0,570
72,74123,4000,2,"bernoulli","fixed",2e-04,5,0.001,4,0.01,2000,0.5,1,0,0,NA,351.095000000001,69,1,0,0.00970382868781783,0,0,1,1,0,571
72,74123,4000,2,"bernoulli","linesearch",2e-04,5,0.001,4,0.01,2000,0.5,1,9,0,NA,5718.64000000001,434,1,0,0.00984472788696895,3,3,0,0,0,572
72,74123,4000,2,"bernoulli","fixed",2e-04,1,2e-04,0.8,0.01,2000,0.5,1,0,0,NA,435.02900000001,270,1,0,0.00983129823335892,0,0,1,1,0,573
72,74123,4000,2,"bernoulli","linesearch",2e-04,1,2e-04,0.8,0.01,2000,0.5,1,9,0,NA,3531.715,270,1,0,0.00983129823335892,0,0,1,0,0,574
72,74123,4000,2,"bernoulli","fixed",2e-04,0.2,4e-05,0.16,0.01,2000,0.5,1,0,0,NA,958.172000000006,1362,1,0,0.00994055808639074,0,0,1,1,0,575
72,74123,4000,2,"bernoulli","linesearch",2e-04,0.2,4e-05,0.16,0.01,2000,0.5,1,9,0,NA,17288.968,1362,1,0,0.00994055808639074,0,0,1,0,0,576
73,75123,4000,2,"bernoulli","fixed",2e-04,10,0.002,8,0.01,2000,0.5,1,0,0,NA,1287.034,2000,0,0,1903.18418133372,0,0,1,1,0,577
73,75123,4000,2,"bernoulli","linesearch",2e-04,10,0.002,8,0.01,2000,0.5,1,9,0,NA,5635.54400000001,425,1,0,0.00993706896781089,4,4,0,0,0,578
73,75123,4000,2,"bernoulli","fixed",2e-04,5,0.001,4,0.01,2000,0.5,1,0,0,NA,353.176000000007,72,1,0,0.00983328442053732,0,0,1,1,0,579
73,75123,4000,2,"bernoulli","linesearch",2e-04,5,0.001,4,0.01,2000,0.5,1,9,0,NA,5133.826,425,1,0,0.00993706896781089,3,3,0,0,0,580
73,75123,4000,2,"bernoulli","fixed",2e-04,1,2e-04,0.8,0.01,2000,0.5,1,0,0,NA,439.581999999995,265,1,0,0.00971892678026907,0,0,1,1,0,581
73,75123,4000,2,"bernoulli","linesearch",2e-04,1,2e-04,0.8,0.01,2000,0.5,1,9,0,NA,3007.90399999999,265,1,0,0.00971892678026907,0,0,1,0,0,582
73,75123,4000,2,"bernoulli","fixed",2e-04,0.2,4e-05,0.16,0.01,2000,0.5,1,0,0,NA,937.637999999992,1335,1,0,0.00996576417118714,0,0,1,1,0,583
73,75123,4000,2,"bernoulli","linesearch",2e-04,0.2,4e-05,0.16,0.01,2000,0.5,1,9,0,NA,13929.35,1335,1,0,0.00996576417118714,0,0,1,0,0,584
74,76123,4000,2,"bernoulli","fixed",2e-04,10,0.002,8,0.01,2000,0.5,1,0,0,NA,1384.16600000001,2000,0,0,1910.74457319664,0,0,1,1,0,585
74,76123,4000,2,"bernoulli","linesearch",2e-04,10,0.002,8,0.01,2000,0.5,1,9,0,NA,8654.54299999999,448,1,0,0.0098863250772762,4,4,0,0,0,586
74,76123,4000,2,"bernoulli","fixed",2e-04,5,0.001,4,0.01,2000,0.5,1,0,0,NA,456.444000000003,69,1,0,0.00967798860005886,0,0,1,1,0,587
74,76123,4000,2,"bernoulli","linesearch",2e-04,5,0.001,4,0.01,2000,0.5,1,9,0,NA,8168.308,448,1,0,0.0098863250772762,3,3,0,0,0,588
74,76123,4000,2,"bernoulli","fixed",2e-04,1,2e-04,0.8,0.01,2000,0.5,1,0,0,NA,559.762999999992,279,1,0,0.00978420982884751,0,0,1,1,0,589
74,76123,4000,2,"bernoulli","linesearch",2e-04,1,2e-04,0.8,0.01,2000,0.5,1,9,0,NA,6148.268,279,1,0,0.00978420982884751,0,0,1,0,0,590
74,76123,4000,2,"bernoulli","fixed",2e-04,0.2,4e-05,0.16,0.01,2000,0.5,1,0,0,NA,1090.224,1406,1,0,0.00997841514741668,0,0,1,1,0,591
74,76123,4000,2,"bernoulli","linesearch",2e-04,0.2,4e-05,0.16,0.01,2000,0.5,1,9,0,NA,26919.507,1406,1,0,0.00997841514741668,0,0,1,0,0,592
75,77123,4000,2,"bernoulli","fixed",2e-04,10,0.002,8,0.01,2000,0.5,1,0,0,NA,1281.48499999999,2000,0,0,1910.30460850919,0,0,1,1,0,593
75,77123,4000,2,"bernoulli","linesearch",2e-04,10,0.002,8,0.01,2000,0.5,1,9,0,NA,4663.489,404,1,0,0.00989323097882974,4,4,0,0,0,594
75,77123,4000,2,"bernoulli","fixed",2e-04,5,0.001,4,0.01,2000,0.5,1,0,0,NA,357.628000000012,72,1,0,0.00958785988813116,0,0,1,1,0,595
75,77123,4000,2,"bernoulli","linesearch",2e-04,5,0.001,4,0.01,2000,0.5,1,9,0,NA,4170.717,404,1,0,0.00989323097882974,3,3,0,0,0,596
75,77123,4000,2,"bernoulli","fixed",2e-04,1,2e-04,0.8,0.01,2000,0.5,1,0,0,NA,443.187999999995,251,1,0,0.00997854114487606,0,0,1,1,0,597
75,77123,4000,2,"bernoulli","linesearch",2e-04,1,2e-04,0.8,0.01,2000,0.5,1,9,0,NA,2007.906,251,1,0,0.00997854114487606,0,0,1,0,0,598
75,77123,4000,2,"bernoulli","fixed",2e-04,0.2,4e-05,0.16,0.01,2000,0.5,1,0,0,NA,905.353000000003,1268,1,0,0.00999205229650538,0,0,1,1,0,599
75,77123,4000,2,"bernoulli","linesearch",2e-04,0.2,4e-05,0.16,0.01,2000,0.5,1,9,0,NA,9010.466,1268,1,0,0.00999205229650538,0,0,1,0,0,600
76,78123,4000,2,"bernoulli","fixed",2e-04,10,0.002,8,0.01,2000,0.5,1,0,0,NA,1248.72200000001,2000,0,0,1861.25456787474,0,0,1,1,0,601
76,78123,4000,2,"bernoulli","linesearch",2e-04,10,0.002,8,0.01,2000,0.5,1,9,0,NA,5140.93799999999,419,1,0,0.00994354429498428,4,4,0,0,0,602
76,78123,4000,2,"bernoulli","fixed",2e-04,5,0.001,4,0.01,2000,0.5,1,0,0,NA,343.706999999995,71,1,0,0.00951549249944961,0,0,1,1,0,603
76,78123,4000,2,"bernoulli","linesearch",2e-04,5,0.001,4,0.01,2000,0.5,1,9,0,NA,4612.04399999999,419,1,0,0.00994354429498428,3,3,0,0,0,604
76,78123,4000,2,"bernoulli","fixed",2e-04,1,2e-04,0.8,0.01,2000,0.5,1,0,0,NA,438.001999999993,261,1,0,0.00981137971395719,0,0,1,1,0,605
76,78123,4000,2,"bernoulli","linesearch",2e-04,1,2e-04,0.8,0.01,2000,0.5,1,9,0,NA,2515.659,261,1,0,0.00981137971395719,0,0,1,0,0,606
76,78123,4000,2,"bernoulli","fixed",2e-04,0.2,4e-05,0.16,0.01,2000,0.5,1,0,0,NA,942.442999999999,1316,1,0,0.00998142198657486,0,0,1,1,0,607
76,78123,4000,2,"bernoulli","linesearch",2e-04,0.2,4e-05,0.16,0.01,2000,0.5,1,9,0,NA,11712.624,1316,1,0,0.00998142198657486,0,0,1,0,0,608
77,79123,4000,2,"bernoulli","fixed",2e-04,10,0.002,8,0.01,2000,0.5,1,0,0,NA,1282.088,2000,0,0,1861.44741412599,0,0,1,1,0,609
77,79123,4000,2,"bernoulli","linesearch",2e-04,10,0.002,8,0.01,2000,0.5,1,9,0,NA,5518.7,425,1,0,0.00990240324137923,4,4,0,0,0,610
77,79123,4000,2,"bernoulli","fixed",2e-04,5,0.001,4,0.01,2000,0.5,1,0,0,NA,357.884999999995,72,1,0,0.00947307961419519,0,0,1,1,0,611
77,79123,4000,2,"bernoulli","linesearch",2e-04,5,0.001,4,0.01,2000,0.5,1,9,0,NA,5041.624,425,1,0,0.00990240324137923,3,3,0,0,0,612
77,79123,4000,2,"bernoulli","fixed",2e-04,1,2e-04,0.8,0.01,2000,0.5,1,0,0,NA,447.963000000003,265,1,0,0.00968306810856538,0,0,1,1,0,613
77,79123,4000,2,"bernoulli","linesearch",2e-04,1,2e-04,0.8,0.01,2000,0.5,1,9,0,NA,3002.557,265,1,0,0.00968306810856538,0,0,1,0,0,614
77,79123,4000,2,"bernoulli","fixed",2e-04,0.2,4e-05,0.16,0.01,2000,0.5,1,0,0,NA,954.341,1334,1,0,0.00999751931526041,0,0,1,1,0,615
77,79123,4000,2,"bernoulli","linesearch",2e-04,0.2,4e-05,0.16,0.01,2000,0.5,1,9,0,NA,13703.954,1334,1,0,0.00999751931526041,0,0,1,0,0,616
78,80123,4000,2,"bernoulli","fixed",2e-04,10,0.002,8,0.01,2000,0.5,1,0,0,NA,1282.511,2000,0,0,1907.54896052172,0,0,1,1,0,617
78,80123,4000,2,"bernoulli","linesearch",2e-04,10,0.002,8,0.01,2000,0.5,1,9,0,NA,5039.61,415,1,0,0.00995910592628957,4,4,0,0,0,618
78,80123,4000,2,"bernoulli","fixed",2e-04,5,0.001,4,0.01,2000,0.5,1,0,0,NA,348.519,70,1,0,0.00974505675957155,0,0,1,1,0,619
78,80123,4000,2,"bernoulli","linesearch",2e-04,5,0.001,4,0.01,2000,0.5,1,9,0,NA,4576.137,415,1,0,0.00995910592628957,3,3,0,0,0,620
78,80123,4000,2,"bernoulli","fixed",2e-04,1,2e-04,0.8,0.01,2000,0.5,1,0,0,NA,445.631999999998,258,1,0,0.00999300441632911,0,0,1,1,0,621
78,80123,4000,2,"bernoulli","linesearch",2e-04,1,2e-04,0.8,0.01,2000,0.5,1,9,0,NA,2429.61,258,1,0,0.00999300441632911,0,0,1,0,0,622
78,80123,4000,2,"bernoulli","fixed",2e-04,0.2,4e-05,0.16,0.01,2000,0.5,1,0,0,NA,945.718999999997,1304,1,0,0.00996210703502443,0,0,1,1,0,623
78,80123,4000,2,"bernoulli","linesearch",2e-04,0.2,4e-05,0.16,0.01,2000,0.5,1,9,0,NA,11556.117,1304,1,0,0.00996210703502443,0,0,1,0,0,624
79,81123,4000,2,"bernoulli","fixed",2e-04,10,0.002,8,0.01,2000,0.5,1,0,0,NA,1257.424,2000,0,0,1867.87732623758,0,0,1,1,0,625
79,81123,4000,2,"bernoulli","linesearch",2e-04,10,0.002,8,0.01,2000,0.5,1,9,0,NA,5932.296,430,1,0,0.00985011329624785,4,4,0,0,0,626
79,81123,4000,2,"bernoulli","fixed",2e-04,5,0.001,4,0.01,2000,0.5,1,0,0,NA,345.960999999996,71,1,0,0.00950634026020963,0,0,1,1,0,627
79,81123,4000,2,"bernoulli","linesearch",2e-04,5,0.001,4,0.01,2000,0.5,1,9,0,NA,5507.033,430,1,0,0.00985011329624785,3,3,0,0,0,628
79,81123,4000,2,"bernoulli","fixed",2e-04,1,2e-04,0.8,0.01,2000,0.5,1,0,0,NA,437.432000000001,267,1,0,0.00999100999898794,0,0,1,1,0,629
79,81123,4000,2,"bernoulli","linesearch",2e-04,1,2e-04,0.8,0.01,2000,0.5,1,9,0,NA,3238.94799999999,267,1,0,0.00999100999898794,0,0,1,0,0,630
79,81123,4000,2,"bernoulli","fixed",2e-04,0.2,4e-05,0.16,0.01,2000,0.5,1,0,0,NA,943.800000000003,1349,1,0,0.00998870533757074,0,0,1,1,0,631
79,81123,4000,2,"bernoulli","linesearch",2e-04,0.2,4e-05,0.16,0.01,2000,0.5,1,9,0,NA,15925.126,1349,1,0,0.00998870533757074,0,0,1,0,0,632
80,82123,4000,2,"bernoulli","fixed",2e-04,10,0.002,8,0.01,2000,0.5,1,0,0,NA,1258.09599999999,2000,0,0,1896.72228166358,0,0,1,1,0,633
80,82123,4000,2,"bernoulli","linesearch",2e-04,10,0.002,8,0.01,2000,0.5,1,9,0,NA,5740.564,434,1,0,0.0098185256433389,4,4,0,0,0,634
80,82123,4000,2,"bernoulli","fixed",2e-04,5,0.001,4,0.01,2000,0.5,1,0,0,NA,344.054000000004,70,1,0,0.00967287559524366,0,0,1,1,0,635
80,82123,4000,2,"bernoulli","linesearch",2e-04,5,0.001,4,0.01,2000,0.5,1,9,0,NA,5243.227,434,1,0,0.0098185256433389,3,3,0,0,0,636
80,82123,4000,2,"bernoulli","fixed",2e-04,1,2e-04,0.8,0.01,2000,0.5,1,0,0,NA,438.707999999999,270,1,0,0.00980016680194143,0,0,1,1,0,637
80,82123,4000,2,"bernoulli","linesearch",2e-04,1,2e-04,0.8,0.01,2000,0.5,1,9,0,NA,3161.27499999999,270,1,0,0.00980016680194143,0,0,1,0,0,638
80,82123,4000,2,"bernoulli","fixed",2e-04,0.2,4e-05,0.16,0.01,2000,0.5,1,0,0,NA,948.585999999996,1361,1,0,0.00998450354734597,0,0,1,1,0,639
80,82123,4000,2,"bernoulli","linesearch",2e-04,0.2,4e-05,0.16,0.01,2000,0.5,1,9,0,NA,15153.993,1361,1,0,0.00998450354734597,0,0,1,0,0,640
81,83123,4000,2,"bernoulli","fixed",2e-04,10,0.002,8,0.01,2000,0.5,1,0,0,NA,1260.645,2000,0,0,1887.61170754749,0,0,1,1,0,641
81,83123,4000,2,"bernoulli","linesearch",2e-04,10,0.002,8,0.01,2000,0.5,1,9,0,NA,5560.368,426,1,0,0.00981398686024448,4,4,0,0,0,642
81,83123,4000,2,"bernoulli","fixed",2e-04,5,0.001,4,0.01,2000,0.5,1,0,0,NA,345.616000000009,71,1,0,0.00970584269685804,0,0,1,1,0,643
81,83123,4000,2,"bernoulli","linesearch",2e-04,5,0.001,4,0.01,2000,0.5,1,9,0,NA,5192.95,426,1,0,0.00981398686024448,3,3,0,0,0,644
81,83123,4000,2,"bernoulli","fixed",2e-04,1,2e-04,0.8,0.01,2000,0.5,1,0,0,NA,447.726999999999,265,1,0,0.00980022874837161,0,0,1,1,0,645
81,83123,4000,2,"bernoulli","linesearch",2e-04,1,2e-04,0.8,0.01,2000,0.5,1,9,0,NA,3084.12,265,1,0,0.00980022874837161,0,0,1,0,0,646
81,83123,4000,2,"bernoulli","fixed",2e-04,0.2,4e-05,0.16,0.01,2000,0.5,1,0,0,NA,942.560000000012,1336,1,0,0.00997602316374302,0,0,1,1,0,647
81,83123,4000,2,"bernoulli","linesearch",2e-04,0.2,4e-05,0.16,0.01,2000,0.5,1,9,0,NA,14381.792,1336,1,0,0.00997602316374302,0,0,1,0,0,648
82,84123,4000,2,"bernoulli","fixed",2e-04,10,0.002,8,0.01,2000,0.5,1,0,0,NA,1275.79699999999,2000,0,0,1890.27783588405,0,0,1,1,0,649
82,84123,4000,2,"bernoulli","linesearch",2e-04,10,0.002,8,0.01,2000,0.5,1,9,0,NA,4792.03200000001,407,1,0,0.00986289104002155,4,4,0,0,0,650
82,84123,4000,2,"bernoulli","fixed",2e-04,5,0.001,4,0.01,2000,0.5,1,0,0,NA,359.887000000002,71,1,0,0.00995950187919192,0,0,1,1,0,651
82,84123,4000,2,"bernoulli","linesearch",2e-04,5,0.001,4,0.01,2000,0.5,1,9,0,NA,4271.41899999999,407,1,0,0.00986289104002155,3,3,0,0,0,652
82,84123,4000,2,"bernoulli","fixed",2e-04,1,2e-04,0.8,0.01,2000,0.5,1,0,0,NA,445.076000000001,253,1,0,0.00990318797425455,0,0,1,1,0,653
82,84123,4000,2,"bernoulli","linesearch",2e-04,1,2e-04,0.8,0.01,2000,0.5,1,9,0,NA,2166.98800000001,253,1,0,0.00990318797425455,0,0,1,0,0,654
82,84123,4000,2,"bernoulli","fixed",2e-04,0.2,4e-05,0.16,0.01,2000,0.5,1,0,0,NA,922.372000000003,1277,1,0,0.0099899501815867,0,0,1,1,0,655
82,84123,4000,2,"bernoulli","linesearch",2e-04,0.2,4e-05,0.16,0.01,2000,0.5,1,9,0,NA,9769.571,1277,1,0,0.0099899501815867,0,0,1,0,0,656
83,85123,4000,2,"bernoulli","fixed",2e-04,10,0.002,8,0.01,2000,0.5,1,0,0,NA,1269.61500000001,2000,0,0,1906.509871297,0,0,1,1,0,657
83,85123,4000,2,"bernoulli","linesearch",2e-04,10,0.002,8,0.01,2000,0.5,1,9,0,NA,6973.91899999999,439,1,0,0.00985743731833189,4,4,0,0,0,658
83,85123,4000,2,"bernoulli","fixed",2e-04,5,0.001,4,0.01,2000,0.5,1,0,0,NA,351.342000000004,70,1,0,0.0097613234461551,0,0,1,1,0,659
83,85123,4000,2,"bernoulli","linesearch",2e-04,5,0.001,4,0.01,2000,0.5,1,9,0,NA,6451.497,439,1,0,0.00985743731833189,3,3,0,0,0,660
83,85123,4000,2,"bernoulli","fixed",2e-04,1,2e-04,0.8,0.01,2000,0.5,1,0,0,NA,456.813999999998,273,1,0,0.00987207254268471,0,0,1,1,0,661
83,85123,4000,2,"bernoulli","linesearch",2e-04,1,2e-04,0.8,0.01,2000,0.5,1,9,0,NA,4370.723,273,1,0,0.00987207254268471,0,0,1,0,0,662
83,85123,4000,2,"bernoulli","fixed",2e-04,0.2,4e-05,0.16,0.01,2000,0.5,1,0,0,NA,970.125,1378,1,0,0.00994369900299197,0,0,1,1,0,663
83,85123,4000,2,"bernoulli","linesearch",2e-04,0.2,4e-05,0.16,0.01,2000,0.5,1,9,0,NA,20023.881,1378,1,0,0.00994369900299197,0,0,1,0,0,664
84,86123,4000,2,"bernoulli","fixed",2e-04,10,0.002,8,0.01,2000,0.5,1,0,0,NA,1284.539,2000,0,0,1910.66147776133,0,0,1,1,0,665
84,86123,4000,2,"bernoulli","linesearch",2e-04,10,0.002,8,0.01,2000,0.5,1,9,0,NA,8776.61900000001,450,1,0,0.00983150041480971,4,4,0,0,0,666
84,86123,4000,2,"bernoulli","fixed",2e-04,5,0.001,4,0.01,2000,0.5,1,0,0,NA,351.411000000007,71,1,0,0.00942396033324167,0,0,1,1,0,667
84,86123,4000,2,"bernoulli","linesearch",2e-04,5,0.001,4,0.01,2000,0.5,1,9,0,NA,8187.68399999999,450,1,0,0.00983150041480971,3,3,0,0,0,668
84,86123,4000,2,"bernoulli","fixed",2e-04,1,2e-04,0.8,0.01,2000,0.5,1,0,0,NA,452.842000000004,280,1,0,0.00980351488794481,0,0,1,1,0,669
84,86123,4000,2,"bernoulli","linesearch",2e-04,1,2e-04,0.8,0.01,2000,0.5,1,9,0,NA,6095.397,280,1,0,0.00980351488794481,0,0,1,0,0,670
84,86123,4000,2,"bernoulli","fixed",2e-04,0.2,4e-05,0.16,0.01,2000,0.5,1,0,0,NA,970.553,1412,1,0,0.00994311902807504,0,0,1,1,0,671
84,86123,4000,2,"bernoulli","linesearch",2e-04,0.2,4e-05,0.16,0.01,2000,0.5,1,9,0,NA,26187.634,1412,1,0,0.00994311902807504,0,0,1,0,0,672
85,87123,4000,2,"bernoulli","fixed",2e-04,10,0.002,8,0.01,2000,0.5,1,0,0,NA,1249.553,2000,0,0,1866.31859757656,0,0,1,1,0,673
85,87123,4000,2,"bernoulli","linesearch",2e-04,10,0.002,8,0.01,2000,0.5,1,9,0,NA,4803.231,407,1,0,0.0099955416237227,4,4,0,0,0,674
85,87123,4000,2,"bernoulli","fixed",2e-04,5,0.001,4,0.01,2000,0.5,1,0,0,NA,343.527000000002,70,1,0,0.00959950011018873,0,0,1,1,0,675
85,87123,4000,2,"bernoulli","linesearch",2e-04,5,0.001,4,0.01,2000,0.5,1,9,0,NA,4346.303,407,1,0,0.0099955416237227,3,3,0,0,0,676
85,87123,4000,2,"bernoulli","fixed",2e-04,1,2e-04,0.8,0.01,2000,0.5,1,0,0,NA,447.600000000006,254,1,0,0.00971222155034352,0,0,1,1,0,677
85,87123,4000,2,"bernoulli","linesearch",2e-04,1,2e-04,0.8,0.01,2000,0.5,1,9,0,NA,2230.43299999999,254,1,0,0.00971222155034352,0,0,1,0,0,678
85,87123,4000,2,"bernoulli","fixed",2e-04,0.2,4e-05,0.16,0.01,2000,0.5,1,0,0,NA,919.738000000012,1279,1,0,0.00998645953263065,0,0,1,1,0,679
85,87123,4000,2,"bernoulli","linesearch",2e-04,0.2,4e-05,0.16,0.01,2000,0.5,1,9,0,NA,10083.884,1279,1,0,0.00998645953263065,0,0,1,0,0,680
86,88123,4000,2,"bernoulli","fixed",2e-04,10,0.002,8,0.01,2000,0.5,1,0,0,NA,1290.209,2000,0,0,1892.04320281529,0,0,1,1,0,681
86,88123,4000,2,"bernoulli","linesearch",2e-04,10,0.002,8,0.01,2000,0.5,1,9,0,NA,8731.724,453,1,0,0.0098160269665023,4,4,0,0,0,682
86,88123,4000,2,"bernoulli","fixed",2e-04,5,0.001,4,0.01,2000,0.5,1,0,0,NA,356.129000000001,70,1,0,0.00991184538131179,0,0,1,1,0,683
86,88123,4000,2,"bernoulli","linesearch",2e-04,5,0.001,4,0.01,2000,0.5,1,9,0,NA,8139.212,453,1,0,0.0098160269665023,3,3,0,0,0,684
86,88123,4000,2,"bernoulli","fixed",2e-04,1,2e-04,0.8,0.01,2000,0.5,1,0,0,NA,453.502000000008,282,1,0,0.0097508880389951,0,0,1,1,0,685
86,88123,4000,2,"bernoulli","linesearch",2e-04,1,2e-04,0.8,0.01,2000,0.5,1,9,0,NA,5939.152,282,1,0,0.0097508880389951,0,0,1,0,0,686
86,88123,4000,2,"bernoulli","fixed",2e-04,0.2,4e-05,0.16,0.01,2000,0.5,1,0,0,NA,973.231,1421,1,0,0.00994840400043228,0,0,1,1,0,687
86,88123,4000,2,"bernoulli","linesearch",2e-04,0.2,4e-05,0.16,0.01,2000,0.5,1,9,0,NA,24816.438,1421,1,0,0.00994840400043228,0,0,1,0,0,688
87,89123,4000,2,"bernoulli","fixed",2e-04,10,0.002,8,0.01,2000,0.5,1,0,0,NA,1264.685,2000,0,0,1868.21476487111,0,0,1,1,0,689
87,89123,4000,2,"bernoulli","linesearch",2e-04,10,0.002,8,0.01,2000,0.5,1,9,0,NA,5913.08499999999,433,1,0,0.0098818957706516,4,4,0,0,0,690
87,89123,4000,2,"bernoulli","fixed",2e-04,5,0.001,4,0.01,2000,0.5,1,0,0,NA,347.888000000006,72,1,0,0.00998758219079732,0,0,1,1,0,691
87,89123,4000,2,"bernoulli","linesearch",2e-04,5,0.001,4,0.01,2000,0.5,1,9,0,NA,5403.95299999999,433,1,0,0.0098818957706516,3,3,0,0,0,692
87,89123,4000,2,"bernoulli","fixed",2e-04,1,2e-04,0.8,0.01,2000,0.5,1,0,0,NA,449.164000000004,269,1,0,0.00998642966300231,0,0,1,1,0,693
87,89123,4000,2,"bernoulli","linesearch",2e-04,1,2e-04,0.8,0.01,2000,0.5,1,9,0,NA,3220.406,269,1,0,0.00998642966300231,0,0,1,0,0,694
87,89123,4000,2,"bernoulli","fixed",2e-04,0.2,4e-05,0.16,0.01,2000,0.5,1,0,0,NA,947.104999999996,1359,1,0,0.00997388989261019,0,0,1,1,0,695
87,89123,4000,2,"bernoulli","linesearch",2e-04,0.2,4e-05,0.16,0.01,2000,0.5,1,9,0,NA,15414.137,1359,1,0,0.00997388989261019,0,0,1,0,0,696
88,90123,4000,2,"bernoulli","fixed",2e-04,10,0.002,8,0.01,2000,0.5,1,0,0,NA,1291.208,2000,0,0,1902.39006827178,0,0,1,1,0,697
88,90123,4000,2,"bernoulli","linesearch",2e-04,10,0.002,8,0.01,2000,0.5,1,9,0,NA,5402.27899999999,423,1,0,0.00986985702319024,4,4,0,0,0,698
88,90123,4000,2,"bernoulli","fixed",2e-04,5,0.001,4,0.01,2000,0.5,1,0,0,NA,358.733999999997,71,1,0,0.00950223430250341,0,0,1,1,0,699
88,90123,4000,2,"bernoulli","linesearch",2e-04,5,0.001,4,0.01,2000,0.5,1,9,0,NA,4937.368,423,1,0,0.00986985702319024,3,3,0,0,0,700
88,90123,4000,2,"bernoulli","fixed",2e-04,1,2e-04,0.8,0.01,2000,0.5,1,0,0,NA,443.411000000007,263,1,0,0.00989837668792945,0,0,1,1,0,701
88,90123,4000,2,"bernoulli","linesearch",2e-04,1,2e-04,0.8,0.01,2000,0.5,1,9,0,NA,2803.05,263,1,0,0.00989837668792945,0,0,1,0,0,702
88,90123,4000,2,"bernoulli","fixed",2e-04,0.2,4e-05,0.16,0.01,2000,0.5,1,0,0,NA,939.686000000002,1328,1,0,0.00994242100736203,0,0,1,1,0,703
88,90123,4000,2,"bernoulli","linesearch",2e-04,0.2,4e-05,0.16,0.01,2000,0.5,1,9,0,NA,12685.271,1328,1,0,0.00994242100736203,0,0,1,0,0,704
89,91123,4000,2,"bernoulli","fixed",2e-04,10,0.002,8,0.01,2000,0.5,1,0,0,NA,1273.43799999999,2000,0,0,1909.65258631552,0,0,1,1,0,705
89,91123,4000,2,"bernoulli","linesearch",2e-04,10,0.002,8,0.01,2000,0.5,1,9,0,NA,7878.80500000001,446,1,0,0.00986200839631799,4,4,0,0,0,706
89,91123,4000,2,"bernoulli","fixed",2e-04,5,0.001,4,0.01,2000,0.5,1,0,0,NA,350.176999999996,69,1,0,0.00994428736387809,0,0,1,1,0,707
89,91123,4000,2,"bernoulli","linesearch",2e-04,5,0.001,4,0.01,2000,0.5,1,9,0,NA,7171.56200000001,446,1,0,0.00986200839631799,3,3,0,0,0,708
89,91123,4000,2,"bernoulli","fixed",2e-04,1,2e-04,0.8,0.01,2000,0.5,1,0,0,NA,448.023000000001,277,1,0,0.00999386421526886,0,0,1,1,0,709
89,91123,4000,2,"bernoulli","linesearch",2e-04,1,2e-04,0.8,0.01,2000,0.5,1,9,0,NA,5187.946,277,1,0,0.00999386421526886,0,0,1,0,0,710
89,91123,4000,2,"bernoulli","fixed",2e-04,0.2,4e-05,0.16,0.01,2000,0.5,1,0,0,NA,972.120999999999,1400,1,0,0.00994167160789473,0,0,1,1,0,711
89,91123,4000,2,"bernoulli","linesearch",2e-04,0.2,4e-05,0.16,0.01,2000,0.5,1,9,0,NA,22309.913,1400,1,0,0.00994167160789473,0,0,1,0,0,712
90,92123,4000,2,"bernoulli","fixed",2e-04,10,0.002,8,0.01,2000,0.5,1,0,0,NA,1303.318,2000,0,0,1882.68039821957,0,0,1,1,0,713
90,92123,4000,2,"bernoulli","linesearch",2e-04,10,0.002,8,0.01,2000,0.5,1,9,0,NA,4838.34199999999,411,1,0,0.00992436550487284,4,4,0,0,0,714
90,92123,4000,2,"bernoulli","fixed",2e-04,5,0.001,4,0.01,2000,0.5,1,0,0,NA,355.335999999996,69,1,0,0.00974147116498747,0,0,1,1,0,715
90,92123,4000,2,"bernoulli","linesearch",2e-04,5,0.001,4,0.01,2000,0.5,1,9,0,NA,4319.46799999999,411,1,0,0.00992436550487284,3,3,0,0,0,716
90,92123,4000,2,"bernoulli","fixed",2e-04,1,2e-04,0.8,0.01,2000,0.5,1,0,0,NA,446.972999999998,256,1,0,0.00979334701245161,0,0,1,1,0,717
90,92123,4000,2,"bernoulli","linesearch",2e-04,1,2e-04,0.8,0.01,2000,0.5,1,9,0,NA,2236.41699999999,256,1,0,0.00979334701245161,0,0,1,0,0,718
90,92123,4000,2,"bernoulli","fixed",2e-04,0.2,4e-05,0.16,0.01,2000,0.5,1,0,0,NA,927.157000000007,1291,1,0,0.00995973851790907,0,0,1,1,0,719
90,92123,4000,2,"bernoulli","linesearch",2e-04,0.2,4e-05,0.16,0.01,2000,0.5,1,9,0,NA,9971.265,1291,1,0,0.00995973851790907,0,0,1,0,0,720
91,93123,4000,2,"bernoulli","fixed",2e-04,10,0.002,8,0.01,2000,0.5,1,0,0,NA,1264.42600000001,2000,0,0,1894.95901347387,0,0,1,1,0,721
91,93123,4000,2,"bernoulli","linesearch",2e-04,10,0.002,8,0.01,2000,0.5,1,9,0,NA,6283.484,431,1,0,0.00987643191982729,4,4,0,0,0,722
91,93123,4000,2,"bernoulli","fixed",2e-04,5,0.001,4,0.01,2000,0.5,1,0,0,NA,347.237999999998,70,1,0,0.00974379592820096,0,0,1,1,0,723
91,93123,4000,2,"bernoulli","linesearch",2e-04,5,0.001,4,0.01,2000,0.5,1,9,0,NA,5796.516,431,1,0,0.00987643191982729,3,3,0,0,0,724
91,93123,4000,2,"bernoulli","fixed",2e-04,1,2e-04,0.8,0.01,2000,0.5,1,0,0,NA,434.889999999999,268,1,0,0.00990124799321779,0,0,1,1,0,725
91,93123,4000,2,"bernoulli","linesearch",2e-04,1,2e-04,0.8,0.01,2000,0.5,1,9,0,NA,3536.609,268,1,0,0.00990124799321779,0,0,1,0,0,726
91,93123,4000,2,"bernoulli","fixed",2e-04,0.2,4e-05,0.16,0.01,2000,0.5,1,0,0,NA,951.331999999995,1353,1,0,0.00995151359832411,0,0,1,1,0,727
91,93123,4000,2,"bernoulli","linesearch",2e-04,0.2,4e-05,0.16,0.01,2000,0.5,1,9,0,NA,15258.535,1353,1,0,0.00995151359832411,0,0,1,0,0,728
92,94123,4000,2,"bernoulli","fixed",2e-04,10,0.002,8,0.01,2000,0.5,1,0,0,NA,1285.841,2000,0,0,1887.8746987991,0,0,1,1,0,729
92,94123,4000,2,"bernoulli","linesearch",2e-04,10,0.002,8,0.01,2000,0.5,1,9,0,NA,5739.666,425,1,0,0.00994493222737095,4,4,0,0,0,730
92,94123,4000,2,"bernoulli","fixed",2e-04,5,0.001,4,0.01,2000,0.5,1,0,0,NA,354.824999999997,72,1,0,0.00942686476531152,0,0,1,1,0,731
92,94123,4000,2,"bernoulli","linesearch",2e-04,5,0.001,4,0.01,2000,0.5,1,9,0,NA,5103.36,425,1,0,0.00994493222737095,3,3,0,0,0,732
92,94123,4000,2,"bernoulli","fixed",2e-04,1,2e-04,0.8,0.01,2000,0.5,1,0,0,NA,443.410000000003,265,1,0,0.00973885579580622,0,0,1,1,0,733
92,94123,4000,2,"bernoulli","linesearch",2e-04,1,2e-04,0.8,0.01,2000,0.5,1,9,0,NA,3047.288,265,1,0,0.00973885579580622,0,0,1,0,0,734
92,94123,4000,2,"bernoulli","fixed",2e-04,0.2,4e-05,0.16,0.01,2000,0.5,1,0,0,NA,942.335999999996,1335,1,0,0.00996403027191414,0,0,1,1,0,735
92,94123,4000,2,"bernoulli","linesearch",2e-04,0.2,4e-05,0.16,0.01,2000,0.5,1,9,0,NA,14018.379,1335,1,0,0.00996403027191414,0,0,1,0,0,736
93,95123,4000,2,"bernoulli","fixed",2e-04,10,0.002,8,0.01,2000,0.5,1,0,0,NA,1286.98199999999,2000,0,0,1906.68672062609,0,0,1,1,0,737
93,95123,4000,2,"bernoulli","linesearch",2e-04,10,0.002,8,0.01,2000,0.5,1,9,0,NA,6536.60699999999,437,1,0,0.00999651004820071,4,4,0,0,0,738
93,95123,4000,2,"bernoulli","fixed",2e-04,5,0.001,4,0.01,2000,0.5,1,0,0,NA,353.468999999997,70,1,0,0.00989128849980536,0,0,1,1,0,739
93,95123,4000,2,"bernoulli","linesearch",2e-04,5,0.001,4,0.01,2000,0.5,1,9,0,NA,6048.89999999999,437,1,0,0.00999651004820071,3,3,0,0,0,740
93,95123,4000,2,"bernoulli","fixed",2e-04,1,2e-04,0.8,0.01,2000,0.5,1,0,0,NA,441.497000000003,272,1,0,0.00993379274971053,0,0,1,1,0,741
93,95123,4000,2,"bernoulli","linesearch",2e-04,1,2e-04,0.8,0.01,2000,0.5,1,9,0,NA,3754.24299999999,272,1,0,0.00993379274971053,0,0,1,0,0,742
93,95123,4000,2,"bernoulli","fixed",2e-04,0.2,4e-05,0.16,0.01,2000,0.5,1,0,0,NA,953.528999999995,1374,1,0,0.00993652986422985,0,0,1,1,0,743
93,95123,4000,2,"bernoulli","linesearch",2e-04,0.2,4e-05,0.16,0.01,2000,0.5,1,9,0,NA,16610.4,1374,1,0,0.00993652986422985,0,0,1,0,0,744
94,96123,4000,2,"bernoulli","fixed",2e-04,10,0.002,8,0.01,2000,0.5,1,0,0,NA,1286.283,2000,0,0,1910.3119063154,0,0,1,1,0,745
94,96123,4000,2,"bernoulli","linesearch",2e-04,10,0.002,8,0.01,2000,0.5,1,9,0,NA,6107.042,427,1,0,0.00999347577441259,4,4,0,0,0,746
94,96123,4000,2,"bernoulli","fixed",2e-04,5,0.001,4,0.01,2000,0.5,1,0,0,NA,352.846000000005,71,1,0,0.00956664953027275,0,0,1,1,0,747
94,96123,4000,2,"bernoulli","linesearch",2e-04,5,0.001,4,0.01,2000,0.5,1,9,0,NA,5561.00599999999,427,1,0,0.00999347577441259,3,3,0,0,0,748
94,96123,4000,2,"bernoulli","fixed",2e-04,1,2e-04,0.8,0.01,2000,0.5,1,0,0,NA,437.944999999992,266,1,0,0.00985509144112068,0,0,1,1,0,749
94,96123,4000,2,"bernoulli","linesearch",2e-04,1,2e-04,0.8,0.01,2000,0.5,1,9,0,NA,3314.452,266,1,0,0.00985509144112068,0,0,1,0,0,750
94,96123,4000,2,"bernoulli","fixed",2e-04,0.2,4e-05,0.16,0.01,2000,0.5,1,0,0,NA,935.286000000007,1342,1,0,0.00997391786184276,0,0,1,1,0,751
94,96123,4000,2,"bernoulli","linesearch",2e-04,0.2,4e-05,0.16,0.01,2000,0.5,1,9,0,NA,14702.061,1342,1,0,0.00997391786184276,0,0,1,0,0,752
95,97123,4000,2,"bernoulli","fixed",2e-04,10,0.002,8,0.01,2000,0.5,1,0,0,NA,1272.05,2000,0,0,1894.18603759013,0,0,1,1,0,753
95,97123,4000,2,"bernoulli","linesearch",2e-04,10,0.002,8,0.01,2000,0.5,1,9,0,NA,4713.88499999999,405,1,0,0.00983159377932354,4,4,0,0,0,754
95,97123,4000,2,"bernoulli","fixed",2e-04,5,0.001,4,0.01,2000,0.5,1,0,0,NA,344.237999999998,71,1,0,0.00943056920638186,0,0,1,1,0,755
95,97123,4000,2,"bernoulli","linesearch",2e-04,5,0.001,4,0.01,2000,0.5,1,9,0,NA,4149.614,405,1,0,0.00983159377932354,3,3,0,0,0,756
95,97123,4000,2,"bernoulli","fixed",2e-04,1,2e-04,0.8,0.01,2000,0.5,1,0,0,NA,431.409,252,1,0,0.00978220596539693,0,0,1,1,0,757
95,97123,4000,2,"bernoulli","linesearch",2e-04,1,2e-04,0.8,0.01,2000,0.5,1,9,0,NA,2107.79299999999,252,1,0,0.00978220596539693,0,0,1,0,0,758
95,97123,4000,2,"bernoulli","fixed",2e-04,0.2,4e-05,0.16,0.01,2000,0.5,1,0,0,NA,910.262000000002,1271,1,0,0.0099508188892117,0,0,1,1,0,759
95,97123,4000,2,"bernoulli","linesearch",2e-04,0.2,4e-05,0.16,0.01,2000,0.5,1,9,0,NA,9560.97399999999,1271,1,0,0.0099508188892117,0,0,1,0,0,760
96,98123,4000,2,"bernoulli","fixed",2e-04,10,0.002,8,0.01,2000,0.5,1,0,0,NA,1296.235,2000,0,0,1909.44309984014,0,0,1,1,0,761
96,98123,4000,2,"bernoulli","linesearch",2e-04,10,0.002,8,0.01,2000,0.5,1,9,0,NA,6743.709,444,1,0,0.0099915980494541,4,4,0,0,0,762
96,98123,4000,2,"bernoulli","fixed",2e-04,5,0.001,4,0.01,2000,0.5,1,0,0,NA,348.475999999995,70,1,0,0.00982950169903885,0,0,1,1,0,763
96,98123,4000,2,"bernoulli","linesearch",2e-04,5,0.001,4,0.01,2000,0.5,1,9,0,NA,6026.963,444,1,0,0.0099915980494541,3,3,0,0,0,764
96,98123,4000,2,"bernoulli","fixed",2e-04,1,2e-04,0.8,0.01,2000,0.5,1,0,0,NA,440.608000000007,277,1,0,0.00973036602211105,0,0,1,1,0,765
96,98123,4000,2,"bernoulli","linesearch",2e-04,1,2e-04,0.8,0.01,2000,0.5,1,9,0,NA,4081.011,277,1,0,0.00973036602211105,0,0,1,0,0,766
96,98123,4000,2,"bernoulli","fixed",2e-04,0.2,4e-05,0.16,0.01,2000,0.5,1,0,0,NA,947.785000000003,1395,1,0,0.00999045445595864,0,0,1,1,0,767
96,98123,4000,2,"bernoulli","linesearch",2e-04,0.2,4e-05,0.16,0.01,2000,0.5,1,9,0,NA,17342.345,1395,1,0,0.00999045445595864,0,0,1,0,0,768
97,99123,4000,2,"bernoulli","fixed",2e-04,10,0.002,8,0.01,2000,0.5,1,0,0,NA,1292.929,2000,0,0,1889.85012851848,0,0,1,1,0,769
97,99123,4000,2,"bernoulli","linesearch",2e-04,10,0.002,8,0.01,2000,0.5,1,9,0,NA,5346.929,424,1,0,0.00996386944193939,4,4,0,0,0,770
97,99123,4000,2,"bernoulli","fixed",2e-04,5,0.001,4,0.01,2000,0.5,1,0,0,NA,347.625,72,1,0,0.00954708305806851,0,0,1,1,0,771
97,99123,4000,2,"bernoulli","linesearch",2e-04,5,0.001,4,0.01,2000,0.5,1,9,0,NA,4742.27899999999,424,1,0,0.00996386944193939,3,3,0,0,0,772
97,99123,4000,2,"bernoulli","fixed",2e-04,1,2e-04,0.8,0.01,2000,0.5,1,0,0,NA,436.092999999993,264,1,0,0.00986882726284868,0,0,1,1,0,773
97,99123,4000,2,"bernoulli","linesearch",2e-04,1,2e-04,0.8,0.01,2000,0.5,1,9,0,NA,2704.178,264,1,0,0.00986882726284868,0,0,1,0,0,774
97,99123,4000,2,"bernoulli","fixed",2e-04,0.2,4e-05,0.16,0.01,2000,0.5,1,0,0,NA,922.266000000003,1332,1,0,0.0099818057836864,0,0,1,1,0,775
97,99123,4000,2,"bernoulli","linesearch",2e-04,0.2,4e-05,0.16,0.01,2000,0.5,1,9,0,NA,11747.959,1332,1,0,0.0099818057836864,0,0,1,0,0,776
98,100123,4000,2,"bernoulli","fixed",2e-04,10,0.002,8.00000000000001,0.01,2000,0.5,1,0,0,NA,1293.03599999999,2000,0,0,1910.32576211437,0,0,1,1,0,777
98,100123,4000,2,"bernoulli","linesearch",2e-04,10,0.002,8.00000000000001,0.01,2000,0.5,1,9,0,NA,5030.17600000001,413,1,0,0.00989216621026129,4,4,0,0,0,778
98,100123,4000,2,"bernoulli","fixed",2e-04,5,0.001,4,0.01,2000,0.5,1,0,0,NA,346.201000000001,69,1,0,0.00944245684248779,0,0,1,1,0,779
98,100123,4000,2,"bernoulli","linesearch",2e-04,5,0.001,4,0.01,2000,0.5,1,9,0,NA,4518.00199999999,413,1,0,0.00989216621026129,3,3,0,0,0,780
98,100123,4000,2,"bernoulli","fixed",2e-04,1,2e-04,0.800000000000001,0.01,2000,0.5,1,0,0,NA,430.813999999998,257,1,0,0.00984455450846561,0,0,1,1,0,781
98,100123,4000,2,"bernoulli","linesearch",2e-04,1,2e-04,0.800000000000001,0.01,2000,0.5,1,9,0,NA,2415.39200000001,257,1,0,0.00984455450846561,0,0,1,0,0,782
98,100123,4000,2,"bernoulli","fixed",2e-04,0.2,4e-05,0.16,0.01,2000,0.5,1,0,0,NA,911.422000000006,1297,1,0,0.00994294958725123,0,0,1,1,0,783
98,100123,4000,2,"bernoulli","linesearch",2e-04,0.2,4e-05,0.16,0.01,2000,0.5,1,9,0,NA,10308.994,1297,1,0,0.00994294958725123,0,0,1,0,0,784
99,101123,4000,2,"bernoulli","fixed",2e-04,10,0.002,8,0.01,2000,0.5,1,0,0,NA,1275.42899999999,2000,0,0,1865.38917083988,0,0,1,1,0,785
99,101123,4000,2,"bernoulli","linesearch",2e-04,10,0.002,8,0.01,2000,0.5,1,9,0,NA,4396.724,399,1,0,0.00986636936720703,4,4,0,0,0,786
99,101123,4000,2,"bernoulli","fixed",2e-04,5,0.001,4,0.01,2000,0.5,1,0,0,NA,346.736000000004,71,1,0,0.00957602928595247,0,0,1,1,0,787
99,101123,4000,2,"bernoulli","linesearch",2e-04,5,0.001,4,0.01,2000,0.5,1,9,0,NA,3874.47100000001,399,1,0,0.00986636936720703,3,3,0,0,0,788
99,101123,4000,2,"bernoulli","fixed",2e-04,1,2e-04,0.8,0.01,2000,0.5,1,0,0,NA,423.725000000006,248,1,0,0.00991843093457762,0,0,1,1,0,789
99,101123,4000,2,"bernoulli","linesearch",2e-04,1,2e-04,0.8,0.01,2000,0.5,1,9,0,NA,1797.47100000001,248,1,0,0.00991843093457762,0,0,1,0,0,790
99,101123,4000,2,"bernoulli","fixed",2e-04,0.2,4e-05,0.16,0.01,2000,0.5,1,0,0,NA,879.005999999994,1252,1,0,0.00997994061140589,0,0,1,1,0,791
99,101123,4000,2,"bernoulli","linesearch",2e-04,0.2,4e-05,0.16,0.01,2000,0.5,1,9,0,NA,7584.807,1252,1,0,0.00997994061140589,0,0,1,0,0,792
100,102123,4000,2,"bernoulli","fixed",2e-04,10,0.002,8,0.01,2000,0.5,1,0,0,NA,1269.147,2000,0,0,1911.31256512087,0,0,1,1,0,793
100,102123,4000,2,"bernoulli","linesearch",2e-04,10,0.002,8,0.01,2000,0.5,1,9,0,NA,4560.97899999999,410,1,0,0.0099778628171963,4,4,0,0,0,794
100,102123,4000,2,"bernoulli","fixed",2e-04,5,0.001,4,0.01,2000,0.5,1,0,0,NA,345.428999999989,71,1,0,0.00984433234249937,0,0,1,1,0,795
100,102123,4000,2,"bernoulli","linesearch",2e-04,5,0.001,4,0.01,2000,0.5,1,9,0,NA,4096.27,410,1,0,0.0099778628171963,3,3,0,0,0,796
100,102123,4000,2,"bernoulli","fixed",2e-04,1,2e-04,0.8,0.01,2000,0.5,1,0,0,NA,431.278999999995,255,1,0,0.00997401160017049,0,0,1,1,0,797
100,102123,4000,2,"bernoulli","linesearch",2e-04,1,2e-04,0.8,0.01,2000,0.5,1,9,0,NA,1984.10800000001,255,1,0,0.00997401160017049,0,0,1,0,0,798
100,102123,4000,2,"bernoulli","fixed",2e-04,0.2,4e-05,0.16,0.01,2000,0.5,1,0,0,NA,906.591999999975,1289,1,0,0.00993559905973036,0,0,1,1,0,799
100,102123,4000,2,"bernoulli","linesearch",2e-04,0.2,4e-05,0.16,0.01,2000,0.5,1,9,0,NA,8360.95599999998,1289,1,0,0.00993559905973036,0,0,1,0,0,800
