"rep","seed","n","k","family","method","eta0","eta_mult","eta_init","eta_times_n","eps_grad","max_gd_steps","beta_ls","c_ls","Rprime","error","error_message","elapsed_sec","num_of_steps","converged","exploded","score_Y_max_abs","bt_mean","bt_max","bt_frac0","bt_frac_hit_cap","ls_fail_frac","record_id"
1,3123,2000,2,"poisson","fixed",0.00010685760208067,10,0.0010685760208067,2.1371520416134,0.01,2000,0.5,1,0,0,NA,39.189,7,0,1,NA,0,0,1,1,0,1
1,3123,2000,2,"poisson","linesearch",0.00010685760208067,10,0.0010685760208067,2.1371520416134,0.01,2000,0.5,1,8,0,NA,74.817,70,1,0,0.00917928404748647,2,2,0,0,0,2
1,3123,2000,2,"poisson","fixed",0.00010685760208067,5,0.000534288010403351,1.0685760208067,0.01,2000,0.5,1,0,0,NA,232.596,2000,0,0,3596.94421919662,0,0,1,1,0,3
1,3123,2000,2,"poisson","linesearch",0.00010685760208067,5,0.000534288010403351,1.0685760208067,0.01,2000,0.5,1,8,0,NA,67.815,70,1,0,0.00917928404748647,1,1,0,0,0,4
1,3123,2000,2,"poisson","fixed",0.00010685760208067,1,0.00010685760208067,0.21371520416134,0.01,2000,0.5,1,0,0,NA,53.61,179,1,0,0.00987803660279551,0,0,1,1,0,5
1,3123,2000,2,"poisson","linesearch",0.00010685760208067,1,0.00010685760208067,0.21371520416134,0.01,2000,0.5,1,8,0,NA,106.926,179,1,0,0.00987803660279551,0,0,1,0,0,6
1,3123,2000,2,"poisson","fixed",0.00010685760208067,0.2,2.1371520416134e-05,0.0427430408322681,0.01,2000,0.5,1,0,0,NA,126.644,908,1,0,0.00998706430558993,0,0,1,1,0,7
1,3123,2000,2,"poisson","linesearch",0.00010685760208067,0.2,2.1371520416134e-05,0.0427430408322681,0.01,2000,0.5,1,8,0,NA,461.4,908,1,0,0.00998706430558993,0,0,1,0,0,8
2,4123,2000,2,"poisson","fixed",0.000105820179681029,10,0.00105820179681029,2.11640359362059,0.01,2000,0.5,1,0,0,NA,37.327,9,0,1,NA,0,0,1,1,0,9
2,4123,2000,2,"poisson","linesearch",0.000105820179681029,10,0.00105820179681029,2.11640359362059,0.01,2000,0.5,1,8,0,NA,71.279,69,1,0,0.00907813988349698,2,2,0,0,0,10
2,4123,2000,2,"poisson","fixed",0.000105820179681029,5,0.000529100898405147,1.05820179681029,0.01,2000,0.5,1,0,0,NA,221.767,2000,0,0,1524.72100320705,0,0,1,1,0,11
2,4123,2000,2,"poisson","linesearch",0.000105820179681029,5,0.000529100898405147,1.05820179681029,0.01,2000,0.5,1,8,0,NA,65.501,69,1,0,0.00907813988349698,1,1,0,0,0,12
2,4123,2000,2,"poisson","fixed",0.000105820179681029,1,0.000105820179681029,0.211640359362059,0.01,2000,0.5,1,0,0,NA,52.302,177,1,0,0.00958046627401987,0,0,1,1,0,13
2,4123,2000,2,"poisson","linesearch",0.000105820179681029,1,0.000105820179681029,0.211640359362059,0.01,2000,0.5,1,8,0,NA,98.0760000000001,177,1,0,0.00958046627401987,0,0,1,0,0,14
2,4123,2000,2,"poisson","fixed",0.000105820179681029,0.2,2.11640359362059e-05,0.0423280718724118,0.01,2000,0.5,1,0,0,NA,116.674,896,1,0,0.00991285606729675,0,0,1,1,0,15
2,4123,2000,2,"poisson","linesearch",0.000105820179681029,0.2,2.11640359362059e-05,0.0423280718724118,0.01,2000,0.5,1,8,0,NA,403.543,896,1,0,0.00991285606729675,0,0,1,0,0,16
3,5123,2000,2,"poisson","fixed",0.00010793155844438,10,0.0010793155844438,2.1586311688876,0.01,2000,0.5,1,0,0,NA,38.763,8,0,1,NA,0,0,1,1,0,17
3,5123,2000,2,"poisson","linesearch",0.00010793155844438,10,0.0010793155844438,2.1586311688876,0.01,2000,0.5,1,8,0,NA,72.48,66,1,0,0.00999566518458339,2,2,0,0,0,18
3,5123,2000,2,"poisson","fixed",0.00010793155844438,5,0.000539657792221899,1.0793155844438,0.01,2000,0.5,1,0,0,NA,233.932,2000,0,0,3783.16204240095,0,0,1,1,0,19
3,5123,2000,2,"poisson","linesearch",0.00010793155844438,5,0.000539657792221899,1.0793155844438,0.01,2000,0.5,1,8,0,NA,66.07,66,1,0,0.00999566518458339,1,1,0,0,0,20
3,5123,2000,2,"poisson","fixed",0.00010793155844438,1,0.00010793155844438,0.21586311688876,0.01,2000,0.5,1,0,0,NA,54.562,171,1,0,0.00951306550529002,0,0,1,1,0,21
3,5123,2000,2,"poisson","linesearch",0.00010793155844438,1,0.00010793155844438,0.21586311688876,0.01,2000,0.5,1,8,0,NA,98.17,171,1,0,0.00951306550529002,0,0,1,0,0,22
3,5123,2000,2,"poisson","fixed",0.00010793155844438,0.2,2.1586311688876e-05,0.0431726233777519,0.01,2000,0.5,1,0,0,NA,119.451,864,1,0,0.00990831793398589,0,0,1,1,0,23
3,5123,2000,2,"poisson","linesearch",0.00010793155844438,0.2,2.1586311688876e-05,0.0431726233777519,0.01,2000,0.5,1,8,0,NA,364.377,864,1,0,0.00990831793398589,0,0,1,0,0,24
4,6123,2000,2,"poisson","fixed",0.000104919795605082,10,0.00104919795605082,2.09839591210165,0.01,2000,0.5,1,0,0,NA,38.695,7,0,1,NA,0,0,1,1,0,25
4,6123,2000,2,"poisson","linesearch",0.000104919795605082,10,0.00104919795605082,2.09839591210165,0.01,2000,0.5,1,8,0,NA,76.339,71,1,0,0.00958621668503171,2,2,0,0,0,26
4,6123,2000,2,"poisson","fixed",0.000104919795605082,5,0.000524598978025412,1.04919795605082,0.01,2000,0.5,1,0,0,NA,231.881,2000,0,0,4123.68208708273,0,0,1,1,0,27
4,6123,2000,2,"poisson","linesearch",0.000104919795605082,5,0.000524598978025412,1.04919795605082,0.01,2000,0.5,1,8,0,NA,71.565,71,1,0,0.00958621668503171,1,1,0,0,0,28
4,6123,2000,2,"poisson","fixed",0.000104919795605082,1,0.000104919795605082,0.209839591210165,0.01,2000,0.5,1,0,0,NA,55.35,182,1,0,0.00981390083900344,0,0,1,1,0,29
4,6123,2000,2,"poisson","linesearch",0.000104919795605082,1,0.000104919795605082,0.209839591210165,0.01,2000,0.5,1,8,0,NA,105.629,182,1,0,0.00981390083900344,0,0,1,0,0,30
4,6123,2000,2,"poisson","fixed",0.000104919795605082,0.2,2.09839591210165e-05,0.0419679182420329,0.01,2000,0.5,1,0,0,NA,124.871,921,1,0,0.0099948662176144,0,0,1,1,0,31
4,6123,2000,2,"poisson","linesearch",0.000104919795605082,0.2,2.09839591210165e-05,0.0419679182420329,0.01,2000,0.5,1,8,0,NA,412.059,921,1,0,0.0099948662176144,0,0,1,0,0,32
5,7123,2000,2,"poisson","fixed",0.000103377946329526,10,0.00103377946329526,2.06755892659053,0.01,2000,0.5,1,0,0,NA,36.943,6,0,1,NA,0,0,1,1,0,33
5,7123,2000,2,"poisson","linesearch",0.000103377946329526,10,0.00103377946329526,2.06755892659053,0.01,2000,0.5,1,8,0,NA,69.993,69,1,0,0.00972368746857349,2,2,0,0,0,34
5,7123,2000,2,"poisson","fixed",0.000103377946329526,5,0.000516889731647632,1.03377946329526,0.01,2000,0.5,1,0,0,NA,217.715,2000,0,0,3088.12501993943,0,0,1,1,0,35
5,7123,2000,2,"poisson","linesearch",0.000103377946329526,5,0.000516889731647632,1.03377946329526,0.01,2000,0.5,1,8,0,NA,64.158,69,1,0,0.00972368746857349,1,1,0,0,0,36
5,7123,2000,2,"poisson","fixed",0.000103377946329526,1,0.000103377946329526,0.206755892659053,0.01,2000,0.5,1,0,0,NA,51.714,177,1,0,0.00994161749758971,0,0,1,1,0,37
5,7123,2000,2,"poisson","linesearch",0.000103377946329526,1,0.000103377946329526,0.206755892659053,0.01,2000,0.5,1,8,0,NA,93.874,177,1,0,0.00994161749758971,0,0,1,0,0,38
5,7123,2000,2,"poisson","fixed",0.000103377946329526,0.2,2.06755892659053e-05,0.0413511785318106,0.01,2000,0.5,1,0,0,NA,117.088,898,1,0,0.00993275811120842,0,0,1,1,0,39
5,7123,2000,2,"poisson","linesearch",0.000103377946329526,0.2,2.06755892659053e-05,0.0413511785318106,0.01,2000,0.5,1,8,0,NA,392.979,898,1,0,0.00993275811120842,0,0,1,0,0,40
6,8123,2000,2,"poisson","fixed",0.000108660464465768,10,0.00108660464465768,2.17320928931536,0.01,2000,0.5,1,0,0,NA,38.259,10,0,1,NA,0,0,1,1,0,41
6,8123,2000,2,"poisson","linesearch",0.000108660464465768,10,0.00108660464465768,2.17320928931536,0.01,2000,0.5,1,8,0,NA,73.563,71,1,0,0.00916927529147014,2,2,0,0,0,42
6,8123,2000,2,"poisson","fixed",0.000108660464465768,5,0.00054330232232884,1.08660464465768,0.01,2000,0.5,1,0,0,NA,234.061,2000,0,0,4098.17765303301,0,0,1,1,0,43
6,8123,2000,2,"poisson","linesearch",0.000108660464465768,5,0.00054330232232884,1.08660464465768,0.01,2000,0.5,1,8,0,NA,68.142,71,1,0,0.00916927529147014,1,1,0,0,0,44
6,8123,2000,2,"poisson","fixed",0.000108660464465768,1,0.000108660464465768,0.217320928931536,0.01,2000,0.5,1,0,0,NA,55.357,182,1,0,0.00958492051082505,0,0,1,1,0,45
6,8123,2000,2,"poisson","linesearch",0.000108660464465768,1,0.000108660464465768,0.217320928931536,0.01,2000,0.5,1,8,0,NA,100.198,182,1,0,0.00958492051082505,0,0,1,0,0,46
6,8123,2000,2,"poisson","fixed",0.000108660464465768,0.2,2.17320928931536e-05,0.0434641857863072,0.01,2000,0.5,1,0,0,NA,125.35,920,1,0,0.00996297584097906,0,0,1,1,0,47
6,8123,2000,2,"poisson","linesearch",0.000108660464465768,0.2,2.17320928931536e-05,0.0434641857863072,0.01,2000,0.5,1,8,0,NA,431.063,920,1,0,0.00996297584097906,0,0,1,0,0,48
7,9123,2000,2,"poisson","fixed",0.000110000264006693,10,0.00110000264006693,2.20000528013386,0.01,2000,0.5,1,0,0,NA,39.793,7,0,1,NA,0,0,1,1,0,49
7,9123,2000,2,"poisson","linesearch",0.000110000264006693,10,0.00110000264006693,2.20000528013386,0.01,2000,0.5,1,8,0,NA,75.913,70,1,0,0.00915686741112232,2,2,0,0,0,50
7,9123,2000,2,"poisson","fixed",0.000110000264006693,5,0.000550001320033465,1.10000264006693,0.01,2000,0.5,1,0,0,NA,235.139,2000,0,0,4116.58073001779,0,0,1,1,0,51
7,9123,2000,2,"poisson","linesearch",0.000110000264006693,5,0.000550001320033465,1.10000264006693,0.01,2000,0.5,1,8,0,NA,69.173,70,1,0,0.00915686741112232,1,1,0,0,0,52
7,9123,2000,2,"poisson","fixed",0.000110000264006693,1,0.000110000264006693,0.220000528013386,0.01,2000,0.5,1,0,0,NA,54.656,179,1,0,0.00997498300326949,0,0,1,1,0,53
7,9123,2000,2,"poisson","linesearch",0.000110000264006693,1,0.000110000264006693,0.220000528013386,0.01,2000,0.5,1,8,0,NA,101.47,179,1,0,0.00997498300326949,0,0,1,0,0,54
7,9123,2000,2,"poisson","fixed",0.000110000264006693,0.2,2.20000528013386e-05,0.0440001056026772,0.01,2000,0.5,1,0,0,NA,125.77,910,1,0,0.00993407466374518,0,0,1,1,0,55
7,9123,2000,2,"poisson","linesearch",0.000110000264006693,0.2,2.20000528013386e-05,0.0440001056026772,0.01,2000,0.5,1,8,0,NA,565.086,910,1,0,0.00993407466374518,0,0,1,0,0,56
8,10123,2000,2,"poisson","fixed",0.000108705724547396,10,0.00108705724547396,2.17411449094793,0.01,2000,0.5,1,0,0,NA,36.839,6,0,1,NA,0,0,1,1,0,57
8,10123,2000,2,"poisson","linesearch",0.000108705724547396,10,0.00108705724547396,2.17411449094793,0.01,2000,0.5,1,8,0,NA,69.454,68,1,0,0.0093958270229868,2,2,0,0,0,58
8,10123,2000,2,"poisson","fixed",0.000108705724547396,5,0.000543528622736982,1.08705724547396,0.01,2000,0.5,1,0,0,NA,225.96,2000,0,0,3719.92378983185,0,0,1,1,0,59
8,10123,2000,2,"poisson","linesearch",0.000108705724547396,5,0.000543528622736982,1.08705724547396,0.01,2000,0.5,1,8,0,NA,64.703,68,1,0,0.0093958270229868,1,1,0,0,0,60
8,10123,2000,2,"poisson","fixed",0.000108705724547396,1,0.000108705724547396,0.217411449094793,0.01,2000,0.5,1,0,0,NA,51.872,175,1,0,0.00961838340927068,0,0,1,1,0,61
8,10123,2000,2,"poisson","linesearch",0.000108705724547396,1,0.000108705724547396,0.217411449094793,0.01,2000,0.5,1,8,0,NA,95.443,175,1,0,0.00961838340927068,0,0,1,0,0,62
8,10123,2000,2,"poisson","fixed",0.000108705724547396,0.2,2.17411449094793e-05,0.0434822898189586,0.01,2000,0.5,1,0,0,NA,116.701,886,1,0,0.00993297396233217,0,0,1,1,0,63
8,10123,2000,2,"poisson","linesearch",0.000108705724547396,0.2,2.17411449094793e-05,0.0434822898189586,0.01,2000,0.5,1,8,0,NA,359.098,886,1,0,0.00993297396233217,0,0,1,0,0,64
9,11123,2000,2,"poisson","fixed",0.000107700728719334,10,0.00107700728719334,2.15401457438669,0.01,2000,0.5,1,0,0,NA,38.161,8,0,1,NA,0,0,1,1,0,65
9,11123,2000,2,"poisson","linesearch",0.000107700728719334,10,0.00107700728719334,2.15401457438669,0.01,2000,0.5,1,8,0,NA,71.409,68,1,0,0.00931470249595062,2,2,0,0,0,66
9,11123,2000,2,"poisson","fixed",0.000107700728719334,5,0.000538503643596672,1.07700728719334,0.01,2000,0.5,1,0,0,NA,226.664,2000,0,0,4183.47873499288,0,0,1,1,0,67
9,11123,2000,2,"poisson","linesearch",0.000107700728719334,5,0.000538503643596672,1.07700728719334,0.01,2000,0.5,1,8,0,NA,66.864,68,1,0,0.00931470249595062,1,1,0,0,0,68
9,11123,2000,2,"poisson","fixed",0.000107700728719334,1,0.000107700728719334,0.215401457438669,0.01,2000,0.5,1,0,0,NA,53.111,174,1,0,0.00983415900471285,0,0,1,1,0,69
9,11123,2000,2,"poisson","linesearch",0.000107700728719334,1,0.000107700728719334,0.215401457438669,0.01,2000,0.5,1,8,0,NA,94.7769999999999,174,1,0,0.00983415900471285,0,0,1,0,0,70
9,11123,2000,2,"poisson","fixed",0.000107700728719334,0.2,2.15401457438669e-05,0.0430802914877338,0.01,2000,0.5,1,0,0,NA,121.524,882,1,0,0.0099493807904984,0,0,1,1,0,71
9,11123,2000,2,"poisson","linesearch",0.000107700728719334,0.2,2.15401457438669e-05,0.0430802914877338,0.01,2000,0.5,1,8,0,NA,379.556,882,1,0,0.0099493807904984,0,0,1,0,0,72
10,12123,2000,2,"poisson","fixed",0.000105695343816092,10,0.00105695343816092,2.11390687632184,0.01,2000,0.5,1,0,0,NA,37.015,9,0,1,NA,0,0,1,1,0,73
10,12123,2000,2,"poisson","linesearch",0.000105695343816092,10,0.00105695343816092,2.11390687632184,0.01,2000,0.5,1,8,0,NA,74.389,74,1,0,0.00895749329025756,2,2,0,0,0,74
10,12123,2000,2,"poisson","fixed",0.000105695343816092,5,0.000528476719080461,1.05695343816092,0.01,2000,0.5,1,0,0,NA,220.965,2000,0,0,3635.37706590411,0,0,1,1,0,75
10,12123,2000,2,"poisson","linesearch",0.000105695343816092,5,0.000528476719080461,1.05695343816092,0.01,2000,0.5,1,8,0,NA,68.552,74,1,0,0.00895749329025756,1,1,0,0,0,76
10,12123,2000,2,"poisson","fixed",0.000105695343816092,1,0.000105695343816092,0.211390687632184,0.01,2000,0.5,1,0,0,NA,53.396,189,1,0,0.00959718303176364,0,0,1,1,0,77
10,12123,2000,2,"poisson","linesearch",0.000105695343816092,1,0.000105695343816092,0.211390687632184,0.01,2000,0.5,1,8,0,NA,103.543,189,1,0,0.00959718303176364,0,0,1,0,0,78
10,12123,2000,2,"poisson","fixed",0.000105695343816092,0.2,2.11390687632184e-05,0.0422781375264369,0.01,2000,0.5,1,0,0,NA,122.661,955,1,0,0.00997018748374869,0,0,1,1,0,79
10,12123,2000,2,"poisson","linesearch",0.000105695343816092,0.2,2.11390687632184e-05,0.0422781375264369,0.01,2000,0.5,1,8,0,NA,620.499,955,1,0,0.00997018748374869,0,0,1,0,0,80
11,13123,2000,2,"poisson","fixed",0.000105668220942787,10,0.00105668220942787,2.11336441885574,0.01,2000,0.5,1,0,0,NA,38.454,10,0,1,NA,0,0,1,1,0,81
11,13123,2000,2,"poisson","linesearch",0.000105668220942787,10,0.00105668220942787,2.11336441885574,0.01,2000,0.5,1,8,0,NA,76.697,72,1,0,0.00932357454554877,2,2,0,0,0,82
11,13123,2000,2,"poisson","fixed",0.000105668220942787,5,0.000528341104713935,1.05668220942787,0.01,2000,0.5,1,0,0,NA,226.654,2000,0,0,1669.90718184383,0,0,1,1,0,83
11,13123,2000,2,"poisson","linesearch",0.000105668220942787,5,0.000528341104713935,1.05668220942787,0.01,2000,0.5,1,8,0,NA,70.104,72,1,0,0.00932357454554877,1,1,0,0,0,84
11,13123,2000,2,"poisson","fixed",0.000105668220942787,1,0.000105668220942787,0.211336441885574,0.01,2000,0.5,1,0,0,NA,55.289,184,1,0,0.00978376194626884,0,0,1,1,0,85
11,13123,2000,2,"poisson","linesearch",0.000105668220942787,1,0.000105668220942787,0.211336441885574,0.01,2000,0.5,1,8,0,NA,110.241,184,1,0,0.00978376194626884,0,0,1,0,0,86
11,13123,2000,2,"poisson","fixed",0.000105668220942787,0.2,2.11336441885574e-05,0.0422672883771148,0.01,2000,0.5,1,0,0,NA,126.15,931,1,0,0.00996679481309409,0,0,1,1,0,87
11,13123,2000,2,"poisson","linesearch",0.000105668220942787,0.2,2.11336441885574e-05,0.0422672883771148,0.01,2000,0.5,1,8,0,NA,538.439,931,1,0,0.00996679481309409,0,0,1,0,0,88
12,14123,2000,2,"poisson","fixed",0.000108672940276256,10,0.00108672940276256,2.17345880552512,0.01,2000,0.5,1,0,0,NA,40.877,6,0,1,NA,0,0,1,1,0,89
12,14123,2000,2,"poisson","linesearch",0.000108672940276256,10,0.00108672940276256,2.17345880552512,0.01,2000,0.5,1,8,0,NA,74.103,69,1,0,0.00917214435398211,2,2,0,0,0,90
12,14123,2000,2,"poisson","fixed",0.000108672940276256,5,0.000543364701381279,1.08672940276256,0.01,2000,0.5,1,0,0,NA,236.983,2000,0,0,3826.45503409457,0,0,1,1,0,91
12,14123,2000,2,"poisson","linesearch",0.000108672940276256,5,0.000543364701381279,1.08672940276256,0.01,2000,0.5,1,8,0,NA,67.714,69,1,0,0.00917214435398211,1,1,0,0,0,92
12,14123,2000,2,"poisson","fixed",0.000108672940276256,1,0.000108672940276256,0.217345880552512,0.01,2000,0.5,1,0,0,NA,54.428,176,1,0,0.0099177519740164,0,0,1,1,0,93
12,14123,2000,2,"poisson","linesearch",0.000108672940276256,1,0.000108672940276256,0.217345880552512,0.01,2000,0.5,1,8,0,NA,100.676,176,1,0,0.0099177519740164,0,0,1,0,0,94
12,14123,2000,2,"poisson","fixed",0.000108672940276256,0.2,2.17345880552512e-05,0.0434691761105023,0.01,2000,0.5,1,0,0,NA,123.539,893,1,0,0.0099359637907879,0,0,1,1,0,95
12,14123,2000,2,"poisson","linesearch",0.000108672940276256,0.2,2.17345880552512e-05,0.0434691761105023,0.01,2000,0.5,1,8,0,NA,415.883,893,1,0,0.0099359637907879,0,0,1,0,0,96
13,15123,2000,2,"poisson","fixed",0.00010661703337187,10,0.0010661703337187,2.13234066743739,0.01,2000,0.5,1,0,0,NA,39.471,8,0,1,NA,0,0,1,1,0,97
13,15123,2000,2,"poisson","linesearch",0.00010661703337187,10,0.0010661703337187,2.13234066743739,0.01,2000,0.5,1,8,0,NA,74.949,71,1,0,0.00941429241502426,2,2,0,0,0,98
13,15123,2000,2,"poisson","fixed",0.00010661703337187,5,0.000533085166859349,1.0661703337187,0.01,2000,0.5,1,0,0,NA,228.699,2000,0,0,1481.22017471865,0,0,1,1,0,99
13,15123,2000,2,"poisson","linesearch",0.00010661703337187,5,0.000533085166859349,1.0661703337187,0.01,2000,0.5,1,8,0,NA,67.141,71,1,0,0.00941429241502426,1,1,0,0,0,100
13,15123,2000,2,"poisson","fixed",0.00010661703337187,1,0.00010661703337187,0.213234066743739,0.01,2000,0.5,1,0,0,NA,55.846,182,1,0,0.00988915359084704,0,0,1,1,0,101
13,15123,2000,2,"poisson","linesearch",0.00010661703337187,1,0.00010661703337187,0.213234066743739,0.01,2000,0.5,1,8,0,NA,101.847,182,1,0,0.00988915359084704,0,0,1,0,0,102
13,15123,2000,2,"poisson","fixed",0.00010661703337187,0.2,2.13234066743739e-05,0.0426468133487479,0.01,2000,0.5,1,0,0,NA,128.383,924,1,0,0.00990810824521672,0,0,1,1,0,103
13,15123,2000,2,"poisson","linesearch",0.00010661703337187,0.2,2.13234066743739e-05,0.0426468133487479,0.01,2000,0.5,1,8,0,NA,419.089,924,1,0,0.00990810824521672,0,0,1,0,0,104
14,16123,2000,2,"poisson","fixed",0.000102107516825374,10,0.00102107516825374,2.04215033650747,0.01,2000,0.5,1,0,0,NA,39.227,10,0,1,NA,0,0,1,1,0,105
14,16123,2000,2,"poisson","linesearch",0.000102107516825374,10,0.00102107516825374,2.04215033650747,0.01,2000,0.5,1,8,0,NA,75.696,72,1,0,0.00901712468891475,2,2,0,0,0,106
14,16123,2000,2,"poisson","fixed",0.000102107516825374,5,0.000510537584126868,1.02107516825374,0.01,2000,0.5,1,0,0,NA,229.63,2000,0,0,2040.37687928472,0,0,1,1,0,107
14,16123,2000,2,"poisson","linesearch",0.000102107516825374,5,0.000510537584126868,1.02107516825374,0.01,2000,0.5,1,8,0,NA,71.489,72,1,0,0.00901712468891475,1,1,0,0,0,108
14,16123,2000,2,"poisson","fixed",0.000102107516825374,1,0.000102107516825374,0.204215033650747,0.01,2000,0.5,1,0,0,NA,54.941,184,1,0,0.00956436736514462,0,0,1,1,0,109
14,16123,2000,2,"poisson","linesearch",0.000102107516825374,1,0.000102107516825374,0.204215033650747,0.01,2000,0.5,1,8,0,NA,98.736,184,1,0,0.00956436736514462,0,0,1,0,0,110
14,16123,2000,2,"poisson","fixed",0.000102107516825374,0.2,2.04215033650747e-05,0.0408430067301495,0.01,2000,0.5,1,0,0,NA,125.085,929,1,0,0.00998407102968272,0,0,1,1,0,111
14,16123,2000,2,"poisson","linesearch",0.000102107516825374,0.2,2.04215033650747e-05,0.0408430067301495,0.01,2000,0.5,1,8,0,NA,404.489,929,1,0,0.00998407102968272,0,0,1,0,0,112
15,17123,2000,2,"poisson","fixed",0.000107727513657539,10,0.00107727513657539,2.15455027315079,0.01,2000,0.5,1,0,0,NA,38.226,6,0,1,NA,0,0,1,1,0,113
15,17123,2000,2,"poisson","linesearch",0.000107727513657539,10,0.00107727513657539,2.15455027315079,0.01,2000,0.5,1,8,0,NA,74.035,71,1,0,0.00902137460707017,2,2,0,0,0,114
15,17123,2000,2,"poisson","fixed",0.000107727513657539,5,0.000538637568287697,1.07727513657539,0.01,2000,0.5,1,0,0,NA,228.288,2000,0,0,3887.68605941839,0,0,1,1,0,115
15,17123,2000,2,"poisson","linesearch",0.000107727513657539,5,0.000538637568287697,1.07727513657539,0.01,2000,0.5,1,8,0,NA,69.364,71,1,0,0.00902137460707017,1,1,0,0,0,116
15,17123,2000,2,"poisson","fixed",0.000107727513657539,1,0.000107727513657539,0.215455027315079,0.01,2000,0.5,1,0,0,NA,54.587,181,1,0,0.0098112167214463,0,0,1,1,0,117
15,17123,2000,2,"poisson","linesearch",0.000107727513657539,1,0.000107727513657539,0.215455027315079,0.01,2000,0.5,1,8,0,NA,99.557,181,1,0,0.0098112167214463,0,0,1,0,0,118
15,17123,2000,2,"poisson","fixed",0.000107727513657539,0.2,2.15455027315079e-05,0.0430910054630158,0.01,2000,0.5,1,0,0,NA,122.71,917,1,0,0.00995393365285985,0,0,1,1,0,119
15,17123,2000,2,"poisson","linesearch",0.000107727513657539,0.2,2.15455027315079e-05,0.0430910054630158,0.01,2000,0.5,1,8,0,NA,489.896,917,1,0,0.00995393365285985,0,0,1,0,0,120
16,18123,2000,2,"poisson","fixed",0.00010596380499805,10,0.0010596380499805,2.11927609996101,0.01,2000,0.5,1,0,0,NA,50.787,6,0,1,NA,0,0,1,1,0,121
16,18123,2000,2,"poisson","linesearch",0.00010596380499805,10,0.0010596380499805,2.11927609996101,0.01,2000,0.5,1,8,0,NA,87.353,71,1,0,0.0091853287297563,2,2,0,0,0,122
16,18123,2000,2,"poisson","fixed",0.00010596380499805,5,0.000529819024990252,1.0596380499805,0.01,2000,0.5,1,0,0,NA,243.826,2000,0,0,4150.91869345541,0,0,1,1,0,123
16,18123,2000,2,"poisson","linesearch",0.00010596380499805,5,0.000529819024990252,1.0596380499805,0.01,2000,0.5,1,8,0,NA,80.215,71,1,0,0.0091853287297563,1,1,0,0,0,124
16,18123,2000,2,"poisson","fixed",0.00010596380499805,1,0.00010596380499805,0.211927609996101,0.01,2000,0.5,1,0,0,NA,68.365,181,1,0,0.00990582447394672,0,0,1,1,0,125
16,18123,2000,2,"poisson","linesearch",0.00010596380499805,1,0.00010596380499805,0.211927609996101,0.01,2000,0.5,1,8,0,NA,115.167,181,1,0,0.00990582447394672,0,0,1,0,0,126
16,18123,2000,2,"poisson","fixed",0.00010596380499805,0.2,2.11927609996101e-05,0.0423855219992202,0.01,2000,0.5,1,0,0,NA,137.645,918,1,0,0.00991967881386246,0,0,1,1,0,127
16,18123,2000,2,"poisson","linesearch",0.00010596380499805,0.2,2.11927609996101e-05,0.0423855219992202,0.01,2000,0.5,1,8,0,NA,448.52,918,1,0,0.00991967881386246,0,0,1,0,0,128
17,19123,2000,2,"poisson","fixed",0.000103708493676721,10,0.00103708493676721,2.07416987353442,0.01,2000,0.5,1,0,0,NA,39.227,7,0,1,NA,0,0,1,1,0,129
17,19123,2000,2,"poisson","linesearch",0.000103708493676721,10,0.00103708493676721,2.07416987353442,0.01,2000,0.5,1,8,0,NA,76.831,73,1,0,0.00987565861037132,2,2,0,0,0,130
17,19123,2000,2,"poisson","fixed",0.000103708493676721,5,0.000518542468383605,1.03708493676721,0.01,2000,0.5,1,0,0,NA,234.684,2000,0,0,2336.74791689945,0,0,1,1,0,131
17,19123,2000,2,"poisson","linesearch",0.000103708493676721,5,0.000518542468383605,1.03708493676721,0.01,2000,0.5,1,8,0,NA,71.517,73,1,0,0.00987565861037132,1,1,0,0,0,132
17,19123,2000,2,"poisson","fixed",0.000103708493676721,1,0.000103708493676721,0.207416987353442,0.01,2000,0.5,1,0,0,NA,56.812,188,1,0,0.00982337359147376,0,0,1,1,0,133
17,19123,2000,2,"poisson","linesearch",0.000103708493676721,1,0.000103708493676721,0.207416987353442,0.01,2000,0.5,1,8,0,NA,108.586,188,1,0,0.00982337359147376,0,0,1,0,0,134
17,19123,2000,2,"poisson","fixed",0.000103708493676721,0.2,2.07416987353442e-05,0.0414833974706884,0.01,2000,0.5,1,0,0,NA,127.294,953,1,0,0.00992183304348621,0,0,1,1,0,135
17,19123,2000,2,"poisson","linesearch",0.000103708493676721,0.2,2.07416987353442e-05,0.0414833974706884,0.01,2000,0.5,1,8,0,NA,461.012,953,1,0,0.00992183304348621,0,0,1,0,0,136
18,20123,2000,2,"poisson","fixed",0.000108842793917202,10,0.00108842793917202,2.17685587834404,0.01,2000,0.5,1,0,0,NA,38.771,8,0,1,NA,0,0,1,1,0,137
18,20123,2000,2,"poisson","linesearch",0.000108842793917202,10,0.00108842793917202,2.17685587834404,0.01,2000,0.5,1,8,0,NA,73.919,69,1,0,0.00956188815638775,2,2,0,0,0,138
18,20123,2000,2,"poisson","fixed",0.000108842793917202,5,0.000544213969586011,1.08842793917202,0.01,2000,0.5,1,0,0,NA,233.278,2000,0,0,3943.04681405798,0,0,1,1,0,139
18,20123,2000,2,"poisson","linesearch",0.000108842793917202,5,0.000544213969586011,1.08842793917202,0.01,2000,0.5,1,8,0,NA,68.097,69,1,0,0.00956188815638775,1,1,0,0,0,140
18,20123,2000,2,"poisson","fixed",0.000108842793917202,1,0.000108842793917202,0.217685587834404,0.01,2000,0.5,1,0,0,NA,54.283,177,1,0,0.00990611188782148,0,0,1,1,0,141
18,20123,2000,2,"poisson","linesearch",0.000108842793917202,1,0.000108842793917202,0.217685587834404,0.01,2000,0.5,1,8,0,NA,101.771,177,1,0,0.00990611188782148,0,0,1,0,0,142
18,20123,2000,2,"poisson","fixed",0.000108842793917202,0.2,2.17685587834404e-05,0.0435371175668809,0.01,2000,0.5,1,0,0,NA,123.875,898,1,0,0.00995518723170352,0,0,1,1,0,143
18,20123,2000,2,"poisson","linesearch",0.000108842793917202,0.2,2.17685587834404e-05,0.0435371175668809,0.01,2000,0.5,1,8,0,NA,412.244,898,1,0,0.00995518723170352,0,0,1,0,0,144
19,21123,2000,2,"poisson","fixed",0.000107323739620206,10,0.00107323739620206,2.14647479240412,0.01,2000,0.5,1,0,0,NA,39.254,6,0,1,NA,0,0,1,1,0,145
19,21123,2000,2,"poisson","linesearch",0.000107323739620206,10,0.00107323739620206,2.14647479240412,0.01,2000,0.5,1,8,0,NA,76.165,69,1,0,0.00941002948009641,2,2,0,0,0,146
19,21123,2000,2,"poisson","fixed",0.000107323739620206,5,0.000536618698101029,1.07323739620206,0.01,2000,0.5,1,0,0,NA,232.312,2000,0,0,4004.84486571746,0,0,1,1,0,147
19,21123,2000,2,"poisson","linesearch",0.000107323739620206,5,0.000536618698101029,1.07323739620206,0.01,2000,0.5,1,8,0,NA,68.642,69,1,0,0.00941002948009641,1,1,0,0,0,148
19,21123,2000,2,"poisson","fixed",0.000107323739620206,1,0.000107323739620206,0.214647479240412,0.01,2000,0.5,1,0,0,NA,55.112,177,1,0,0.00980404989734089,0,0,1,1,0,149
19,21123,2000,2,"poisson","linesearch",0.000107323739620206,1,0.000107323739620206,0.214647479240412,0.01,2000,0.5,1,8,0,NA,104.04,177,1,0,0.00980404989734089,0,0,1,0,0,150
19,21123,2000,2,"poisson","fixed",0.000107323739620206,0.2,2.14647479240412e-05,0.0429294958480824,0.01,2000,0.5,1,0,0,NA,125.236,897,1,0,0.00997901666896576,0,0,1,1,0,151
19,21123,2000,2,"poisson","linesearch",0.000107323739620206,0.2,2.14647479240412e-05,0.0429294958480824,0.01,2000,0.5,1,8,0,NA,444.122,897,1,0,0.00997901666896576,0,0,1,0,0,152
20,22123,2000,2,"poisson","fixed",0.000108379347316201,10,0.00108379347316201,2.16758694632403,0.01,2000,0.5,1,0,0,NA,38.381,6,0,1,NA,0,0,1,1,0,153
20,22123,2000,2,"poisson","linesearch",0.000108379347316201,10,0.00108379347316201,2.16758694632403,0.01,2000,0.5,1,8,0,NA,71.106,67,1,0,0.00879715383536434,2,2,0,0,0,154
20,22123,2000,2,"poisson","fixed",0.000108379347316201,5,0.000541896736581007,1.08379347316201,0.01,2000,0.5,1,0,0,NA,230.355,2000,0,0,4019.44768730586,0,0,1,1,0,155
20,22123,2000,2,"poisson","linesearch",0.000108379347316201,5,0.000541896736581007,1.08379347316201,0.01,2000,0.5,1,8,0,NA,67.03,67,1,0,0.00879715383536434,1,1,0,0,0,156
20,22123,2000,2,"poisson","fixed",0.000108379347316201,1,0.000108379347316201,0.216758694632403,0.01,2000,0.5,1,0,0,NA,53.264,171,1,0,0.00962384339228345,0,0,1,1,0,157
20,22123,2000,2,"poisson","linesearch",0.000108379347316201,1,0.000108379347316201,0.216758694632403,0.01,2000,0.5,1,8,0,NA,96.351,171,1,0,0.00962384339228345,0,0,1,0,0,158
20,22123,2000,2,"poisson","fixed",0.000108379347316201,0.2,2.16758694632403e-05,0.0433517389264806,0.01,2000,0.5,1,0,0,NA,118.276,865,1,0,0.00997212859592925,0,0,1,1,0,159
20,22123,2000,2,"poisson","linesearch",0.000108379347316201,0.2,2.16758694632403e-05,0.0433517389264806,0.01,2000,0.5,1,8,0,NA,392.336,865,1,0,0.00997212859592925,0,0,1,0,0,160
21,23123,2000,2,"poisson","fixed",0.0001070781196582,10,0.001070781196582,2.141562393164,0.01,2000,0.5,1,0,0,NA,38.659,10,0,1,NA,0,0,1,1,0,161
21,23123,2000,2,"poisson","linesearch",0.0001070781196582,10,0.001070781196582,2.141562393164,0.01,2000,0.5,1,8,0,NA,73.002,70,1,0,0.00927413699222071,2,2,0,0,0,162
21,23123,2000,2,"poisson","fixed",0.0001070781196582,5,0.000535390598291,1.070781196582,0.01,2000,0.5,1,0,0,NA,235.033,2000,0,0,1507.259122074,0,0,1,1,0,163
21,23123,2000,2,"poisson","linesearch",0.0001070781196582,5,0.000535390598291,1.070781196582,0.01,2000,0.5,1,8,0,NA,68.808,70,1,0,0.00927413699222071,1,1,0,0,0,164
21,23123,2000,2,"poisson","fixed",0.0001070781196582,1,0.0001070781196582,0.2141562393164,0.01,2000,0.5,1,0,0,NA,56.535,180,1,0,0.00955803607085201,0,0,1,1,0,165
21,23123,2000,2,"poisson","linesearch",0.0001070781196582,1,0.0001070781196582,0.2141562393164,0.01,2000,0.5,1,8,0,NA,103.967,180,1,0,0.00955803607085201,0,0,1,0,0,166
21,23123,2000,2,"poisson","fixed",0.0001070781196582,0.2,2.141562393164e-05,0.04283124786328,0.01,2000,0.5,1,0,0,NA,124.35,911,1,0,0.00990016169724386,0,0,1,1,0,167
21,23123,2000,2,"poisson","linesearch",0.0001070781196582,0.2,2.141562393164e-05,0.04283124786328,0.01,2000,0.5,1,8,0,NA,457.66,911,1,0,0.00990016169724386,0,0,1,0,0,168
22,24123,2000,2,"poisson","fixed",0.000101331740329132,10,0.00101331740329132,2.02663480658264,0.01,2000,0.5,1,0,0,NA,37.341,8,0,1,NA,0,0,1,1,0,169
22,24123,2000,2,"poisson","linesearch",0.000101331740329132,10,0.00101331740329132,2.02663480658264,0.01,2000,0.5,1,8,0,NA,72.356,72,1,0,0.00984137355394602,2,2,0,0,0,170
22,24123,2000,2,"poisson","fixed",0.000101331740329132,5,0.000506658701645661,1.01331740329132,0.01,2000,0.5,1,0,0,NA,224.323,2000,0,0,2114.55974403902,0,0,1,1,0,171
22,24123,2000,2,"poisson","linesearch",0.000101331740329132,5,0.000506658701645661,1.01331740329132,0.01,2000,0.5,1,8,0,NA,66.371,72,1,0,0.00984137355394602,1,1,0,0,0,172
22,24123,2000,2,"poisson","fixed",0.000101331740329132,1,0.000101331740329132,0.202663480658264,0.01,2000,0.5,1,0,0,NA,52.695,185,1,0,0.00989859932064195,0,0,1,1,0,173
22,24123,2000,2,"poisson","linesearch",0.000101331740329132,1,0.000101331740329132,0.202663480658264,0.01,2000,0.5,1,8,0,NA,98.5310000000001,185,1,0,0.00989859932064195,0,0,1,0,0,174
22,24123,2000,2,"poisson","fixed",0.000101331740329132,0.2,2.02663480658264e-05,0.0405326961316529,0.01,2000,0.5,1,0,0,NA,119.882,938,1,0,0.00993058258404322,0,0,1,1,0,175
22,24123,2000,2,"poisson","linesearch",0.000101331740329132,0.2,2.02663480658264e-05,0.0405326961316529,0.01,2000,0.5,1,8,0,NA,385.578,938,1,0,0.00993058258404322,0,0,1,0,0,176
23,25123,2000,2,"poisson","fixed",0.000106114312820536,10,0.00106114312820536,2.12228625641073,0.01,2000,0.5,1,0,0,NA,37.907,11,0,1,NA,0,0,1,1,0,177
23,25123,2000,2,"poisson","linesearch",0.000106114312820536,10,0.00106114312820536,2.12228625641073,0.01,2000,0.5,1,8,0,NA,70.365,69,1,0,0.00911857266597099,2,2,0,0,0,178
23,25123,2000,2,"poisson","fixed",0.000106114312820536,5,0.000530571564102682,1.06114312820536,0.01,2000,0.5,1,0,0,NA,221.299,2000,0,0,3242.55061800059,0,0,1,1,0,179
23,25123,2000,2,"poisson","linesearch",0.000106114312820536,5,0.000530571564102682,1.06114312820536,0.01,2000,0.5,1,8,0,NA,65.188,69,1,0,0.00911857266597099,1,1,0,0,0,180
23,25123,2000,2,"poisson","fixed",0.000106114312820536,1,0.000106114312820536,0.212228625641073,0.01,2000,0.5,1,0,0,NA,51.843,176,1,0,0.00971014027599823,0,0,1,1,0,181
23,25123,2000,2,"poisson","linesearch",0.000106114312820536,1,0.000106114312820536,0.212228625641073,0.01,2000,0.5,1,8,0,NA,93.484,176,1,0,0.00971014027599823,0,0,1,0,0,182
23,25123,2000,2,"poisson","fixed",0.000106114312820536,0.2,2.12228625641073e-05,0.0424457251282146,0.01,2000,0.5,1,0,0,NA,116.758,892,1,0,0.00991418266763361,0,0,1,1,0,183
23,25123,2000,2,"poisson","linesearch",0.000106114312820536,0.2,2.12228625641073e-05,0.0424457251282146,0.01,2000,0.5,1,8,0,NA,344.804,892,1,0,0.00991418266763361,0,0,1,0,0,184
24,26123,2000,2,"poisson","fixed",0.000104515990072552,10,0.00104515990072552,2.09031980145104,0.01,2000,0.5,1,0,0,NA,38.756,10,0,1,NA,0,0,1,1,0,185
24,26123,2000,2,"poisson","linesearch",0.000104515990072552,10,0.00104515990072552,2.09031980145104,0.01,2000,0.5,1,8,0,NA,72.315,68,1,0,0.00932132031222643,2,2,0,0,0,186
24,26123,2000,2,"poisson","fixed",0.000104515990072552,5,0.000522579950362759,1.04515990072552,0.01,2000,0.5,1,0,0,NA,232.808,2000,0,0,3072.7627567148,0,0,1,1,0,187
24,26123,2000,2,"poisson","linesearch",0.000104515990072552,5,0.000522579950362759,1.04515990072552,0.01,2000,0.5,1,8,0,NA,67.578,68,1,0,0.00932132031222643,1,1,0,0,0,188
24,26123,2000,2,"poisson","fixed",0.000104515990072552,1,0.000104515990072552,0.209031980145104,0.01,2000,0.5,1,0,0,NA,54.267,175,1,0,0.00950052841642601,0,0,1,1,0,189
24,26123,2000,2,"poisson","linesearch",0.000104515990072552,1,0.000104515990072552,0.209031980145104,0.01,2000,0.5,1,8,0,NA,97.2790000000001,175,1,0,0.00950052841642601,0,0,1,0,0,190
24,26123,2000,2,"poisson","fixed",0.000104515990072552,0.2,2.09031980145104e-05,0.0418063960290207,0.01,2000,0.5,1,0,0,NA,121.459,884,1,0,0.00998978642302539,0,0,1,1,0,191
24,26123,2000,2,"poisson","linesearch",0.000104515990072552,0.2,2.09031980145104e-05,0.0418063960290207,0.01,2000,0.5,1,8,0,NA,390.423,884,1,0,0.00998978642302539,0,0,1,0,0,192
25,27123,2000,2,"poisson","fixed",0.000106762320359843,10,0.00106762320359843,2.13524640719686,0.01,2000,0.5,1,0,0,NA,38.826,7,0,1,NA,0,0,1,1,0,193
25,27123,2000,2,"poisson","linesearch",0.000106762320359843,10,0.00106762320359843,2.13524640719686,0.01,2000,0.5,1,8,0,NA,73.254,69,1,0,0.00994539520742552,2,2,0,0,0,194
25,27123,2000,2,"poisson","fixed",0.000106762320359843,5,0.000533811601799215,1.06762320359843,0.01,2000,0.5,1,0,0,NA,230.678,2000,0,0,3658.06248245448,0,0,1,1,0,195
25,27123,2000,2,"poisson","linesearch",0.000106762320359843,5,0.000533811601799215,1.06762320359843,0.01,2000,0.5,1,8,0,NA,67.545,69,1,0,0.00994539520742552,1,1,0,0,0,196
25,27123,2000,2,"poisson","fixed",0.000106762320359843,1,0.000106762320359843,0.213524640719686,0.01,2000,0.5,1,0,0,NA,55.349,178,1,0,0.009767626327155,0,0,1,1,0,197
25,27123,2000,2,"poisson","linesearch",0.000106762320359843,1,0.000106762320359843,0.213524640719686,0.01,2000,0.5,1,8,0,NA,99.037,178,1,0,0.009767626327155,0,0,1,0,0,198
25,27123,2000,2,"poisson","fixed",0.000106762320359843,0.2,2.13524640719686e-05,0.0427049281439372,0.01,2000,0.5,1,0,0,NA,125.971,901,1,0,0.00999389937726938,0,0,1,1,0,199
25,27123,2000,2,"poisson","linesearch",0.000106762320359843,0.2,2.13524640719686e-05,0.0427049281439372,0.01,2000,0.5,1,8,0,NA,365.87,901,1,0,0.00999389937726938,0,0,1,0,0,200
26,28123,2000,2,"poisson","fixed",0.000109374522999187,10,0.00109374522999187,2.18749045998373,0.01,2000,0.5,1,0,0,NA,38.1959999999999,8,0,1,NA,0,0,1,1,0,201
26,28123,2000,2,"poisson","linesearch",0.000109374522999187,10,0.00109374522999187,2.18749045998373,0.01,2000,0.5,1,8,0,NA,68.491,66,1,0,0.00985546902633128,2,2,0,0,0,202
26,28123,2000,2,"poisson","fixed",0.000109374522999187,5,0.000546872614995933,1.09374522999187,0.01,2000,0.5,1,0,0,NA,221.64,2000,0,0,3503.3845596586,0,0,1,1,0,203
26,28123,2000,2,"poisson","linesearch",0.000109374522999187,5,0.000546872614995933,1.09374522999187,0.01,2000,0.5,1,8,0,NA,67.2950000000001,66,1,0,0.00985546902633128,1,1,0,0,0,204
26,28123,2000,2,"poisson","fixed",0.000109374522999187,1,0.000109374522999187,0.218749045998373,0.01,2000,0.5,1,0,0,NA,53.643,170,1,0,0.00996376140550237,0,0,1,1,0,205
26,28123,2000,2,"poisson","linesearch",0.000109374522999187,1,0.000109374522999187,0.218749045998373,0.01,2000,0.5,1,8,0,NA,94.1550000000002,170,1,0,0.00996376140550237,0,0,1,0,0,206
26,28123,2000,2,"poisson","fixed",0.000109374522999187,0.2,2.18749045998373e-05,0.0437498091996747,0.01,2000,0.5,1,0,0,NA,112.55,864,1,0,0.00991772804120794,0,0,1,1,0,207
26,28123,2000,2,"poisson","linesearch",0.000109374522999187,0.2,2.18749045998373e-05,0.0437498091996747,0.01,2000,0.5,1,8,0,NA,396.825,864,1,0,0.00991772804120794,0,0,1,0,0,208
27,29123,2000,2,"poisson","fixed",0.000107728557328635,10,0.00107728557328635,2.15457114657271,0.01,2000,0.5,1,0,0,NA,36.652,10,0,1,NA,0,0,1,1,0,209
27,29123,2000,2,"poisson","linesearch",0.000107728557328635,10,0.00107728557328635,2.15457114657271,0.01,2000,0.5,1,8,0,NA,68.9279999999999,69,1,0,0.00979301051072966,2,2,0,0,0,210
27,29123,2000,2,"poisson","fixed",0.000107728557328635,5,0.000538642786643176,1.07728557328635,0.01,2000,0.5,1,0,0,NA,215.222,2000,0,0,4039.39421246362,0,0,1,1,0,211
27,29123,2000,2,"poisson","linesearch",0.000107728557328635,5,0.000538642786643176,1.07728557328635,0.01,2000,0.5,1,8,0,NA,64.7860000000001,69,1,0,0.00979301051072966,1,1,0,0,0,212
27,29123,2000,2,"poisson","fixed",0.000107728557328635,1,0.000107728557328635,0.215457114657271,0.01,2000,0.5,1,0,0,NA,55.5509999999999,178,1,0,0.00981990044457132,0,0,1,1,0,213
27,29123,2000,2,"poisson","linesearch",0.000107728557328635,1,0.000107728557328635,0.215457114657271,0.01,2000,0.5,1,8,0,NA,97.9400000000001,178,1,0,0.00981990044457132,0,0,1,0,0,214
27,29123,2000,2,"poisson","fixed",0.000107728557328635,0.2,2.15457114657271e-05,0.0430914229314541,0.01,2000,0.5,1,0,0,NA,120.485,903,1,0,0.00996920771855701,0,0,1,1,0,215
27,29123,2000,2,"poisson","linesearch",0.000107728557328635,0.2,2.15457114657271e-05,0.0430914229314541,0.01,2000,0.5,1,8,0,NA,426.497,903,1,0,0.00996920771855701,0,0,1,0,0,216
28,30123,2000,2,"poisson","fixed",0.000107993756651755,10,0.00107993756651755,2.15987513303511,0.01,2000,0.5,1,0,0,NA,37.7249999999999,10,0,1,NA,0,0,1,1,0,217
28,30123,2000,2,"poisson","linesearch",0.000107993756651755,10,0.00107993756651755,2.15987513303511,0.01,2000,0.5,1,8,0,NA,72.896,72,1,0,0.00891784231440285,2,2,0,0,0,218
28,30123,2000,2,"poisson","fixed",0.000107993756651755,5,0.000539968783258777,1.07993756651755,0.01,2000,0.5,1,0,0,NA,230.413,2000,0,0,4642.2134458939,0,0,1,1,0,219
28,30123,2000,2,"poisson","linesearch",0.000107993756651755,5,0.000539968783258777,1.07993756651755,0.01,2000,0.5,1,8,0,NA,69.479,72,1,0,0.00891784231440285,1,1,0,0,0,220
28,30123,2000,2,"poisson","fixed",0.000107993756651755,1,0.000107993756651755,0.215987513303511,0.01,2000,0.5,1,0,0,NA,52.923,183,1,0,0.00985866252152889,0,0,1,1,0,221
28,30123,2000,2,"poisson","linesearch",0.000107993756651755,1,0.000107993756651755,0.215987513303511,0.01,2000,0.5,1,8,0,NA,96.818,183,1,0,0.00985866252152889,0,0,1,0,0,222
28,30123,2000,2,"poisson","fixed",0.000107993756651755,0.2,2.15987513303511e-05,0.0431975026607022,0.01,2000,0.5,1,0,0,NA,121.02,927,1,0,0.00996888748789954,0,0,1,1,0,223
28,30123,2000,2,"poisson","linesearch",0.000107993756651755,0.2,2.15987513303511e-05,0.0431975026607022,0.01,2000,0.5,1,8,0,NA,427.289,927,1,0,0.00996888748789954,0,0,1,0,0,224
29,31123,2000,2,"poisson","fixed",0.000109009636226948,10,0.00109009636226948,2.18019272453896,0.01,2000,0.5,1,0,0,NA,37.0309999999999,6,0,1,NA,0,0,1,1,0,225
29,31123,2000,2,"poisson","linesearch",0.000109009636226948,10,0.00109009636226948,2.18019272453896,0.01,2000,0.5,1,8,0,NA,68.7760000000001,66,1,0,0.00978261513065398,2,2,0,0,0,226
29,31123,2000,2,"poisson","fixed",0.000109009636226948,5,0.00054504818113474,1.09009636226948,0.01,2000,0.5,1,0,0,NA,231.59,2000,0,0,4054.85092400105,0,0,1,1,0,227
29,31123,2000,2,"poisson","linesearch",0.000109009636226948,5,0.00054504818113474,1.09009636226948,0.01,2000,0.5,1,8,0,NA,67.95,66,1,0,0.00978261513065398,1,1,0,0,0,228
29,31123,2000,2,"poisson","fixed",0.000109009636226948,1,0.000109009636226948,0.218019272453896,0.01,2000,0.5,1,0,0,NA,54.76,170,1,0,0.00979327715556541,0,0,1,1,0,229
29,31123,2000,2,"poisson","linesearch",0.000109009636226948,1,0.000109009636226948,0.218019272453896,0.01,2000,0.5,1,8,0,NA,96.1599999999999,170,1,0,0.00979327715556541,0,0,1,0,0,230
29,31123,2000,2,"poisson","fixed",0.000109009636226948,0.2,2.18019272453896e-05,0.0436038544907792,0.01,2000,0.5,1,0,0,NA,117.685,862,1,0,0.00996395276710077,0,0,1,1,0,231
29,31123,2000,2,"poisson","linesearch",0.000109009636226948,0.2,2.18019272453896e-05,0.0436038544907792,0.01,2000,0.5,1,8,0,NA,366.83,862,1,0,0.00996395276710077,0,0,1,0,0,232
30,32123,2000,2,"poisson","fixed",0.000108034531166556,10,0.00108034531166556,2.16069062333113,0.01,2000,0.5,1,0,0,NA,37.4479999999999,6,0,1,NA,0,0,1,1,0,233
30,32123,2000,2,"poisson","linesearch",0.000108034531166556,10,0.00108034531166556,2.16069062333113,0.01,2000,0.5,1,8,0,NA,73.3040000000001,70,1,0,0.009509808994626,2,2,0,0,0,234
30,32123,2000,2,"poisson","fixed",0.000108034531166556,5,0.000540172655832782,1.08034531166556,0.01,2000,0.5,1,0,0,NA,231.048,2000,0,0,3757.73640498833,0,0,1,1,0,235
30,32123,2000,2,"poisson","linesearch",0.000108034531166556,5,0.000540172655832782,1.08034531166556,0.01,2000,0.5,1,8,0,NA,70.3210000000001,70,1,0,0.009509808994626,1,1,0,0,0,236
30,32123,2000,2,"poisson","fixed",0.000108034531166556,1,0.000108034531166556,0.216069062333113,0.01,2000,0.5,1,0,0,NA,55.1950000000002,179,1,0,0.00997276224927052,0,0,1,1,0,237
30,32123,2000,2,"poisson","linesearch",0.000108034531166556,1,0.000108034531166556,0.216069062333113,0.01,2000,0.5,1,8,0,NA,101.408,179,1,0,0.00997276224927052,0,0,1,0,0,238
30,32123,2000,2,"poisson","fixed",0.000108034531166556,0.2,2.16069062333113e-05,0.0432138124666226,0.01,2000,0.5,1,0,0,NA,121.659,908,1,0,0.00996699363738945,0,0,1,1,0,239
30,32123,2000,2,"poisson","linesearch",0.000108034531166556,0.2,2.16069062333113e-05,0.0432138124666226,0.01,2000,0.5,1,8,0,NA,410.702,908,1,0,0.00996699363738945,0,0,1,0,0,240
31,33123,2000,2,"poisson","fixed",0.000105185358493406,10,0.00105185358493406,2.10370716986813,0.01,2000,0.5,1,0,0,NA,36.0319999999999,10,0,1,NA,0,0,1,1,0,241
31,33123,2000,2,"poisson","linesearch",0.000105185358493406,10,0.00105185358493406,2.10370716986813,0.01,2000,0.5,1,8,0,NA,67.79,69,1,0,0.00908919654436036,2,2,0,0,0,242
31,33123,2000,2,"poisson","fixed",0.000105185358493406,5,0.000525926792467031,1.05185358493406,0.01,2000,0.5,1,0,0,NA,211.783,2000,0,0,3443.27393938999,0,0,1,1,0,243
31,33123,2000,2,"poisson","linesearch",0.000105185358493406,5,0.000525926792467031,1.05185358493406,0.01,2000,0.5,1,8,0,NA,64.712,69,1,0,0.00908919654436036,1,1,0,0,0,244
31,33123,2000,2,"poisson","fixed",0.000105185358493406,1,0.000105185358493406,0.210370716986813,0.01,2000,0.5,1,0,0,NA,51.6470000000002,176,1,0,0.00970102292490133,0,0,1,1,0,245
31,33123,2000,2,"poisson","linesearch",0.000105185358493406,1,0.000105185358493406,0.210370716986813,0.01,2000,0.5,1,8,0,NA,94.973,176,1,0,0.00970102292490133,0,0,1,0,0,246
31,33123,2000,2,"poisson","fixed",0.000105185358493406,0.2,2.10370716986813e-05,0.0420741433973625,0.01,2000,0.5,1,0,0,NA,117.467,890,1,0,0.00993504622455282,0,0,1,1,0,247
31,33123,2000,2,"poisson","linesearch",0.000105185358493406,0.2,2.10370716986813e-05,0.0420741433973625,0.01,2000,0.5,1,8,0,NA,347.354,890,1,0,0.00993504622455282,0,0,1,0,0,248
32,34123,2000,2,"poisson","fixed",0.000107546787356531,10,0.00107546787356531,2.15093574713063,0.01,2000,0.5,1,0,0,NA,37.3760000000002,8,0,1,NA,0,0,1,1,0,249
32,34123,2000,2,"poisson","linesearch",0.000107546787356531,10,0.00107546787356531,2.15093574713063,0.01,2000,0.5,1,8,0,NA,69.9570000000001,69,1,0,0.00956031755472619,2,2,0,0,0,250
32,34123,2000,2,"poisson","fixed",0.000107546787356531,5,0.000537733936782657,1.07546787356531,0.01,2000,0.5,1,0,0,NA,223.915,2000,0,0,3781.62808396312,0,0,1,1,0,251
32,34123,2000,2,"poisson","linesearch",0.000107546787356531,5,0.000537733936782657,1.07546787356531,0.01,2000,0.5,1,8,0,NA,69.396,69,1,0,0.00956031755472619,1,1,0,0,0,252
32,34123,2000,2,"poisson","fixed",0.000107546787356531,1,0.000107546787356531,0.215093574713063,0.01,2000,0.5,1,0,0,NA,54.7809999999999,178,1,0,0.00958563873635621,0,0,1,1,0,253
32,34123,2000,2,"poisson","linesearch",0.000107546787356531,1,0.000107546787356531,0.215093574713063,0.01,2000,0.5,1,8,0,NA,98.998,178,1,0,0.00958563873635621,0,0,1,0,0,254
32,34123,2000,2,"poisson","fixed",0.000107546787356531,0.2,2.15093574713063e-05,0.0430187149426125,0.01,2000,0.5,1,0,0,NA,123.071,901,1,0,0.00992785824035203,0,0,1,1,0,255
32,34123,2000,2,"poisson","linesearch",0.000107546787356531,0.2,2.15093574713063e-05,0.0430187149426125,0.01,2000,0.5,1,8,0,NA,423.516,901,1,0,0.00992785824035203,0,0,1,0,0,256
33,35123,2000,2,"poisson","fixed",0.000106564685582949,10,0.00106564685582949,2.13129371165898,0.01,2000,0.5,1,0,0,NA,36.7670000000001,7,0,1,NA,0,0,1,1,0,257
33,35123,2000,2,"poisson","linesearch",0.000106564685582949,10,0.00106564685582949,2.13129371165898,0.01,2000,0.5,1,8,0,NA,70.1020000000001,72,1,0,0.00908697712383,2,2,0,0,0,258
33,35123,2000,2,"poisson","fixed",0.000106564685582949,5,0.000532823427914744,1.06564685582949,0.01,2000,0.5,1,0,0,NA,214.806,2000,0,0,4251.49086170194,0,0,1,1,0,259
33,35123,2000,2,"poisson","linesearch",0.000106564685582949,5,0.000532823427914744,1.06564685582949,0.01,2000,0.5,1,8,0,NA,68.2469999999998,72,1,0,0.00908697712383,1,1,0,0,0,260
33,35123,2000,2,"poisson","fixed",0.000106564685582949,1,0.000106564685582949,0.213129371165898,0.01,2000,0.5,1,0,0,NA,55.0599999999999,184,1,0,0.00983419706323541,0,0,1,1,0,261
33,35123,2000,2,"poisson","linesearch",0.000106564685582949,1,0.000106564685582949,0.213129371165898,0.01,2000,0.5,1,8,0,NA,99.9309999999998,184,1,0,0.00983419706323541,0,0,1,0,0,262
33,35123,2000,2,"poisson","fixed",0.000106564685582949,0.2,2.13129371165898e-05,0.0426258742331795,0.01,2000,0.5,1,0,0,NA,123.854,933,1,0,0.00997245237789923,0,0,1,1,0,263
33,35123,2000,2,"poisson","linesearch",0.000106564685582949,0.2,2.13129371165898e-05,0.0426258742331795,0.01,2000,0.5,1,8,0,NA,456.879,933,1,0,0.00997245237789923,0,0,1,0,0,264
34,36123,2000,2,"poisson","fixed",0.000104143787622197,10,0.00104143787622197,2.08287575244393,0.01,2000,0.5,1,0,0,NA,38.0899999999999,12,0,1,NA,0,0,1,1,0,265
34,36123,2000,2,"poisson","linesearch",0.000104143787622197,10,0.00104143787622197,2.08287575244393,0.01,2000,0.5,1,8,0,NA,70.6020000000001,71,1,0,0.00923918222045983,2,2,0,0,0,266
34,36123,2000,2,"poisson","fixed",0.000104143787622197,5,0.000520718938110983,1.04143787622197,0.01,2000,0.5,1,0,0,NA,218.939,2000,0,0,2671.79478326144,0,0,1,1,0,267
34,36123,2000,2,"poisson","linesearch",0.000104143787622197,5,0.000520718938110983,1.04143787622197,0.01,2000,0.5,1,8,0,NA,65.962,71,1,0,0.00923918222045983,1,1,0,0,0,268
34,36123,2000,2,"poisson","fixed",0.000104143787622197,1,0.000104143787622197,0.208287575244393,0.01,2000,0.5,1,0,0,NA,55.9849999999999,182,1,0,0.00962393893721142,0,0,1,1,0,269
34,36123,2000,2,"poisson","linesearch",0.000104143787622197,1,0.000104143787622197,0.208287575244393,0.01,2000,0.5,1,8,0,NA,98.673,182,1,0,0.00962393893721142,0,0,1,0,0,270
34,36123,2000,2,"poisson","fixed",0.000104143787622197,0.2,2.08287575244393e-05,0.0416575150488787,0.01,2000,0.5,1,0,0,NA,122.169,920,1,0,0.00998384906005401,0,0,1,1,0,271
34,36123,2000,2,"poisson","linesearch",0.000104143787622197,0.2,2.08287575244393e-05,0.0416575150488787,0.01,2000,0.5,1,8,0,NA,418.129,920,1,0,0.00998384906005401,0,0,1,0,0,272
35,37123,2000,2,"poisson","fixed",0.000110829264559938,10,0.00110829264559938,2.21658529119876,0.01,2000,0.5,1,0,0,NA,35.7059999999999,6,0,1,NA,0,0,1,1,0,273
35,37123,2000,2,"poisson","linesearch",0.000110829264559938,10,0.00110829264559938,2.21658529119876,0.01,2000,0.5,1,8,0,NA,67.7529999999999,68,1,0,0.00960688746514307,2,2,0,0,0,274
35,37123,2000,2,"poisson","fixed",0.000110829264559938,5,0.000554146322799691,1.10829264559938,0.01,2000,0.5,1,0,0,NA,216.348,2000,0,0,3971.09543006357,0,0,1,1,0,275
35,37123,2000,2,"poisson","linesearch",0.000110829264559938,5,0.000554146322799691,1.10829264559938,0.01,2000,0.5,1,8,0,NA,66.6760000000002,68,1,0,0.00960688746514307,1,1,0,0,0,276
35,37123,2000,2,"poisson","fixed",0.000110829264559938,1,0.000110829264559938,0.221658529119876,0.01,2000,0.5,1,0,0,NA,51.6619999999998,175,1,0,0.0096880276474561,0,0,1,1,0,277
35,37123,2000,2,"poisson","linesearch",0.000110829264559938,1,0.000110829264559938,0.221658529119876,0.01,2000,0.5,1,8,0,NA,94.758,175,1,0,0.0096880276474561,0,0,1,0,0,278
35,37123,2000,2,"poisson","fixed",0.000110829264559938,0.2,2.21658529119876e-05,0.0443317058239753,0.01,2000,0.5,1,0,0,NA,114.747,886,1,0,0.00991999153868203,0,0,1,1,0,279
35,37123,2000,2,"poisson","linesearch",0.000110829264559938,0.2,2.21658529119876e-05,0.0443317058239753,0.01,2000,0.5,1,8,0,NA,398.069,886,1,0,0.00991999153868203,0,0,1,0,0,280
36,38123,2000,2,"poisson","fixed",0.000104378227703852,10,0.00104378227703852,2.08756455407703,0.01,2000,0.5,1,0,0,NA,37.1780000000001,10,0,1,NA,0,0,1,1,0,281
36,38123,2000,2,"poisson","linesearch",0.000104378227703852,10,0.00104378227703852,2.08756455407703,0.01,2000,0.5,1,8,0,NA,73.845,71,1,0,0.00886237615527337,2,2,0,0,0,282
36,38123,2000,2,"poisson","fixed",0.000104378227703852,5,0.000521891138519258,1.04378227703852,0.01,2000,0.5,1,0,0,NA,235.525,2000,0,0,1539.68298341298,0,0,1,1,0,283
36,38123,2000,2,"poisson","linesearch",0.000104378227703852,5,0.000521891138519258,1.04378227703852,0.01,2000,0.5,1,8,0,NA,70.6850000000002,71,1,0,0.00886237615527337,1,1,0,0,0,284
36,38123,2000,2,"poisson","fixed",0.000104378227703852,1,0.000104378227703852,0.208756455407703,0.01,2000,0.5,1,0,0,NA,54.9659999999999,181,1,0,0.00969278633845828,0,0,1,1,0,285
36,38123,2000,2,"poisson","linesearch",0.000104378227703852,1,0.000104378227703852,0.208756455407703,0.01,2000,0.5,1,8,0,NA,102.726,181,1,0,0.00969278633845828,0,0,1,0,0,286
36,38123,2000,2,"poisson","fixed",0.000104378227703852,0.2,2.08756455407703e-05,0.0417512910815407,0.01,2000,0.5,1,0,0,NA,124.306,916,1,0,0.00995075151406746,0,0,1,1,0,287
36,38123,2000,2,"poisson","linesearch",0.000104378227703852,0.2,2.08756455407703e-05,0.0417512910815407,0.01,2000,0.5,1,8,0,NA,425.663,916,1,0,0.00995075151406746,0,0,1,0,0,288
37,39123,2000,2,"poisson","fixed",0.000103777171258563,10,0.00103777171258563,2.07554342517127,0.01,2000,0.5,1,0,0,NA,38.633,10,0,1,NA,0,0,1,1,0,289
37,39123,2000,2,"poisson","linesearch",0.000103777171258563,10,0.00103777171258563,2.07554342517127,0.01,2000,0.5,1,8,0,NA,73.6779999999999,71,1,0,0.00967306097842552,2,2,0,0,0,290
37,39123,2000,2,"poisson","fixed",0.000103777171258563,5,0.000518885856292817,1.03777171258563,0.01,2000,0.5,1,0,0,NA,229.953,2000,0,0,3046.29277559798,0,0,1,1,0,291
37,39123,2000,2,"poisson","linesearch",0.000103777171258563,5,0.000518885856292817,1.03777171258563,0.01,2000,0.5,1,8,0,NA,69.0119999999999,71,1,0,0.00967306097842552,1,1,0,0,0,292
37,39123,2000,2,"poisson","fixed",0.000103777171258563,1,0.000103777171258563,0.207554342517127,0.01,2000,0.5,1,0,0,NA,56.078,183,1,0,0.00969666095913507,0,0,1,1,0,293
37,39123,2000,2,"poisson","linesearch",0.000103777171258563,1,0.000103777171258563,0.207554342517127,0.01,2000,0.5,1,8,0,NA,99.3220000000001,183,1,0,0.00969666095913507,0,0,1,0,0,294
37,39123,2000,2,"poisson","fixed",0.000103777171258563,0.2,2.07554342517127e-05,0.0415108685034254,0.01,2000,0.5,1,0,0,NA,127.016,927,1,0,0.00993758434809516,0,0,1,1,0,295
37,39123,2000,2,"poisson","linesearch",0.000103777171258563,0.2,2.07554342517127e-05,0.0415108685034254,0.01,2000,0.5,1,8,0,NA,476.177,927,1,0,0.00993758434809516,0,0,1,0,0,296
38,40123,2000,2,"poisson","fixed",0.00010880234281759,10,0.0010880234281759,2.17604685635181,0.01,2000,0.5,1,0,0,NA,37.4840000000002,6,0,1,NA,0,0,1,1,0,297
38,40123,2000,2,"poisson","linesearch",0.00010880234281759,10,0.0010880234281759,2.17604685635181,0.01,2000,0.5,1,8,0,NA,69.222,67,1,0,0.00962407861435849,2,2,0,0,0,298
38,40123,2000,2,"poisson","fixed",0.00010880234281759,5,0.000544011714087951,1.0880234281759,0.01,2000,0.5,1,0,0,NA,231.834,2000,0,0,4077.16067185263,0,0,1,1,0,299
38,40123,2000,2,"poisson","linesearch",0.00010880234281759,5,0.000544011714087951,1.0880234281759,0.01,2000,0.5,1,8,0,NA,68.325,67,1,0,0.00962407861435849,1,1,0,0,0,300
38,40123,2000,2,"poisson","fixed",0.00010880234281759,1,0.00010880234281759,0.217604685635181,0.01,2000,0.5,1,0,0,NA,53.9569999999999,172,1,0,0.00986872563499852,0,0,1,1,0,301
38,40123,2000,2,"poisson","linesearch",0.00010880234281759,1,0.00010880234281759,0.217604685635181,0.01,2000,0.5,1,8,0,NA,97.741,172,1,0,0.00986872563499852,0,0,1,0,0,302
38,40123,2000,2,"poisson","fixed",0.00010880234281759,0.2,2.17604685635181e-05,0.0435209371270361,0.01,2000,0.5,1,0,0,NA,119.009,872,1,0,0.00996269553821161,0,0,1,1,0,303
38,40123,2000,2,"poisson","linesearch",0.00010880234281759,0.2,2.17604685635181e-05,0.0435209371270361,0.01,2000,0.5,1,8,0,NA,351.033,872,1,0,0.00996269553821161,0,0,1,0,0,304
39,41123,2000,2,"poisson","fixed",0.000108816167641446,10,0.00108816167641446,2.17632335282892,0.01,2000,0.5,1,0,0,NA,38.559,7,0,1,NA,0,0,1,1,0,305
39,41123,2000,2,"poisson","linesearch",0.000108816167641446,10,0.00108816167641446,2.17632335282892,0.01,2000,0.5,1,8,0,NA,72.009,71,1,0,0.00983154708817616,2,2,0,0,0,306
39,41123,2000,2,"poisson","fixed",0.000108816167641446,5,0.00054408083820723,1.08816167641446,0.01,2000,0.5,1,0,0,NA,240.215,2000,0,0,3814.31478861032,0,0,1,1,0,307
39,41123,2000,2,"poisson","linesearch",0.000108816167641446,5,0.00054408083820723,1.08816167641446,0.01,2000,0.5,1,8,0,NA,69.404,71,1,0,0.00983154708817616,1,1,0,0,0,308
39,41123,2000,2,"poisson","fixed",0.000108816167641446,1,0.000108816167641446,0.217632335282892,0.01,2000,0.5,1,0,0,NA,53.9259999999999,183,1,0,0.00968042126403365,0,0,1,1,0,309
39,41123,2000,2,"poisson","linesearch",0.000108816167641446,1,0.000108816167641446,0.217632335282892,0.01,2000,0.5,1,8,0,NA,100.878,183,1,0,0.00968042126403365,0,0,1,0,0,310
39,41123,2000,2,"poisson","fixed",0.000108816167641446,0.2,2.17632335282892e-05,0.0435264670565784,0.01,2000,0.5,1,0,0,NA,125.32,926,1,0,0.00990873996384803,0,0,1,1,0,311
39,41123,2000,2,"poisson","linesearch",0.000108816167641446,0.2,2.17632335282892e-05,0.0435264670565784,0.01,2000,0.5,1,8,0,NA,559.83,926,1,0,0.00990873996384803,0,0,1,0,0,312
40,42123,2000,2,"poisson","fixed",0.000103999154556961,10,0.00103999154556961,2.07998309113922,0.01,2000,0.5,1,0,0,NA,38.396,10,0,1,NA,0,0,1,1,0,313
40,42123,2000,2,"poisson","linesearch",0.000103999154556961,10,0.00103999154556961,2.07998309113922,0.01,2000,0.5,1,8,0,NA,73.5819999999999,71,1,0,0.00943265352593131,2,2,0,0,0,314
40,42123,2000,2,"poisson","fixed",0.000103999154556961,5,0.000519995772784806,1.03999154556961,0.01,2000,0.5,1,0,0,NA,224.807,2000,0,0,2474.31138224745,0,0,1,1,0,315
40,42123,2000,2,"poisson","linesearch",0.000103999154556961,5,0.000519995772784806,1.03999154556961,0.01,2000,0.5,1,8,0,NA,69.171,71,1,0,0.00943265352593131,1,1,0,0,0,316
40,42123,2000,2,"poisson","fixed",0.000103999154556961,1,0.000103999154556961,0.207998309113923,0.01,2000,0.5,1,0,0,NA,54.3700000000001,182,1,0,0.00994109713987743,0,0,1,1,0,317
40,42123,2000,2,"poisson","linesearch",0.000103999154556961,1,0.000103999154556961,0.207998309113923,0.01,2000,0.5,1,8,0,NA,104.962,182,1,0,0.00994109713987743,0,0,1,0,0,318
40,42123,2000,2,"poisson","fixed",0.000103999154556961,0.2,2.07998309113923e-05,0.0415996618227845,0.01,2000,0.5,1,0,0,NA,128.006,924,1,0,0.00997550935089245,0,0,1,1,0,319
40,42123,2000,2,"poisson","linesearch",0.000103999154556961,0.2,2.07998309113923e-05,0.0415996618227845,0.01,2000,0.5,1,8,0,NA,413.126,924,1,0,0.00997550935089245,0,0,1,0,0,320
41,43123,2000,2,"poisson","fixed",0.000106655785294795,10,0.00106655785294795,2.13311570589591,0.01,2000,0.5,1,0,0,NA,37.8989999999999,7,0,1,NA,0,0,1,1,0,321
41,43123,2000,2,"poisson","linesearch",0.000106655785294795,10,0.00106655785294795,2.13311570589591,0.01,2000,0.5,1,8,0,NA,70.0599999999999,68,1,0,0.009877582111396,2,2,0,0,0,322
41,43123,2000,2,"poisson","fixed",0.000106655785294795,5,0.000533278926473977,1.06655785294795,0.01,2000,0.5,1,0,0,NA,230.542,2000,0,0,3648.2926072303,0,0,1,1,0,323
41,43123,2000,2,"poisson","linesearch",0.000106655785294795,5,0.000533278926473977,1.06655785294795,0.01,2000,0.5,1,8,0,NA,66.7360000000001,68,1,0,0.009877582111396,1,1,0,0,0,324
41,43123,2000,2,"poisson","fixed",0.000106655785294795,1,0.000106655785294795,0.213311570589591,0.01,2000,0.5,1,0,0,NA,54.1410000000001,175,1,0,0.00987242988171932,0,0,1,1,0,325
41,43123,2000,2,"poisson","linesearch",0.000106655785294795,1,0.000106655785294795,0.213311570589591,0.01,2000,0.5,1,8,0,NA,96.5530000000001,175,1,0,0.00987242988171932,0,0,1,0,0,326
41,43123,2000,2,"poisson","fixed",0.000106655785294795,0.2,2.13311570589591e-05,0.0426623141179182,0.01,2000,0.5,1,0,0,NA,122.196,887,1,0,0.00996499861238387,0,0,1,1,0,327
41,43123,2000,2,"poisson","linesearch",0.000106655785294795,0.2,2.13311570589591e-05,0.0426623141179182,0.01,2000,0.5,1,8,0,NA,339.908,887,1,0,0.00996499861238387,0,0,1,0,0,328
42,44123,2000,2,"poisson","fixed",0.000105336646030979,10,0.00105336646030979,2.10673292061957,0.01,2000,0.5,1,0,0,NA,39.567,12,0,1,NA,0,0,1,1,0,329
42,44123,2000,2,"poisson","linesearch",0.000105336646030979,10,0.00105336646030979,2.10673292061957,0.01,2000,0.5,1,8,0,NA,73.4340000000002,71,1,0,0.00966013005660868,2,2,0,0,0,330
42,44123,2000,2,"poisson","fixed",0.000105336646030979,5,0.000526683230154893,1.05336646030979,0.01,2000,0.5,1,0,0,NA,223.722,2000,0,0,2596.25692566741,0,0,1,1,0,331
42,44123,2000,2,"poisson","linesearch",0.000105336646030979,5,0.000526683230154893,1.05336646030979,0.01,2000,0.5,1,8,0,NA,67.3710000000001,71,1,0,0.00966013005660868,1,1,0,0,0,332
42,44123,2000,2,"poisson","fixed",0.000105336646030979,1,0.000105336646030979,0.210673292061957,0.01,2000,0.5,1,0,0,NA,54.4949999999999,183,1,0,0.00957580608436114,0,0,1,1,0,333
42,44123,2000,2,"poisson","linesearch",0.000105336646030979,1,0.000105336646030979,0.210673292061957,0.01,2000,0.5,1,8,0,NA,99.046,183,1,0,0.00957580608436114,0,0,1,0,0,334
42,44123,2000,2,"poisson","fixed",0.000105336646030979,0.2,2.10673292061957e-05,0.0421346584123914,0.01,2000,0.5,1,0,0,NA,125.636,925,1,0,0.00993830965191559,0,0,1,1,0,335
42,44123,2000,2,"poisson","linesearch",0.000105336646030979,0.2,2.10673292061957e-05,0.0421346584123914,0.01,2000,0.5,1,8,0,NA,430.358,925,1,0,0.00993830965191559,0,0,1,0,0,336
43,45123,2000,2,"poisson","fixed",0.000101842013915854,10,0.00101842013915854,2.03684027831708,0.01,2000,0.5,1,0,0,NA,39.644,12,0,1,NA,0,0,1,1,0,337
43,45123,2000,2,"poisson","linesearch",0.000101842013915854,10,0.00101842013915854,2.03684027831708,0.01,2000,0.5,1,8,0,NA,75.434,72,1,0,0.00985687649204949,2,2,0,0,0,338
43,45123,2000,2,"poisson","fixed",0.000101842013915854,5,0.000509210069579271,1.01842013915854,0.01,2000,0.5,1,0,0,NA,231.943,2000,0,0,1823.72681702538,0,0,1,1,0,339
43,45123,2000,2,"poisson","linesearch",0.000101842013915854,5,0.000509210069579271,1.01842013915854,0.01,2000,0.5,1,8,0,NA,68.7270000000001,72,1,0,0.00985687649204949,1,1,0,0,0,340
43,45123,2000,2,"poisson","fixed",0.000101842013915854,1,0.000101842013915854,0.203684027831708,0.01,2000,0.5,1,0,0,NA,55.5429999999999,185,1,0,0.00995246765371292,0,0,1,1,0,341
43,45123,2000,2,"poisson","linesearch",0.000101842013915854,1,0.000101842013915854,0.203684027831708,0.01,2000,0.5,1,8,0,NA,103.334,185,1,0,0.00995246765371292,0,0,1,0,0,342
43,45123,2000,2,"poisson","fixed",0.000101842013915854,0.2,2.03684027831708e-05,0.0407368055663416,0.01,2000,0.5,1,0,0,NA,125.353,939,1,0,0.00991096352795262,0,0,1,1,0,343
43,45123,2000,2,"poisson","linesearch",0.000101842013915854,0.2,2.03684027831708e-05,0.0407368055663416,0.01,2000,0.5,1,8,0,NA,432.967,939,1,0,0.00991096352795262,0,0,1,0,0,344
44,46123,2000,2,"poisson","fixed",0.000108503322378953,10,0.00108503322378953,2.17006644757905,0.01,2000,0.5,1,0,0,NA,38.6170000000002,9,0,1,NA,0,0,1,1,0,345
44,46123,2000,2,"poisson","linesearch",0.000108503322378953,10,0.00108503322378953,2.17006644757905,0.01,2000,0.5,1,8,0,NA,72.6669999999999,67,1,0,0.00930275452984903,2,2,0,0,0,346
44,46123,2000,2,"poisson","fixed",0.000108503322378953,5,0.000542516611894763,1.08503322378953,0.01,2000,0.5,1,0,0,NA,229.217,2000,0,0,3885.55783650046,0,0,1,1,0,347
44,46123,2000,2,"poisson","linesearch",0.000108503322378953,5,0.000542516611894763,1.08503322378953,0.01,2000,0.5,1,8,0,NA,66.7630000000001,67,1,0,0.00930275452984903,1,1,0,0,0,348
44,46123,2000,2,"poisson","fixed",0.000108503322378953,1,0.000108503322378953,0.217006644757905,0.01,2000,0.5,1,0,0,NA,53.8620000000001,172,1,0,0.00964041583629993,0,0,1,1,0,349
44,46123,2000,2,"poisson","linesearch",0.000108503322378953,1,0.000108503322378953,0.217006644757905,0.01,2000,0.5,1,8,0,NA,94.2629999999999,172,1,0,0.00964041583629993,0,0,1,0,0,350
44,46123,2000,2,"poisson","fixed",0.000108503322378953,0.2,2.17006644757905e-05,0.0434013289515811,0.01,2000,0.5,1,0,0,NA,118.935,870,1,0,0.00999345052431155,0,0,1,1,0,351
44,46123,2000,2,"poisson","linesearch",0.000108503322378953,0.2,2.17006644757905e-05,0.0434013289515811,0.01,2000,0.5,1,8,0,NA,358.778,870,1,0,0.00999345052431155,0,0,1,0,0,352
45,47123,2000,2,"poisson","fixed",0.000107099753628641,10,0.00107099753628641,2.14199507257282,0.01,2000,0.5,1,0,0,NA,39.2179999999998,6,0,1,NA,0,0,1,1,0,353
45,47123,2000,2,"poisson","linesearch",0.000107099753628641,10,0.00107099753628641,2.14199507257282,0.01,2000,0.5,1,8,0,NA,75.9959999999999,70,1,0,0.00990598079300591,2,2,0,0,0,354
45,47123,2000,2,"poisson","fixed",0.000107099753628641,5,0.000535498768143206,1.07099753628641,0.01,2000,0.5,1,0,0,NA,229.42,2000,0,0,4038.05566364828,0,0,1,1,0,355
45,47123,2000,2,"poisson","linesearch",0.000107099753628641,5,0.000535498768143206,1.07099753628641,0.01,2000,0.5,1,8,0,NA,70.26,70,1,0,0.00990598079300591,1,1,0,0,0,356
45,47123,2000,2,"poisson","fixed",0.000107099753628641,1,0.000107099753628641,0.214199507257282,0.01,2000,0.5,1,0,0,NA,55.2429999999999,181,1,0,0.00959712095807141,0,0,1,1,0,357
45,47123,2000,2,"poisson","linesearch",0.000107099753628641,1,0.000107099753628641,0.214199507257282,0.01,2000,0.5,1,8,0,NA,101.476,181,1,0,0.00959712095807141,0,0,1,0,0,358
45,47123,2000,2,"poisson","fixed",0.000107099753628641,0.2,2.14199507257282e-05,0.0428399014514565,0.01,2000,0.5,1,0,0,NA,122.54,915,1,0,0.00998375915216275,0,0,1,1,0,359
45,47123,2000,2,"poisson","linesearch",0.000107099753628641,0.2,2.14199507257282e-05,0.0428399014514565,0.01,2000,0.5,1,8,0,NA,451.967,915,1,0,0.00998375915216275,0,0,1,0,0,360
46,48123,2000,2,"poisson","fixed",0.000105896410812645,10,0.00105896410812645,2.11792821625291,0.01,2000,0.5,1,0,0,NA,39.3700000000001,9,0,1,NA,0,0,1,1,0,361
46,48123,2000,2,"poisson","linesearch",0.000105896410812645,10,0.00105896410812645,2.11792821625291,0.01,2000,0.5,1,8,0,NA,73.337,68,1,0,0.00968509600410618,2,2,0,0,0,362
46,48123,2000,2,"poisson","fixed",0.000105896410812645,5,0.000529482054063227,1.05896410812645,0.01,2000,0.5,1,0,0,NA,239.686,2000,0,0,1510.11609250728,0,0,1,1,0,363
46,48123,2000,2,"poisson","linesearch",0.000105896410812645,5,0.000529482054063227,1.05896410812645,0.01,2000,0.5,1,8,0,NA,68.8920000000001,68,1,0,0.00968509600410618,1,1,0,0,0,364
46,48123,2000,2,"poisson","fixed",0.000105896410812645,1,0.000105896410812645,0.211792821625291,0.01,2000,0.5,1,0,0,NA,54.415,174,1,0,0.00996114603839539,0,0,1,1,0,365
46,48123,2000,2,"poisson","linesearch",0.000105896410812645,1,0.000105896410812645,0.211792821625291,0.01,2000,0.5,1,8,0,NA,96.627,174,1,0,0.00996114603839539,0,0,1,0,0,366
46,48123,2000,2,"poisson","fixed",0.000105896410812645,0.2,2.11792821625291e-05,0.0423585643250581,0.01,2000,0.5,1,0,0,NA,124.306,882,1,0,0.00995591873083634,0,0,1,1,0,367
46,48123,2000,2,"poisson","linesearch",0.000105896410812645,0.2,2.11792821625291e-05,0.0423585643250581,0.01,2000,0.5,1,8,0,NA,379.163,882,1,0,0.00995591873083634,0,0,1,0,0,368
47,49123,2000,2,"poisson","fixed",0.000107768910317355,10,0.00107768910317355,2.15537820634709,0.01,2000,0.5,1,0,0,NA,38.03,10,0,1,NA,0,0,1,1,0,369
47,49123,2000,2,"poisson","linesearch",0.000107768910317355,10,0.00107768910317355,2.15537820634709,0.01,2000,0.5,1,8,0,NA,71.384,69,1,0,0.00997355618233142,2,2,0,0,0,370
47,49123,2000,2,"poisson","fixed",0.000107768910317355,5,0.000538844551586773,1.07768910317355,0.01,2000,0.5,1,0,0,NA,217.768,2000,0,0,1445.29926523287,0,0,1,1,0,371
47,49123,2000,2,"poisson","linesearch",0.000107768910317355,5,0.000538844551586773,1.07768910317355,0.01,2000,0.5,1,8,0,NA,64.4670000000001,69,1,0,0.00997355618233142,1,1,0,0,0,372
47,49123,2000,2,"poisson","fixed",0.000107768910317355,1,0.000107768910317355,0.215537820634709,0.01,2000,0.5,1,0,0,NA,52.5530000000001,178,1,0,0.00998660257263984,0,0,1,1,0,373
47,49123,2000,2,"poisson","linesearch",0.000107768910317355,1,0.000107768910317355,0.215537820634709,0.01,2000,0.5,1,8,0,NA,95.096,178,1,0,0.00998660257263984,0,0,1,0,0,374
47,49123,2000,2,"poisson","fixed",0.000107768910317355,0.2,2.15537820634709e-05,0.0431075641269418,0.01,2000,0.5,1,0,0,NA,117.662,905,1,0,0.00992666599380321,0,0,1,1,0,375
47,49123,2000,2,"poisson","linesearch",0.000107768910317355,0.2,2.15537820634709e-05,0.0431075641269418,0.01,2000,0.5,1,8,0,NA,411.595,905,1,0,0.00992666599380321,0,0,1,0,0,376
48,50123,2000,2,"poisson","fixed",0.000110385767965476,10,0.00110385767965476,2.20771535930952,0.01,2000,0.5,1,0,0,NA,40.1309999999999,6,0,1,NA,0,0,1,1,0,377
48,50123,2000,2,"poisson","linesearch",0.000110385767965476,10,0.00110385767965476,2.20771535930952,0.01,2000,0.5,1,8,0,NA,75.7829999999999,68,1,0,0.00951565538142482,2,2,0,0,0,378
48,50123,2000,2,"poisson","fixed",0.000110385767965476,5,0.00055192883982738,1.10385767965476,0.01,2000,0.5,1,0,0,NA,228.378,2000,0,0,4311.79565311627,0,0,1,1,0,379
48,50123,2000,2,"poisson","linesearch",0.000110385767965476,5,0.00055192883982738,1.10385767965476,0.01,2000,0.5,1,8,0,NA,68.5909999999999,68,1,0,0.00951565538142482,1,1,0,0,0,380
48,50123,2000,2,"poisson","fixed",0.000110385767965476,1,0.000110385767965476,0.220771535930952,0.01,2000,0.5,1,0,0,NA,55.5729999999999,175,1,0,0.009873636210634,0,0,1,1,0,381
48,50123,2000,2,"poisson","linesearch",0.000110385767965476,1,0.000110385767965476,0.220771535930952,0.01,2000,0.5,1,8,0,NA,109.476,175,1,0,0.009873636210634,0,0,1,0,0,382
48,50123,2000,2,"poisson","fixed",0.000110385767965476,0.2,2.20771535930952e-05,0.0441543071861904,0.01,2000,0.5,1,0,0,NA,124.583,889,1,0,0.00995192932372552,0,0,1,1,0,383
48,50123,2000,2,"poisson","linesearch",0.000110385767965476,0.2,2.20771535930952e-05,0.0441543071861904,0.01,2000,0.5,1,8,0,NA,450.902,889,1,0,0.00995192932372552,0,0,1,0,0,384
49,51123,2000,2,"poisson","fixed",0.000104436960074713,10,0.00104436960074713,2.08873920149426,0.01,2000,0.5,1,0,0,NA,40.771,8,0,1,NA,0,0,1,1,0,385
49,51123,2000,2,"poisson","linesearch",0.000104436960074713,10,0.00104436960074713,2.08873920149426,0.01,2000,0.5,1,8,0,NA,78.0910000000001,70,1,0,0.00943094096819344,2,2,0,0,0,386
49,51123,2000,2,"poisson","fixed",0.000104436960074713,5,0.000522184800373564,1.04436960074713,0.01,2000,0.5,1,0,0,NA,219.255,2000,0,0,3090.68325476557,0,0,1,1,0,387
49,51123,2000,2,"poisson","linesearch",0.000104436960074713,5,0.000522184800373564,1.04436960074713,0.01,2000,0.5,1,8,0,NA,69.1000000000001,70,1,0,0.00943094096819344,1,1,0,0,0,388
49,51123,2000,2,"poisson","fixed",0.000104436960074713,1,0.000104436960074713,0.208873920149426,0.01,2000,0.5,1,0,0,NA,55.7250000000001,180,1,0,0.00952959544911436,0,0,1,1,0,389
49,51123,2000,2,"poisson","linesearch",0.000104436960074713,1,0.000104436960074713,0.208873920149426,0.01,2000,0.5,1,8,0,NA,105.39,180,1,0,0.00952959544911436,0,0,1,0,0,390
49,51123,2000,2,"poisson","fixed",0.000104436960074713,0.2,2.08873920149426e-05,0.0417747840298851,0.01,2000,0.5,1,0,0,NA,123.736,909,1,0,0.00995469766942392,0,0,1,1,0,391
49,51123,2000,2,"poisson","linesearch",0.000104436960074713,0.2,2.08873920149426e-05,0.0417747840298851,0.01,2000,0.5,1,8,0,NA,472.201,909,1,0,0.00995469766942392,0,0,1,0,0,392
50,52123,2000,2,"poisson","fixed",0.000106748115609799,10,0.00106748115609799,2.13496231219597,0.01,2000,0.5,1,0,0,NA,50.6700000000001,6,0,1,NA,0,0,1,1,0,393
50,52123,2000,2,"poisson","linesearch",0.000106748115609799,10,0.00106748115609799,2.13496231219597,0.01,2000,0.5,1,8,0,NA,84.683,70,1,0,0.00937647132159248,2,2,0,0,0,394
50,52123,2000,2,"poisson","fixed",0.000106748115609799,5,0.000533740578048993,1.06748115609799,0.01,2000,0.5,1,0,0,NA,231.018,2000,0,0,4138.70034884495,0,0,1,1,0,395
50,52123,2000,2,"poisson","linesearch",0.000106748115609799,5,0.000533740578048993,1.06748115609799,0.01,2000,0.5,1,8,0,NA,78.749,70,1,0,0.00937647132159248,1,1,0,0,0,396
50,52123,2000,2,"poisson","fixed",0.000106748115609799,1,0.000106748115609799,0.213496231219597,0.01,2000,0.5,1,0,0,NA,65.6079999999999,179,1,0,0.00985760480962066,0,0,1,1,0,397
50,52123,2000,2,"poisson","linesearch",0.000106748115609799,1,0.000106748115609799,0.213496231219597,0.01,2000,0.5,1,8,0,NA,111.614,179,1,0,0.00985760480962066,0,0,1,0,0,398
50,52123,2000,2,"poisson","fixed",0.000106748115609799,0.2,2.13496231219597e-05,0.0426992462439195,0.01,2000,0.5,1,0,0,NA,130.841,907,1,0,0.00995743345406903,0,0,1,1,0,399
50,52123,2000,2,"poisson","linesearch",0.000106748115609799,0.2,2.13496231219597e-05,0.0426992462439195,0.01,2000,0.5,1,8,0,NA,454.811,907,1,0,0.00995743345406903,0,0,1,0,0,400
51,53123,2000,2,"poisson","fixed",0.000105913157541991,10,0.00105913157541991,2.11826315083981,0.01,2000,0.5,1,0,0,NA,36.703,10,0,1,NA,0,0,1,1,0,401
51,53123,2000,2,"poisson","linesearch",0.000105913157541991,10,0.00105913157541991,2.11826315083981,0.01,2000,0.5,1,8,0,NA,70.3899999999999,69,1,0,0.0091121912895073,2,2,0,0,0,402
51,53123,2000,2,"poisson","fixed",0.000105913157541991,5,0.000529565787709953,1.05913157541991,0.01,2000,0.5,1,0,0,NA,220.277,2000,0,0,1479.81764683496,0,0,1,1,0,403
51,53123,2000,2,"poisson","linesearch",0.000105913157541991,5,0.000529565787709953,1.05913157541991,0.01,2000,0.5,1,8,0,NA,66.4070000000002,69,1,0,0.0091121912895073,1,1,0,0,0,404
51,53123,2000,2,"poisson","fixed",0.000105913157541991,1,0.000105913157541991,0.211826315083981,0.01,2000,0.5,1,0,0,NA,52.1180000000004,176,1,0,0.00989286564785463,0,0,1,1,0,405
51,53123,2000,2,"poisson","linesearch",0.000105913157541991,1,0.000105913157541991,0.211826315083981,0.01,2000,0.5,1,8,0,NA,95.7689999999998,176,1,0,0.00989286564785463,0,0,1,0,0,406
51,53123,2000,2,"poisson","fixed",0.000105913157541991,0.2,2.11826315083981e-05,0.0423652630167963,0.01,2000,0.5,1,0,0,NA,114.396,893,1,0,0.0099233655005565,0,0,1,1,0,407
51,53123,2000,2,"poisson","linesearch",0.000105913157541991,0.2,2.11826315083981e-05,0.0423652630167963,0.01,2000,0.5,1,8,0,NA,430.061,893,1,0,0.0099233655005565,0,0,1,0,0,408
52,54123,2000,2,"poisson","fixed",0.000108335071315973,10,0.00108335071315973,2.16670142631946,0.01,2000,0.5,1,0,0,NA,37.819,6,0,1,NA,0,0,1,1,0,409
52,54123,2000,2,"poisson","linesearch",0.000108335071315973,10,0.00108335071315973,2.16670142631946,0.01,2000,0.5,1,8,0,NA,79.2399999999998,72,1,0,0.00977695219449051,2,2,0,0,0,410
52,54123,2000,2,"poisson","fixed",0.000108335071315973,5,0.000541675356579865,1.08335071315973,0.01,2000,0.5,1,0,0,NA,221.896,2000,0,0,4016.4007510463,0,0,1,1,0,411
52,54123,2000,2,"poisson","linesearch",0.000108335071315973,5,0.000541675356579865,1.08335071315973,0.01,2000,0.5,1,8,0,NA,75.8359999999998,72,1,0,0.00977695219449051,1,1,0,0,0,412
52,54123,2000,2,"poisson","fixed",0.000108335071315973,1,0.000108335071315973,0.216670142631946,0.01,2000,0.5,1,0,0,NA,56.4639999999999,185,1,0,0.00982262749315788,0,0,1,1,0,413
52,54123,2000,2,"poisson","linesearch",0.000108335071315973,1,0.000108335071315973,0.216670142631946,0.01,2000,0.5,1,8,0,NA,127.207,185,1,0,0.00982262749315788,0,0,1,0,0,414
52,54123,2000,2,"poisson","fixed",0.000108335071315973,0.2,2.16670142631946e-05,0.0433340285263892,0.01,2000,0.5,1,0,0,NA,124,937,1,0,0.00993777688965846,0,0,1,1,0,415
52,54123,2000,2,"poisson","linesearch",0.000108335071315973,0.2,2.16670142631946e-05,0.0433340285263892,0.01,2000,0.5,1,8,0,NA,736.861,937,1,0,0.00993777688965846,0,0,1,0,0,416
53,55123,2000,2,"poisson","fixed",0.000102220714901473,10,0.00102220714901473,2.04441429802947,0.01,2000,0.5,1,0,0,NA,52.1690000000003,12,0,1,NA,0,0,1,1,0,417
53,55123,2000,2,"poisson","linesearch",0.000102220714901473,10,0.00102220714901473,2.04441429802947,0.01,2000,0.5,1,8,0,NA,88.2069999999999,74,1,0,0.00983783721850072,2,2,0,0,0,418
53,55123,2000,2,"poisson","fixed",0.000102220714901473,5,0.000511103574507366,1.02220714901473,0.01,2000,0.5,1,0,0,NA,233.094,2000,0,0,2913.74993363247,0,0,1,1,0,419
53,55123,2000,2,"poisson","linesearch",0.000102220714901473,5,0.000511103574507366,1.02220714901473,0.01,2000,0.5,1,8,0,NA,85.0060000000003,74,1,0,0.00983783721850072,1,1,0,0,0,420
53,55123,2000,2,"poisson","fixed",0.000102220714901473,1,0.000102220714901473,0.204441429802947,0.01,2000,0.5,1,0,0,NA,71.261,190,1,0,0.00997475927001974,0,0,1,1,0,421
53,55123,2000,2,"poisson","linesearch",0.000102220714901473,1,0.000102220714901473,0.204441429802947,0.01,2000,0.5,1,8,0,NA,121.717,190,1,0,0.00997475927001974,0,0,1,0,0,422
53,55123,2000,2,"poisson","fixed",0.000102220714901473,0.2,2.04441429802947e-05,0.0408882859605893,0.01,2000,0.5,1,0,0,NA,140.291,964,1,0,0.00995436090852128,0,0,1,1,0,423
53,55123,2000,2,"poisson","linesearch",0.000102220714901473,0.2,2.04441429802947e-05,0.0408882859605893,0.01,2000,0.5,1,8,0,NA,512.634,964,1,0,0.00995436090852128,0,0,1,0,0,424
54,56123,2000,2,"poisson","fixed",0.00010652706861278,10,0.0010652706861278,2.13054137225561,0.01,2000,0.5,1,0,0,NA,36.9719999999998,7,0,1,NA,0,0,1,1,0,425
54,56123,2000,2,"poisson","linesearch",0.00010652706861278,10,0.0010652706861278,2.13054137225561,0.01,2000,0.5,1,8,0,NA,69.9059999999999,70,1,0,0.00949085416244526,2,2,0,0,0,426
54,56123,2000,2,"poisson","fixed",0.00010652706861278,5,0.000532635343063902,1.0652706861278,0.01,2000,0.5,1,0,0,NA,226.727,2000,0,0,3563.22033118602,0,0,1,1,0,427
54,56123,2000,2,"poisson","linesearch",0.00010652706861278,5,0.000532635343063902,1.0652706861278,0.01,2000,0.5,1,8,0,NA,66.096,70,1,0,0.00949085416244526,1,1,0,0,0,428
54,56123,2000,2,"poisson","fixed",0.00010652706861278,1,0.00010652706861278,0.213054137225561,0.01,2000,0.5,1,0,0,NA,52.5930000000003,180,1,0,0.00957303761823392,0,0,1,1,0,429
54,56123,2000,2,"poisson","linesearch",0.00010652706861278,1,0.00010652706861278,0.213054137225561,0.01,2000,0.5,1,8,0,NA,95.9389999999999,180,1,0,0.00957303761823392,0,0,1,0,0,430
54,56123,2000,2,"poisson","fixed",0.00010652706861278,0.2,2.13054137225561e-05,0.0426108274451122,0.01,2000,0.5,1,0,0,NA,118.85,909,1,0,0.00998857057295139,0,0,1,1,0,431
54,56123,2000,2,"poisson","linesearch",0.00010652706861278,0.2,2.13054137225561e-05,0.0426108274451122,0.01,2000,0.5,1,8,0,NA,447.346,909,1,0,0.00998857057295139,0,0,1,0,0,432
55,57123,2000,2,"poisson","fixed",0.000101251324033921,10,0.00101251324033921,2.02502648067843,0.01,2000,0.5,1,0,0,NA,38.9270000000001,9,0,1,NA,0,0,1,1,0,433
55,57123,2000,2,"poisson","linesearch",0.000101251324033921,10,0.00101251324033921,2.02502648067843,0.01,2000,0.5,1,8,0,NA,73.623,72,1,0,0.00953431527056157,2,2,0,0,0,434
55,57123,2000,2,"poisson","fixed",0.000101251324033921,5,0.000506256620169606,1.01251324033921,0.01,2000,0.5,1,0,0,NA,226.969,2000,0,0,1963.01807310267,0,0,1,1,0,435
55,57123,2000,2,"poisson","linesearch",0.000101251324033921,5,0.000506256620169606,1.01251324033921,0.01,2000,0.5,1,8,0,NA,70.6880000000001,72,1,0,0.00953431527056157,1,1,0,0,0,436
55,57123,2000,2,"poisson","fixed",0.000101251324033921,1,0.000101251324033921,0.202502648067843,0.01,2000,0.5,1,0,0,NA,55.453,185,1,0,0.00964339644658252,0,0,1,1,0,437
55,57123,2000,2,"poisson","linesearch",0.000101251324033921,1,0.000101251324033921,0.202502648067843,0.01,2000,0.5,1,8,0,NA,100.217,185,1,0,0.00964339644658252,0,0,1,0,0,438
55,57123,2000,2,"poisson","fixed",0.000101251324033921,0.2,2.02502648067843e-05,0.0405005296135685,0.01,2000,0.5,1,0,0,NA,125.147,935,1,0,0.00999696229641117,0,0,1,1,0,439
55,57123,2000,2,"poisson","linesearch",0.000101251324033921,0.2,2.02502648067843e-05,0.0405005296135685,0.01,2000,0.5,1,8,0,NA,431.981,935,1,0,0.00999696229641117,0,0,1,0,0,440
56,58123,2000,2,"poisson","fixed",0.000105246804903138,10,0.00105246804903138,2.10493609806276,0.01,2000,0.5,1,0,0,NA,36.8179999999998,10,0,1,NA,0,0,1,1,0,441
56,58123,2000,2,"poisson","linesearch",0.000105246804903138,10,0.00105246804903138,2.10493609806276,0.01,2000,0.5,1,8,0,NA,69.7280000000001,69,1,0,0.00914404191898494,2,2,0,0,0,442
56,58123,2000,2,"poisson","fixed",0.000105246804903138,5,0.00052623402451569,1.05246804903138,0.01,2000,0.5,1,0,0,NA,215.475,2000,0,0,1718.38716196881,0,0,1,1,0,443
56,58123,2000,2,"poisson","linesearch",0.000105246804903138,5,0.00052623402451569,1.05246804903138,0.01,2000,0.5,1,8,0,NA,64.2870000000003,69,1,0,0.00914404191898494,1,1,0,0,0,444
56,58123,2000,2,"poisson","fixed",0.000105246804903138,1,0.000105246804903138,0.210493609806276,0.01,2000,0.5,1,0,0,NA,52.0529999999999,177,1,0,0.00955488157498541,0,0,1,1,0,445
56,58123,2000,2,"poisson","linesearch",0.000105246804903138,1,0.000105246804903138,0.210493609806276,0.01,2000,0.5,1,8,0,NA,94.5239999999999,177,1,0,0.00955488157498541,0,0,1,0,0,446
56,58123,2000,2,"poisson","fixed",0.000105246804903138,0.2,2.10493609806276e-05,0.0420987219612552,0.01,2000,0.5,1,0,0,NA,115.081,895,1,0,0.00993419182054128,0,0,1,1,0,447
56,58123,2000,2,"poisson","linesearch",0.000105246804903138,0.2,2.10493609806276e-05,0.0420987219612552,0.01,2000,0.5,1,8,0,NA,381.104,895,1,0,0.00993419182054128,0,0,1,0,0,448
57,59123,2000,2,"poisson","fixed",0.000103976828042034,10,0.00103976828042034,2.07953656084069,0.01,2000,0.5,1,0,0,NA,38.415,8,0,1,NA,0,0,1,1,0,449
57,59123,2000,2,"poisson","linesearch",0.000103976828042034,10,0.00103976828042034,2.07953656084069,0.01,2000,0.5,1,8,0,NA,74.2400000000002,73,1,0,0.00982672414144925,2,2,0,0,0,450
57,59123,2000,2,"poisson","fixed",0.000103976828042034,5,0.000519884140210172,1.03976828042034,0.01,2000,0.5,1,0,0,NA,224.844,2000,0,0,2965.70131321641,0,0,1,1,0,451
57,59123,2000,2,"poisson","linesearch",0.000103976828042034,5,0.000519884140210172,1.03976828042034,0.01,2000,0.5,1,8,0,NA,71.828,73,1,0,0.00982672414144925,1,1,0,0,0,452
57,59123,2000,2,"poisson","fixed",0.000103976828042034,1,0.000103976828042034,0.207953656084069,0.01,2000,0.5,1,0,0,NA,55.489,188,1,0,0.00972564707657877,0,0,1,1,0,453
57,59123,2000,2,"poisson","linesearch",0.000103976828042034,1,0.000103976828042034,0.207953656084069,0.01,2000,0.5,1,8,0,NA,104.258,188,1,0,0.00972564707657877,0,0,1,0,0,454
57,59123,2000,2,"poisson","fixed",0.000103976828042034,0.2,2.07953656084069e-05,0.0415907312168138,0.01,2000,0.5,1,0,0,NA,124.854,951,1,0,0.00998300869737791,0,0,1,1,0,455
57,59123,2000,2,"poisson","linesearch",0.000103976828042034,0.2,2.07953656084069e-05,0.0415907312168138,0.01,2000,0.5,1,8,0,NA,463.702,951,1,0,0.00998300869737791,0,0,1,0,0,456
58,60123,2000,2,"poisson","fixed",0.000103798142315227,10,0.00103798142315227,2.07596284630454,0.01,2000,0.5,1,0,0,NA,37.4070000000002,8,0,1,NA,0,0,1,1,0,457
58,60123,2000,2,"poisson","linesearch",0.000103798142315227,10,0.00103798142315227,2.07596284630454,0.01,2000,0.5,1,8,0,NA,70.7249999999999,71,1,0,0.00925032654408121,2,2,0,0,0,458
58,60123,2000,2,"poisson","fixed",0.000103798142315227,5,0.000518990711576134,1.03798142315227,0.01,2000,0.5,1,0,0,NA,212.736,2000,0,0,2923.49659502194,0,0,1,1,0,459
58,60123,2000,2,"poisson","linesearch",0.000103798142315227,5,0.000518990711576134,1.03798142315227,0.01,2000,0.5,1,8,0,NA,64.739,71,1,0,0.00925032654408121,1,1,0,0,0,460
58,60123,2000,2,"poisson","fixed",0.000103798142315227,1,0.000103798142315227,0.207596284630454,0.01,2000,0.5,1,0,0,NA,52.1710000000003,181,1,0,0.00988733314414204,0,0,1,1,0,461
58,60123,2000,2,"poisson","linesearch",0.000103798142315227,1,0.000103798142315227,0.207596284630454,0.01,2000,0.5,1,8,0,NA,93.7180000000003,181,1,0,0.00988733314414204,0,0,1,0,0,462
58,60123,2000,2,"poisson","fixed",0.000103798142315227,0.2,2.07596284630454e-05,0.0415192569260908,0.01,2000,0.5,1,0,0,NA,119.35,917,1,0,0.0099564088409215,0,0,1,1,0,463
58,60123,2000,2,"poisson","linesearch",0.000103798142315227,0.2,2.07596284630454e-05,0.0415192569260908,0.01,2000,0.5,1,8,0,NA,372.485,917,1,0,0.0099564088409215,0,0,1,0,0,464
59,61123,2000,2,"poisson","fixed",0.000106626784830538,10,0.00106626784830538,2.13253569661077,0.01,2000,0.5,1,0,0,NA,37.3969999999999,7,0,1,NA,0,0,1,1,0,465
59,61123,2000,2,"poisson","linesearch",0.000106626784830538,10,0.00106626784830538,2.13253569661077,0.01,2000,0.5,1,8,0,NA,75.1529999999998,74,1,0,0.00957287663595269,2,2,0,0,0,466
59,61123,2000,2,"poisson","fixed",0.000106626784830538,5,0.000533133924152691,1.06626784830538,0.01,2000,0.5,1,0,0,NA,219.92,2000,0,0,3722.26485144168,0,0,1,1,0,467
59,61123,2000,2,"poisson","linesearch",0.000106626784830538,5,0.000533133924152691,1.06626784830538,0.01,2000,0.5,1,8,0,NA,74.2860000000001,74,1,0,0.00957287663595269,1,1,0,0,0,468
59,61123,2000,2,"poisson","fixed",0.000106626784830538,1,0.000106626784830538,0.213253569661077,0.01,2000,0.5,1,0,0,NA,55.748,190,1,0,0.00986477219148421,0,0,1,1,0,469
59,61123,2000,2,"poisson","linesearch",0.000106626784830538,1,0.000106626784830538,0.213253569661077,0.01,2000,0.5,1,8,0,NA,107.788,190,1,0,0.00986477219148421,0,0,1,0,0,470
59,61123,2000,2,"poisson","fixed",0.000106626784830538,0.2,2.13253569661077e-05,0.0426507139322153,0.01,2000,0.5,1,0,0,NA,126.654,964,1,0,0.0099216735837806,0,0,1,1,0,471
59,61123,2000,2,"poisson","linesearch",0.000106626784830538,0.2,2.13253569661077e-05,0.0426507139322153,0.01,2000,0.5,1,8,0,NA,774.627,964,1,0,0.0099216735837806,0,0,1,0,0,472
60,62123,2000,2,"poisson","fixed",0.000107019497608712,10,0.00107019497608712,2.14038995217424,0.01,2000,0.5,1,0,0,NA,38.2549999999997,9,0,1,NA,0,0,1,1,0,473
60,62123,2000,2,"poisson","linesearch",0.000107019497608712,10,0.00107019497608712,2.14038995217424,0.01,2000,0.5,1,8,0,NA,71.172,70,1,0,0.00953016317437343,2,2,0,0,0,474
60,62123,2000,2,"poisson","fixed",0.000107019497608712,5,0.000535097488043559,1.07019497608712,0.01,2000,0.5,1,0,0,NA,220.782,2000,0,0,4171.43132468036,0,0,1,1,0,475
60,62123,2000,2,"poisson","linesearch",0.000107019497608712,5,0.000535097488043559,1.07019497608712,0.01,2000,0.5,1,8,0,NA,67.8319999999999,70,1,0,0.00953016317437343,1,1,0,0,0,476
60,62123,2000,2,"poisson","fixed",0.000107019497608712,1,0.000107019497608712,0.214038995217424,0.01,2000,0.5,1,0,0,NA,57.1999999999998,180,1,0,0.00981430609439454,0,0,1,1,0,477
60,62123,2000,2,"poisson","linesearch",0.000107019497608712,1,0.000107019497608712,0.214038995217424,0.01,2000,0.5,1,8,0,NA,100.662,180,1,0,0.00981430609439454,0,0,1,0,0,478
60,62123,2000,2,"poisson","fixed",0.000107019497608712,0.2,2.14038995217424e-05,0.0428077990434847,0.01,2000,0.5,1,0,0,NA,122.161,913,1,0,0.00996131272836752,0,0,1,1,0,479
60,62123,2000,2,"poisson","linesearch",0.000107019497608712,0.2,2.14038995217424e-05,0.0428077990434847,0.01,2000,0.5,1,8,0,NA,429.656,913,1,0,0.00996131272836752,0,0,1,0,0,480
61,63123,2000,2,"poisson","fixed",0.000105877466696146,10,0.00105877466696146,2.11754933392293,0.01,2000,0.5,1,0,0,NA,38.337,8,0,1,NA,0,0,1,1,0,481
61,63123,2000,2,"poisson","linesearch",0.000105877466696146,10,0.00105877466696146,2.11754933392293,0.01,2000,0.5,1,8,0,NA,70.9810000000002,69,1,0,0.00990313259176367,2,2,0,0,0,482
61,63123,2000,2,"poisson","fixed",0.000105877466696146,5,0.000529387333480732,1.05877466696146,0.01,2000,0.5,1,0,0,NA,234.109,2000,0,0,3056.72766685067,0,0,1,1,0,483
61,63123,2000,2,"poisson","linesearch",0.000105877466696146,5,0.000529387333480732,1.05877466696146,0.01,2000,0.5,1,8,0,NA,68.4859999999999,69,1,0,0.00990313259176367,1,1,0,0,0,484
61,63123,2000,2,"poisson","fixed",0.000105877466696146,1,0.000105877466696146,0.211754933392293,0.01,2000,0.5,1,0,0,NA,54.9630000000002,178,1,0,0.00972454412478607,0,0,1,1,0,485
61,63123,2000,2,"poisson","linesearch",0.000105877466696146,1,0.000105877466696146,0.211754933392293,0.01,2000,0.5,1,8,0,NA,98.2360000000003,178,1,0,0.00972454412478607,0,0,1,0,0,486
61,63123,2000,2,"poisson","fixed",0.000105877466696146,0.2,2.11754933392293e-05,0.0423509866784585,0.01,2000,0.5,1,0,0,NA,120.496,901,1,0,0.009949391554672,0,0,1,1,0,487
61,63123,2000,2,"poisson","linesearch",0.000105877466696146,0.2,2.11754933392293e-05,0.0423509866784585,0.01,2000,0.5,1,8,0,NA,381.379,901,1,0,0.009949391554672,0,0,1,0,0,488
62,64123,2000,2,"poisson","fixed",0.000104940168613029,10,0.00104940168613029,2.09880337226059,0.01,2000,0.5,1,0,0,NA,37.6370000000002,7,0,1,NA,0,0,1,1,0,489
62,64123,2000,2,"poisson","linesearch",0.000104940168613029,10,0.00104940168613029,2.09880337226059,0.01,2000,0.5,1,8,0,NA,71.2570000000001,71,1,0,0.00942204416146664,2,2,0,0,0,490
62,64123,2000,2,"poisson","fixed",0.000104940168613029,5,0.000524700843065147,1.04940168613029,0.01,2000,0.5,1,0,0,NA,215.278,2000,0,0,4201.54011211854,0,0,1,1,0,491
62,64123,2000,2,"poisson","linesearch",0.000104940168613029,5,0.000524700843065147,1.04940168613029,0.01,2000,0.5,1,8,0,NA,65.846,71,1,0,0.00942204416146664,1,1,0,0,0,492
62,64123,2000,2,"poisson","fixed",0.000104940168613029,1,0.000104940168613029,0.209880337226059,0.01,2000,0.5,1,0,0,NA,53.0569999999998,182,1,0,0.00978502423811067,0,0,1,1,0,493
62,64123,2000,2,"poisson","linesearch",0.000104940168613029,1,0.000104940168613029,0.209880337226059,0.01,2000,0.5,1,8,0,NA,97.953,182,1,0,0.00978502423811067,0,0,1,0,0,494
62,64123,2000,2,"poisson","fixed",0.000104940168613029,0.2,2.09880337226059e-05,0.0419760674452118,0.01,2000,0.5,1,0,0,NA,118.509,922,1,0,0.00994585353788707,0,0,1,1,0,495
62,64123,2000,2,"poisson","linesearch",0.000104940168613029,0.2,2.09880337226059e-05,0.0419760674452118,0.01,2000,0.5,1,8,0,NA,469.65,922,1,0,0.00994585353788707,0,0,1,0,0,496
63,65123,2000,2,"poisson","fixed",0.00010955490593564,10,0.0010955490593564,2.19109811871279,0.01,2000,0.5,1,0,0,NA,37.9639999999999,6,0,1,NA,0,0,1,1,0,497
63,65123,2000,2,"poisson","linesearch",0.00010955490593564,10,0.0010955490593564,2.19109811871279,0.01,2000,0.5,1,8,0,NA,73.444,69,1,0,0.0087538813450192,2,2,0,0,0,498
63,65123,2000,2,"poisson","fixed",0.00010955490593564,5,0.000547774529678198,1.0955490593564,0.01,2000,0.5,1,0,0,NA,231.035,2000,0,0,3944.30152526814,0,0,1,1,0,499
63,65123,2000,2,"poisson","linesearch",0.00010955490593564,5,0.000547774529678198,1.0955490593564,0.01,2000,0.5,1,8,0,NA,70.739,69,1,0,0.0087538813450192,1,1,0,0,0,500
63,65123,2000,2,"poisson","fixed",0.00010955490593564,1,0.00010955490593564,0.219109811871279,0.01,2000,0.5,1,0,0,NA,54.3630000000003,176,1,0,0.00978370546218077,0,0,1,1,0,501
63,65123,2000,2,"poisson","linesearch",0.00010955490593564,1,0.00010955490593564,0.219109811871279,0.01,2000,0.5,1,8,0,NA,104.144,176,1,0,0.00978370546218077,0,0,1,0,0,502
63,65123,2000,2,"poisson","fixed",0.00010955490593564,0.2,2.19109811871279e-05,0.0438219623742558,0.01,2000,0.5,1,0,0,NA,120.89,893,1,0,0.00993259328149732,0,0,1,1,0,503
63,65123,2000,2,"poisson","linesearch",0.00010955490593564,0.2,2.19109811871279e-05,0.0438219623742558,0.01,2000,0.5,1,8,0,NA,465.863,893,1,0,0.00993259328149732,0,0,1,0,0,504
64,66123,2000,2,"poisson","fixed",0.000102158620918103,10,0.00102158620918103,2.04317241836206,0.01,2000,0.5,1,0,0,NA,38.442,10,0,1,NA,0,0,1,1,0,505
64,66123,2000,2,"poisson","linesearch",0.000102158620918103,10,0.00102158620918103,2.04317241836206,0.01,2000,0.5,1,8,0,NA,75.6170000000002,76,1,0,0.00920359741620813,2,2,0,0,0,506
64,66123,2000,2,"poisson","fixed",0.000102158620918103,5,0.000510793104590515,1.02158620918103,0.01,2000,0.5,1,0,0,NA,229.407,2000,0,0,2734.11076804841,0,0,1,1,0,507
64,66123,2000,2,"poisson","linesearch",0.000102158620918103,5,0.000510793104590515,1.02158620918103,0.01,2000,0.5,1,8,0,NA,72.7450000000003,76,1,0,0.00920359741620813,1,1,0,0,0,508
64,66123,2000,2,"poisson","fixed",0.000102158620918103,1,0.000102158620918103,0.204317241836206,0.01,2000,0.5,1,0,0,NA,56.6930000000002,194,1,0,0.0097192772899426,0,0,1,1,0,509
64,66123,2000,2,"poisson","linesearch",0.000102158620918103,1,0.000102158620918103,0.204317241836206,0.01,2000,0.5,1,8,0,NA,112.292,194,1,0,0.0097192772899426,0,0,1,0,0,510
64,66123,2000,2,"poisson","fixed",0.000102158620918103,0.2,2.04317241836206e-05,0.0408634483672412,0.01,2000,0.5,1,0,0,NA,131.845,981,1,0,0.00993535081670527,0,0,1,1,0,511
64,66123,2000,2,"poisson","linesearch",0.000102158620918103,0.2,2.04317241836206e-05,0.0408634483672412,0.01,2000,0.5,1,8,0,NA,542.339,981,1,0,0.00993535081670527,0,0,1,0,0,512
65,67123,2000,2,"poisson","fixed",0.000104963586689265,10,0.00104963586689265,2.09927173378531,0.01,2000,0.5,1,0,0,NA,37.3989999999999,9,0,1,NA,0,0,1,1,0,513
65,67123,2000,2,"poisson","linesearch",0.000104963586689265,10,0.00104963586689265,2.09927173378531,0.01,2000,0.5,1,8,0,NA,76.4079999999999,72,1,0,0.0094272960007622,2,2,0,0,0,514
65,67123,2000,2,"poisson","fixed",0.000104963586689265,5,0.000524817933446326,1.04963586689265,0.01,2000,0.5,1,0,0,NA,226.416,2000,0,0,3705.09289986648,0,0,1,1,0,515
65,67123,2000,2,"poisson","linesearch",0.000104963586689265,5,0.000524817933446326,1.04963586689265,0.01,2000,0.5,1,8,0,NA,73.5919999999996,72,1,0,0.0094272960007622,1,1,0,0,0,516
65,67123,2000,2,"poisson","fixed",0.000104963586689265,1,0.000104963586689265,0.209927173378531,0.01,2000,0.5,1,0,0,NA,56.9859999999999,185,1,0,0.0095733755488413,0,0,1,1,0,517
65,67123,2000,2,"poisson","linesearch",0.000104963586689265,1,0.000104963586689265,0.209927173378531,0.01,2000,0.5,1,8,0,NA,105.668,185,1,0,0.0095733755488413,0,0,1,0,0,518
65,67123,2000,2,"poisson","fixed",0.000104963586689265,0.2,2.09927173378531e-05,0.0419854346757061,0.01,2000,0.5,1,0,0,NA,122.689,935,1,0,0.0099284103633227,0,0,1,1,0,519
65,67123,2000,2,"poisson","linesearch",0.000104963586689265,0.2,2.09927173378531e-05,0.0419854346757061,0.01,2000,0.5,1,8,0,NA,419.973,935,1,0,0.0099284103633227,0,0,1,0,0,520
66,68123,2000,2,"poisson","fixed",0.000104931520155549,10,0.00104931520155549,2.09863040311097,0.01,2000,0.5,1,0,0,NA,51.884,8,0,1,NA,0,0,1,1,0,521
66,68123,2000,2,"poisson","linesearch",0.000104931520155549,10,0.00104931520155549,2.09863040311097,0.01,2000,0.5,1,8,0,NA,86.7069999999999,70,1,0,0.00961480648597103,2,2,0,0,0,522
66,68123,2000,2,"poisson","fixed",0.000104931520155549,5,0.000524657600777744,1.04931520155549,0.01,2000,0.5,1,0,0,NA,238.401,2000,0,0,3560.18063817802,0,0,1,1,0,523
66,68123,2000,2,"poisson","linesearch",0.000104931520155549,5,0.000524657600777744,1.04931520155549,0.01,2000,0.5,1,8,0,NA,81.9409999999998,70,1,0,0.00961480648597103,1,1,0,0,0,524
66,68123,2000,2,"poisson","fixed",0.000104931520155549,1,0.000104931520155549,0.209863040311097,0.01,2000,0.5,1,0,0,NA,68.8209999999999,180,1,0,0.00971754787431751,0,0,1,1,0,525
66,68123,2000,2,"poisson","linesearch",0.000104931520155549,1,0.000104931520155549,0.209863040311097,0.01,2000,0.5,1,8,0,NA,113.464,180,1,0,0.00971754787431751,0,0,1,0,0,526
66,68123,2000,2,"poisson","fixed",0.000104931520155549,0.2,2.09863040311097e-05,0.0419726080622195,0.01,2000,0.5,1,0,0,NA,136.375,911,1,0,0.00996196570472097,0,0,1,1,0,527
66,68123,2000,2,"poisson","linesearch",0.000104931520155549,0.2,2.09863040311097e-05,0.0419726080622195,0.01,2000,0.5,1,8,0,NA,416.038,911,1,0,0.00996196570472097,0,0,1,0,0,528
67,69123,2000,2,"poisson","fixed",0.000103402368261793,10,0.00103402368261793,2.06804736523586,0.01,2000,0.5,1,0,0,NA,39.4989999999998,7,0,1,NA,0,0,1,1,0,529
67,69123,2000,2,"poisson","linesearch",0.000103402368261793,10,0.00103402368261793,2.06804736523586,0.01,2000,0.5,1,8,0,NA,75.0419999999999,72,1,0,0.00939399069698539,2,2,0,0,0,530
67,69123,2000,2,"poisson","fixed",0.000103402368261793,5,0.000517011841308964,1.03402368261793,0.01,2000,0.5,1,0,0,NA,229.998,2000,0,0,2686.56725182463,0,0,1,1,0,531
67,69123,2000,2,"poisson","linesearch",0.000103402368261793,5,0.000517011841308964,1.03402368261793,0.01,2000,0.5,1,8,0,NA,72.6259999999997,72,1,0,0.00939399069698539,1,1,0,0,0,532
67,69123,2000,2,"poisson","fixed",0.000103402368261793,1,0.000103402368261793,0.206804736523586,0.01,2000,0.5,1,0,0,NA,55.152,185,1,0,0.00958761937779264,0,0,1,1,0,533
67,69123,2000,2,"poisson","linesearch",0.000103402368261793,1,0.000103402368261793,0.206804736523586,0.01,2000,0.5,1,8,0,NA,112.627,185,1,0,0.00958761937779264,0,0,1,0,0,534
67,69123,2000,2,"poisson","fixed",0.000103402368261793,0.2,2.06804736523586e-05,0.0413609473047171,0.01,2000,0.5,1,0,0,NA,125.458,935,1,0,0.00997112913585771,0,0,1,1,0,535
67,69123,2000,2,"poisson","linesearch",0.000103402368261793,0.2,2.06804736523586e-05,0.0413609473047171,0.01,2000,0.5,1,8,0,NA,465.54,935,1,0,0.00997112913585771,0,0,1,0,0,536
68,70123,2000,2,"poisson","fixed",0.000104432707089719,10,0.00104432707089719,2.08865414179438,0.01,2000,0.5,1,0,0,NA,38.614,9,0,1,NA,0,0,1,1,0,537
68,70123,2000,2,"poisson","linesearch",0.000104432707089719,10,0.00104432707089719,2.08865414179438,0.01,2000,0.5,1,8,0,NA,72.1039999999998,69,1,0,0.00980642585811997,2,2,0,0,0,538
68,70123,2000,2,"poisson","fixed",0.000104432707089719,5,0.000522163535448595,1.04432707089719,0.01,2000,0.5,1,0,0,NA,232.513,2000,0,0,1632.92823360663,0,0,1,1,0,539
68,70123,2000,2,"poisson","linesearch",0.000104432707089719,5,0.000522163535448595,1.04432707089719,0.01,2000,0.5,1,8,0,NA,67.7449999999999,69,1,0,0.00980642585811997,1,1,0,0,0,540
68,70123,2000,2,"poisson","fixed",0.000104432707089719,1,0.000104432707089719,0.208865414179438,0.01,2000,0.5,1,0,0,NA,54.252,178,1,0,0.00962576411908089,0,0,1,1,0,541
68,70123,2000,2,"poisson","linesearch",0.000104432707089719,1,0.000104432707089719,0.208865414179438,0.01,2000,0.5,1,8,0,NA,101.178,178,1,0,0.00962576411908089,0,0,1,0,0,542
68,70123,2000,2,"poisson","fixed",0.000104432707089719,0.2,2.08865414179438e-05,0.0417730828358876,0.01,2000,0.5,1,0,0,NA,121.875,900,1,0,0.00994180940037248,0,0,1,1,0,543
68,70123,2000,2,"poisson","linesearch",0.000104432707089719,0.2,2.08865414179438e-05,0.0417730828358876,0.01,2000,0.5,1,8,0,NA,380.696,900,1,0,0.00994180940037248,0,0,1,0,0,544
69,71123,2000,2,"poisson","fixed",0.000107598489043964,10,0.00107598489043964,2.15196978087928,0.01,2000,0.5,1,0,0,NA,53.0630000000001,8,0,1,NA,0,0,1,1,0,545
69,71123,2000,2,"poisson","linesearch",0.000107598489043964,10,0.00107598489043964,2.15196978087928,0.01,2000,0.5,1,8,0,NA,90.5169999999998,70,1,0,0.00934564819723738,2,2,0,0,0,546
69,71123,2000,2,"poisson","fixed",0.000107598489043964,5,0.00053799244521982,1.07598489043964,0.01,2000,0.5,1,0,0,NA,242.457,2000,0,0,3790.80329498223,0,0,1,1,0,547
69,71123,2000,2,"poisson","linesearch",0.000107598489043964,5,0.00053799244521982,1.07598489043964,0.01,2000,0.5,1,8,0,NA,83.636,70,1,0,0.00934564819723738,1,1,0,0,0,548
69,71123,2000,2,"poisson","fixed",0.000107598489043964,1,0.000107598489043964,0.215196978087928,0.01,2000,0.5,1,0,0,NA,68.7719999999999,180,1,0,0.00958291309918935,0,0,1,1,0,549
69,71123,2000,2,"poisson","linesearch",0.000107598489043964,1,0.000107598489043964,0.215196978087928,0.01,2000,0.5,1,8,0,NA,118.399,180,1,0,0.00958291309918935,0,0,1,0,0,550
69,71123,2000,2,"poisson","fixed",0.000107598489043964,0.2,2.15196978087928e-05,0.0430393956175856,0.01,2000,0.5,1,0,0,NA,140.867,911,1,0,0.00990098291898023,0,0,1,1,0,551
69,71123,2000,2,"poisson","linesearch",0.000107598489043964,0.2,2.15196978087928e-05,0.0430393956175856,0.01,2000,0.5,1,8,0,NA,401.289,911,1,0,0.00990098291898023,0,0,1,0,0,552
70,72123,2000,2,"poisson","fixed",0.000106565956457196,10,0.00106565956457196,2.13131912914392,0.01,2000,0.5,1,0,0,NA,40.2050000000004,10,0,1,NA,0,0,1,1,0,553
70,72123,2000,2,"poisson","linesearch",0.000106565956457196,10,0.00106565956457196,2.13131912914392,0.01,2000,0.5,1,8,0,NA,73.8960000000002,69,1,0,0.00949523004109798,2,2,0,0,0,554
70,72123,2000,2,"poisson","fixed",0.000106565956457196,5,0.000532829782285979,1.06565956457196,0.01,2000,0.5,1,0,0,NA,219.163,2000,0,0,1477.20225008847,0,0,1,1,0,555
70,72123,2000,2,"poisson","linesearch",0.000106565956457196,5,0.000532829782285979,1.06565956457196,0.01,2000,0.5,1,8,0,NA,67.48,69,1,0,0.00949523004109798,1,1,0,0,0,556
70,72123,2000,2,"poisson","fixed",0.000106565956457196,1,0.000106565956457196,0.213131912914392,0.01,2000,0.5,1,0,0,NA,56.3510000000001,177,1,0,0.00996059686380557,0,0,1,1,0,557
70,72123,2000,2,"poisson","linesearch",0.000106565956457196,1,0.000106565956457196,0.213131912914392,0.01,2000,0.5,1,8,0,NA,100.776,177,1,0,0.00996059686380557,0,0,1,0,0,558
70,72123,2000,2,"poisson","fixed",0.000106565956457196,0.2,2.13131912914392e-05,0.0426263825828784,0.01,2000,0.5,1,0,0,NA,123.758,899,1,0,0.00996847993229888,0,0,1,1,0,559
70,72123,2000,2,"poisson","linesearch",0.000106565956457196,0.2,2.13131912914392e-05,0.0426263825828784,0.01,2000,0.5,1,8,0,NA,383.027,899,1,0,0.00996847993229888,0,0,1,0,0,560
71,73123,2000,2,"poisson","fixed",0.000107185795625601,10,0.00107185795625601,2.14371591251202,0.01,2000,0.5,1,0,0,NA,39.1500000000001,10,0,1,NA,0,0,1,1,0,561
71,73123,2000,2,"poisson","linesearch",0.000107185795625601,10,0.00107185795625601,2.14371591251202,0.01,2000,0.5,1,8,0,NA,75.1849999999999,71,1,0,0.00932797613458471,2,2,0,0,0,562
71,73123,2000,2,"poisson","fixed",0.000107185795625601,5,0.000535928978128005,1.07185795625601,0.01,2000,0.5,1,0,0,NA,222.345,2000,0,0,3610.33012888213,0,0,1,1,0,563
71,73123,2000,2,"poisson","linesearch",0.000107185795625601,5,0.000535928978128005,1.07185795625601,0.01,2000,0.5,1,8,0,NA,69.8339999999998,71,1,0,0.00932797613458471,1,1,0,0,0,564
71,73123,2000,2,"poisson","fixed",0.000107185795625601,1,0.000107185795625601,0.214371591251202,0.01,2000,0.5,1,0,0,NA,57.529,182,1,0,0.00976776169388118,0,0,1,1,0,565
71,73123,2000,2,"poisson","linesearch",0.000107185795625601,1,0.000107185795625601,0.214371591251202,0.01,2000,0.5,1,8,0,NA,100.532,182,1,0,0.00976776169388118,0,0,1,0,0,566
71,73123,2000,2,"poisson","fixed",0.000107185795625601,0.2,2.14371591251202e-05,0.0428743182502404,0.01,2000,0.5,1,0,0,NA,126.089,922,1,0,0.00996686590171853,0,0,1,1,0,567
71,73123,2000,2,"poisson","linesearch",0.000107185795625601,0.2,2.14371591251202e-05,0.0428743182502404,0.01,2000,0.5,1,8,0,NA,427.401,922,1,0,0.00996686590171853,0,0,1,0,0,568
72,74123,2000,2,"poisson","fixed",0.000107374921512528,10,0.00107374921512528,2.14749843025055,0.01,2000,0.5,1,0,0,NA,39.3620000000001,7,0,1,NA,0,0,1,1,0,569
72,74123,2000,2,"poisson","linesearch",0.000107374921512528,10,0.00107374921512528,2.14749843025055,0.01,2000,0.5,1,8,0,NA,76.9990000000003,72,1,0,0.00891954140123313,2,2,0,0,0,570
72,74123,2000,2,"poisson","fixed",0.000107374921512528,5,0.000536874607562638,1.07374921512528,0.01,2000,0.5,1,0,0,NA,231.391,2000,0,0,3415.99924140624,0,0,1,1,0,571
72,74123,2000,2,"poisson","linesearch",0.000107374921512528,5,0.000536874607562638,1.07374921512528,0.01,2000,0.5,1,8,0,NA,69.306,72,1,0,0.00891954140123313,1,1,0,0,0,572
72,74123,2000,2,"poisson","fixed",0.000107374921512528,1,0.000107374921512528,0.214749843025055,0.01,2000,0.5,1,0,0,NA,55.6659999999997,183,1,0,0.00987712185118179,0,0,1,1,0,573
72,74123,2000,2,"poisson","linesearch",0.000107374921512528,1,0.000107374921512528,0.214749843025055,0.01,2000,0.5,1,8,0,NA,105.138,183,1,0,0.00987712185118179,0,0,1,0,0,574
72,74123,2000,2,"poisson","fixed",0.000107374921512528,0.2,2.14749843025055e-05,0.0429499686050111,0.01,2000,0.5,1,0,0,NA,124.884,927,1,0,0.00999357253849022,0,0,1,1,0,575
72,74123,2000,2,"poisson","linesearch",0.000107374921512528,0.2,2.14749843025055e-05,0.0429499686050111,0.01,2000,0.5,1,8,0,NA,523.75,927,1,0,0.00999357253849022,0,0,1,0,0,576
73,75123,2000,2,"poisson","fixed",0.00010724978912938,10,0.0010724978912938,2.1449957825876,0.01,2000,0.5,1,0,0,NA,39.5749999999998,7,0,1,NA,0,0,1,1,0,577
73,75123,2000,2,"poisson","linesearch",0.00010724978912938,10,0.0010724978912938,2.1449957825876,0.01,2000,0.5,1,8,0,NA,76.6149999999998,72,1,0,0.00998806146121561,2,2,0,0,0,578
73,75123,2000,2,"poisson","fixed",0.00010724978912938,5,0.000536248945646899,1.0724978912938,0.01,2000,0.5,1,0,0,NA,221.362,2000,0,0,3797.53425189913,0,0,1,1,0,579
73,75123,2000,2,"poisson","linesearch",0.00010724978912938,5,0.000536248945646899,1.0724978912938,0.01,2000,0.5,1,8,0,NA,71.337,72,1,0,0.00998806146121561,1,1,0,0,0,580
73,75123,2000,2,"poisson","fixed",0.00010724978912938,1,0.00010724978912938,0.21449957825876,0.01,2000,0.5,1,0,0,NA,56.4479999999999,186,1,0,0.00959112095758008,0,0,1,1,0,581
73,75123,2000,2,"poisson","linesearch",0.00010724978912938,1,0.00010724978912938,0.21449957825876,0.01,2000,0.5,1,8,0,NA,109.237,186,1,0,0.00959112095758008,0,0,1,0,0,582
73,75123,2000,2,"poisson","fixed",0.00010724978912938,0.2,2.1449957825876e-05,0.0428999156517519,0.01,2000,0.5,1,0,0,NA,125.275,939,1,0,0.00999089084796539,0,0,1,1,0,583
73,75123,2000,2,"poisson","linesearch",0.00010724978912938,0.2,2.1449957825876e-05,0.0428999156517519,0.01,2000,0.5,1,8,0,NA,561.637,939,1,0,0.00999089084796539,0,0,1,0,0,584
74,76123,2000,2,"poisson","fixed",0.00010742491639677,10,0.0010742491639677,2.1484983279354,0.01,2000,0.5,1,0,0,NA,41.299,7,0,1,NA,0,0,1,1,0,585
74,76123,2000,2,"poisson","linesearch",0.00010742491639677,10,0.0010742491639677,2.1484983279354,0.01,2000,0.5,1,8,0,NA,76.2489999999998,71,1,0,0.00953812749301438,2,2,0,0,0,586
74,76123,2000,2,"poisson","fixed",0.00010742491639677,5,0.00053712458198385,1.0742491639677,0.01,2000,0.5,1,0,0,NA,219.312,2000,0,0,3956.86725668334,0,0,1,1,0,587
74,76123,2000,2,"poisson","linesearch",0.00010742491639677,5,0.00053712458198385,1.0742491639677,0.01,2000,0.5,1,8,0,NA,70.4479999999999,71,1,0,0.00953812749301438,1,1,0,0,0,588
74,76123,2000,2,"poisson","fixed",0.00010742491639677,1,0.00010742491639677,0.21484983279354,0.01,2000,0.5,1,0,0,NA,54.2019999999998,182,1,0,0.0098473718025672,0,0,1,1,0,589
74,76123,2000,2,"poisson","linesearch",0.00010742491639677,1,0.00010742491639677,0.21484983279354,0.01,2000,0.5,1,8,0,NA,108.7,182,1,0,0.0098473718025672,0,0,1,0,0,590
74,76123,2000,2,"poisson","fixed",0.00010742491639677,0.2,2.1484983279354e-05,0.042969966558708,0.01,2000,0.5,1,0,0,NA,122.839,922,1,0,0.00997818818882769,0,0,1,1,0,591
74,76123,2000,2,"poisson","linesearch",0.00010742491639677,0.2,2.1484983279354e-05,0.042969966558708,0.01,2000,0.5,1,8,0,NA,556.928,922,1,0,0.00997818818882769,0,0,1,0,0,592
75,77123,2000,2,"poisson","fixed",0.000105961168211501,10,0.00105961168211501,2.11922336423002,0.01,2000,0.5,1,0,0,NA,37.4380000000001,9,0,1,NA,0,0,1,1,0,593
75,77123,2000,2,"poisson","linesearch",0.000105961168211501,10,0.00105961168211501,2.11922336423002,0.01,2000,0.5,1,8,0,NA,71.835,72,1,0,0.00960365108090733,2,2,0,0,0,594
75,77123,2000,2,"poisson","fixed",0.000105961168211501,5,0.000529805841057506,1.05961168211501,0.01,2000,0.5,1,0,0,NA,215.636,2000,0,0,1479.37037062655,0,0,1,1,0,595
75,77123,2000,2,"poisson","linesearch",0.000105961168211501,5,0.000529805841057506,1.05961168211501,0.01,2000,0.5,1,8,0,NA,67.1660000000002,72,1,0,0.00960365108090733,1,1,0,0,0,596
75,77123,2000,2,"poisson","fixed",0.000105961168211501,1,0.000105961168211501,0.211922336423002,0.01,2000,0.5,1,0,0,NA,53.9650000000001,185,1,0,0.00972252068141041,0,0,1,1,0,597
75,77123,2000,2,"poisson","linesearch",0.000105961168211501,1,0.000105961168211501,0.211922336423002,0.01,2000,0.5,1,8,0,NA,99.1700000000001,185,1,0,0.00972252068141041,0,0,1,0,0,598
75,77123,2000,2,"poisson","fixed",0.000105961168211501,0.2,2.11922336423002e-05,0.0423844672846005,0.01,2000,0.5,1,0,0,NA,120.46,936,1,0,0.00996841060503709,0,0,1,1,0,599
75,77123,2000,2,"poisson","linesearch",0.000105961168211501,0.2,2.11922336423002e-05,0.0423844672846005,0.01,2000,0.5,1,8,0,NA,429.776,936,1,0,0.00996841060503709,0,0,1,0,0,600
76,78123,2000,2,"poisson","fixed",0.000110037133436056,10,0.00110037133436056,2.20074266872113,0.01,2000,0.5,1,0,0,NA,35.989,7,0,1,NA,0,0,1,1,0,601
76,78123,2000,2,"poisson","linesearch",0.000110037133436056,10,0.00110037133436056,2.20074266872113,0.01,2000,0.5,1,8,0,NA,68.8379999999997,68,1,0,0.00972471518463536,2,2,0,0,0,602
76,78123,2000,2,"poisson","fixed",0.000110037133436056,5,0.000550185667180282,1.10037133436056,0.01,2000,0.5,1,0,0,NA,216.751,2000,0,0,4097.9674620862,0,0,1,1,0,603
76,78123,2000,2,"poisson","linesearch",0.000110037133436056,5,0.000550185667180282,1.10037133436056,0.01,2000,0.5,1,8,0,NA,64.797,68,1,0,0.00972471518463536,1,1,0,0,0,604
76,78123,2000,2,"poisson","fixed",0.000110037133436056,1,0.000110037133436056,0.220074266872113,0.01,2000,0.5,1,0,0,NA,51.6100000000001,175,1,0,0.00997128707281525,0,0,1,1,0,605
76,78123,2000,2,"poisson","linesearch",0.000110037133436056,1,0.000110037133436056,0.220074266872113,0.01,2000,0.5,1,8,0,NA,91.96,175,1,0,0.00997128707281525,0,0,1,0,0,606
76,78123,2000,2,"poisson","fixed",0.000110037133436056,0.2,2.20074266872113e-05,0.0440148533744226,0.01,2000,0.5,1,0,0,NA,117.427,889,1,0,0.00999736421496578,0,0,1,1,0,607
76,78123,2000,2,"poisson","linesearch",0.000110037133436056,0.2,2.20074266872113e-05,0.0440148533744226,0.01,2000,0.5,1,8,0,NA,407.353,889,1,0,0.00999736421496578,0,0,1,0,0,608
77,79123,2000,2,"poisson","fixed",0.000108542735478961,10,0.00108542735478961,2.17085470957922,0.01,2000,0.5,1,0,0,NA,35.7339999999999,6,0,1,NA,0,0,1,1,0,609
77,79123,2000,2,"poisson","linesearch",0.000108542735478961,10,0.00108542735478961,2.17085470957922,0.01,2000,0.5,1,8,0,NA,70.4479999999999,70,1,0,0.00912150899544034,2,2,0,0,0,610
77,79123,2000,2,"poisson","fixed",0.000108542735478961,5,0.000542713677394805,1.08542735478961,0.01,2000,0.5,1,0,0,NA,219.945,2000,0,0,3904.75043727963,0,0,1,1,0,611
77,79123,2000,2,"poisson","linesearch",0.000108542735478961,5,0.000542713677394805,1.08542735478961,0.01,2000,0.5,1,8,0,NA,67.078,70,1,0,0.00912150899544034,1,1,0,0,0,612
77,79123,2000,2,"poisson","fixed",0.000108542735478961,1,0.000108542735478961,0.217085470957922,0.01,2000,0.5,1,0,0,NA,52.0810000000001,179,1,0,0.00979560104336641,0,0,1,1,0,613
77,79123,2000,2,"poisson","linesearch",0.000108542735478961,1,0.000108542735478961,0.217085470957922,0.01,2000,0.5,1,8,0,NA,102.128,179,1,0,0.00979560104336641,0,0,1,0,0,614
77,79123,2000,2,"poisson","fixed",0.000108542735478961,0.2,2.17085470957922e-05,0.0434170941915844,0.01,2000,0.5,1,0,0,NA,116.959,907,1,0,0.00998990835067948,0,0,1,1,0,615
77,79123,2000,2,"poisson","linesearch",0.000108542735478961,0.2,2.17085470957922e-05,0.0434170941915844,0.01,2000,0.5,1,8,0,NA,532.557,907,1,0,0.00998990835067948,0,0,1,0,0,616
78,80123,2000,2,"poisson","fixed",0.000108118392000192,10,0.00108118392000192,2.16236784000384,0.01,2000,0.5,1,0,0,NA,36.9759999999997,6,0,1,NA,0,0,1,1,0,617
78,80123,2000,2,"poisson","linesearch",0.000108118392000192,10,0.00108118392000192,2.16236784000384,0.01,2000,0.5,1,8,0,NA,71.078,71,1,0,0.00986279270860982,2,2,0,0,0,618
78,80123,2000,2,"poisson","fixed",0.000108118392000192,5,0.00054059196000096,1.08118392000192,0.01,2000,0.5,1,0,0,NA,217.058,2000,0,0,4076.22244503622,0,0,1,1,0,619
78,80123,2000,2,"poisson","linesearch",0.000108118392000192,5,0.00054059196000096,1.08118392000192,0.01,2000,0.5,1,8,0,NA,64.6910000000003,71,1,0,0.00986279270860982,1,1,0,0,0,620
78,80123,2000,2,"poisson","fixed",0.000108118392000192,1,0.000108118392000192,0.216236784000384,0.01,2000,0.5,1,0,0,NA,51.723,183,1,0,0.00970541701089164,0,0,1,1,0,621
78,80123,2000,2,"poisson","linesearch",0.000108118392000192,1,0.000108118392000192,0.216236784000384,0.01,2000,0.5,1,8,0,NA,97.1949999999997,183,1,0,0.00970541701089164,0,0,1,0,0,622
78,80123,2000,2,"poisson","fixed",0.000108118392000192,0.2,2.16236784000384e-05,0.0432473568000768,0.01,2000,0.5,1,0,0,NA,119.115,926,1,0,0.00993019228516021,0,0,1,1,0,623
78,80123,2000,2,"poisson","linesearch",0.000108118392000192,0.2,2.16236784000384e-05,0.0432473568000768,0.01,2000,0.5,1,8,0,NA,418.984,926,1,0,0.00993019228516021,0,0,1,0,0,624
79,81123,2000,2,"poisson","fixed",0.000102990284206343,10,0.00102990284206343,2.05980568412686,0.01,2000,0.5,1,0,0,NA,37.038,10,0,1,NA,0,0,1,1,0,625
79,81123,2000,2,"poisson","linesearch",0.000102990284206343,10,0.00102990284206343,2.05980568412686,0.01,2000,0.5,1,8,0,NA,70.7440000000001,71,1,0,0.00996615744727686,2,2,0,0,0,626
79,81123,2000,2,"poisson","fixed",0.000102990284206343,5,0.000514951421031716,1.02990284206343,0.01,2000,0.5,1,0,0,NA,214.424,2000,0,0,3015.95347284768,0,0,1,1,0,627
79,81123,2000,2,"poisson","linesearch",0.000102990284206343,5,0.000514951421031716,1.02990284206343,0.01,2000,0.5,1,8,0,NA,65.1010000000001,71,1,0,0.00996615744727686,1,1,0,0,0,628
79,81123,2000,2,"poisson","fixed",0.000102990284206343,1,0.000102990284206343,0.205980568412686,0.01,2000,0.5,1,0,0,NA,52.3319999999999,183,1,0,0.00982988993033279,0,0,1,1,0,629
79,81123,2000,2,"poisson","linesearch",0.000102990284206343,1,0.000102990284206343,0.205980568412686,0.01,2000,0.5,1,8,0,NA,95.835,183,1,0,0.00982988993033279,0,0,1,0,0,630
79,81123,2000,2,"poisson","fixed",0.000102990284206343,0.2,2.05980568412686e-05,0.0411961136825373,0.01,2000,0.5,1,0,0,NA,121.811,927,1,0,0.00998449319901987,0,0,1,1,0,631
79,81123,2000,2,"poisson","linesearch",0.000102990284206343,0.2,2.05980568412686e-05,0.0411961136825373,0.01,2000,0.5,1,8,0,NA,377.627,927,1,0,0.00998449319901987,0,0,1,0,0,632
80,82123,2000,2,"poisson","fixed",0.000104278529350623,10,0.00104278529350623,2.08557058701247,0.01,2000,0.5,1,0,0,NA,38.7260000000001,10,0,1,NA,0,0,1,1,0,633
80,82123,2000,2,"poisson","linesearch",0.000104278529350623,10,0.00104278529350623,2.08557058701247,0.01,2000,0.5,1,8,0,NA,72.924,72,1,0,0.00914309482190157,2,2,0,0,0,634
80,82123,2000,2,"poisson","fixed",0.000104278529350623,5,0.000521392646753116,1.04278529350623,0.01,2000,0.5,1,0,0,NA,210.654,2000,0,0,1853.68003481414,0,0,1,1,0,635
80,82123,2000,2,"poisson","linesearch",0.000104278529350623,5,0.000521392646753116,1.04278529350623,0.01,2000,0.5,1,8,0,NA,68.6399999999999,72,1,0,0.00914309482190157,1,1,0,0,0,636
80,82123,2000,2,"poisson","fixed",0.000104278529350623,1,0.000104278529350623,0.208557058701247,0.01,2000,0.5,1,0,0,NA,54.4929999999999,183,1,0,0.00997727331035558,0,0,1,1,0,637
80,82123,2000,2,"poisson","linesearch",0.000104278529350623,1,0.000104278529350623,0.208557058701247,0.01,2000,0.5,1,8,0,NA,103.651,183,1,0,0.00997727331035558,0,0,1,0,0,638
80,82123,2000,2,"poisson","fixed",0.000104278529350623,0.2,2.08557058701247e-05,0.0417114117402493,0.01,2000,0.5,1,0,0,NA,121.754,928,1,0,0.00994634449991127,0,0,1,1,0,639
80,82123,2000,2,"poisson","linesearch",0.000104278529350623,0.2,2.08557058701247e-05,0.0417114117402493,0.01,2000,0.5,1,8,0,NA,508.56,928,1,0,0.00994634449991127,0,0,1,0,0,640
81,83123,2000,2,"poisson","fixed",0.000107158685100531,10,0.00107158685100531,2.14317370201062,0.01,2000,0.5,1,0,0,NA,36.8800000000001,6,0,1,NA,0,0,1,1,0,641
81,83123,2000,2,"poisson","linesearch",0.000107158685100531,10,0.00107158685100531,2.14317370201062,0.01,2000,0.5,1,8,0,NA,70.2950000000001,69,1,0,0.00958174468729656,2,2,0,0,0,642
81,83123,2000,2,"poisson","fixed",0.000107158685100531,5,0.000535793425502656,1.07158685100531,0.01,2000,0.5,1,0,0,NA,223.24,2000,0,0,4097.62343882503,0,0,1,1,0,643
81,83123,2000,2,"poisson","linesearch",0.000107158685100531,5,0.000535793425502656,1.07158685100531,0.01,2000,0.5,1,8,0,NA,68.3670000000002,69,1,0,0.00958174468729656,1,1,0,0,0,644
81,83123,2000,2,"poisson","fixed",0.000107158685100531,1,0.000107158685100531,0.214317370201062,0.01,2000,0.5,1,0,0,NA,54.5909999999999,178,1,0,0.00953199941910182,0,0,1,1,0,645
81,83123,2000,2,"poisson","linesearch",0.000107158685100531,1,0.000107158685100531,0.214317370201062,0.01,2000,0.5,1,8,0,NA,101.178,178,1,0,0.00953199941910182,0,0,1,0,0,646
81,83123,2000,2,"poisson","fixed",0.000107158685100531,0.2,2.14317370201062e-05,0.0428634740402125,0.01,2000,0.5,1,0,0,NA,120.664,900,1,0,0.00992793366596023,0,0,1,1,0,647
81,83123,2000,2,"poisson","linesearch",0.000107158685100531,0.2,2.14317370201062e-05,0.0428634740402125,0.01,2000,0.5,1,8,0,NA,406.302,900,1,0,0.00992793366596023,0,0,1,0,0,648
82,84123,2000,2,"poisson","fixed",0.000104517300650124,10,0.00104517300650124,2.09034601300247,0.01,2000,0.5,1,0,0,NA,38.4659999999999,7,0,1,NA,0,0,1,1,0,649
82,84123,2000,2,"poisson","linesearch",0.000104517300650124,10,0.00104517300650124,2.09034601300247,0.01,2000,0.5,1,8,0,NA,72.509,72,1,0,0.00994102144330794,2,2,0,0,0,650
82,84123,2000,2,"poisson","fixed",0.000104517300650124,5,0.000522586503250618,1.04517300650124,0.01,2000,0.5,1,0,0,NA,213.126,2000,0,0,3494.56041811684,0,0,1,1,0,651
82,84123,2000,2,"poisson","linesearch",0.000104517300650124,5,0.000522586503250618,1.04517300650124,0.01,2000,0.5,1,8,0,NA,67.116,72,1,0,0.00994102144330794,1,1,0,0,0,652
82,84123,2000,2,"poisson","fixed",0.000104517300650124,1,0.000104517300650124,0.209034601300247,0.01,2000,0.5,1,0,0,NA,55.5120000000002,186,1,0,0.00959282129551888,0,0,1,1,0,653
82,84123,2000,2,"poisson","linesearch",0.000104517300650124,1,0.000104517300650124,0.209034601300247,0.01,2000,0.5,1,8,0,NA,105.502,186,1,0,0.00959282129551888,0,0,1,0,0,654
82,84123,2000,2,"poisson","fixed",0.000104517300650124,0.2,2.09034601300247e-05,0.0418069202600494,0.01,2000,0.5,1,0,0,NA,124.161,940,1,0,0.00993837482887797,0,0,1,1,0,655
82,84123,2000,2,"poisson","linesearch",0.000104517300650124,0.2,2.09034601300247e-05,0.0418069202600494,0.01,2000,0.5,1,8,0,NA,552.222,940,1,0,0.00993837482887797,0,0,1,0,0,656
83,85123,2000,2,"poisson","fixed",0.00010688459284551,10,0.0010688459284551,2.1376918569102,0.01,2000,0.5,1,0,0,NA,51.4809999999998,9,0,1,NA,0,0,1,1,0,657
83,85123,2000,2,"poisson","linesearch",0.00010688459284551,10,0.0010688459284551,2.1376918569102,0.01,2000,0.5,1,8,0,NA,82.7649999999999,67,1,0,0.00996518703738825,2,2,0,0,0,658
83,85123,2000,2,"poisson","fixed",0.00010688459284551,5,0.00053442296422755,1.0688459284551,0.01,2000,0.5,1,0,0,NA,230.482,2000,0,0,3676.31255913916,0,0,1,1,0,659
83,85123,2000,2,"poisson","linesearch",0.00010688459284551,5,0.00053442296422755,1.0688459284551,0.01,2000,0.5,1,8,0,NA,80.7640000000001,67,1,0,0.00996518703738825,1,1,0,0,0,660
83,85123,2000,2,"poisson","fixed",0.00010688459284551,1,0.00010688459284551,0.21376918569102,0.01,2000,0.5,1,0,0,NA,68.2359999999999,173,1,0,0.00972690344759486,0,0,1,1,0,661
83,85123,2000,2,"poisson","linesearch",0.00010688459284551,1,0.00010688459284551,0.21376918569102,0.01,2000,0.5,1,8,0,NA,113.483000000001,173,1,0,0.00972690344759486,0,0,1,0,0,662
83,85123,2000,2,"poisson","fixed",0.00010688459284551,0.2,2.1376918569102e-05,0.042753837138204,0.01,2000,0.5,1,0,0,NA,131.339,876,1,0,0.00992578578255032,0,0,1,1,0,663
83,85123,2000,2,"poisson","linesearch",0.00010688459284551,0.2,2.1376918569102e-05,0.042753837138204,0.01,2000,0.5,1,8,0,NA,391.727,876,1,0,0.00992578578255032,0,0,1,0,0,664
84,86123,2000,2,"poisson","fixed",0.000109063707471728,10,0.00109063707471728,2.18127414943456,0.01,2000,0.5,1,0,0,NA,37.5,7,0,1,NA,0,0,1,1,0,665
84,86123,2000,2,"poisson","linesearch",0.000109063707471728,10,0.00109063707471728,2.18127414943456,0.01,2000,0.5,1,8,0,NA,70.8980000000001,66,1,0,0.00938388748319763,2,2,0,0,0,666
84,86123,2000,2,"poisson","fixed",0.000109063707471728,5,0.000545318537358639,1.09063707471728,0.01,2000,0.5,1,0,0,NA,213.127,2000,0,0,4040.07141184833,0,0,1,1,0,667
84,86123,2000,2,"poisson","linesearch",0.000109063707471728,5,0.000545318537358639,1.09063707471728,0.01,2000,0.5,1,8,0,NA,65.172,66,1,0,0.00938388748319763,1,1,0,0,0,668
84,86123,2000,2,"poisson","fixed",0.000109063707471728,1,0.000109063707471728,0.218127414943456,0.01,2000,0.5,1,0,0,NA,50.9319999999998,169,1,0,0.00977668919230634,0,0,1,1,0,669
84,86123,2000,2,"poisson","linesearch",0.000109063707471728,1,0.000109063707471728,0.218127414943456,0.01,2000,0.5,1,8,0,NA,96.3130000000001,169,1,0,0.00977668919230634,0,0,1,0,0,670
84,86123,2000,2,"poisson","fixed",0.000109063707471728,0.2,2.18127414943456e-05,0.0436254829886911,0.01,2000,0.5,1,0,0,NA,112.387,856,1,0,0.00991909532844615,0,0,1,1,0,671
84,86123,2000,2,"poisson","linesearch",0.000109063707471728,0.2,2.18127414943456e-05,0.0436254829886911,0.01,2000,0.5,1,8,0,NA,400.271000000001,856,1,0,0.00991909532844615,0,0,1,0,0,672
85,87123,2000,2,"poisson","fixed",0.000108237074869243,10,0.00108237074869243,2.16474149738486,0.01,2000,0.5,1,0,0,NA,51.5009999999997,7,0,1,NA,0,0,1,1,0,673
85,87123,2000,2,"poisson","linesearch",0.000108237074869243,10,0.00108237074869243,2.16474149738486,0.01,2000,0.5,1,8,0,NA,85.0889999999999,68,1,0,0.00925516076805438,2,2,0,0,0,674
85,87123,2000,2,"poisson","fixed",0.000108237074869243,5,0.000541185374346216,1.08237074869243,0.01,2000,0.5,1,0,0,NA,237.558,2000,0,0,3798.4727235585,0,0,1,1,0,675
85,87123,2000,2,"poisson","linesearch",0.000108237074869243,5,0.000541185374346216,1.08237074869243,0.01,2000,0.5,1,8,0,NA,83.0940000000001,68,1,0,0.00925516076805438,1,1,0,0,0,676
85,87123,2000,2,"poisson","fixed",0.000108237074869243,1,0.000108237074869243,0.216474149738486,0.01,2000,0.5,1,0,0,NA,69.5880000000002,174,1,0,0.00994209832548493,0,0,1,1,0,677
85,87123,2000,2,"poisson","linesearch",0.000108237074869243,1,0.000108237074869243,0.216474149738486,0.01,2000,0.5,1,8,0,NA,110.942,174,1,0,0.00994209832548493,0,0,1,0,0,678
85,87123,2000,2,"poisson","fixed",0.000108237074869243,0.2,2.16474149738486e-05,0.0432948299476972,0.01,2000,0.5,1,0,0,NA,133.04,884,1,0,0.00993688826062711,0,0,1,1,0,679
85,87123,2000,2,"poisson","linesearch",0.000108237074869243,0.2,2.16474149738486e-05,0.0432948299476972,0.01,2000,0.5,1,8,0,NA,398.976000000001,884,1,0,0.00993688826062711,0,0,1,0,0,680
86,88123,2000,2,"poisson","fixed",0.000105425418986945,10,0.00105425418986945,2.10850837973889,0.01,2000,0.5,1,0,0,NA,37.9859999999999,6,0,1,NA,0,0,1,1,0,681
86,88123,2000,2,"poisson","linesearch",0.000105425418986945,10,0.00105425418986945,2.10850837973889,0.01,2000,0.5,1,8,0,NA,69.8649999999998,70,1,0,0.00995036675573421,2,2,0,0,0,682
86,88123,2000,2,"poisson","fixed",0.000105425418986945,5,0.000527127094934723,1.05425418986945,0.01,2000,0.5,1,0,0,NA,215.863,2000,0,0,1587.80106189483,0,0,1,1,0,683
86,88123,2000,2,"poisson","linesearch",0.000105425418986945,5,0.000527127094934723,1.05425418986945,0.01,2000,0.5,1,8,0,NA,67.4029999999998,70,1,0,0.00995036675573421,1,1,0,0,0,684
86,88123,2000,2,"poisson","fixed",0.000105425418986945,1,0.000105425418986945,0.210850837973889,0.01,2000,0.5,1,0,0,NA,54.2189999999996,181,1,0,0.0096588036614927,0,0,1,1,0,685
86,88123,2000,2,"poisson","linesearch",0.000105425418986945,1,0.000105425418986945,0.210850837973889,0.01,2000,0.5,1,8,0,NA,102.02,181,1,0,0.0096588036614927,0,0,1,0,0,686
86,88123,2000,2,"poisson","fixed",0.000105425418986945,0.2,2.10850837973889e-05,0.0421701675947778,0.01,2000,0.5,1,0,0,NA,121.338,916,1,0,0.00996669261348263,0,0,1,1,0,687
86,88123,2000,2,"poisson","linesearch",0.000105425418986945,0.2,2.10850837973889e-05,0.0421701675947778,0.01,2000,0.5,1,8,0,NA,377.340999999999,916,1,0,0.00996669261348263,0,0,1,0,0,688
87,89123,2000,2,"poisson","fixed",0.000109619536311111,10,0.00109619536311111,2.19239072622222,0.01,2000,0.5,1,0,0,NA,37.0819999999999,7,0,1,NA,0,0,1,1,0,689
87,89123,2000,2,"poisson","linesearch",0.000109619536311111,10,0.00109619536311111,2.19239072622222,0.01,2000,0.5,1,8,0,NA,70.181,68,1,0,0.00905909983439024,2,2,0,0,0,690
87,89123,2000,2,"poisson","fixed",0.000109619536311111,5,0.000548097681555554,1.09619536311111,0.01,2000,0.5,1,0,0,NA,225.13,2000,0,0,3645.87104529245,0,0,1,1,0,691
87,89123,2000,2,"poisson","linesearch",0.000109619536311111,5,0.000548097681555554,1.09619536311111,0.01,2000,0.5,1,8,0,NA,69.674,68,1,0,0.00905909983439024,1,1,0,0,0,692
87,89123,2000,2,"poisson","fixed",0.000109619536311111,1,0.000109619536311111,0.219239072622222,0.01,2000,0.5,1,0,0,NA,54.7800000000002,174,1,0,0.00962336916094077,0,0,1,1,0,693
87,89123,2000,2,"poisson","linesearch",0.000109619536311111,1,0.000109619536311111,0.219239072622222,0.01,2000,0.5,1,8,0,NA,96.8809999999999,174,1,0,0.00962336916094077,0,0,1,0,0,694
87,89123,2000,2,"poisson","fixed",0.000109619536311111,0.2,2.19239072622222e-05,0.0438478145244443,0.01,2000,0.5,1,0,0,NA,119.255,880,1,0,0.00995539555771989,0,0,1,1,0,695
87,89123,2000,2,"poisson","linesearch",0.000109619536311111,0.2,2.19239072622222e-05,0.0438478145244443,0.01,2000,0.5,1,8,0,NA,386.671,880,1,0,0.00995539555771989,0,0,1,0,0,696
88,90123,2000,2,"poisson","fixed",0.000108639910410274,10,0.00108639910410274,2.17279820820548,0.01,2000,0.5,1,0,0,NA,38.576,8,0,1,NA,0,0,1,1,0,697
88,90123,2000,2,"poisson","linesearch",0.000108639910410274,10,0.00108639910410274,2.17279820820548,0.01,2000,0.5,1,8,0,NA,76.5509999999999,73,1,0,0.00953187341619427,2,2,0,0,0,698
88,90123,2000,2,"poisson","fixed",0.000108639910410274,5,0.00054319955205137,1.08639910410274,0.01,2000,0.5,1,0,0,NA,219.162,2000,0,0,3829.77632576874,0,0,1,1,0,699
88,90123,2000,2,"poisson","linesearch",0.000108639910410274,5,0.00054319955205137,1.08639910410274,0.01,2000,0.5,1,8,0,NA,72.748,73,1,0,0.00953187341619427,1,1,0,0,0,700
88,90123,2000,2,"poisson","fixed",0.000108639910410274,1,0.000108639910410274,0.217279820820548,0.01,2000,0.5,1,0,0,NA,56.0709999999999,187,1,0,0.00998484804968069,0,0,1,1,0,701
88,90123,2000,2,"poisson","linesearch",0.000108639910410274,1,0.000108639910410274,0.217279820820548,0.01,2000,0.5,1,8,0,NA,107.204,187,1,0,0.00998484804968069,0,0,1,0,0,702
88,90123,2000,2,"poisson","fixed",0.000108639910410274,0.2,2.17279820820548e-05,0.0434559641641096,0.01,2000,0.5,1,0,0,NA,125.022,949,1,0,0.00999952569981183,0,0,1,1,0,703
88,90123,2000,2,"poisson","linesearch",0.000108639910410274,0.2,2.17279820820548e-05,0.0434559641641096,0.01,2000,0.5,1,8,0,NA,535.374,949,1,0,0.00999952569981183,0,0,1,0,0,704
89,91123,2000,2,"poisson","fixed",0.000108542871125655,10,0.00108542871125655,2.1708574225131,0.01,2000,0.5,1,0,0,NA,51.0799999999999,6,0,1,NA,0,0,1,1,0,705
89,91123,2000,2,"poisson","linesearch",0.000108542871125655,10,0.00108542871125655,2.1708574225131,0.01,2000,0.5,1,8,0,NA,86.9540000000002,70,1,0,0.00977778869814003,2,2,0,0,0,706
89,91123,2000,2,"poisson","fixed",0.000108542871125655,5,0.000542714355628276,1.08542871125655,0.01,2000,0.5,1,0,0,NA,245.04,2000,0,0,3819.10587168171,0,0,1,1,0,707
89,91123,2000,2,"poisson","linesearch",0.000108542871125655,5,0.000542714355628276,1.08542871125655,0.01,2000,0.5,1,8,0,NA,84.3340000000003,70,1,0,0.00977778869814003,1,1,0,0,0,708
89,91123,2000,2,"poisson","fixed",0.000108542871125655,1,0.000108542871125655,0.21708574225131,0.01,2000,0.5,1,0,0,NA,67.752,180,1,0,0.00981328189544189,0,0,1,1,0,709
89,91123,2000,2,"poisson","linesearch",0.000108542871125655,1,0.000108542871125655,0.21708574225131,0.01,2000,0.5,1,8,0,NA,115.513999999999,180,1,0,0.00981328189544189,0,0,1,0,0,710
89,91123,2000,2,"poisson","fixed",0.000108542871125655,0.2,2.1708574225131e-05,0.0434171484502621,0.01,2000,0.5,1,0,0,NA,135.8,912,1,0,0.00992579914556133,0,0,1,1,0,711
89,91123,2000,2,"poisson","linesearch",0.000108542871125655,0.2,2.1708574225131e-05,0.0434171484502621,0.01,2000,0.5,1,8,0,NA,460.612,912,1,0,0.00992579914556133,0,0,1,0,0,712
90,92123,2000,2,"poisson","fixed",0.000109697735597713,10,0.00109697735597713,2.19395471195426,0.01,2000,0.5,1,0,0,NA,37.5279999999998,8,0,1,NA,0,0,1,1,0,713
90,92123,2000,2,"poisson","linesearch",0.000109697735597713,10,0.00109697735597713,2.19395471195426,0.01,2000,0.5,1,8,0,NA,74.069,67,1,0,0.00884785863265791,2,2,0,0,0,714
90,92123,2000,2,"poisson","fixed",0.000109697735597713,5,0.000548488677988565,1.09697735597713,0.01,2000,0.5,1,0,0,NA,233.582,2000,0,0,3573.00980381471,0,0,1,1,0,715
90,92123,2000,2,"poisson","linesearch",0.000109697735597713,5,0.000548488677988565,1.09697735597713,0.01,2000,0.5,1,8,0,NA,71.558,67,1,0,0.00884785863265791,1,1,0,0,0,716
90,92123,2000,2,"poisson","fixed",0.000109697735597713,1,0.000109697735597713,0.219395471195426,0.01,2000,0.5,1,0,0,NA,55.127,171,1,0,0.00955920589461501,0,0,1,1,0,717
90,92123,2000,2,"poisson","linesearch",0.000109697735597713,1,0.000109697735597713,0.219395471195426,0.01,2000,0.5,1,8,0,NA,107.701,171,1,0,0.00955920589461501,0,0,1,0,0,718
90,92123,2000,2,"poisson","fixed",0.000109697735597713,0.2,2.19395471195426e-05,0.0438790942390852,0.01,2000,0.5,1,0,0,NA,117.938999999999,864,1,0,0.00993985183644042,0,0,1,1,0,719
90,92123,2000,2,"poisson","linesearch",0.000109697735597713,0.2,2.19395471195426e-05,0.0438790942390852,0.01,2000,0.5,1,8,0,NA,383.123,864,1,0,0.00993985183644042,0,0,1,0,0,720
91,93123,2000,2,"poisson","fixed",0.000104222651665832,10,0.00104222651665832,2.08445303331663,0.01,2000,0.5,1,0,0,NA,39.127,10,0,1,NA,0,0,1,1,0,721
91,93123,2000,2,"poisson","linesearch",0.000104222651665832,10,0.00104222651665832,2.08445303331663,0.01,2000,0.5,1,8,0,NA,73.4570000000003,69,1,0,0.00981814588991734,2,2,0,0,0,722
91,93123,2000,2,"poisson","fixed",0.000104222651665832,5,0.000521113258329158,1.04222651665832,0.01,2000,0.5,1,0,0,NA,223.437,2000,0,0,2630.09738175747,0,0,1,1,0,723
91,93123,2000,2,"poisson","linesearch",0.000104222651665832,5,0.000521113258329158,1.04222651665832,0.01,2000,0.5,1,8,0,NA,69.3020000000001,69,1,0,0.00981814588991734,1,1,0,0,0,724
91,93123,2000,2,"poisson","fixed",0.000104222651665832,1,0.000104222651665832,0.208445303331663,0.01,2000,0.5,1,0,0,NA,55.982,178,1,0,0.00960841651707772,0,0,1,1,0,725
91,93123,2000,2,"poisson","linesearch",0.000104222651665832,1,0.000104222651665832,0.208445303331663,0.01,2000,0.5,1,8,0,NA,104.608,178,1,0,0.00960841651707772,0,0,1,0,0,726
91,93123,2000,2,"poisson","fixed",0.000104222651665832,0.2,2.08445303331663e-05,0.0416890606663326,0.01,2000,0.5,1,0,0,NA,122.172,900,1,0,0.00993505801107841,0,0,1,1,0,727
91,93123,2000,2,"poisson","linesearch",0.000104222651665832,0.2,2.08445303331663e-05,0.0416890606663326,0.01,2000,0.5,1,8,0,NA,356.79,900,1,0,0.00993505801107841,0,0,1,0,0,728
92,94123,2000,2,"poisson","fixed",0.000106516288889261,10,0.00106516288889261,2.13032577778522,0.01,2000,0.5,1,0,0,NA,38.4059999999999,7,0,1,NA,0,0,1,1,0,729
92,94123,2000,2,"poisson","linesearch",0.000106516288889261,10,0.00106516288889261,2.13032577778522,0.01,2000,0.5,1,8,0,NA,75.4369999999999,70,1,0,0.00988864652227046,2,2,0,0,0,730
92,94123,2000,2,"poisson","fixed",0.000106516288889261,5,0.000532581444446304,1.06516288889261,0.01,2000,0.5,1,0,0,NA,229.994,2000,0,0,4252.4274587908,0,0,1,1,0,731
92,94123,2000,2,"poisson","linesearch",0.000106516288889261,5,0.000532581444446304,1.06516288889261,0.01,2000,0.5,1,8,0,NA,68.9659999999999,70,1,0,0.00988864652227046,1,1,0,0,0,732
92,94123,2000,2,"poisson","fixed",0.000106516288889261,1,0.000106516288889261,0.213032577778522,0.01,2000,0.5,1,0,0,NA,56.1670000000004,180,1,0,0.00991633920758271,0,0,1,1,0,733
92,94123,2000,2,"poisson","linesearch",0.000106516288889261,1,0.000106516288889261,0.213032577778522,0.01,2000,0.5,1,8,0,NA,102.052000000001,180,1,0,0.00991633920758271,0,0,1,0,0,734
92,94123,2000,2,"poisson","fixed",0.000106516288889261,0.2,2.13032577778522e-05,0.0426065155557043,0.01,2000,0.5,1,0,0,NA,126.117,913,1,0,0.00997975849448487,0,0,1,1,0,735
92,94123,2000,2,"poisson","linesearch",0.000106516288889261,0.2,2.13032577778522e-05,0.0426065155557043,0.01,2000,0.5,1,8,0,NA,393.144,913,1,0,0.00997975849448487,0,0,1,0,0,736
93,95123,2000,2,"poisson","fixed",0.00010883490201014,10,0.0010883490201014,2.17669804020279,0.01,2000,0.5,1,0,0,NA,38.0450000000001,7,0,1,NA,0,0,1,1,0,737
93,95123,2000,2,"poisson","linesearch",0.00010883490201014,10,0.0010883490201014,2.17669804020279,0.01,2000,0.5,1,8,0,NA,70.7309999999998,68,1,0,0.00951890338879413,2,2,0,0,0,738
93,95123,2000,2,"poisson","fixed",0.00010883490201014,5,0.000544174510050698,1.0883490201014,0.01,2000,0.5,1,0,0,NA,224.527,2000,0,0,3662.02090408331,0,0,1,1,0,739
93,95123,2000,2,"poisson","linesearch",0.00010883490201014,5,0.000544174510050698,1.0883490201014,0.01,2000,0.5,1,8,0,NA,67.9769999999999,68,1,0,0.00951890338879413,1,1,0,0,0,740
93,95123,2000,2,"poisson","fixed",0.00010883490201014,1,0.00010883490201014,0.217669804020279,0.01,2000,0.5,1,0,0,NA,55.0200000000004,175,1,0,0.00953212389611585,0,0,1,1,0,741
93,95123,2000,2,"poisson","linesearch",0.00010883490201014,1,0.00010883490201014,0.217669804020279,0.01,2000,0.5,1,8,0,NA,98.2129999999997,175,1,0,0.00953212389611585,0,0,1,0,0,742
93,95123,2000,2,"poisson","fixed",0.00010883490201014,0.2,2.17669804020279e-05,0.0435339608040559,0.01,2000,0.5,1,0,0,NA,119.072,884,1,0,0.00990980444360806,0,0,1,1,0,743
93,95123,2000,2,"poisson","linesearch",0.00010883490201014,0.2,2.17669804020279e-05,0.0435339608040559,0.01,2000,0.5,1,8,0,NA,399.912,884,1,0,0.00990980444360806,0,0,1,0,0,744
94,96123,2000,2,"poisson","fixed",0.000109024050678791,10,0.00109024050678791,2.18048101357581,0.01,2000,0.5,1,0,0,NA,40.2550000000001,10,0,1,NA,0,0,1,1,0,745
94,96123,2000,2,"poisson","linesearch",0.000109024050678791,10,0.00109024050678791,2.18048101357581,0.01,2000,0.5,1,8,0,NA,73.9830000000002,67,1,0,0.00985529533900714,2,2,0,0,0,746
94,96123,2000,2,"poisson","fixed",0.000109024050678791,5,0.000545120253393953,1.09024050678791,0.01,2000,0.5,1,0,0,NA,228.973,2000,0,0,3783.6113193116,0,0,1,1,0,747
94,96123,2000,2,"poisson","linesearch",0.000109024050678791,5,0.000545120253393953,1.09024050678791,0.01,2000,0.5,1,8,0,NA,68.451,67,1,0,0.00985529533900714,1,1,0,0,0,748
94,96123,2000,2,"poisson","fixed",0.000109024050678791,1,0.000109024050678791,0.218048101357581,0.01,2000,0.5,1,0,0,NA,55.2860000000001,173,1,0,0.00980884814267644,0,0,1,1,0,749
94,96123,2000,2,"poisson","linesearch",0.000109024050678791,1,0.000109024050678791,0.218048101357581,0.01,2000,0.5,1,8,0,NA,99.4290000000001,173,1,0,0.00980884814267644,0,0,1,0,0,750
94,96123,2000,2,"poisson","fixed",0.000109024050678791,0.2,2.18048101357581e-05,0.0436096202715162,0.01,2000,0.5,1,0,0,NA,123.114,878,1,0,0.00994238946830819,0,0,1,1,0,751
94,96123,2000,2,"poisson","linesearch",0.000109024050678791,0.2,2.18048101357581e-05,0.0436096202715162,0.01,2000,0.5,1,8,0,NA,400.487,878,1,0,0.00994238946830819,0,0,1,0,0,752
95,97123,2000,2,"poisson","fixed",0.000108877173549991,10,0.00108877173549991,2.17754347099983,0.01,2000,0.5,1,0,0,NA,53.0410000000002,6,0,1,NA,0,0,1,1,0,753
95,97123,2000,2,"poisson","linesearch",0.000108877173549991,10,0.00108877173549991,2.17754347099983,0.01,2000,0.5,1,8,0,NA,86.1929999999998,68,1,0,0.00878669278168106,2,2,0,0,0,754
95,97123,2000,2,"poisson","fixed",0.000108877173549991,5,0.000544385867749957,1.08877173549991,0.01,2000,0.5,1,0,0,NA,238.124,2000,0,0,3828.53958799472,0,0,1,1,0,755
95,97123,2000,2,"poisson","linesearch",0.000108877173549991,5,0.000544385867749957,1.08877173549991,0.01,2000,0.5,1,8,0,NA,80.5740000000001,68,1,0,0.00878669278168106,1,1,0,0,0,756
95,97123,2000,2,"poisson","fixed",0.000108877173549991,1,0.000108877173549991,0.217754347099983,0.01,2000,0.5,1,0,0,NA,70.2480000000005,174,1,0,0.00950837385633991,0,0,1,1,0,757
95,97123,2000,2,"poisson","linesearch",0.000108877173549991,1,0.000108877173549991,0.217754347099983,0.01,2000,0.5,1,8,0,NA,113.893,174,1,0,0.00950837385633991,0,0,1,0,0,758
95,97123,2000,2,"poisson","fixed",0.000108877173549991,0.2,2.17754347099983e-05,0.0435508694199966,0.01,2000,0.5,1,0,0,NA,128.986,880,1,0,0.0099270255613037,0,0,1,1,0,759
95,97123,2000,2,"poisson","linesearch",0.000108877173549991,0.2,2.17754347099983e-05,0.0435508694199966,0.01,2000,0.5,1,8,0,NA,351.73,880,1,0,0.0099270255613037,0,0,1,0,0,760
96,98123,2000,2,"poisson","fixed",0.000108638013521483,10,0.00108638013521483,2.17276027042966,0.01,2000,0.5,1,0,0,NA,53.4119999999998,6,0,1,NA,0,0,1,1,0,761
96,98123,2000,2,"poisson","linesearch",0.000108638013521483,10,0.00108638013521483,2.17276027042966,0.01,2000,0.5,1,8,0,NA,90.1190000000001,70,1,0,0.00988427384031487,2,2,0,0,0,762
96,98123,2000,2,"poisson","fixed",0.000108638013521483,5,0.000543190067607414,1.08638013521483,0.01,2000,0.5,1,0,0,NA,236.622,2000,0,0,3693.1391904136,0,0,1,1,0,763
96,98123,2000,2,"poisson","linesearch",0.000108638013521483,5,0.000543190067607414,1.08638013521483,0.01,2000,0.5,1,8,0,NA,84.2730000000001,70,1,0,0.00988427384031487,1,1,0,0,0,764
96,98123,2000,2,"poisson","fixed",0.000108638013521483,1,0.000108638013521483,0.217276027042966,0.01,2000,0.5,1,0,0,NA,69.7929999999997,180,1,0,0.00992346969519109,0,0,1,1,0,765
96,98123,2000,2,"poisson","linesearch",0.000108638013521483,1,0.000108638013521483,0.217276027042966,0.01,2000,0.5,1,8,0,NA,127.381,180,1,0,0.00992346969519109,0,0,1,0,0,766
96,98123,2000,2,"poisson","fixed",0.000108638013521483,0.2,2.17276027042966e-05,0.0434552054085931,0.01,2000,0.5,1,0,0,NA,133.633,913,1,0,0.00994610999788659,0,0,1,1,0,767
96,98123,2000,2,"poisson","linesearch",0.000108638013521483,0.2,2.17276027042966e-05,0.0434552054085931,0.01,2000,0.5,1,8,0,NA,430.07,913,1,0,0.00994610999788659,0,0,1,0,0,768
97,99123,2000,2,"poisson","fixed",0.000105073457327647,10,0.00105073457327647,2.10146914655294,0.01,2000,0.5,1,0,0,NA,37.6820000000002,7,0,1,NA,0,0,1,1,0,769
97,99123,2000,2,"poisson","linesearch",0.000105073457327647,10,0.00105073457327647,2.10146914655294,0.01,2000,0.5,1,8,0,NA,70.3150000000001,70,1,0,0.0096582801020571,2,2,0,0,0,770
97,99123,2000,2,"poisson","fixed",0.000105073457327647,5,0.000525367286638236,1.05073457327647,0.01,2000,0.5,1,0,0,NA,215.677,2000,0,0,1491.74263327766,0,0,1,1,0,771
97,99123,2000,2,"poisson","linesearch",0.000105073457327647,5,0.000525367286638236,1.05073457327647,0.01,2000,0.5,1,8,0,NA,65.9690000000005,70,1,0,0.0096582801020571,1,1,0,0,0,772
97,99123,2000,2,"poisson","fixed",0.000105073457327647,1,0.000105073457327647,0.210146914655294,0.01,2000,0.5,1,0,0,NA,52.4859999999999,180,1,0,0.00962743631213858,0,0,1,1,0,773
97,99123,2000,2,"poisson","linesearch",0.000105073457327647,1,0.000105073457327647,0.210146914655294,0.01,2000,0.5,1,8,0,NA,96.9900000000007,180,1,0,0.00962743631213858,0,0,1,0,0,774
97,99123,2000,2,"poisson","fixed",0.000105073457327647,0.2,2.10146914655294e-05,0.0420293829310589,0.01,2000,0.5,1,0,0,NA,114.504,909,1,0,0.00997142272351559,0,0,1,1,0,775
97,99123,2000,2,"poisson","linesearch",0.000105073457327647,0.2,2.10146914655294e-05,0.0420293829310589,0.01,2000,0.5,1,8,0,NA,403.873000000001,909,1,0,0.00997142272351559,0,0,1,0,0,776
98,100123,2000,2,"poisson","fixed",0.000103764485700796,10,0.00103764485700796,2.07528971401592,0.01,2000,0.5,1,0,0,NA,39.2370000000001,6,0,1,NA,0,0,1,1,0,777
98,100123,2000,2,"poisson","linesearch",0.000103764485700796,10,0.00103764485700796,2.07528971401592,0.01,2000,0.5,1,8,0,NA,90.5989999999997,81,1,0,0.00947788446908618,2,2,0,0,0,778
98,100123,2000,2,"poisson","fixed",0.000103764485700796,5,0.000518822428503981,1.03764485700796,0.01,2000,0.5,1,0,0,NA,221.974,2000,0,0,1542.73866891137,0,0,1,1,0,779
98,100123,2000,2,"poisson","linesearch",0.000103764485700796,5,0.000518822428503981,1.03764485700796,0.01,2000,0.5,1,8,0,NA,84.527,81,1,0,0.00947788446908618,1,1,0,0,0,780
98,100123,2000,2,"poisson","fixed",0.000103764485700796,1,0.000103764485700796,0.207528971401592,0.01,2000,0.5,1,0,0,NA,57.9490000000005,208,1,0,0.00960183565089522,0,0,1,1,0,781
98,100123,2000,2,"poisson","linesearch",0.000103764485700796,1,0.000103764485700796,0.207528971401592,0.01,2000,0.5,1,8,0,NA,155.259,208,1,0,0.00960183565089522,0,0,1,0,0,782
98,100123,2000,2,"poisson","fixed",0.000103764485700796,0.2,2.07528971401592e-05,0.0415057942803185,0.01,2000,0.5,1,0,0,NA,128.329,1051,1,0,0.00995876129385567,0,0,1,1,0,783
98,100123,2000,2,"poisson","linesearch",0.000103764485700796,0.2,2.07528971401592e-05,0.0415057942803185,0.01,2000,0.5,1,8,0,NA,1008.575,1051,1,0,0.00995876129385567,0,0,1,0,0,784
99,101123,2000,2,"poisson","fixed",0.000107461950721729,10,0.00107461950721729,2.14923901443457,0.01,2000,0.5,1,0,0,NA,39.5430000000001,9,0,1,NA,0,0,1,1,0,785
99,101123,2000,2,"poisson","linesearch",0.000107461950721729,10,0.00107461950721729,2.14923901443457,0.01,2000,0.5,1,8,0,NA,75.087,69,1,0,0.00917314224883731,2,2,0,0,0,786
99,101123,2000,2,"poisson","fixed",0.000107461950721729,5,0.000537309753608644,1.07461950721729,0.01,2000,0.5,1,0,0,NA,230.445,2000,0,0,3802.17413520442,0,0,1,1,0,787
99,101123,2000,2,"poisson","linesearch",0.000107461950721729,5,0.000537309753608644,1.07461950721729,0.01,2000,0.5,1,8,0,NA,71.1270000000004,69,1,0,0.00917314224883731,1,1,0,0,0,788
99,101123,2000,2,"poisson","fixed",0.000107461950721729,1,0.000107461950721729,0.214923901443457,0.01,2000,0.5,1,0,0,NA,55.9069999999992,177,1,0,0.00973867608457673,0,0,1,1,0,789
99,101123,2000,2,"poisson","linesearch",0.000107461950721729,1,0.000107461950721729,0.214923901443457,0.01,2000,0.5,1,8,0,NA,104.724,177,1,0,0.00973867608457673,0,0,1,0,0,790
99,101123,2000,2,"poisson","fixed",0.000107461950721729,0.2,2.14923901443458e-05,0.0429847802886915,0.01,2000,0.5,1,0,0,NA,113.905,898,1,0,0.00989941149851314,0,0,1,1,0,791
99,101123,2000,2,"poisson","linesearch",0.000107461950721729,0.2,2.14923901443458e-05,0.0429847802886915,0.01,2000,0.5,1,8,0,NA,382.005999999999,898,1,0,0.00989941149851314,0,0,1,0,0,792
100,102123,2000,2,"poisson","fixed",0.000107505694246777,10,0.00107505694246777,2.15011388493554,0.01,2000,0.5,1,0,0,NA,41.9059999999999,9,0,1,NA,0,0,1,1,0,793
100,102123,2000,2,"poisson","linesearch",0.000107505694246777,10,0.00107505694246777,2.15011388493554,0.01,2000,0.5,1,8,0,NA,74.6080000000002,68,1,0,0.00909983619673942,2,2,0,0,0,794
100,102123,2000,2,"poisson","fixed",0.000107505694246777,5,0.000537528471233886,1.07505694246777,0.01,2000,0.5,1,0,0,NA,226.765,2000,0,0,3599.67410588722,0,0,1,1,0,795
100,102123,2000,2,"poisson","linesearch",0.000107505694246777,5,0.000537528471233886,1.07505694246777,0.01,2000,0.5,1,8,0,NA,67.7179999999998,68,1,0,0.00909983619673942,1,1,0,0,0,796
100,102123,2000,2,"poisson","fixed",0.000107505694246777,1,0.000107505694246777,0.215011388493554,0.01,2000,0.5,1,0,0,NA,54.6840000000002,174,1,0,0.00978491165156719,0,0,1,1,0,797
100,102123,2000,2,"poisson","linesearch",0.000107505694246777,1,0.000107505694246777,0.215011388493554,0.01,2000,0.5,1,8,0,NA,94.2290000000003,174,1,0,0.00978491165156719,0,0,1,0,0,798
100,102123,2000,2,"poisson","fixed",0.000107505694246777,0.2,2.15011388493554e-05,0.0430022776987108,0.01,2000,0.5,1,0,0,NA,114.895,882,1,0,0.00998046330199191,0,0,1,1,0,799
100,102123,2000,2,"poisson","linesearch",0.000107505694246777,0.2,2.15011388493554e-05,0.0430022776987108,0.01,2000,0.5,1,8,0,NA,360.806,882,1,0,0.00998046330199191,0,0,1,0,0,800
