"rep","seed","n","k","family","method","eta0","eta_mult","eta_init","eta_times_n","eps_grad","max_gd_steps","beta_ls","c_ls","Rprime","error","error_message","elapsed_sec","num_of_steps","converged","exploded","score_Y_max_abs","bt_mean","bt_max","bt_frac0","bt_frac_hit_cap","ls_fail_frac","record_id"
1,3123,1000,2,"gaussian","fixed",5e-04,10,0.005,5,0.01,2000,0.5,1,0,0,NA,4.646,13,0,1,NA,0,0,1,1,0,1
1,3123,1000,2,"gaussian","linesearch",5e-04,10,0.005,5,0.01,2000,0.5,1,7,0,NA,11.313,58,1,0,0.00996775444950457,3,3,0,0,0,2
1,3123,1000,2,"gaussian","fixed",5e-04,5,0.0025,2.5,0.01,2000,0.5,1,0,0,NA,4.567,18,0,1,NA,0,0,1,1,0,3
1,3123,1000,2,"gaussian","linesearch",5e-04,5,0.0025,2.5,0.01,2000,0.5,1,7,0,NA,10.26,58,1,0,0.00996775444950457,2,2,0,0,0,4
1,3123,1000,2,"gaussian","fixed",5e-04,1,5e-04,0.5,0.01,2000,0.5,1,0,0,NA,5.371,74,1,0,0.00921792707516753,0,0,1,1,0,5
1,3123,1000,2,"gaussian","linesearch",5e-04,1,5e-04,0.5,0.01,2000,0.5,1,7,0,NA,8.845,74,1,0,0.00921792707516753,0,0,1,0,0,6
1,3123,1000,2,"gaussian","fixed",5e-04,0.2,1e-04,0.1,0.01,2000,0.5,1,0,0,NA,10.12,379,1,0,0.00999778889454256,0,0,1,1,0,7
1,3123,1000,2,"gaussian","linesearch",5e-04,0.2,1e-04,0.1,0.01,2000,0.5,1,7,0,NA,33.702,379,1,0,0.00999778889454256,0,0,1,0,0,8
2,4123,1000,2,"gaussian","fixed",5e-04,10,0.005,5,0.01,2000,0.5,1,0,0,NA,4.622,13,0,1,NA,0,0,1,1,0,9
2,4123,1000,2,"gaussian","linesearch",5e-04,10,0.005,5,0.01,2000,0.5,1,7,0,NA,11.025,59,1,0,0.00910865880835798,3,3,0,0,0,10
2,4123,1000,2,"gaussian","fixed",5e-04,5,0.0025,2.5,0.01,2000,0.5,1,0,0,NA,4.545,17,0,1,NA,0,0,1,1,0,11
2,4123,1000,2,"gaussian","linesearch",5e-04,5,0.0025,2.5,0.01,2000,0.5,1,7,0,NA,9.605,59,1,0,0.00910865880835798,2,2,0,0,0,12
2,4123,1000,2,"gaussian","fixed",5e-04,1,5e-04,0.5,0.01,2000,0.5,1,0,0,NA,5.27,74,1,0,0.00979387644514951,0,0,1,1,0,13
2,4123,1000,2,"gaussian","linesearch",5e-04,1,5e-04,0.5,0.01,2000,0.5,1,7,0,NA,8.712,74,1,0,0.00979387644514951,0,0,1,0,0,14
2,4123,1000,2,"gaussian","fixed",5e-04,0.2,1e-04,0.1,0.01,2000,0.5,1,0,0,NA,10.324,383,1,0,0.00989695711271299,0,0,1,1,0,15
2,4123,1000,2,"gaussian","linesearch",5e-04,0.2,1e-04,0.1,0.01,2000,0.5,1,7,0,NA,28.417,383,1,0,0.00989695711271299,0,0,1,0,0,16
3,5123,1000,2,"gaussian","fixed",5e-04,10,0.005,5,0.01,2000,0.5,1,0,0,NA,4.668,13,0,1,NA,0,0,1,1,0,17
3,5123,1000,2,"gaussian","linesearch",5e-04,10,0.005,5,0.01,2000,0.5,1,7,0,NA,11.5,62,1,0,0.00887338635047884,3,3,0,0,0,18
3,5123,1000,2,"gaussian","fixed",5e-04,5,0.0025,2.5,0.01,2000,0.5,1,0,0,NA,4.517,17,0,1,NA,0,0,1,1,0,19
3,5123,1000,2,"gaussian","linesearch",5e-04,5,0.0025,2.5,0.01,2000,0.5,1,7,0,NA,10.116,62,1,0,0.00887338635047884,2,2,0,0,0,20
3,5123,1000,2,"gaussian","fixed",5e-04,1,5e-04,0.5,0.01,2000,0.5,1,0,0,NA,5.334,78,1,0,0.00933909228732574,0,0,1,1,0,21
3,5123,1000,2,"gaussian","linesearch",5e-04,1,5e-04,0.5,0.01,2000,0.5,1,7,0,NA,9.255,78,1,0,0.00933909228732574,0,0,1,0,0,22
3,5123,1000,2,"gaussian","fixed",5e-04,0.2,1e-04,0.1,0.01,2000,0.5,1,0,0,NA,10.069,402,1,0,0.00988463797897095,0,0,1,1,0,23
3,5123,1000,2,"gaussian","linesearch",5e-04,0.2,1e-04,0.1,0.01,2000,0.5,1,7,0,NA,37.172,402,1,0,0.00988463797897095,0,0,1,0,0,24
4,6123,1000,2,"gaussian","fixed",5e-04,10,0.005,5,0.01,2000,0.5,1,0,0,NA,4.638,13,0,1,NA,0,0,1,1,0,25
4,6123,1000,2,"gaussian","linesearch",5e-04,10,0.005,5,0.01,2000,0.5,1,7,0,NA,11.25,58,1,0,0.00940888828379688,3,3,0,0,0,26
4,6123,1000,2,"gaussian","fixed",5e-04,5,0.0025,2.5,0.01,2000,0.5,1,0,0,NA,4.528,17,0,1,NA,0,0,1,1,0,27
4,6123,1000,2,"gaussian","linesearch",5e-04,5,0.0025,2.5,0.01,2000,0.5,1,7,0,NA,9.981,58,1,0,0.00940888828379688,2,2,0,0,0,28
4,6123,1000,2,"gaussian","fixed",5e-04,1,5e-04,0.5,0.01,2000,0.5,1,0,0,NA,5.376,73,1,0,0.00979948229162819,0,0,1,1,0,29
4,6123,1000,2,"gaussian","linesearch",5e-04,1,5e-04,0.5,0.01,2000,0.5,1,7,0,NA,9.317,73,1,0,0.00979948229162819,0,0,1,0,0,30
4,6123,1000,2,"gaussian","fixed",5e-04,0.2,1e-04,0.1,0.01,2000,0.5,1,0,0,NA,10.714,378,1,0,0.00984392648267868,0,0,1,1,0,31
4,6123,1000,2,"gaussian","linesearch",5e-04,0.2,1e-04,0.1,0.01,2000,0.5,1,7,0,NA,35.56,378,1,0,0.00984392648267868,0,0,1,0,0,32
5,7123,1000,2,"gaussian","fixed",5e-04,10,0.005,5,0.01,2000,0.5,1,0,0,NA,4.633,13,0,1,NA,0,0,1,1,0,33
5,7123,1000,2,"gaussian","linesearch",5e-04,10,0.005,5,0.01,2000,0.5,1,7,0,NA,10.401,57,1,0,0.00996938460373964,3,3,0,0,0,34
5,7123,1000,2,"gaussian","fixed",5e-04,5,0.0025,2.5,0.01,2000,0.5,1,0,0,NA,4.518,17,0,1,NA,0,0,1,1,0,35
5,7123,1000,2,"gaussian","linesearch",5e-04,5,0.0025,2.5,0.01,2000,0.5,1,7,0,NA,9.078,57,1,0,0.00996938460373964,2,2,0,0,0,36
5,7123,1000,2,"gaussian","fixed",5e-04,1,5e-04,0.5,0.01,2000,0.5,1,0,0,NA,5.213,73,1,0,0.00895538252745798,0,0,1,1,0,37
5,7123,1000,2,"gaussian","linesearch",5e-04,1,5e-04,0.5,0.01,2000,0.5,1,7,0,NA,7.916,73,1,0,0.00895538252745798,0,0,1,0,0,38
5,7123,1000,2,"gaussian","fixed",5e-04,0.2,1e-04,0.1,0.01,2000,0.5,1,0,0,NA,9.672,374,1,0,0.00978820636257471,0,0,1,1,0,39
5,7123,1000,2,"gaussian","linesearch",5e-04,0.2,1e-04,0.1,0.01,2000,0.5,1,7,0,NA,27.609,374,1,0,0.00978820636257471,0,0,1,0,0,40
6,8123,1000,2,"gaussian","fixed",5e-04,10,0.005,5,0.01,2000,0.5,1,0,0,NA,4.64,13,0,1,NA,0,0,1,1,0,41
6,8123,1000,2,"gaussian","linesearch",5e-04,10,0.005,5,0.01,2000,0.5,1,7,0,NA,10.98,59,1,0,0.00882919553315248,3,3,0,0,0,42
6,8123,1000,2,"gaussian","fixed",5e-04,5,0.0025,2.5,0.01,2000,0.5,1,0,0,NA,4.531,17,0,1,NA,0,0,1,1,0,43
6,8123,1000,2,"gaussian","linesearch",5e-04,5,0.0025,2.5,0.01,2000,0.5,1,7,0,NA,9.498,59,1,0,0.00882919553315248,2,2,0,0,0,44
6,8123,1000,2,"gaussian","fixed",5e-04,1,5e-04,0.5,0.01,2000,0.5,1,0,0,NA,5.283,74,1,0,0.00943206332994395,0,0,1,1,0,45
6,8123,1000,2,"gaussian","linesearch",5e-04,1,5e-04,0.5,0.01,2000,0.5,1,7,0,NA,9.087,74,1,0,0.00943206332994395,0,0,1,0,0,46
6,8123,1000,2,"gaussian","fixed",5e-04,0.2,1e-04,0.1,0.01,2000,0.5,1,0,0,NA,10.437,381,1,0,0.00982833354432944,0,0,1,1,0,47
6,8123,1000,2,"gaussian","linesearch",5e-04,0.2,1e-04,0.1,0.01,2000,0.5,1,7,0,NA,33.896,381,1,0,0.00982833354432944,0,0,1,0,0,48
7,9123,1000,2,"gaussian","fixed",5e-04,10,0.005,5,0.01,2000,0.5,1,0,0,NA,4.633,13,0,1,NA,0,0,1,1,0,49
7,9123,1000,2,"gaussian","linesearch",5e-04,10,0.005,5,0.01,2000,0.5,1,7,0,NA,11.324,59,1,0,0.00872403589356431,3,3,0,0,0,50
7,9123,1000,2,"gaussian","fixed",5e-04,5,0.0025,2.5,0.01,2000,0.5,1,0,0,NA,4.56,17,0,1,NA,0,0,1,1,0,51
7,9123,1000,2,"gaussian","linesearch",5e-04,5,0.0025,2.5,0.01,2000,0.5,1,7,0,NA,9.719,59,1,0,0.00872403589356431,2,2,0,0,0,52
7,9123,1000,2,"gaussian","fixed",5e-04,1,5e-04,0.5,0.01,2000,0.5,1,0,0,NA,5.406,74,1,0,0.00939090012998377,0,0,1,1,0,53
7,9123,1000,2,"gaussian","linesearch",5e-04,1,5e-04,0.5,0.01,2000,0.5,1,7,0,NA,8.903,74,1,0,0.00939090012998377,0,0,1,0,0,54
7,9123,1000,2,"gaussian","fixed",5e-04,0.2,1e-04,0.1,0.01,2000,0.5,1,0,0,NA,10.401,381,1,0,0.0099481393910663,0,0,1,1,0,55
7,9123,1000,2,"gaussian","linesearch",5e-04,0.2,1e-04,0.1,0.01,2000,0.5,1,7,0,NA,31.715,381,1,0,0.0099481393910663,0,0,1,0,0,56
8,10123,1000,2,"gaussian","fixed",5e-04,10,0.005,5,0.01,2000,0.5,1,0,0,NA,4.64,13,0,1,NA,0,0,1,1,0,57
8,10123,1000,2,"gaussian","linesearch",5e-04,10,0.005,5,0.01,2000,0.5,1,7,0,NA,11.023,58,1,0,0.00902163866504424,3,3,0,0,0,58
8,10123,1000,2,"gaussian","fixed",5e-04,5,0.0025,2.5,0.01,2000,0.5,1,0,0,NA,4.513,17,0,1,NA,0,0,1,1,0,59
8,10123,1000,2,"gaussian","linesearch",5e-04,5,0.0025,2.5,0.01,2000,0.5,1,7,0,NA,9.673,58,1,0,0.00902163866504424,2,2,0,0,0,60
8,10123,1000,2,"gaussian","fixed",5e-04,1,5e-04,0.5,0.01,2000,0.5,1,0,0,NA,5.40000000000001,73,1,0,0.00938618732464258,0,0,1,1,0,61
8,10123,1000,2,"gaussian","linesearch",5e-04,1,5e-04,0.5,0.01,2000,0.5,1,7,0,NA,8.91,73,1,0,0.00938618732464258,0,0,1,0,0,62
8,10123,1000,2,"gaussian","fixed",5e-04,0.2,1e-04,0.1,0.01,2000,0.5,1,0,0,NA,9.834,376,1,0,0.00982917263012195,0,0,1,1,0,63
8,10123,1000,2,"gaussian","linesearch",5e-04,0.2,1e-04,0.1,0.01,2000,0.5,1,7,0,NA,28.871,376,1,0,0.00982917263012195,0,0,1,0,0,64
9,11123,1000,2,"gaussian","fixed",5e-04,10,0.005,5,0.01,2000,0.5,1,0,0,NA,4.614,13,0,1,NA,0,0,1,1,0,65
9,11123,1000,2,"gaussian","linesearch",5e-04,10,0.005,5,0.01,2000,0.5,1,7,0,NA,11.35,59,1,0,0.00952003034474058,3,3,0,0,0,66
9,11123,1000,2,"gaussian","fixed",5e-04,5,0.0025,2.5,0.01,2000,0.5,1,0,0,NA,4.592,17,0,1,NA,0,0,1,1,0,67
9,11123,1000,2,"gaussian","linesearch",5e-04,5,0.0025,2.5,0.01,2000,0.5,1,7,0,NA,9.838,59,1,0,0.00952003034474058,2,2,0,0,0,68
9,11123,1000,2,"gaussian","fixed",5e-04,1,5e-04,0.5,0.01,2000,0.5,1,0,0,NA,5.36,75,1,0,0.00908985573233412,0,0,1,1,0,69
9,11123,1000,2,"gaussian","linesearch",5e-04,1,5e-04,0.5,0.01,2000,0.5,1,7,0,NA,8.81,75,1,0,0.00908985573233412,0,0,1,0,0,70
9,11123,1000,2,"gaussian","fixed",5e-04,0.2,1e-04,0.1,0.01,2000,0.5,1,0,0,NA,10.482,384,1,0,0.00998343105845229,0,0,1,1,0,71
9,11123,1000,2,"gaussian","linesearch",5e-04,0.2,1e-04,0.1,0.01,2000,0.5,1,7,0,NA,31.417,384,1,0,0.00998343105845229,0,0,1,0,0,72
10,12123,1000,2,"gaussian","fixed",5e-04,10,0.005,5,0.01,2000,0.5,1,0,0,NA,4.596,12,0,1,Inf,0,0,1,1,0,73
10,12123,1000,2,"gaussian","linesearch",5e-04,10,0.005,5,0.01,2000,0.5,1,7,0,NA,11.457,59,1,0,0.00911069481096689,3,3,0,0,0,74
10,12123,1000,2,"gaussian","fixed",5e-04,5,0.0025,2.5,0.01,2000,0.5,1,0,0,NA,4.536,17,0,1,NA,0,0,1,1,0,75
10,12123,1000,2,"gaussian","linesearch",5e-04,5,0.0025,2.5,0.01,2000,0.5,1,7,0,NA,9.997,59,1,0,0.00911069481096689,2,2,0,0,0,76
10,12123,1000,2,"gaussian","fixed",5e-04,1,5e-04,0.5,0.01,2000,0.5,1,0,0,NA,5.304,74,1,0,0.00979703922939137,0,0,1,1,0,77
10,12123,1000,2,"gaussian","linesearch",5e-04,1,5e-04,0.5,0.01,2000,0.5,1,7,0,NA,8.905,74,1,0,0.00979703922939137,0,0,1,0,0,78
10,12123,1000,2,"gaussian","fixed",5e-04,0.2,1e-04,0.1,0.01,2000,0.5,1,0,0,NA,10.396,383,1,0,0.00990197253775416,0,0,1,1,0,79
10,12123,1000,2,"gaussian","linesearch",5e-04,0.2,1e-04,0.1,0.01,2000,0.5,1,7,0,NA,35.534,383,1,0,0.00990197253775416,0,0,1,0,0,80
11,13123,1000,2,"gaussian","fixed",5e-04,10,0.005,5,0.01,2000,0.5,1,0,0,NA,4.639,13,0,1,NA,0,0,1,1,0,81
11,13123,1000,2,"gaussian","linesearch",5e-04,10,0.005,5,0.01,2000,0.5,1,7,0,NA,11.372,59,1,0,0.00880100458054361,3,3,0,0,0,82
11,13123,1000,2,"gaussian","fixed",5e-04,5,0.0025,2.5,0.01,2000,0.5,1,0,0,NA,4.514,17,0,1,NA,0,0,1,1,0,83
11,13123,1000,2,"gaussian","linesearch",5e-04,5,0.0025,2.5,0.01,2000,0.5,1,7,0,NA,9.698,59,1,0,0.00880100458054361,2,2,0,0,0,84
11,13123,1000,2,"gaussian","fixed",5e-04,1,5e-04,0.5,0.01,2000,0.5,1,0,0,NA,5.33600000000001,74,1,0,0.00947495436590284,0,0,1,1,0,85
11,13123,1000,2,"gaussian","linesearch",5e-04,1,5e-04,0.5,0.01,2000,0.5,1,7,0,NA,9.293,74,1,0,0.00947495436590284,0,0,1,0,0,86
11,13123,1000,2,"gaussian","fixed",5e-04,0.2,1e-04,0.1,0.01,2000,0.5,1,0,0,NA,10.237,382,1,0,0.00981638416720282,0,0,1,1,0,87
11,13123,1000,2,"gaussian","linesearch",5e-04,0.2,1e-04,0.1,0.01,2000,0.5,1,7,0,NA,31.782,382,1,0,0.00981638416720282,0,0,1,0,0,88
12,14123,1000,2,"gaussian","fixed",5e-04,10,0.005,5,0.01,2000,0.5,1,0,0,NA,4.628,13,0,1,NA,0,0,1,1,0,89
12,14123,1000,2,"gaussian","linesearch",5e-04,10,0.005,5,0.01,2000,0.5,1,7,0,NA,10.84,58,1,0,0.0099488603463187,3,3,0,0,0,90
12,14123,1000,2,"gaussian","fixed",5e-04,5,0.0025,2.5,0.01,2000,0.5,1,0,0,NA,4.5,17,0,1,NA,0,0,1,1,0,91
12,14123,1000,2,"gaussian","linesearch",5e-04,5,0.0025,2.5,0.01,2000,0.5,1,7,0,NA,9.311,58,1,0,0.0099488603463187,2,2,0,0,0,92
12,14123,1000,2,"gaussian","fixed",5e-04,1,5e-04,0.5,0.01,2000,0.5,1,0,0,NA,5.25,74,1,0,0.00921671288020004,0,0,1,1,0,93
12,14123,1000,2,"gaussian","linesearch",5e-04,1,5e-04,0.5,0.01,2000,0.5,1,7,0,NA,9.117,74,1,0,0.00921671288020004,0,0,1,0,0,94
12,14123,1000,2,"gaussian","fixed",5e-04,0.2,1e-04,0.1,0.01,2000,0.5,1,0,0,NA,9.845,380,1,0,0.009902359565369,0,0,1,1,0,95
12,14123,1000,2,"gaussian","linesearch",5e-04,0.2,1e-04,0.1,0.01,2000,0.5,1,7,0,NA,33.726,380,1,0,0.009902359565369,0,0,1,0,0,96
13,15123,1000,2,"gaussian","fixed",5e-04,10,0.005,5,0.01,2000,0.5,1,0,0,NA,4.632,13,0,1,NA,0,0,1,1,0,97
13,15123,1000,2,"gaussian","linesearch",5e-04,10,0.005,5,0.01,2000,0.5,1,7,0,NA,10.668,59,1,0,0.00970867833300471,3,3,0,0,0,98
13,15123,1000,2,"gaussian","fixed",5e-04,5,0.0025,2.5,0.01,2000,0.5,1,0,0,NA,4.502,17,0,1,NA,0,0,1,1,0,99
13,15123,1000,2,"gaussian","linesearch",5e-04,5,0.0025,2.5,0.01,2000,0.5,1,7,0,NA,9.237,59,1,0,0.00970867833300471,2,2,0,0,0,100
13,15123,1000,2,"gaussian","fixed",5e-04,1,5e-04,0.5,0.01,2000,0.5,1,0,0,NA,5.224,75,1,0,0.00928256113714221,0,0,1,1,0,101
13,15123,1000,2,"gaussian","linesearch",5e-04,1,5e-04,0.5,0.01,2000,0.5,1,7,0,NA,8.55,75,1,0,0.00928256113714221,0,0,1,0,0,102
13,15123,1000,2,"gaussian","fixed",5e-04,0.2,1e-04,0.1,0.01,2000,0.5,1,0,0,NA,9.706,386,1,0,0.00982211176183967,0,0,1,1,0,103
13,15123,1000,2,"gaussian","linesearch",5e-04,0.2,1e-04,0.1,0.01,2000,0.5,1,7,0,NA,31.385,386,1,0,0.00982211176183967,0,0,1,0,0,104
14,16123,1000,2,"gaussian","fixed",5e-04,10,0.005,5,0.01,2000,0.5,1,0,0,NA,4.614,13,0,1,NA,0,0,1,1,0,105
14,16123,1000,2,"gaussian","linesearch",5e-04,10,0.005,5,0.01,2000,0.5,1,7,0,NA,11.237,57,1,0,0.00930220334628001,3,3,0,0,0,106
14,16123,1000,2,"gaussian","fixed",5e-04,5,0.0025,2.5,0.01,2000,0.5,1,0,0,NA,4.533,17,0,1,NA,0,0,1,1,0,107
14,16123,1000,2,"gaussian","linesearch",5e-04,5,0.0025,2.5,0.01,2000,0.5,1,7,0,NA,10.022,57,1,0,0.00930220334628001,2,2,0,0,0,108
14,16123,1000,2,"gaussian","fixed",5e-04,1,5e-04,0.5,0.01,2000,0.5,1,0,0,NA,5.349,72,1,0,0.00939494415511244,0,0,1,1,0,109
14,16123,1000,2,"gaussian","linesearch",5e-04,1,5e-04,0.5,0.01,2000,0.5,1,7,0,NA,8.934,72,1,0,0.00939494415511244,0,0,1,0,0,110
14,16123,1000,2,"gaussian","fixed",5e-04,0.2,1e-04,0.1,0.01,2000,0.5,1,0,0,NA,10.154,371,1,0,0.00982816443822471,0,0,1,1,0,111
14,16123,1000,2,"gaussian","linesearch",5e-04,0.2,1e-04,0.1,0.01,2000,0.5,1,7,0,NA,32.314,371,1,0,0.00982816443822471,0,0,1,0,0,112
15,17123,1000,2,"gaussian","fixed",5e-04,10,0.005,5,0.01,2000,0.5,1,0,0,NA,4.613,13,0,1,Inf,0,0,1,1,0,113
15,17123,1000,2,"gaussian","linesearch",5e-04,10,0.005,5,0.01,2000,0.5,1,7,0,NA,10.701,60,1,0,0.00919795125119294,3,3,0,0,0,114
15,17123,1000,2,"gaussian","fixed",5e-04,5,0.0025,2.5,0.01,2000,0.5,1,0,0,NA,4.489,18,0,1,NA,0,0,1,1,0,115
15,17123,1000,2,"gaussian","linesearch",5e-04,5,0.0025,2.5,0.01,2000,0.5,1,7,0,NA,8.999,60,1,0,0.00919795125119294,2,2,0,0,0,116
15,17123,1000,2,"gaussian","fixed",5e-04,1,5e-04,0.5,0.01,2000,0.5,1,0,0,NA,5.221,76,1,0,0.00907590939039649,0,0,1,1,0,117
15,17123,1000,2,"gaussian","linesearch",5e-04,1,5e-04,0.5,0.01,2000,0.5,1,7,0,NA,8.238,76,1,0,0.00907590939039649,0,0,1,0,0,118
15,17123,1000,2,"gaussian","fixed",5e-04,0.2,1e-04,0.1,0.01,2000,0.5,1,0,0,NA,9.831,390,1,0,0.00988952135906407,0,0,1,1,0,119
15,17123,1000,2,"gaussian","linesearch",5e-04,0.2,1e-04,0.1,0.01,2000,0.5,1,7,0,NA,29.302,390,1,0,0.00988952135906407,0,0,1,0,0,120
16,18123,1000,2,"gaussian","fixed",5e-04,10,0.005,5,0.01,2000,0.5,1,0,0,NA,4.596,13,0,1,NA,0,0,1,1,0,121
16,18123,1000,2,"gaussian","linesearch",5e-04,10,0.005,5,0.01,2000,0.5,1,7,0,NA,10.917,59,1,0,0.00991909225904422,3,3,0,0,0,122
16,18123,1000,2,"gaussian","fixed",5e-04,5,0.0025,2.5,0.01,2000,0.5,1,0,0,NA,4.518,17,0,1,NA,0,0,1,1,0,123
16,18123,1000,2,"gaussian","linesearch",5e-04,5,0.0025,2.5,0.01,2000,0.5,1,7,0,NA,9.467,59,1,0,0.00991909225904422,2,2,0,0,0,124
16,18123,1000,2,"gaussian","fixed",5e-04,1,5e-04,0.5,0.01,2000,0.5,1,0,0,NA,5.224,75,1,0,0.00950459844406663,0,0,1,1,0,125
16,18123,1000,2,"gaussian","linesearch",5e-04,1,5e-04,0.5,0.01,2000,0.5,1,7,0,NA,8.606,75,1,0,0.00950459844406663,0,0,1,0,0,126
16,18123,1000,2,"gaussian","fixed",5e-04,0.2,1e-04,0.1,0.01,2000,0.5,1,0,0,NA,9.77800000000001,387,1,0,0.00993985575652677,0,0,1,1,0,127
16,18123,1000,2,"gaussian","linesearch",5e-04,0.2,1e-04,0.1,0.01,2000,0.5,1,7,0,NA,30.55,387,1,0,0.00993985575652677,0,0,1,0,0,128
17,19123,1000,2,"gaussian","fixed",5e-04,10,0.005,5,0.01,2000,0.5,1,0,0,NA,4.628,14,0,1,NA,0,0,1,1,0,129
17,19123,1000,2,"gaussian","linesearch",5e-04,10,0.005,5,0.01,2000,0.5,1,7,0,NA,11.004,56,1,0,0.00976159150112094,3,3,0,0,0,130
17,19123,1000,2,"gaussian","fixed",5e-04,5,0.0025,2.5,0.01,2000,0.5,1,0,0,NA,4.551,19,0,1,NA,0,0,1,1,0,131
17,19123,1000,2,"gaussian","linesearch",5e-04,5,0.0025,2.5,0.01,2000,0.5,1,7,0,NA,9.77,56,1,0,0.00976159150112094,2,2,0,0,0,132
17,19123,1000,2,"gaussian","fixed",5e-04,1,5e-04,0.5,0.01,2000,0.5,1,0,0,NA,5.34,71,1,0,0.00957766733448295,0,0,1,1,0,133
17,19123,1000,2,"gaussian","linesearch",5e-04,1,5e-04,0.5,0.01,2000,0.5,1,7,0,NA,9.521,71,1,0,0.00957766733448295,0,0,1,0,0,134
17,19123,1000,2,"gaussian","fixed",5e-04,0.2,1e-04,0.1,0.01,2000,0.5,1,0,0,NA,10.117,367,1,0,0.00983578207422559,0,0,1,1,0,135
17,19123,1000,2,"gaussian","linesearch",5e-04,0.2,1e-04,0.1,0.01,2000,0.5,1,7,0,NA,33.902,367,1,0,0.00983578207422559,0,0,1,0,0,136
18,20123,1000,2,"gaussian","fixed",5e-04,10,0.005,5,0.01,2000,0.5,1,0,0,NA,4.65,13,0,1,NA,0,0,1,1,0,137
18,20123,1000,2,"gaussian","linesearch",5e-04,10,0.005,5,0.01,2000,0.5,1,7,0,NA,11.198,60,1,0,0.00917306449304792,3,3,0,0,0,138
18,20123,1000,2,"gaussian","fixed",5e-04,5,0.0025,2.5,0.01,2000,0.5,1,0,0,NA,4.505,17,0,1,NA,0,0,1,1,0,139
18,20123,1000,2,"gaussian","linesearch",5e-04,5,0.0025,2.5,0.01,2000,0.5,1,7,0,NA,9.254,60,1,0,0.00917306449304792,2,2,0,0,0,140
18,20123,1000,2,"gaussian","fixed",5e-04,1,5e-04,0.5,0.01,2000,0.5,1,0,0,NA,5.395,76,1,0,0.00903142964234559,0,0,1,1,0,141
18,20123,1000,2,"gaussian","linesearch",5e-04,1,5e-04,0.5,0.01,2000,0.5,1,7,0,NA,8.8,76,1,0,0.00903142964234559,0,0,1,0,0,142
18,20123,1000,2,"gaussian","fixed",5e-04,0.2,1e-04,0.1,0.01,2000,0.5,1,0,0,NA,9.978,389,1,0,0.00997395054708583,0,0,1,1,0,143
18,20123,1000,2,"gaussian","linesearch",5e-04,0.2,1e-04,0.1,0.01,2000,0.5,1,7,0,NA,30.893,389,1,0,0.00997395054708583,0,0,1,0,0,144
19,21123,1000,2,"gaussian","fixed",5e-04,10,0.005,5,0.01,2000,0.5,1,0,0,NA,4.62,13,0,1,Inf,0,0,1,1,0,145
19,21123,1000,2,"gaussian","linesearch",5e-04,10,0.005,5,0.01,2000,0.5,1,7,0,NA,11.347,57,1,0,0.00992287983413764,3,3,0,0,0,146
19,21123,1000,2,"gaussian","fixed",5e-04,5,0.0025,2.5,0.01,2000,0.5,1,0,0,NA,4.546,18,0,1,NA,0,0,1,1,0,147
19,21123,1000,2,"gaussian","linesearch",5e-04,5,0.0025,2.5,0.01,2000,0.5,1,7,0,NA,10.393,57,1,0,0.00992287983413764,2,2,0,0,0,148
19,21123,1000,2,"gaussian","fixed",5e-04,1,5e-04,0.5,0.01,2000,0.5,1,0,0,NA,5.407,72,1,0,0.00998486092135478,0,0,1,1,0,149
19,21123,1000,2,"gaussian","linesearch",5e-04,1,5e-04,0.5,0.01,2000,0.5,1,7,0,NA,9.571,72,1,0,0.00998486092135478,0,0,1,0,0,150
19,21123,1000,2,"gaussian","fixed",5e-04,0.2,1e-04,0.1,0.01,2000,0.5,1,0,0,NA,10.438,373,1,0,0.00988521727340028,0,0,1,1,0,151
19,21123,1000,2,"gaussian","linesearch",5e-04,0.2,1e-04,0.1,0.01,2000,0.5,1,7,0,NA,35.37,373,1,0,0.00988521727340028,0,0,1,0,0,152
20,22123,1000,2,"gaussian","fixed",5e-04,10,0.005,5,0.01,2000,0.5,1,0,0,NA,4.621,13,0,1,NA,0,0,1,1,0,153
20,22123,1000,2,"gaussian","linesearch",5e-04,10,0.005,5,0.01,2000,0.5,1,7,0,NA,10.573,59,1,0,0.00988036506346352,3,3,0,0,0,154
20,22123,1000,2,"gaussian","fixed",5e-04,5,0.0025,2.5,0.01,2000,0.5,1,0,0,NA,4.53,18,0,1,NA,0,0,1,1,0,155
20,22123,1000,2,"gaussian","linesearch",5e-04,5,0.0025,2.5,0.01,2000,0.5,1,7,0,NA,9.129,59,1,0,0.00988036506346352,2,2,0,0,0,156
20,22123,1000,2,"gaussian","fixed",5e-04,1,5e-04,0.5,0.01,2000,0.5,1,0,0,NA,5.314,75,1,0,0.00942079724479463,0,0,1,1,0,157
20,22123,1000,2,"gaussian","linesearch",5e-04,1,5e-04,0.5,0.01,2000,0.5,1,7,0,NA,9.173,75,1,0,0.00942079724479463,0,0,1,0,0,158
20,22123,1000,2,"gaussian","fixed",5e-04,0.2,1e-04,0.1,0.01,2000,0.5,1,0,0,NA,9.88,387,1,0,0.0097905326151691,0,0,1,1,0,159
20,22123,1000,2,"gaussian","linesearch",5e-04,0.2,1e-04,0.1,0.01,2000,0.5,1,7,0,NA,30.167,387,1,0,0.0097905326151691,0,0,1,0,0,160
21,23123,1000,2,"gaussian","fixed",5e-04,10,0.005,5,0.01,2000,0.5,1,0,0,NA,4.639,13,0,1,Inf,0,0,1,1,0,161
21,23123,1000,2,"gaussian","linesearch",5e-04,10,0.005,5,0.01,2000,0.5,1,7,0,NA,11.078,58,1,0,0.00990963332022154,3,3,0,0,0,162
21,23123,1000,2,"gaussian","fixed",5e-04,5,0.0025,2.5,0.01,2000,0.5,1,0,0,NA,4.565,18,0,1,NA,0,0,1,1,0,163
21,23123,1000,2,"gaussian","linesearch",5e-04,5,0.0025,2.5,0.01,2000,0.5,1,7,0,NA,9.465,58,1,0,0.00990963332022154,2,2,0,0,0,164
21,23123,1000,2,"gaussian","fixed",5e-04,1,5e-04,0.5,0.01,2000,0.5,1,0,0,NA,5.289,74,1,0,0.00917826265604119,0,0,1,1,0,165
21,23123,1000,2,"gaussian","linesearch",5e-04,1,5e-04,0.5,0.01,2000,0.5,1,7,0,NA,9.606,74,1,0,0.00917826265604119,0,0,1,0,0,166
21,23123,1000,2,"gaussian","fixed",5e-04,0.2,1e-04,0.1,0.01,2000,0.5,1,0,0,NA,10.328,380,1,0,0.00984072318138726,0,0,1,1,0,167
21,23123,1000,2,"gaussian","linesearch",5e-04,0.2,1e-04,0.1,0.01,2000,0.5,1,7,0,NA,30.85,380,1,0,0.00984072318138726,0,0,1,0,0,168
22,24123,1000,2,"gaussian","fixed",5e-04,10,0.005,5,0.01,2000,0.5,1,0,0,NA,4.623,13,0,1,NA,0,0,1,1,0,169
22,24123,1000,2,"gaussian","linesearch",5e-04,10,0.005,5,0.01,2000,0.5,1,7,0,NA,11.113,59,1,0,0.00910117898685313,3,3,0,0,0,170
22,24123,1000,2,"gaussian","fixed",5e-04,5,0.0025,2.5,0.01,2000,0.5,1,0,0,NA,4.528,17,0,1,NA,0,0,1,1,0,171
22,24123,1000,2,"gaussian","linesearch",5e-04,5,0.0025,2.5,0.01,2000,0.5,1,7,0,NA,9.695,59,1,0,0.00910117898685313,2,2,0,0,0,172
22,24123,1000,2,"gaussian","fixed",5e-04,1,5e-04,0.5,0.01,2000,0.5,1,0,0,NA,5.299,74,1,0,0.00969238173525572,0,0,1,1,0,173
22,24123,1000,2,"gaussian","linesearch",5e-04,1,5e-04,0.5,0.01,2000,0.5,1,7,0,NA,9.085,74,1,0,0.00969238173525572,0,0,1,0,0,174
22,24123,1000,2,"gaussian","fixed",5e-04,0.2,1e-04,0.1,0.01,2000,0.5,1,0,0,NA,9.85100000000001,382,1,0,0.00981866597961083,0,0,1,1,0,175
22,24123,1000,2,"gaussian","linesearch",5e-04,0.2,1e-04,0.1,0.01,2000,0.5,1,7,0,NA,34.546,382,1,0,0.00981866597961083,0,0,1,0,0,176
23,25123,1000,2,"gaussian","fixed",5e-04,10,0.005,5,0.01,2000,0.5,1,0,0,NA,4.618,13,0,1,NA,0,0,1,1,0,177
23,25123,1000,2,"gaussian","linesearch",5e-04,10,0.005,5,0.01,2000,0.5,1,7,0,NA,10.948,60,1,0,0.00937339697603989,3,3,0,0,0,178
23,25123,1000,2,"gaussian","fixed",5e-04,5,0.0025,2.5,0.01,2000,0.5,1,0,0,NA,4.536,18,0,1,NA,0,0,1,1,0,179
23,25123,1000,2,"gaussian","linesearch",5e-04,5,0.0025,2.5,0.01,2000,0.5,1,7,0,NA,9.18,60,1,0,0.00937339697603989,2,2,0,0,0,180
23,25123,1000,2,"gaussian","fixed",5e-04,1,5e-04,0.5,0.01,2000,0.5,1,0,0,NA,5.272,76,1,0,0.00923925872978504,0,0,1,1,0,181
23,25123,1000,2,"gaussian","linesearch",5e-04,1,5e-04,0.5,0.01,2000,0.5,1,7,0,NA,8.304,76,1,0,0.00923925872978504,0,0,1,0,0,182
23,25123,1000,2,"gaussian","fixed",5e-04,0.2,1e-04,0.1,0.01,2000,0.5,1,0,0,NA,9.868,391,1,0,0.00980996481018998,0,0,1,1,0,183
23,25123,1000,2,"gaussian","linesearch",5e-04,0.2,1e-04,0.1,0.01,2000,0.5,1,7,0,NA,30.727,391,1,0,0.00980996481018998,0,0,1,0,0,184
24,26123,1000,2,"gaussian","fixed",5e-04,10,0.005,5,0.01,2000,0.5,1,0,0,NA,4.647,13,0,1,NA,0,0,1,1,0,185
24,26123,1000,2,"gaussian","linesearch",5e-04,10,0.005,5,0.01,2000,0.5,1,7,0,NA,11.199,60,1,0,0.00973010855282505,3,3,0,0,0,186
24,26123,1000,2,"gaussian","fixed",5e-04,5,0.0025,2.5,0.01,2000,0.5,1,0,0,NA,4.506,17,0,1,NA,0,0,1,1,0,187
24,26123,1000,2,"gaussian","linesearch",5e-04,5,0.0025,2.5,0.01,2000,0.5,1,7,0,NA,9.254,60,1,0,0.00973010855282505,2,2,0,0,0,188
24,26123,1000,2,"gaussian","fixed",5e-04,1,5e-04,0.5,0.01,2000,0.5,1,0,0,NA,5.373,76,1,0,0.00959493800597899,0,0,1,1,0,189
24,26123,1000,2,"gaussian","linesearch",5e-04,1,5e-04,0.5,0.01,2000,0.5,1,7,0,NA,8.772,76,1,0,0.00959493800597899,0,0,1,0,0,190
24,26123,1000,2,"gaussian","fixed",5e-04,0.2,1e-04,0.1,0.01,2000,0.5,1,0,0,NA,10.203,392,1,0,0.0099777863544112,0,0,1,1,0,191
24,26123,1000,2,"gaussian","linesearch",5e-04,0.2,1e-04,0.1,0.01,2000,0.5,1,7,0,NA,30.819,392,1,0,0.0099777863544112,0,0,1,0,0,192
25,27123,1000,2,"gaussian","fixed",5e-04,10,0.005,5,0.01,2000,0.5,1,0,0,NA,4.633,13,0,1,Inf,0,0,1,1,0,193
25,27123,1000,2,"gaussian","linesearch",5e-04,10,0.005,5,0.01,2000,0.5,1,7,0,NA,10.813,60,1,0,0.00872914084037946,3,3,0,0,0,194
25,27123,1000,2,"gaussian","fixed",5e-04,5,0.0025,2.5,0.01,2000,0.5,1,0,0,NA,4.473,17,0,1,NA,0,0,1,1,0,195
25,27123,1000,2,"gaussian","linesearch",5e-04,5,0.0025,2.5,0.01,2000,0.5,1,7,0,NA,8.932,60,1,0,0.00872914084037946,2,2,0,0,0,196
25,27123,1000,2,"gaussian","fixed",5e-04,1,5e-04,0.5,0.01,2000,0.5,1,0,0,NA,5.261,75,1,0,0.00963654425800797,0,0,1,1,0,197
25,27123,1000,2,"gaussian","linesearch",5e-04,1,5e-04,0.5,0.01,2000,0.5,1,7,0,NA,8.03,75,1,0,0.00963654425800797,0,0,1,0,0,198
25,27123,1000,2,"gaussian","fixed",5e-04,0.2,1e-04,0.1,0.01,2000,0.5,1,0,0,NA,9.79,387,1,0,0.00992606507250759,0,0,1,1,0,199
25,27123,1000,2,"gaussian","linesearch",5e-04,0.2,1e-04,0.1,0.01,2000,0.5,1,7,0,NA,29.548,387,1,0,0.00992606507250759,0,0,1,0,0,200
26,28123,1000,2,"gaussian","fixed",5e-04,10,0.005,5,0.01,2000,0.5,1,0,0,NA,4.46299999999999,13,0,1,NA,0,0,1,1,0,201
26,28123,1000,2,"gaussian","linesearch",5e-04,10,0.005,5,0.01,2000,0.5,1,7,0,NA,9.756,58,1,0,0.0093852380082302,3,3,0,0,0,202
26,28123,1000,2,"gaussian","fixed",5e-04,5,0.0025,2.5,0.01,2000,0.5,1,0,0,NA,4.679,17,0,1,NA,0,0,1,1,0,203
26,28123,1000,2,"gaussian","linesearch",5e-04,5,0.0025,2.5,0.01,2000,0.5,1,7,0,NA,9.267,58,1,0,0.0093852380082302,2,2,0,0,0,204
26,28123,1000,2,"gaussian","fixed",5e-04,1,5e-04,0.5,0.01,2000,0.5,1,0,0,NA,5.53,73,1,0,0.00980867683728572,0,0,1,1,0,205
26,28123,1000,2,"gaussian","linesearch",5e-04,1,5e-04,0.5,0.01,2000,0.5,1,7,0,NA,8.91300000000001,73,1,0,0.00980867683728572,0,0,1,0,0,206
26,28123,1000,2,"gaussian","fixed",5e-04,0.2,1e-04,0.1,0.01,2000,0.5,1,0,0,NA,9.756,378,1,0,0.00992875169955994,0,0,1,1,0,207
26,28123,1000,2,"gaussian","linesearch",5e-04,0.2,1e-04,0.1,0.01,2000,0.5,1,7,0,NA,34.235,378,1,0,0.00992875169955994,0,0,1,0,0,208
27,29123,1000,2,"gaussian","fixed",5e-04,10,0.005,5,0.01,2000,0.5,1,0,0,NA,4.485,13,0,1,NA,0,0,1,1,0,209
27,29123,1000,2,"gaussian","linesearch",5e-04,10,0.005,5,0.01,2000,0.5,1,7,0,NA,10.352,62,1,0,0.00919784029040597,3,3,0,0,0,210
27,29123,1000,2,"gaussian","fixed",5e-04,5,0.0025,2.5,0.01,2000,0.5,1,0,0,NA,4.61699999999999,17,0,1,NA,0,0,1,1,0,211
27,29123,1000,2,"gaussian","linesearch",5e-04,5,0.0025,2.5,0.01,2000,0.5,1,7,0,NA,9.399,62,1,0,0.00919784029040597,2,2,0,0,0,212
27,29123,1000,2,"gaussian","fixed",5e-04,1,5e-04,0.5,0.01,2000,0.5,1,0,0,NA,5.28100000000001,78,1,0,0.00963926054261008,0,0,1,1,0,213
27,29123,1000,2,"gaussian","linesearch",5e-04,1,5e-04,0.5,0.01,2000,0.5,1,7,0,NA,8.785,78,1,0,0.00963926054261008,0,0,1,0,0,214
27,29123,1000,2,"gaussian","fixed",5e-04,0.2,1e-04,0.1,0.01,2000,0.5,1,0,0,NA,9.97999999999999,403,1,0,0.00987382396521483,0,0,1,1,0,215
27,29123,1000,2,"gaussian","linesearch",5e-04,0.2,1e-04,0.1,0.01,2000,0.5,1,7,0,NA,35.182,403,1,0,0.00987382396521483,0,0,1,0,0,216
28,30123,1000,2,"gaussian","fixed",5e-04,10,0.005,5,0.01,2000,0.5,1,0,0,NA,4.45999999999999,13,0,1,NA,0,0,1,1,0,217
28,30123,1000,2,"gaussian","linesearch",5e-04,10,0.005,5,0.01,2000,0.5,1,7,0,NA,9.934,59,1,0,0.00931279372206276,3,3,0,0,0,218
28,30123,1000,2,"gaussian","fixed",5e-04,5,0.0025,2.5,0.01,2000,0.5,1,0,0,NA,4.56100000000001,17,0,1,NA,0,0,1,1,0,219
28,30123,1000,2,"gaussian","linesearch",5e-04,5,0.0025,2.5,0.01,2000,0.5,1,7,0,NA,8.738,59,1,0,0.00931279372206276,2,2,0,0,0,220
28,30123,1000,2,"gaussian","fixed",5e-04,1,5e-04,0.5,0.01,2000,0.5,1,0,0,NA,5.398,74,1,0,0.00996802065955979,0,0,1,1,0,221
28,30123,1000,2,"gaussian","linesearch",5e-04,1,5e-04,0.5,0.01,2000,0.5,1,7,0,NA,8.81900000000002,74,1,0,0.00996802065955979,0,0,1,0,0,222
28,30123,1000,2,"gaussian","fixed",5e-04,0.2,1e-04,0.1,0.01,2000,0.5,1,0,0,NA,9.51500000000001,383,1,0,0.00997536964665025,0,0,1,1,0,223
28,30123,1000,2,"gaussian","linesearch",5e-04,0.2,1e-04,0.1,0.01,2000,0.5,1,7,0,NA,30.825,383,1,0,0.00997536964665025,0,0,1,0,0,224
29,31123,1000,2,"gaussian","fixed",5e-04,10,0.005,5,0.01,2000,0.5,1,0,0,NA,4.518,13,0,1,NA,0,0,1,1,0,225
29,31123,1000,2,"gaussian","linesearch",5e-04,10,0.005,5,0.01,2000,0.5,1,7,0,NA,9.373,59,1,0,0.00997055764008933,3,3,0,0,0,226
29,31123,1000,2,"gaussian","fixed",5e-04,5,0.0025,2.5,0.01,2000,0.5,1,0,0,NA,4.63000000000001,17,0,1,NA,0,0,1,1,0,227
29,31123,1000,2,"gaussian","linesearch",5e-04,5,0.0025,2.5,0.01,2000,0.5,1,7,0,NA,8.98699999999999,59,1,0,0.00997055764008933,2,2,0,0,0,228
29,31123,1000,2,"gaussian","fixed",5e-04,1,5e-04,0.5,0.01,2000,0.5,1,0,0,NA,5.312,75,1,0,0.00954146214040284,0,0,1,1,0,229
29,31123,1000,2,"gaussian","linesearch",5e-04,1,5e-04,0.5,0.01,2000,0.5,1,7,0,NA,8.123,75,1,0,0.00954146214040284,0,0,1,0,0,230
29,31123,1000,2,"gaussian","fixed",5e-04,0.2,1e-04,0.1,0.01,2000,0.5,1,0,0,NA,9.79400000000001,387,1,0,0.00991626916716267,0,0,1,1,0,231
29,31123,1000,2,"gaussian","linesearch",5e-04,0.2,1e-04,0.1,0.01,2000,0.5,1,7,0,NA,32.957,387,1,0,0.00991626916716267,0,0,1,0,0,232
30,32123,1000,2,"gaussian","fixed",5e-04,10,0.005,5,0.01,2000,0.5,1,0,0,NA,4.449,13,0,1,NA,0,0,1,1,0,233
30,32123,1000,2,"gaussian","linesearch",5e-04,10,0.005,5,0.01,2000,0.5,1,7,0,NA,10.028,59,1,0,0.00947695851081704,3,3,0,0,0,234
30,32123,1000,2,"gaussian","fixed",5e-04,5,0.0025,2.5,0.01,2000,0.5,1,0,0,NA,4.611,18,0,1,NA,0,0,1,1,0,235
30,32123,1000,2,"gaussian","linesearch",5e-04,5,0.0025,2.5,0.01,2000,0.5,1,7,0,NA,9.202,59,1,0,0.00947695851081704,2,2,0,0,0,236
30,32123,1000,2,"gaussian","fixed",5e-04,1,5e-04,0.5,0.01,2000,0.5,1,0,0,NA,5.431,75,1,0,0.00904140960687393,0,0,1,1,0,237
30,32123,1000,2,"gaussian","linesearch",5e-04,1,5e-04,0.5,0.01,2000,0.5,1,7,0,NA,9.99300000000001,75,1,0,0.00904140960687393,0,0,1,0,0,238
30,32123,1000,2,"gaussian","fixed",5e-04,0.2,1e-04,0.1,0.01,2000,0.5,1,0,0,NA,10.049,384,1,0,0.00989103722687082,0,0,1,1,0,239
30,32123,1000,2,"gaussian","linesearch",5e-04,0.2,1e-04,0.1,0.01,2000,0.5,1,7,0,NA,34.285,384,1,0,0.00989103722687082,0,0,1,0,0,240
31,33123,1000,2,"gaussian","fixed",5e-04,10,0.005,5,0.01,2000,0.5,1,0,0,NA,4.45399999999999,12,0,1,NA,0,0,1,1,0,241
31,33123,1000,2,"gaussian","linesearch",5e-04,10,0.005,5,0.01,2000,0.5,1,7,0,NA,9.95099999999999,60,1,0,0.00953605592524448,3,3,0,0,0,242
31,33123,1000,2,"gaussian","fixed",5e-04,5,0.0025,2.5,0.01,2000,0.5,1,0,0,NA,4.57599999999999,16,0,1,Inf,0,0,1,1,0,243
31,33123,1000,2,"gaussian","linesearch",5e-04,5,0.0025,2.5,0.01,2000,0.5,1,7,0,NA,9.23999999999999,60,1,0,0.00953605592524448,2,2,0,0,0,244
31,33123,1000,2,"gaussian","fixed",5e-04,1,5e-04,0.5,0.01,2000,0.5,1,0,0,NA,5.411,76,1,0,0.00940012131299098,0,0,1,1,0,245
31,33123,1000,2,"gaussian","linesearch",5e-04,1,5e-04,0.5,0.01,2000,0.5,1,7,0,NA,8.56100000000001,76,1,0,0.00940012131299098,0,0,1,0,0,246
31,33123,1000,2,"gaussian","fixed",5e-04,0.2,1e-04,0.1,0.01,2000,0.5,1,0,0,NA,10.189,391,1,0,0.00997908959483136,0,0,1,1,0,247
31,33123,1000,2,"gaussian","linesearch",5e-04,0.2,1e-04,0.1,0.01,2000,0.5,1,7,0,NA,35.955,391,1,0,0.00997908959483136,0,0,1,0,0,248
32,34123,1000,2,"gaussian","fixed",5e-04,10,0.005,5,0.01,2000,0.5,1,0,0,NA,4.51299999999999,13,0,1,NA,0,0,1,1,0,249
32,34123,1000,2,"gaussian","linesearch",5e-04,10,0.005,5,0.01,2000,0.5,1,7,0,NA,9.881,59,1,0,0.0096805936572068,3,3,0,0,0,250
32,34123,1000,2,"gaussian","fixed",5e-04,5,0.0025,2.5,0.01,2000,0.5,1,0,0,NA,4.524,17,0,1,NA,0,0,1,1,0,251
32,34123,1000,2,"gaussian","linesearch",5e-04,5,0.0025,2.5,0.01,2000,0.5,1,7,0,NA,9.30799999999999,59,1,0,0.0096805936572068,2,2,0,0,0,252
32,34123,1000,2,"gaussian","fixed",5e-04,1,5e-04,0.5,0.01,2000,0.5,1,0,0,NA,5.31999999999999,75,1,0,0.00926428567263821,0,0,1,1,0,253
32,34123,1000,2,"gaussian","linesearch",5e-04,1,5e-04,0.5,0.01,2000,0.5,1,7,0,NA,8.58,75,1,0,0.00926428567263821,0,0,1,0,0,254
32,34123,1000,2,"gaussian","fixed",5e-04,0.2,1e-04,0.1,0.01,2000,0.5,1,0,0,NA,9.75999999999999,386,1,0,0.00984693923795255,0,0,1,1,0,255
32,34123,1000,2,"gaussian","linesearch",5e-04,0.2,1e-04,0.1,0.01,2000,0.5,1,7,0,NA,34.791,386,1,0,0.00984693923795255,0,0,1,0,0,256
33,35123,1000,2,"gaussian","fixed",5e-04,10,0.005,5,0.01,2000,0.5,1,0,0,NA,4.51299999999999,14,0,1,NA,0,0,1,1,0,257
33,35123,1000,2,"gaussian","linesearch",5e-04,10,0.005,5,0.01,2000,0.5,1,7,0,NA,10.136,58,1,0,0.00906309695930752,3,3,0,0,0,258
33,35123,1000,2,"gaussian","fixed",5e-04,5,0.0025,2.5,0.01,2000,0.5,1,0,0,NA,4.55800000000001,18,0,1,NA,0,0,1,1,0,259
33,35123,1000,2,"gaussian","linesearch",5e-04,5,0.0025,2.5,0.01,2000,0.5,1,7,0,NA,9.06399999999999,58,1,0,0.00906309695930752,2,2,0,0,0,260
33,35123,1000,2,"gaussian","fixed",5e-04,1,5e-04,0.5,0.01,2000,0.5,1,0,0,NA,5.206,73,1,0,0.00948341100990002,0,0,1,1,0,261
33,35123,1000,2,"gaussian","linesearch",5e-04,1,5e-04,0.5,0.01,2000,0.5,1,7,0,NA,8.22300000000001,73,1,0,0.00948341100990002,0,0,1,0,0,262
33,35123,1000,2,"gaussian","fixed",5e-04,0.2,1e-04,0.1,0.01,2000,0.5,1,0,0,NA,9.38400000000001,377,1,0,0.0098513108262348,0,0,1,1,0,263
33,35123,1000,2,"gaussian","linesearch",5e-04,0.2,1e-04,0.1,0.01,2000,0.5,1,7,0,NA,30.298,377,1,0,0.0098513108262348,0,0,1,0,0,264
34,36123,1000,2,"gaussian","fixed",5e-04,10,0.005,5,0.01,2000,0.5,1,0,0,NA,4.45100000000001,13,0,1,Inf,0,0,1,1,0,265
34,36123,1000,2,"gaussian","linesearch",5e-04,10,0.005,5,0.01,2000,0.5,1,7,0,NA,10.294,61,1,0,0.00970578919173781,3,3,0,0,0,266
34,36123,1000,2,"gaussian","fixed",5e-04,5,0.0025,2.5,0.01,2000,0.5,1,0,0,NA,4.548,18,0,1,NA,0,0,1,1,0,267
34,36123,1000,2,"gaussian","linesearch",5e-04,5,0.0025,2.5,0.01,2000,0.5,1,7,0,NA,9.51299999999999,61,1,0,0.00970578919173781,2,2,0,0,0,268
34,36123,1000,2,"gaussian","fixed",5e-04,1,5e-04,0.5,0.01,2000,0.5,1,0,0,NA,5.30200000000001,77,1,0,0.00986034836885741,0,0,1,1,0,269
34,36123,1000,2,"gaussian","linesearch",5e-04,1,5e-04,0.5,0.01,2000,0.5,1,7,0,NA,8.97199999999999,77,1,0,0.00986034836885741,0,0,1,0,0,270
34,36123,1000,2,"gaussian","fixed",5e-04,0.2,1e-04,0.1,0.01,2000,0.5,1,0,0,NA,9.97899999999998,399,1,0,0.00982716482827345,0,0,1,1,0,271
34,36123,1000,2,"gaussian","linesearch",5e-04,0.2,1e-04,0.1,0.01,2000,0.5,1,7,0,NA,36.504,399,1,0,0.00982716482827345,0,0,1,0,0,272
35,37123,1000,2,"gaussian","fixed",5e-04,10,0.005,5,0.01,2000,0.5,1,0,0,NA,4.56500000000001,14,0,1,NA,0,0,1,1,0,273
35,37123,1000,2,"gaussian","linesearch",5e-04,10,0.005,5,0.01,2000,0.5,1,7,0,NA,10.216,57,1,0,0.00972102710422292,3,3,0,0,0,274
35,37123,1000,2,"gaussian","fixed",5e-04,5,0.0025,2.5,0.01,2000,0.5,1,0,0,NA,4.57199999999999,18,0,1,NA,0,0,1,1,0,275
35,37123,1000,2,"gaussian","linesearch",5e-04,5,0.0025,2.5,0.01,2000,0.5,1,7,0,NA,9.46899999999999,57,1,0,0.00972102710422292,2,2,0,0,0,276
35,37123,1000,2,"gaussian","fixed",5e-04,1,5e-04,0.5,0.01,2000,0.5,1,0,0,NA,5.28599999999999,72,1,0,0.00980351049324508,0,0,1,1,0,277
35,37123,1000,2,"gaussian","linesearch",5e-04,1,5e-04,0.5,0.01,2000,0.5,1,7,0,NA,8.28300000000002,72,1,0,0.00980351049324508,0,0,1,0,0,278
35,37123,1000,2,"gaussian","fixed",5e-04,0.2,1e-04,0.1,0.01,2000,0.5,1,0,0,NA,9.72499999999999,372,1,0,0.00998925974843184,0,0,1,1,0,279
35,37123,1000,2,"gaussian","linesearch",5e-04,0.2,1e-04,0.1,0.01,2000,0.5,1,7,0,NA,31.983,372,1,0,0.00998925974843184,0,0,1,0,0,280
36,38123,1000,2,"gaussian","fixed",5e-04,10,0.005,5,0.01,2000,0.5,1,0,0,NA,4.444,13,0,1,NA,0,0,1,1,0,281
36,38123,1000,2,"gaussian","linesearch",5e-04,10,0.005,5,0.01,2000,0.5,1,7,0,NA,10.389,59,1,0,0.00911061304109168,3,3,0,0,0,282
36,38123,1000,2,"gaussian","fixed",5e-04,5,0.0025,2.5,0.01,2000,0.5,1,0,0,NA,4.494,17,0,1,NA,0,0,1,1,0,283
36,38123,1000,2,"gaussian","linesearch",5e-04,5,0.0025,2.5,0.01,2000,0.5,1,7,0,NA,9.441,59,1,0,0.00911061304109168,2,2,0,0,0,284
36,38123,1000,2,"gaussian","fixed",5e-04,1,5e-04,0.5,0.01,2000,0.5,1,0,0,NA,5.431,74,1,0,0.00980546936020282,0,0,1,1,0,285
36,38123,1000,2,"gaussian","linesearch",5e-04,1,5e-04,0.5,0.01,2000,0.5,1,7,0,NA,8.87799999999999,74,1,0,0.00980546936020282,0,0,1,0,0,286
36,38123,1000,2,"gaussian","fixed",5e-04,0.2,1e-04,0.1,0.01,2000,0.5,1,0,0,NA,9.74299999999999,383,1,0,0.00992856689136944,0,0,1,1,0,287
36,38123,1000,2,"gaussian","linesearch",5e-04,0.2,1e-04,0.1,0.01,2000,0.5,1,7,0,NA,33.835,383,1,0,0.00992856689136944,0,0,1,0,0,288
37,39123,1000,2,"gaussian","fixed",5e-04,10,0.005,5,0.01,2000,0.5,1,0,0,NA,4.49799999999999,14,0,1,NA,0,0,1,1,0,289
37,39123,1000,2,"gaussian","linesearch",5e-04,10,0.005,5,0.01,2000,0.5,1,7,0,NA,9.97199999999999,57,1,0,0.00956845144473917,3,3,0,0,0,290
37,39123,1000,2,"gaussian","fixed",5e-04,5,0.0025,2.5,0.01,2000,0.5,1,0,0,NA,4.68899999999999,19,0,1,NA,0,0,1,1,0,291
37,39123,1000,2,"gaussian","linesearch",5e-04,5,0.0025,2.5,0.01,2000,0.5,1,7,0,NA,8.81399999999999,57,1,0,0.00956845144473917,2,2,0,0,0,292
37,39123,1000,2,"gaussian","fixed",5e-04,1,5e-04,0.5,0.01,2000,0.5,1,0,0,NA,5.32899999999999,72,1,0,0.00965856466791293,0,0,1,1,0,293
37,39123,1000,2,"gaussian","linesearch",5e-04,1,5e-04,0.5,0.01,2000,0.5,1,7,0,NA,7.91399999999999,72,1,0,0.00965856466791293,0,0,1,0,0,294
37,39123,1000,2,"gaussian","fixed",5e-04,0.2,1e-04,0.1,0.01,2000,0.5,1,0,0,NA,9.643,372,1,0,0.0098683168873136,0,0,1,1,0,295
37,39123,1000,2,"gaussian","linesearch",5e-04,0.2,1e-04,0.1,0.01,2000,0.5,1,7,0,NA,30.131,372,1,0,0.0098683168873136,0,0,1,0,0,296
38,40123,1000,2,"gaussian","fixed",5e-04,10,0.005,5,0.01,2000,0.5,1,0,0,NA,4.506,13,0,1,Inf,0,0,1,1,0,297
38,40123,1000,2,"gaussian","linesearch",5e-04,10,0.005,5,0.01,2000,0.5,1,7,0,NA,9.69199999999999,58,1,0,0.00979894982619015,3,3,0,0,0,298
38,40123,1000,2,"gaussian","fixed",5e-04,5,0.0025,2.5,0.01,2000,0.5,1,0,0,NA,4.64999999999999,18,0,1,NA,0,0,1,1,0,299
38,40123,1000,2,"gaussian","linesearch",5e-04,5,0.0025,2.5,0.01,2000,0.5,1,7,0,NA,9.34099999999999,58,1,0,0.00979894982619015,2,2,0,0,0,300
38,40123,1000,2,"gaussian","fixed",5e-04,1,5e-04,0.5,0.01,2000,0.5,1,0,0,NA,5.27200000000001,74,1,0,0.00906432679289084,0,0,1,1,0,301
38,40123,1000,2,"gaussian","linesearch",5e-04,1,5e-04,0.5,0.01,2000,0.5,1,7,0,NA,8.40000000000001,74,1,0,0.00906432679289084,0,0,1,0,0,302
38,40123,1000,2,"gaussian","fixed",5e-04,0.2,1e-04,0.1,0.01,2000,0.5,1,0,0,NA,9.67600000000002,379,1,0,0.00986429930551846,0,0,1,1,0,303
38,40123,1000,2,"gaussian","linesearch",5e-04,0.2,1e-04,0.1,0.01,2000,0.5,1,7,0,NA,34.601,379,1,0,0.00986429930551846,0,0,1,0,0,304
39,41123,1000,2,"gaussian","fixed",5e-04,10,0.005,5,0.01,2000,0.5,1,0,0,NA,4.48999999999999,13,0,1,NA,0,0,1,1,0,305
39,41123,1000,2,"gaussian","linesearch",5e-04,10,0.005,5,0.01,2000,0.5,1,7,0,NA,10.631,61,1,0,0.00903258637659371,3,3,0,0,0,306
39,41123,1000,2,"gaussian","fixed",5e-04,5,0.0025,2.5,0.01,2000,0.5,1,0,0,NA,4.684,17,0,1,NA,0,0,1,1,0,307
39,41123,1000,2,"gaussian","linesearch",5e-04,5,0.0025,2.5,0.01,2000,0.5,1,7,0,NA,9.068,61,1,0,0.00903258637659371,2,2,0,0,0,308
39,41123,1000,2,"gaussian","fixed",5e-04,1,5e-04,0.5,0.01,2000,0.5,1,0,0,NA,5.393,77,1,0,0.00915730777137203,0,0,1,1,0,309
39,41123,1000,2,"gaussian","linesearch",5e-04,1,5e-04,0.5,0.01,2000,0.5,1,7,0,NA,10.01,77,1,0,0.00915730777137203,0,0,1,0,0,310
39,41123,1000,2,"gaussian","fixed",5e-04,0.2,1e-04,0.1,0.01,2000,0.5,1,0,0,NA,9.917,395,1,0,0.00990166309051754,0,0,1,1,0,311
39,41123,1000,2,"gaussian","linesearch",5e-04,0.2,1e-04,0.1,0.01,2000,0.5,1,7,0,NA,36.447,395,1,0,0.00990166309051754,0,0,1,0,0,312
40,42123,1000,2,"gaussian","fixed",5e-04,10,0.005,5,0.01,2000,0.5,1,0,0,NA,4.46599999999999,13,0,1,NA,0,0,1,1,0,313
40,42123,1000,2,"gaussian","linesearch",5e-04,10,0.005,5,0.01,2000,0.5,1,7,0,NA,10.263,58,1,0,0.00902510493836813,3,3,0,0,0,314
40,42123,1000,2,"gaussian","fixed",5e-04,5,0.0025,2.5,0.01,2000,0.5,1,0,0,NA,4.533,17,0,1,NA,0,0,1,1,0,315
40,42123,1000,2,"gaussian","linesearch",5e-04,5,0.0025,2.5,0.01,2000,0.5,1,7,0,NA,9.24299999999999,58,1,0,0.00902510493836813,2,2,0,0,0,316
40,42123,1000,2,"gaussian","fixed",5e-04,1,5e-04,0.5,0.01,2000,0.5,1,0,0,NA,5.232,73,1,0,0.00935957981259548,0,0,1,1,0,317
40,42123,1000,2,"gaussian","linesearch",5e-04,1,5e-04,0.5,0.01,2000,0.5,1,7,0,NA,8.435,73,1,0,0.00935957981259548,0,0,1,0,0,318
40,42123,1000,2,"gaussian","fixed",5e-04,0.2,1e-04,0.1,0.01,2000,0.5,1,0,0,NA,10.135,375,1,0,0.00994137281773148,0,0,1,1,0,319
40,42123,1000,2,"gaussian","linesearch",5e-04,0.2,1e-04,0.1,0.01,2000,0.5,1,7,0,NA,33.142,375,1,0,0.00994137281773148,0,0,1,0,0,320
41,43123,1000,2,"gaussian","fixed",5e-04,10,0.005,5,0.01,2000,0.5,1,0,0,NA,4.505,13,0,1,NA,0,0,1,1,0,321
41,43123,1000,2,"gaussian","linesearch",5e-04,10,0.005,5,0.01,2000,0.5,1,7,0,NA,10.549,60,1,0,0.00923779479509684,3,3,0,0,0,322
41,43123,1000,2,"gaussian","fixed",5e-04,5,0.0025,2.5,0.01,2000,0.5,1,0,0,NA,4.527,17,0,1,NA,0,0,1,1,0,323
41,43123,1000,2,"gaussian","linesearch",5e-04,5,0.0025,2.5,0.01,2000,0.5,1,7,0,NA,9.321,60,1,0,0.00923779479509684,2,2,0,0,0,324
41,43123,1000,2,"gaussian","fixed",5e-04,1,5e-04,0.5,0.01,2000,0.5,1,0,0,NA,5.27600000000001,76,1,0,0.00911846703761255,0,0,1,1,0,325
41,43123,1000,2,"gaussian","linesearch",5e-04,1,5e-04,0.5,0.01,2000,0.5,1,7,0,NA,8.96799999999999,76,1,0,0.00911846703761255,0,0,1,0,0,326
41,43123,1000,2,"gaussian","fixed",5e-04,0.2,1e-04,0.1,0.01,2000,0.5,1,0,0,NA,9.78700000000001,390,1,0,0.00995122178725573,0,0,1,1,0,327
41,43123,1000,2,"gaussian","linesearch",5e-04,0.2,1e-04,0.1,0.01,2000,0.5,1,7,0,NA,34.204,390,1,0,0.00995122178725573,0,0,1,0,0,328
42,44123,1000,2,"gaussian","fixed",5e-04,10,0.005,5,0.01,2000,0.5,1,0,0,NA,4.47399999999999,13,0,1,Inf,0,0,1,1,0,329
42,44123,1000,2,"gaussian","linesearch",5e-04,10,0.005,5,0.01,2000,0.5,1,7,0,NA,10.344,58,1,0,0.00981944584861016,3,3,0,0,0,330
42,44123,1000,2,"gaussian","fixed",5e-04,5,0.0025,2.5,0.01,2000,0.5,1,0,0,NA,4.57300000000001,19,0,1,NA,0,0,1,1,0,331
42,44123,1000,2,"gaussian","linesearch",5e-04,5,0.0025,2.5,0.01,2000,0.5,1,7,0,NA,9.279,58,1,0,0.00981944584861016,2,2,0,0,0,332
42,44123,1000,2,"gaussian","fixed",5e-04,1,5e-04,0.5,0.01,2000,0.5,1,0,0,NA,5.28699999999999,74,1,0,0.00908433510130668,0,0,1,1,0,333
42,44123,1000,2,"gaussian","linesearch",5e-04,1,5e-04,0.5,0.01,2000,0.5,1,7,0,NA,8.904,74,1,0,0.00908433510130668,0,0,1,0,0,334
42,44123,1000,2,"gaussian","fixed",5e-04,0.2,1e-04,0.1,0.01,2000,0.5,1,0,0,NA,9.77500000000001,380,1,0,0.00979042664850363,0,0,1,1,0,335
42,44123,1000,2,"gaussian","linesearch",5e-04,0.2,1e-04,0.1,0.01,2000,0.5,1,7,0,NA,32.463,380,1,0,0.00979042664850363,0,0,1,0,0,336
43,45123,1000,2,"gaussian","fixed",5e-04,10,0.005,5,0.01,2000,0.5,1,0,0,NA,4.47199999999999,13,0,1,Inf,0,0,1,1,0,337
43,45123,1000,2,"gaussian","linesearch",5e-04,10,0.005,5,0.01,2000,0.5,1,7,0,NA,10.14,58,1,0,0.00952638291126914,3,3,0,0,0,338
43,45123,1000,2,"gaussian","fixed",5e-04,5,0.0025,2.5,0.01,2000,0.5,1,0,0,NA,4.499,18,0,1,Inf,0,0,1,1,0,339
43,45123,1000,2,"gaussian","linesearch",5e-04,5,0.0025,2.5,0.01,2000,0.5,1,7,0,NA,8.86999999999999,58,1,0,0.00952638291126914,2,2,0,0,0,340
43,45123,1000,2,"gaussian","fixed",5e-04,1,5e-04,0.5,0.01,2000,0.5,1,0,0,NA,5.264,73,1,0,0.00987577784150183,0,0,1,1,0,341
43,45123,1000,2,"gaussian","linesearch",5e-04,1,5e-04,0.5,0.01,2000,0.5,1,7,0,NA,9.48099999999999,73,1,0,0.00987577784150183,0,0,1,0,0,342
43,45123,1000,2,"gaussian","fixed",5e-04,0.2,1e-04,0.1,0.01,2000,0.5,1,0,0,NA,9.63300000000001,378,1,0,0.00988416857339866,0,0,1,1,0,343
43,45123,1000,2,"gaussian","linesearch",5e-04,0.2,1e-04,0.1,0.01,2000,0.5,1,7,0,NA,33.124,378,1,0,0.00988416857339866,0,0,1,0,0,344
44,46123,1000,2,"gaussian","fixed",5e-04,10,0.005,5,0.01,2000,0.5,1,0,0,NA,4.504,14,0,1,NA,0,0,1,1,0,345
44,46123,1000,2,"gaussian","linesearch",5e-04,10,0.005,5,0.01,2000,0.5,1,7,0,NA,10.451,60,1,0,0.00879783061988981,3,3,0,0,0,346
44,46123,1000,2,"gaussian","fixed",5e-04,5,0.0025,2.5,0.01,2000,0.5,1,0,0,NA,4.57000000000001,19,0,1,NA,0,0,1,1,0,347
44,46123,1000,2,"gaussian","linesearch",5e-04,5,0.0025,2.5,0.01,2000,0.5,1,7,0,NA,9.87100000000001,60,1,0,0.00879783061988981,2,2,0,0,0,348
44,46123,1000,2,"gaussian","fixed",5e-04,1,5e-04,0.5,0.01,2000,0.5,1,0,0,NA,5.422,75,1,0,0.00973141571512783,0,0,1,1,0,349
44,46123,1000,2,"gaussian","linesearch",5e-04,1,5e-04,0.5,0.01,2000,0.5,1,7,0,NA,9.19799999999998,75,1,0,0.00973141571512783,0,0,1,0,0,350
44,46123,1000,2,"gaussian","fixed",5e-04,0.2,1e-04,0.1,0.01,2000,0.5,1,0,0,NA,10.325,388,1,0,0.00983865136766948,0,0,1,1,0,351
44,46123,1000,2,"gaussian","linesearch",5e-04,0.2,1e-04,0.1,0.01,2000,0.5,1,7,0,NA,32.501,388,1,0,0.00983865136766948,0,0,1,0,0,352
45,47123,1000,2,"gaussian","fixed",5e-04,10,0.005,5,0.01,2000,0.5,1,0,0,NA,4.53099999999999,13,0,1,NA,0,0,1,1,0,353
45,47123,1000,2,"gaussian","linesearch",5e-04,10,0.005,5,0.01,2000,0.5,1,7,0,NA,9.944,59,1,0,0.00998372795223793,3,3,0,0,0,354
45,47123,1000,2,"gaussian","fixed",5e-04,5,0.0025,2.5,0.01,2000,0.5,1,0,0,NA,4.60900000000001,17,0,1,NA,0,0,1,1,0,355
45,47123,1000,2,"gaussian","linesearch",5e-04,5,0.0025,2.5,0.01,2000,0.5,1,7,0,NA,9.029,59,1,0,0.00998372795223793,2,2,0,0,0,356
45,47123,1000,2,"gaussian","fixed",5e-04,1,5e-04,0.5,0.01,2000,0.5,1,0,0,NA,5.30799999999999,75,1,0,0.00952675351072753,0,0,1,1,0,357
45,47123,1000,2,"gaussian","linesearch",5e-04,1,5e-04,0.5,0.01,2000,0.5,1,7,0,NA,9.286,75,1,0,0.00952675351072753,0,0,1,0,0,358
45,47123,1000,2,"gaussian","fixed",5e-04,0.2,1e-04,0.1,0.01,2000,0.5,1,0,0,NA,10.147,386,1,0,0.0099883932470435,0,0,1,1,0,359
45,47123,1000,2,"gaussian","linesearch",5e-04,0.2,1e-04,0.1,0.01,2000,0.5,1,7,0,NA,35.075,386,1,0,0.0099883932470435,0,0,1,0,0,360
46,48123,1000,2,"gaussian","fixed",5e-04,10,0.005,5,0.01,2000,0.5,1,0,0,NA,4.496,13,0,1,NA,0,0,1,1,0,361
46,48123,1000,2,"gaussian","linesearch",5e-04,10,0.005,5,0.01,2000,0.5,1,7,0,NA,10.373,58,1,0,0.00979510753215887,3,3,0,0,0,362
46,48123,1000,2,"gaussian","fixed",5e-04,5,0.0025,2.5,0.01,2000,0.5,1,0,0,NA,4.52799999999999,17,0,1,NA,0,0,1,1,0,363
46,48123,1000,2,"gaussian","linesearch",5e-04,5,0.0025,2.5,0.01,2000,0.5,1,7,0,NA,9.494,58,1,0,0.00979510753215887,2,2,0,0,0,364
46,48123,1000,2,"gaussian","fixed",5e-04,1,5e-04,0.5,0.01,2000,0.5,1,0,0,NA,5.33,74,1,0,0.00908033485233498,0,0,1,1,0,365
46,48123,1000,2,"gaussian","linesearch",5e-04,1,5e-04,0.5,0.01,2000,0.5,1,7,0,NA,8.68600000000001,74,1,0,0.00908033485233498,0,0,1,0,0,366
46,48123,1000,2,"gaussian","fixed",5e-04,0.2,1e-04,0.1,0.01,2000,0.5,1,0,0,NA,10.029,380,1,0,0.00978981121653309,0,0,1,1,0,367
46,48123,1000,2,"gaussian","linesearch",5e-04,0.2,1e-04,0.1,0.01,2000,0.5,1,7,0,NA,31.973,380,1,0,0.00978981121653309,0,0,1,0,0,368
47,49123,1000,2,"gaussian","fixed",5e-04,10,0.005,5,0.01,2000,0.5,1,0,0,NA,4.47699999999999,14,0,1,NA,0,0,1,1,0,369
47,49123,1000,2,"gaussian","linesearch",5e-04,10,0.005,5,0.01,2000,0.5,1,7,0,NA,10.424,60,1,0,0.00969465824207205,3,3,0,0,0,370
47,49123,1000,2,"gaussian","fixed",5e-04,5,0.0025,2.5,0.01,2000,0.5,1,0,0,NA,4.58500000000001,18,0,1,NA,0,0,1,1,0,371
47,49123,1000,2,"gaussian","linesearch",5e-04,5,0.0025,2.5,0.01,2000,0.5,1,7,0,NA,9.76700000000001,60,1,0,0.00969465824207205,2,2,0,0,0,372
47,49123,1000,2,"gaussian","fixed",5e-04,1,5e-04,0.5,0.01,2000,0.5,1,0,0,NA,5.44499999999999,76,1,0,0.00956425033576774,0,0,1,1,0,373
47,49123,1000,2,"gaussian","linesearch",5e-04,1,5e-04,0.5,0.01,2000,0.5,1,7,0,NA,9.822,76,1,0,0.00956425033576774,0,0,1,0,0,374
47,49123,1000,2,"gaussian","fixed",5e-04,0.2,1e-04,0.1,0.01,2000,0.5,1,0,0,NA,10.08,392,1,0,0.00996087423933883,0,0,1,1,0,375
47,49123,1000,2,"gaussian","linesearch",5e-04,0.2,1e-04,0.1,0.01,2000,0.5,1,7,0,NA,34.681,392,1,0,0.00996087423933883,0,0,1,0,0,376
48,50123,1000,2,"gaussian","fixed",5e-04,10,0.005,5,0.01,2000,0.5,1,0,0,NA,4.67800000000001,13,0,1,NA,0,0,1,1,0,377
48,50123,1000,2,"gaussian","linesearch",5e-04,10,0.005,5,0.01,2000,0.5,1,7,0,NA,10.251,60,1,0,0.0093111400602082,3,3,0,0,0,378
48,50123,1000,2,"gaussian","fixed",5e-04,5,0.0025,2.5,0.01,2000,0.5,1,0,0,NA,4.619,18,0,1,NA,0,0,1,1,0,379
48,50123,1000,2,"gaussian","linesearch",5e-04,5,0.0025,2.5,0.01,2000,0.5,1,7,0,NA,9.61799999999999,60,1,0,0.0093111400602082,2,2,0,0,0,380
48,50123,1000,2,"gaussian","fixed",5e-04,1,5e-04,0.5,0.01,2000,0.5,1,0,0,NA,5.321,76,1,0,0.00919252872642606,0,0,1,1,0,381
48,50123,1000,2,"gaussian","linesearch",5e-04,1,5e-04,0.5,0.01,2000,0.5,1,7,0,NA,9.63,76,1,0,0.00919252872642606,0,0,1,0,0,382
48,50123,1000,2,"gaussian","fixed",5e-04,0.2,1e-04,0.1,0.01,2000,0.5,1,0,0,NA,10.08,391,1,0,0.00981831861282031,0,0,1,1,0,383
48,50123,1000,2,"gaussian","linesearch",5e-04,0.2,1e-04,0.1,0.01,2000,0.5,1,7,0,NA,34.665,391,1,0,0.00981831861282031,0,0,1,0,0,384
49,51123,1000,2,"gaussian","fixed",5e-04,10,0.005,5,0.01,2000,0.5,1,0,0,NA,4.464,13,0,1,Inf,0,0,1,1,0,385
49,51123,1000,2,"gaussian","linesearch",5e-04,10,0.005,5,0.01,2000,0.5,1,7,0,NA,10.019,58,1,0,0.00980172070849694,3,3,0,0,0,386
49,51123,1000,2,"gaussian","fixed",5e-04,5,0.0025,2.5,0.01,2000,0.5,1,0,0,NA,4.64,18,0,1,Inf,0,0,1,1,0,387
49,51123,1000,2,"gaussian","linesearch",5e-04,5,0.0025,2.5,0.01,2000,0.5,1,7,0,NA,9.242,58,1,0,0.00980172070849694,2,2,0,0,0,388
49,51123,1000,2,"gaussian","fixed",5e-04,1,5e-04,0.5,0.01,2000,0.5,1,0,0,NA,5.25300000000001,74,1,0,0.00908343710228773,0,0,1,1,0,389
49,51123,1000,2,"gaussian","linesearch",5e-04,1,5e-04,0.5,0.01,2000,0.5,1,7,0,NA,8.791,74,1,0,0.00908343710228773,0,0,1,0,0,390
49,51123,1000,2,"gaussian","fixed",5e-04,0.2,1e-04,0.1,0.01,2000,0.5,1,0,0,NA,9.83799999999999,379,1,0,0.0099755495883698,0,0,1,1,0,391
49,51123,1000,2,"gaussian","linesearch",5e-04,0.2,1e-04,0.1,0.01,2000,0.5,1,7,0,NA,34.998,379,1,0,0.0099755495883698,0,0,1,0,0,392
50,52123,1000,2,"gaussian","fixed",5e-04,10,0.005,5,0.01,2000,0.5,1,0,0,NA,4.56699999999999,13,0,1,NA,0,0,1,1,0,393
50,52123,1000,2,"gaussian","linesearch",5e-04,10,0.005,5,0.01,2000,0.5,1,7,0,NA,10.058,60,1,0,0.00933316594222428,3,3,0,0,0,394
50,52123,1000,2,"gaussian","fixed",5e-04,5,0.0025,2.5,0.01,2000,0.5,1,0,0,NA,4.69900000000001,17,0,1,NA,0,0,1,1,0,395
50,52123,1000,2,"gaussian","linesearch",5e-04,5,0.0025,2.5,0.01,2000,0.5,1,7,0,NA,9.34399999999999,60,1,0,0.00933316594222428,2,2,0,0,0,396
50,52123,1000,2,"gaussian","fixed",5e-04,1,5e-04,0.5,0.01,2000,0.5,1,0,0,NA,5.37900000000002,76,1,0,0.00920700153133353,0,0,1,1,0,397
50,52123,1000,2,"gaussian","linesearch",5e-04,1,5e-04,0.5,0.01,2000,0.5,1,7,0,NA,9.52699999999999,76,1,0,0.00920700153133353,0,0,1,0,0,398
50,52123,1000,2,"gaussian","fixed",5e-04,0.2,1e-04,0.1,0.01,2000,0.5,1,0,0,NA,9.94,391,1,0,0.00980400028113124,0,0,1,1,0,399
50,52123,1000,2,"gaussian","linesearch",5e-04,0.2,1e-04,0.1,0.01,2000,0.5,1,7,0,NA,32.106,391,1,0,0.00980400028113124,0,0,1,0,0,400
51,53123,1000,2,"gaussian","fixed",5e-04,10,0.005,5,0.01,2000,0.5,1,0,0,NA,4.56,12,0,1,NA,0,0,1,1,0,401
51,53123,1000,2,"gaussian","linesearch",5e-04,10,0.005,5,0.01,2000,0.5,1,7,0,NA,10.151,59,1,0,0.00911765242875048,3,3,0,0,0,402
51,53123,1000,2,"gaussian","fixed",5e-04,5,0.0025,2.5,0.01,2000,0.5,1,0,0,NA,4.47999999999999,16,0,1,NA,0,0,1,1,0,403
51,53123,1000,2,"gaussian","linesearch",5e-04,5,0.0025,2.5,0.01,2000,0.5,1,7,0,NA,9.18100000000001,59,1,0,0.00911765242875048,2,2,0,0,0,404
51,53123,1000,2,"gaussian","fixed",5e-04,1,5e-04,0.5,0.01,2000,0.5,1,0,0,NA,5.34400000000002,74,1,0,0.00977337599194036,0,0,1,1,0,405
51,53123,1000,2,"gaussian","linesearch",5e-04,1,5e-04,0.5,0.01,2000,0.5,1,7,0,NA,9.54400000000001,74,1,0,0.00977337599194036,0,0,1,0,0,406
51,53123,1000,2,"gaussian","fixed",5e-04,0.2,1e-04,0.1,0.01,2000,0.5,1,0,0,NA,9.65199999999999,383,1,0,0.00982065556892439,0,0,1,1,0,407
51,53123,1000,2,"gaussian","linesearch",5e-04,0.2,1e-04,0.1,0.01,2000,0.5,1,7,0,NA,34.024,383,1,0,0.00982065556892439,0,0,1,0,0,408
52,54123,1000,2,"gaussian","fixed",5e-04,10,0.005,5,0.01,2000,0.5,1,0,0,NA,4.452,13,0,1,Inf,0,0,1,1,0,409
52,54123,1000,2,"gaussian","linesearch",5e-04,10,0.005,5,0.01,2000,0.5,1,7,0,NA,10.088,59,1,0,0.00979500438745239,3,3,0,0,0,410
52,54123,1000,2,"gaussian","fixed",5e-04,5,0.0025,2.5,0.01,2000,0.5,1,0,0,NA,4.66,18,0,1,NA,0,0,1,1,0,411
52,54123,1000,2,"gaussian","linesearch",5e-04,5,0.0025,2.5,0.01,2000,0.5,1,7,0,NA,9.18000000000001,59,1,0,0.00979500438745239,2,2,0,0,0,412
52,54123,1000,2,"gaussian","fixed",5e-04,1,5e-04,0.5,0.01,2000,0.5,1,0,0,NA,5.35499999999999,75,1,0,0.00935831172899875,0,0,1,1,0,413
52,54123,1000,2,"gaussian","linesearch",5e-04,1,5e-04,0.5,0.01,2000,0.5,1,7,0,NA,8.33099999999999,75,1,0,0.00935831172899875,0,0,1,0,0,414
52,54123,1000,2,"gaussian","fixed",5e-04,0.2,1e-04,0.1,0.01,2000,0.5,1,0,0,NA,9.34899999999999,386,1,0,0.00987326804357741,0,0,1,1,0,415
52,54123,1000,2,"gaussian","linesearch",5e-04,0.2,1e-04,0.1,0.01,2000,0.5,1,7,0,NA,30.294,386,1,0,0.00987326804357741,0,0,1,0,0,416
53,55123,1000,2,"gaussian","fixed",5e-04,10,0.005,5,0.01,2000,0.5,1,0,0,NA,4.471,13,0,1,NA,0,0,1,1,0,417
53,55123,1000,2,"gaussian","linesearch",5e-04,10,0.005,5,0.01,2000,0.5,1,7,0,NA,9.75899999999999,58,1,0,0.0098698115570226,3,3,0,0,0,418
53,55123,1000,2,"gaussian","fixed",5e-04,5,0.0025,2.5,0.01,2000,0.5,1,0,0,NA,4.55799999999999,17,0,1,NA,0,0,1,1,0,419
53,55123,1000,2,"gaussian","linesearch",5e-04,5,0.0025,2.5,0.01,2000,0.5,1,7,0,NA,8.59199999999998,58,1,0,0.0098698115570226,2,2,0,0,0,420
53,55123,1000,2,"gaussian","fixed",5e-04,1,5e-04,0.5,0.01,2000,0.5,1,0,0,NA,5.352,74,1,0,0.0091500587634844,0,0,1,1,0,421
53,55123,1000,2,"gaussian","linesearch",5e-04,1,5e-04,0.5,0.01,2000,0.5,1,7,0,NA,8.86599999999999,74,1,0,0.0091500587634844,0,0,1,0,0,422
53,55123,1000,2,"gaussian","fixed",5e-04,0.2,1e-04,0.1,0.01,2000,0.5,1,0,0,NA,9.59200000000001,380,1,0,0.00985311257228616,0,0,1,1,0,423
53,55123,1000,2,"gaussian","linesearch",5e-04,0.2,1e-04,0.1,0.01,2000,0.5,1,7,0,NA,34.516,380,1,0,0.00985311257228616,0,0,1,0,0,424
54,56123,1000,2,"gaussian","fixed",5e-04,10,0.005,5,0.01,2000,0.5,1,0,0,NA,4.488,13,0,1,NA,0,0,1,1,0,425
54,56123,1000,2,"gaussian","linesearch",5e-04,10,0.005,5,0.01,2000,0.5,1,7,0,NA,10.574,61,1,0,0.00972770293122927,3,3,0,0,0,426
54,56123,1000,2,"gaussian","fixed",5e-04,5,0.0025,2.5,0.01,2000,0.5,1,0,0,NA,4.69499999999999,17,0,1,NA,0,0,1,1,0,427
54,56123,1000,2,"gaussian","linesearch",5e-04,5,0.0025,2.5,0.01,2000,0.5,1,7,0,NA,9.90799999999999,61,1,0,0.00972770293122927,2,2,0,0,0,428
54,56123,1000,2,"gaussian","fixed",5e-04,1,5e-04,0.5,0.01,2000,0.5,1,0,0,NA,5.41,77,1,0,0.00989749358964098,0,0,1,1,0,429
54,56123,1000,2,"gaussian","linesearch",5e-04,1,5e-04,0.5,0.01,2000,0.5,1,7,0,NA,8.70099999999999,77,1,0,0.00989749358964098,0,0,1,0,0,430
54,56123,1000,2,"gaussian","fixed",5e-04,0.2,1e-04,0.1,0.01,2000,0.5,1,0,0,NA,9.988,399,1,0,0.00990283756693433,0,0,1,1,0,431
54,56123,1000,2,"gaussian","linesearch",5e-04,0.2,1e-04,0.1,0.01,2000,0.5,1,7,0,NA,35.806,399,1,0,0.00990283756693433,0,0,1,0,0,432
55,57123,1000,2,"gaussian","fixed",5e-04,10,0.005,5,0.01,2000,0.5,1,0,0,NA,4.52600000000001,13,0,1,NA,0,0,1,1,0,433
55,57123,1000,2,"gaussian","linesearch",5e-04,10,0.005,5,0.01,2000,0.5,1,7,0,NA,10.633,61,1,0,0.00904414331176634,3,3,0,0,0,434
55,57123,1000,2,"gaussian","fixed",5e-04,5,0.0025,2.5,0.01,2000,0.5,1,0,0,NA,4.65899999999999,17,0,1,NA,0,0,1,1,0,435
55,57123,1000,2,"gaussian","linesearch",5e-04,5,0.0025,2.5,0.01,2000,0.5,1,7,0,NA,9.79900000000001,61,1,0,0.00904414331176634,2,2,0,0,0,436
55,57123,1000,2,"gaussian","fixed",5e-04,1,5e-04,0.5,0.01,2000,0.5,1,0,0,NA,5.44,77,1,0,0.00917557673899844,0,0,1,1,0,437
55,57123,1000,2,"gaussian","linesearch",5e-04,1,5e-04,0.5,0.01,2000,0.5,1,7,0,NA,9.14600000000002,77,1,0,0.00917557673899844,0,0,1,0,0,438
55,57123,1000,2,"gaussian","fixed",5e-04,0.2,1e-04,0.1,0.01,2000,0.5,1,0,0,NA,10.098,395,1,0,0.0099473180010668,0,0,1,1,0,439
55,57123,1000,2,"gaussian","linesearch",5e-04,0.2,1e-04,0.1,0.01,2000,0.5,1,7,0,NA,36.849,395,1,0,0.0099473180010668,0,0,1,0,0,440
56,58123,1000,2,"gaussian","fixed",5e-04,10,0.005,5,0.01,2000,0.5,1,0,0,NA,4.518,13,0,1,NA,0,0,1,1,0,441
56,58123,1000,2,"gaussian","linesearch",5e-04,10,0.005,5,0.01,2000,0.5,1,7,0,NA,10.543,58,1,0,0.0094906148715872,3,3,0,0,0,442
56,58123,1000,2,"gaussian","fixed",5e-04,5,0.0025,2.5,0.01,2000,0.5,1,0,0,NA,4.51599999999999,17,0,1,NA,0,0,1,1,0,443
56,58123,1000,2,"gaussian","linesearch",5e-04,5,0.0025,2.5,0.01,2000,0.5,1,7,0,NA,8.97900000000001,58,1,0,0.0094906148715872,2,2,0,0,0,444
56,58123,1000,2,"gaussian","fixed",5e-04,1,5e-04,0.5,0.01,2000,0.5,1,0,0,NA,5.26899999999998,73,1,0,0.00988029332987223,0,0,1,1,0,445
56,58123,1000,2,"gaussian","linesearch",5e-04,1,5e-04,0.5,0.01,2000,0.5,1,7,0,NA,9.285,73,1,0,0.00988029332987223,0,0,1,0,0,446
56,58123,1000,2,"gaussian","fixed",5e-04,0.2,1e-04,0.1,0.01,2000,0.5,1,0,0,NA,9.51000000000002,378,1,0,0.00991216206912882,0,0,1,1,0,447
56,58123,1000,2,"gaussian","linesearch",5e-04,0.2,1e-04,0.1,0.01,2000,0.5,1,7,0,NA,33.276,378,1,0,0.00991216206912882,0,0,1,0,0,448
57,59123,1000,2,"gaussian","fixed",5e-04,10,0.005,5,0.01,2000,0.5,1,0,0,NA,4.46899999999999,14,0,1,NA,0,0,1,1,0,449
57,59123,1000,2,"gaussian","linesearch",5e-04,10,0.005,5,0.01,2000,0.5,1,7,0,NA,10.528,59,1,0,0.00969805482775214,3,3,0,0,0,450
57,59123,1000,2,"gaussian","fixed",5e-04,5,0.0025,2.5,0.01,2000,0.5,1,0,0,NA,4.67400000000001,19,0,1,NA,0,0,1,1,0,451
57,59123,1000,2,"gaussian","linesearch",5e-04,5,0.0025,2.5,0.01,2000,0.5,1,7,0,NA,9.80000000000001,59,1,0,0.00969805482775214,2,2,0,0,0,452
57,59123,1000,2,"gaussian","fixed",5e-04,1,5e-04,0.5,0.01,2000,0.5,1,0,0,NA,5.47400000000002,75,1,0,0.00927672820058727,0,0,1,1,0,453
57,59123,1000,2,"gaussian","linesearch",5e-04,1,5e-04,0.5,0.01,2000,0.5,1,7,0,NA,9.184,75,1,0,0.00927672820058727,0,0,1,0,0,454
57,59123,1000,2,"gaussian","fixed",5e-04,0.2,1e-04,0.1,0.01,2000,0.5,1,0,0,NA,9.99700000000001,386,1,0,0.00984685853671702,0,0,1,1,0,455
57,59123,1000,2,"gaussian","linesearch",5e-04,0.2,1e-04,0.1,0.01,2000,0.5,1,7,0,NA,33.71,386,1,0,0.00984685853671702,0,0,1,0,0,456
58,60123,1000,2,"gaussian","fixed",5e-04,10,0.005,5,0.01,2000,0.5,1,0,0,NA,4.49699999999999,13,0,1,NA,0,0,1,1,0,457
58,60123,1000,2,"gaussian","linesearch",5e-04,10,0.005,5,0.01,2000,0.5,1,7,0,NA,9.89699999999999,58,1,0,0.00950200519910619,3,3,0,0,0,458
58,60123,1000,2,"gaussian","fixed",5e-04,5,0.0025,2.5,0.01,2000,0.5,1,0,0,NA,4.64599999999999,17,0,1,NA,0,0,1,1,0,459
58,60123,1000,2,"gaussian","linesearch",5e-04,5,0.0025,2.5,0.01,2000,0.5,1,7,0,NA,9.583,58,1,0,0.00950200519910619,2,2,0,0,0,460
58,60123,1000,2,"gaussian","fixed",5e-04,1,5e-04,0.5,0.01,2000,0.5,1,0,0,NA,5.39700000000002,73,1,0,0.00987067894565862,0,0,1,1,0,461
58,60123,1000,2,"gaussian","linesearch",5e-04,1,5e-04,0.5,0.01,2000,0.5,1,7,0,NA,8.73600000000002,73,1,0,0.00987067894565862,0,0,1,0,0,462
58,60123,1000,2,"gaussian","fixed",5e-04,0.2,1e-04,0.1,0.01,2000,0.5,1,0,0,NA,9.51899999999998,378,1,0,0.0098496313298876,0,0,1,1,0,463
58,60123,1000,2,"gaussian","linesearch",5e-04,0.2,1e-04,0.1,0.01,2000,0.5,1,7,0,NA,33.794,378,1,0,0.0098496313298876,0,0,1,0,0,464
59,61123,1000,2,"gaussian","fixed",5e-04,10,0.005,5,0.01,2000,0.5,1,0,0,NA,4.488,13,0,1,NA,0,0,1,1,0,465
59,61123,1000,2,"gaussian","linesearch",5e-04,10,0.005,5,0.01,2000,0.5,1,7,0,NA,10.063,59,1,0,0.00956380785930167,3,3,0,0,0,466
59,61123,1000,2,"gaussian","fixed",5e-04,5,0.0025,2.5,0.01,2000,0.5,1,0,0,NA,4.5,17,0,1,NA,0,0,1,1,0,467
59,61123,1000,2,"gaussian","linesearch",5e-04,5,0.0025,2.5,0.01,2000,0.5,1,7,0,NA,9.14000000000001,59,1,0,0.00956380785930167,2,2,0,0,0,468
59,61123,1000,2,"gaussian","fixed",5e-04,1,5e-04,0.5,0.01,2000,0.5,1,0,0,NA,5.34,75,1,0,0.00915555411739688,0,0,1,1,0,469
59,61123,1000,2,"gaussian","linesearch",5e-04,1,5e-04,0.5,0.01,2000,0.5,1,7,0,NA,8.70999999999998,75,1,0,0.00915555411739688,0,0,1,0,0,470
59,61123,1000,2,"gaussian","fixed",5e-04,0.2,1e-04,0.1,0.01,2000,0.5,1,0,0,NA,9.72800000000001,385,1,0,0.00997614298593286,0,0,1,1,0,471
59,61123,1000,2,"gaussian","linesearch",5e-04,0.2,1e-04,0.1,0.01,2000,0.5,1,7,0,NA,31.087,385,1,0,0.00997614298593286,0,0,1,0,0,472
60,62123,1000,2,"gaussian","fixed",5e-04,10,0.005,5,0.01,2000,0.5,1,0,0,NA,4.44900000000001,13,0,1,NA,0,0,1,1,0,473
60,62123,1000,2,"gaussian","linesearch",5e-04,10,0.005,5,0.01,2000,0.5,1,7,0,NA,10.373,60,1,0,0.00988313275030568,3,3,0,0,0,474
60,62123,1000,2,"gaussian","fixed",5e-04,5,0.0025,2.5,0.01,2000,0.5,1,0,0,NA,4.56399999999999,17,0,1,NA,0,0,1,1,0,475
60,62123,1000,2,"gaussian","linesearch",5e-04,5,0.0025,2.5,0.01,2000,0.5,1,7,0,NA,9.803,60,1,0,0.00988313275030568,2,2,0,0,0,476
60,62123,1000,2,"gaussian","fixed",5e-04,1,5e-04,0.5,0.01,2000,0.5,1,0,0,NA,5.36600000000001,76,1,0,0.009764323323867,0,0,1,1,0,477
60,62123,1000,2,"gaussian","linesearch",5e-04,1,5e-04,0.5,0.01,2000,0.5,1,7,0,NA,9.81999999999999,76,1,0,0.009764323323867,0,0,1,0,0,478
60,62123,1000,2,"gaussian","fixed",5e-04,0.2,1e-04,0.1,0.01,2000,0.5,1,0,0,NA,10.303,393,1,0,0.00999377897516369,0,0,1,1,0,479
60,62123,1000,2,"gaussian","linesearch",5e-04,0.2,1e-04,0.1,0.01,2000,0.5,1,7,0,NA,36.521,393,1,0,0.00999377897516369,0,0,1,0,0,480
61,63123,1000,2,"gaussian","fixed",5e-04,10,0.005,5,0.01,2000,0.5,1,0,0,NA,4.453,13,0,1,NA,0,0,1,1,0,481
61,63123,1000,2,"gaussian","linesearch",5e-04,10,0.005,5,0.01,2000,0.5,1,7,0,NA,9.89099999999999,58,1,0,0.00890706050243895,3,3,0,0,0,482
61,63123,1000,2,"gaussian","fixed",5e-04,5,0.0025,2.5,0.01,2000,0.5,1,0,0,NA,4.58099999999999,17,0,1,NA,0,0,1,1,0,483
61,63123,1000,2,"gaussian","linesearch",5e-04,5,0.0025,2.5,0.01,2000,0.5,1,7,0,NA,8.87200000000001,58,1,0,0.00890706050243895,2,2,0,0,0,484
61,63123,1000,2,"gaussian","fixed",5e-04,1,5e-04,0.5,0.01,2000,0.5,1,0,0,NA,5.333,73,1,0,0.00929423903517462,0,0,1,1,0,485
61,63123,1000,2,"gaussian","linesearch",5e-04,1,5e-04,0.5,0.01,2000,0.5,1,7,0,NA,9.91200000000001,73,1,0,0.00929423903517462,0,0,1,0,0,486
61,63123,1000,2,"gaussian","fixed",5e-04,0.2,1e-04,0.1,0.01,2000,0.5,1,0,0,NA,9.904,376,1,0,0.00981489742258213,0,0,1,1,0,487
61,63123,1000,2,"gaussian","linesearch",5e-04,0.2,1e-04,0.1,0.01,2000,0.5,1,7,0,NA,35.005,376,1,0,0.00981489742258213,0,0,1,0,0,488
62,64123,1000,2,"gaussian","fixed",5e-04,10,0.005,5,0.01,2000,0.5,1,0,0,NA,4.49699999999999,13,0,1,NA,0,0,1,1,0,489
62,64123,1000,2,"gaussian","linesearch",5e-04,10,0.005,5,0.01,2000,0.5,1,7,0,NA,10.69,59,1,0,0.00934993796596767,3,3,0,0,0,490
62,64123,1000,2,"gaussian","fixed",5e-04,5,0.0025,2.5,0.01,2000,0.5,1,0,0,NA,4.56100000000001,18,0,1,NA,0,0,1,1,0,491
62,64123,1000,2,"gaussian","linesearch",5e-04,5,0.0025,2.5,0.01,2000,0.5,1,7,0,NA,9.006,59,1,0,0.00934993796596767,2,2,0,0,0,492
62,64123,1000,2,"gaussian","fixed",5e-04,1,5e-04,0.5,0.01,2000,0.5,1,0,0,NA,5.34200000000001,75,1,0,0.00893328335495983,0,0,1,1,0,493
62,64123,1000,2,"gaussian","linesearch",5e-04,1,5e-04,0.5,0.01,2000,0.5,1,7,0,NA,8.76000000000002,75,1,0,0.00893328335495983,0,0,1,0,0,494
62,64123,1000,2,"gaussian","fixed",5e-04,0.2,1e-04,0.1,0.01,2000,0.5,1,0,0,NA,9.58800000000002,384,1,0,0.00984825265747837,0,0,1,1,0,495
62,64123,1000,2,"gaussian","linesearch",5e-04,0.2,1e-04,0.1,0.01,2000,0.5,1,7,0,NA,33.257,384,1,0,0.00984825265747837,0,0,1,0,0,496
63,65123,1000,2,"gaussian","fixed",5e-04,10,0.005,5,0.01,2000,0.5,1,0,0,NA,4.51500000000001,13,0,1,NA,0,0,1,1,0,497
63,65123,1000,2,"gaussian","linesearch",5e-04,10,0.005,5,0.01,2000,0.5,1,7,0,NA,10.347,59,1,0,0.00894463224363644,3,3,0,0,0,498
63,65123,1000,2,"gaussian","fixed",5e-04,5,0.0025,2.5,0.01,2000,0.5,1,0,0,NA,4.59100000000001,17,0,1,NA,0,0,1,1,0,499
63,65123,1000,2,"gaussian","linesearch",5e-04,5,0.0025,2.5,0.01,2000,0.5,1,7,0,NA,9.50199999999998,59,1,0,0.00894463224363644,2,2,0,0,0,500
63,65123,1000,2,"gaussian","fixed",5e-04,1,5e-04,0.5,0.01,2000,0.5,1,0,0,NA,5.404,74,1,0,0.0095913249162827,0,0,1,1,0,501
63,65123,1000,2,"gaussian","linesearch",5e-04,1,5e-04,0.5,0.01,2000,0.5,1,7,0,NA,9.11500000000001,74,1,0,0.0095913249162827,0,0,1,0,0,502
63,65123,1000,2,"gaussian","fixed",5e-04,0.2,1e-04,0.1,0.01,2000,0.5,1,0,0,NA,9.54499999999999,382,1,0,0.00985597869179815,0,0,1,1,0,503
63,65123,1000,2,"gaussian","linesearch",5e-04,0.2,1e-04,0.1,0.01,2000,0.5,1,7,0,NA,30.021,382,1,0,0.00985597869179815,0,0,1,0,0,504
64,66123,1000,2,"gaussian","fixed",5e-04,10,0.005,5,0.01,2000,0.5,1,0,0,NA,4.50900000000001,13,0,1,NA,0,0,1,1,0,505
64,66123,1000,2,"gaussian","linesearch",5e-04,10,0.005,5,0.01,2000,0.5,1,7,0,NA,10.139,58,1,0,0.00926036255720997,3,3,0,0,0,506
64,66123,1000,2,"gaussian","fixed",5e-04,5,0.0025,2.5,0.01,2000,0.5,1,0,0,NA,4.61500000000001,18,0,1,NA,0,0,1,1,0,507
64,66123,1000,2,"gaussian","linesearch",5e-04,5,0.0025,2.5,0.01,2000,0.5,1,7,0,NA,9.23400000000001,58,1,0,0.00926036255720997,2,2,0,0,0,508
64,66123,1000,2,"gaussian","fixed",5e-04,1,5e-04,0.5,0.01,2000,0.5,1,0,0,NA,5.23500000000001,73,1,0,0.00960265389023074,0,0,1,1,0,509
64,66123,1000,2,"gaussian","linesearch",5e-04,1,5e-04,0.5,0.01,2000,0.5,1,7,0,NA,9.928,73,1,0,0.00960265389023074,0,0,1,0,0,510
64,66123,1000,2,"gaussian","fixed",5e-04,0.2,1e-04,0.1,0.01,2000,0.5,1,0,0,NA,9.94300000000001,376,1,0,0.00997211555780103,0,0,1,1,0,511
64,66123,1000,2,"gaussian","linesearch",5e-04,0.2,1e-04,0.1,0.01,2000,0.5,1,7,0,NA,34.632,376,1,0,0.00997211555780103,0,0,1,0,0,512
65,67123,1000,2,"gaussian","fixed",5e-04,10,0.005,5,0.01,2000,0.5,1,0,0,NA,4.583,13,0,1,NA,0,0,1,1,0,513
65,67123,1000,2,"gaussian","linesearch",5e-04,10,0.005,5,0.01,2000,0.5,1,7,0,NA,9.916,57,1,0,0.00941145229164873,3,3,0,0,0,514
65,67123,1000,2,"gaussian","fixed",5e-04,5,0.0025,2.5,0.01,2000,0.5,1,0,0,NA,4.63400000000001,17,0,1,NA,0,0,1,1,0,515
65,67123,1000,2,"gaussian","linesearch",5e-04,5,0.0025,2.5,0.01,2000,0.5,1,7,0,NA,9.49499999999998,57,1,0,0.00941145229164873,2,2,0,0,0,516
65,67123,1000,2,"gaussian","fixed",5e-04,1,5e-04,0.5,0.01,2000,0.5,1,0,0,NA,5.36500000000001,72,1,0,0.00947143794356031,0,0,1,1,0,517
65,67123,1000,2,"gaussian","linesearch",5e-04,1,5e-04,0.5,0.01,2000,0.5,1,7,0,NA,8.42700000000002,72,1,0,0.00947143794356031,0,0,1,0,0,518
65,67123,1000,2,"gaussian","fixed",5e-04,0.2,1e-04,0.1,0.01,2000,0.5,1,0,0,NA,9.74700000000001,371,1,0,0.00980510958908325,0,0,1,1,0,519
65,67123,1000,2,"gaussian","linesearch",5e-04,0.2,1e-04,0.1,0.01,2000,0.5,1,7,0,NA,32.563,371,1,0,0.00980510958908325,0,0,1,0,0,520
66,68123,1000,2,"gaussian","fixed",5e-04,10,0.005,5,0.01,2000,0.5,1,0,0,NA,4.50399999999999,13,0,1,NA,0,0,1,1,0,521
66,68123,1000,2,"gaussian","linesearch",5e-04,10,0.005,5,0.01,2000,0.5,1,7,0,NA,10.662,61,1,0,0.009080065438293,3,3,0,0,0,522
66,68123,1000,2,"gaussian","fixed",5e-04,5,0.0025,2.5,0.01,2000,0.5,1,0,0,NA,4.50200000000001,17,0,1,NA,0,0,1,1,0,523
66,68123,1000,2,"gaussian","linesearch",5e-04,5,0.0025,2.5,0.01,2000,0.5,1,7,0,NA,9.357,61,1,0,0.009080065438293,2,2,0,0,0,524
66,68123,1000,2,"gaussian","fixed",5e-04,1,5e-04,0.5,0.01,2000,0.5,1,0,0,NA,5.25400000000002,77,1,0,0.00919173148049325,0,0,1,1,0,525
66,68123,1000,2,"gaussian","linesearch",5e-04,1,5e-04,0.5,0.01,2000,0.5,1,7,0,NA,8.762,77,1,0,0.00919173148049325,0,0,1,0,0,526
66,68123,1000,2,"gaussian","fixed",5e-04,0.2,1e-04,0.1,0.01,2000,0.5,1,0,0,NA,10.189,395,1,0,0.00989249508166473,0,0,1,1,0,527
66,68123,1000,2,"gaussian","linesearch",5e-04,0.2,1e-04,0.1,0.01,2000,0.5,1,7,0,NA,35.856,395,1,0,0.00989249508166473,0,0,1,0,0,528
67,69123,1000,2,"gaussian","fixed",5e-04,10,0.005,5,0.01,2000,0.5,1,0,0,NA,4.452,13,0,1,NA,0,0,1,1,0,529
67,69123,1000,2,"gaussian","linesearch",5e-04,10,0.005,5,0.01,2000,0.5,1,7,0,NA,10.801,61,1,0,0.0095432168397408,3,3,0,0,0,530
67,69123,1000,2,"gaussian","fixed",5e-04,5,0.0025,2.5,0.01,2000,0.5,1,0,0,NA,4.518,18,0,1,Inf,0,0,1,1,0,531
67,69123,1000,2,"gaussian","linesearch",5e-04,5,0.0025,2.5,0.01,2000,0.5,1,7,0,NA,9.18899999999999,61,1,0,0.0095432168397408,2,2,0,0,0,532
67,69123,1000,2,"gaussian","fixed",5e-04,1,5e-04,0.5,0.01,2000,0.5,1,0,0,NA,5.37800000000001,77,1,0,0.00970726822191813,0,0,1,1,0,533
67,69123,1000,2,"gaussian","linesearch",5e-04,1,5e-04,0.5,0.01,2000,0.5,1,7,0,NA,8.976,77,1,0,0.00970726822191813,0,0,1,0,0,534
67,69123,1000,2,"gaussian","fixed",5e-04,0.2,1e-04,0.1,0.01,2000,0.5,1,0,0,NA,10.359,398,1,0,0.00992368327584346,0,0,1,1,0,535
67,69123,1000,2,"gaussian","linesearch",5e-04,0.2,1e-04,0.1,0.01,2000,0.5,1,7,0,NA,36.276,398,1,0,0.00992368327584346,0,0,1,0,0,536
68,70123,1000,2,"gaussian","fixed",5e-04,10,0.005,5,0.01,2000,0.5,1,0,0,NA,4.471,13,0,1,NA,0,0,1,1,0,537
68,70123,1000,2,"gaussian","linesearch",5e-04,10,0.005,5,0.01,2000,0.5,1,7,0,NA,10.435,60,1,0,0.00914633152281054,3,3,0,0,0,538
68,70123,1000,2,"gaussian","fixed",5e-04,5,0.0025,2.5,0.01,2000,0.5,1,0,0,NA,4.53099999999998,17,0,1,NA,0,0,1,1,0,539
68,70123,1000,2,"gaussian","linesearch",5e-04,5,0.0025,2.5,0.01,2000,0.5,1,7,0,NA,9.19900000000001,60,1,0,0.00914633152281054,2,2,0,0,0,540
68,70123,1000,2,"gaussian","fixed",5e-04,1,5e-04,0.5,0.01,2000,0.5,1,0,0,NA,5.273,76,1,0,0.00896895495560419,0,0,1,1,0,541
68,70123,1000,2,"gaussian","linesearch",5e-04,1,5e-04,0.5,0.01,2000,0.5,1,7,0,NA,9.315,76,1,0,0.00896895495560419,0,0,1,0,0,542
68,70123,1000,2,"gaussian","fixed",5e-04,0.2,1e-04,0.1,0.01,2000,0.5,1,0,0,NA,9.88200000000001,389,1,0,0.00982382615521984,0,0,1,1,0,543
68,70123,1000,2,"gaussian","linesearch",5e-04,0.2,1e-04,0.1,0.01,2000,0.5,1,7,0,NA,32.994,389,1,0,0.00982382615521984,0,0,1,0,0,544
69,71123,1000,2,"gaussian","fixed",5e-04,10,0.005,5,0.01,2000,0.5,1,0,0,NA,4.51299999999998,12,0,1,NA,0,0,1,1,0,545
69,71123,1000,2,"gaussian","linesearch",5e-04,10,0.005,5,0.01,2000,0.5,1,7,0,NA,9.83199999999999,58,1,0,0.00937854804799335,3,3,0,0,0,546
69,71123,1000,2,"gaussian","fixed",5e-04,5,0.0025,2.5,0.01,2000,0.5,1,0,0,NA,4.595,16,0,1,NA,0,0,1,1,0,547
69,71123,1000,2,"gaussian","linesearch",5e-04,5,0.0025,2.5,0.01,2000,0.5,1,7,0,NA,9.541,58,1,0,0.00937854804799335,2,2,0,0,0,548
69,71123,1000,2,"gaussian","fixed",5e-04,1,5e-04,0.5,0.01,2000,0.5,1,0,0,NA,5.30699999999999,73,1,0,0.00975201463140091,0,0,1,1,0,549
69,71123,1000,2,"gaussian","linesearch",5e-04,1,5e-04,0.5,0.01,2000,0.5,1,7,0,NA,9.31399999999999,73,1,0,0.00975201463140091,0,0,1,0,0,550
69,71123,1000,2,"gaussian","fixed",5e-04,0.2,1e-04,0.1,0.01,2000,0.5,1,0,0,NA,9.65899999999999,377,1,0,0.0099800662610493,0,0,1,1,0,551
69,71123,1000,2,"gaussian","linesearch",5e-04,0.2,1e-04,0.1,0.01,2000,0.5,1,7,0,NA,28.788,377,1,0,0.0099800662610493,0,0,1,0,0,552
70,72123,1000,2,"gaussian","fixed",5e-04,10,0.005,5,0.01,2000,0.5,1,0,0,NA,4.46699999999998,13,0,1,NA,0,0,1,1,0,553
70,72123,1000,2,"gaussian","linesearch",5e-04,10,0.005,5,0.01,2000,0.5,1,7,0,NA,10.297,59,1,0,0.00863298485688843,3,3,0,0,0,554
70,72123,1000,2,"gaussian","fixed",5e-04,5,0.0025,2.5,0.01,2000,0.5,1,0,0,NA,4.58199999999999,17,0,1,NA,0,0,1,1,0,555
70,72123,1000,2,"gaussian","linesearch",5e-04,5,0.0025,2.5,0.01,2000,0.5,1,7,0,NA,9.22399999999999,59,1,0,0.00863298485688843,2,2,0,0,0,556
70,72123,1000,2,"gaussian","fixed",5e-04,1,5e-04,0.5,0.01,2000,0.5,1,0,0,NA,5.285,74,1,0,0.0092676720728635,0,0,1,1,0,557
70,72123,1000,2,"gaussian","linesearch",5e-04,1,5e-04,0.5,0.01,2000,0.5,1,7,0,NA,8.98599999999999,74,1,0,0.0092676720728635,0,0,1,0,0,558
70,72123,1000,2,"gaussian","fixed",5e-04,0.2,1e-04,0.1,0.01,2000,0.5,1,0,0,NA,10.034,380,1,0,0.00997676753469959,0,0,1,1,0,559
70,72123,1000,2,"gaussian","linesearch",5e-04,0.2,1e-04,0.1,0.01,2000,0.5,1,7,0,NA,35.154,380,1,0,0.00997676753469959,0,0,1,0,0,560
71,73123,1000,2,"gaussian","fixed",5e-04,10,0.005,5,0.01,2000,0.5,1,0,0,NA,4.43899999999999,14,0,1,NA,0,0,1,1,0,561
71,73123,1000,2,"gaussian","linesearch",5e-04,10,0.005,5,0.01,2000,0.5,1,7,0,NA,10.514,60,1,0,0.00955694209751154,3,3,0,0,0,562
71,73123,1000,2,"gaussian","fixed",5e-04,5,0.0025,2.5,0.01,2000,0.5,1,0,0,NA,4.65799999999999,19,0,1,NA,0,0,1,1,0,563
71,73123,1000,2,"gaussian","linesearch",5e-04,5,0.0025,2.5,0.01,2000,0.5,1,7,0,NA,9.45099999999999,60,1,0,0.00955694209751154,2,2,0,0,0,564
71,73123,1000,2,"gaussian","fixed",5e-04,1,5e-04,0.5,0.01,2000,0.5,1,0,0,NA,5.37099999999998,76,1,0,0.00940446404342951,0,0,1,1,0,565
71,73123,1000,2,"gaussian","linesearch",5e-04,1,5e-04,0.5,0.01,2000,0.5,1,7,0,NA,8.892,76,1,0,0.00940446404342951,0,0,1,0,0,566
71,73123,1000,2,"gaussian","fixed",5e-04,0.2,1e-04,0.1,0.01,2000,0.5,1,0,0,NA,10.058,391,1,0,0.00992500196255917,0,0,1,1,0,567
71,73123,1000,2,"gaussian","linesearch",5e-04,0.2,1e-04,0.1,0.01,2000,0.5,1,7,0,NA,32.569,391,1,0,0.00992500196255917,0,0,1,0,0,568
72,74123,1000,2,"gaussian","fixed",5e-04,10,0.005,5,0.01,2000,0.5,1,0,0,NA,4.55699999999999,13,0,1,NA,0,0,1,1,0,569
72,74123,1000,2,"gaussian","linesearch",5e-04,10,0.005,5,0.01,2000,0.5,1,7,0,NA,10.452,61,1,0,0.00924826973051487,3,3,0,0,0,570
72,74123,1000,2,"gaussian","fixed",5e-04,5,0.0025,2.5,0.01,2000,0.5,1,0,0,NA,4.52000000000001,17,0,1,NA,0,0,1,1,0,571
72,74123,1000,2,"gaussian","linesearch",5e-04,5,0.0025,2.5,0.01,2000,0.5,1,7,0,NA,9.476,61,1,0,0.00924826973051487,2,2,0,0,0,572
72,74123,1000,2,"gaussian","fixed",5e-04,1,5e-04,0.5,0.01,2000,0.5,1,0,0,NA,5.279,77,1,0,0.00939178165501822,0,0,1,1,0,573
72,74123,1000,2,"gaussian","linesearch",5e-04,1,5e-04,0.5,0.01,2000,0.5,1,7,0,NA,8.61199999999999,77,1,0,0.00939178165501822,0,0,1,0,0,574
72,74123,1000,2,"gaussian","fixed",5e-04,0.2,1e-04,0.1,0.01,2000,0.5,1,0,0,NA,9.90899999999999,396,1,0,0.00998801951400927,0,0,1,1,0,575
72,74123,1000,2,"gaussian","linesearch",5e-04,0.2,1e-04,0.1,0.01,2000,0.5,1,7,0,NA,35.001,396,1,0,0.00998801951400927,0,0,1,0,0,576
73,75123,1000,2,"gaussian","fixed",5e-04,10,0.005,5,0.01,2000,0.5,1,0,0,NA,4.535,13,0,1,Inf,0,0,1,1,0,577
73,75123,1000,2,"gaussian","linesearch",5e-04,10,0.005,5,0.01,2000,0.5,1,7,0,NA,10.565,60,1,0,0.00872313980484796,3,3,0,0,0,578
73,75123,1000,2,"gaussian","fixed",5e-04,5,0.0025,2.5,0.01,2000,0.5,1,0,0,NA,4.541,17,0,1,NA,0,0,1,1,0,579
73,75123,1000,2,"gaussian","linesearch",5e-04,5,0.0025,2.5,0.01,2000,0.5,1,7,0,NA,9.59799999999998,60,1,0,0.00872313980484796,2,2,0,0,0,580
73,75123,1000,2,"gaussian","fixed",5e-04,1,5e-04,0.5,0.01,2000,0.5,1,0,0,NA,5.24200000000002,75,1,0,0.00961065577240933,0,0,1,1,0,581
73,75123,1000,2,"gaussian","linesearch",5e-04,1,5e-04,0.5,0.01,2000,0.5,1,7,0,NA,8.578,75,1,0,0.00961065577240933,0,0,1,0,0,582
73,75123,1000,2,"gaussian","fixed",5e-04,0.2,1e-04,0.1,0.01,2000,0.5,1,0,0,NA,9.73099999999999,387,1,0,0.00986633692125199,0,0,1,1,0,583
73,75123,1000,2,"gaussian","linesearch",5e-04,0.2,1e-04,0.1,0.01,2000,0.5,1,7,0,NA,29.206,387,1,0,0.00986633692125199,0,0,1,0,0,584
74,76123,1000,2,"gaussian","fixed",5e-04,10,0.005,5,0.01,2000,0.5,1,0,0,NA,4.46600000000001,13,0,1,NA,0,0,1,1,0,585
74,76123,1000,2,"gaussian","linesearch",5e-04,10,0.005,5,0.01,2000,0.5,1,7,0,NA,11.046,60,1,0,0.00948264218727385,3,3,0,0,0,586
74,76123,1000,2,"gaussian","fixed",5e-04,5,0.0025,2.5,0.01,2000,0.5,1,0,0,NA,4.489,17,0,1,NA,0,0,1,1,0,587
74,76123,1000,2,"gaussian","linesearch",5e-04,5,0.0025,2.5,0.01,2000,0.5,1,7,0,NA,10.074,60,1,0,0.00948264218727385,2,2,0,0,0,588
74,76123,1000,2,"gaussian","fixed",5e-04,1,5e-04,0.5,0.01,2000,0.5,1,0,0,NA,5.351,76,1,0,0.00930206103772507,0,0,1,1,0,589
74,76123,1000,2,"gaussian","linesearch",5e-04,1,5e-04,0.5,0.01,2000,0.5,1,7,0,NA,8.91299999999998,76,1,0,0.00930206103772507,0,0,1,0,0,590
74,76123,1000,2,"gaussian","fixed",5e-04,0.2,1e-04,0.1,0.01,2000,0.5,1,0,0,NA,10.123,390,1,0,0.00990866751235953,0,0,1,1,0,591
74,76123,1000,2,"gaussian","linesearch",5e-04,0.2,1e-04,0.1,0.01,2000,0.5,1,7,0,NA,34.655,390,1,0,0.00990866751235953,0,0,1,0,0,592
75,77123,1000,2,"gaussian","fixed",5e-04,10,0.005,5,0.01,2000,0.5,1,0,0,NA,4.495,13,0,1,NA,0,0,1,1,0,593
75,77123,1000,2,"gaussian","linesearch",5e-04,10,0.005,5,0.01,2000,0.5,1,7,0,NA,10.54,60,1,0,0.0088103316792702,3,3,0,0,0,594
75,77123,1000,2,"gaussian","fixed",5e-04,5,0.0025,2.5,0.01,2000,0.5,1,0,0,NA,4.49199999999999,18,0,1,Inf,0,0,1,1,0,595
75,77123,1000,2,"gaussian","linesearch",5e-04,5,0.0025,2.5,0.01,2000,0.5,1,7,0,NA,9.416,60,1,0,0.0088103316792702,2,2,0,0,0,596
75,77123,1000,2,"gaussian","fixed",5e-04,1,5e-04,0.5,0.01,2000,0.5,1,0,0,NA,5.36500000000001,75,1,0,0.00973997579650743,0,0,1,1,0,597
75,77123,1000,2,"gaussian","linesearch",5e-04,1,5e-04,0.5,0.01,2000,0.5,1,7,0,NA,9.887,75,1,0,0.00973997579650743,0,0,1,0,0,598
75,77123,1000,2,"gaussian","fixed",5e-04,0.2,1e-04,0.1,0.01,2000,0.5,1,0,0,NA,10.364,388,1,0,0.00984110018383078,0,0,1,1,0,599
75,77123,1000,2,"gaussian","linesearch",5e-04,0.2,1e-04,0.1,0.01,2000,0.5,1,7,0,NA,34.58,388,1,0,0.00984110018383078,0,0,1,0,0,600
76,78123,1000,2,"gaussian","fixed",5e-04,10,0.005,5,0.01,2000,0.5,1,0,0,NA,4.46100000000001,13,0,1,Inf,0,0,1,1,0,601
76,78123,1000,2,"gaussian","linesearch",5e-04,10,0.005,5,0.01,2000,0.5,1,7,0,NA,10.834,61,1,0,0.00862533627338885,3,3,0,0,0,602
76,78123,1000,2,"gaussian","fixed",5e-04,5,0.0025,2.5,0.01,2000,0.5,1,0,0,NA,4.59700000000004,18,0,1,NA,0,0,1,1,0,603
76,78123,1000,2,"gaussian","linesearch",5e-04,5,0.0025,2.5,0.01,2000,0.5,1,7,0,NA,9.71499999999997,61,1,0,0.00862533627338885,2,2,0,0,0,604
76,78123,1000,2,"gaussian","fixed",5e-04,1,5e-04,0.5,0.01,2000,0.5,1,0,0,NA,5.35399999999998,76,1,0,0.00987604673753384,0,0,1,1,0,605
76,78123,1000,2,"gaussian","linesearch",5e-04,1,5e-04,0.5,0.01,2000,0.5,1,7,0,NA,10.008,76,1,0,0.00987604673753384,0,0,1,0,0,606
76,78123,1000,2,"gaussian","fixed",5e-04,0.2,1e-04,0.1,0.01,2000,0.5,1,0,0,NA,9.661,394,1,0,0.00986124852962822,0,0,1,1,0,607
76,78123,1000,2,"gaussian","linesearch",5e-04,0.2,1e-04,0.1,0.01,2000,0.5,1,7,0,NA,35.479,394,1,0,0.00986124852962822,0,0,1,0,0,608
77,79123,1000,2,"gaussian","fixed",5e-04,10,0.005,5,0.01,2000,0.5,1,0,0,NA,4.572,13,0,1,NA,0,0,1,1,0,609
77,79123,1000,2,"gaussian","linesearch",5e-04,10,0.005,5,0.01,2000,0.5,1,7,0,NA,10.16,60,1,0,0.00873266733027056,3,3,0,0,0,610
77,79123,1000,2,"gaussian","fixed",5e-04,5,0.0025,2.5,0.01,2000,0.5,1,0,0,NA,4.702,17,0,1,NA,0,0,1,1,0,611
77,79123,1000,2,"gaussian","linesearch",5e-04,5,0.0025,2.5,0.01,2000,0.5,1,7,0,NA,9.892,60,1,0,0.00873266733027056,2,2,0,0,0,612
77,79123,1000,2,"gaussian","fixed",5e-04,1,5e-04,0.5,0.01,2000,0.5,1,0,0,NA,5.36099999999999,75,1,0,0.00963298063248541,0,0,1,1,0,613
77,79123,1000,2,"gaussian","linesearch",5e-04,1,5e-04,0.5,0.01,2000,0.5,1,7,0,NA,8.96500000000003,75,1,0,0.00963298063248541,0,0,1,0,0,614
77,79123,1000,2,"gaussian","fixed",5e-04,0.2,1e-04,0.1,0.01,2000,0.5,1,0,0,NA,9.67399999999998,387,1,0,0.00990281337203736,0,0,1,1,0,615
77,79123,1000,2,"gaussian","linesearch",5e-04,0.2,1e-04,0.1,0.01,2000,0.5,1,7,0,NA,34.851,387,1,0,0.00990281337203736,0,0,1,0,0,616
78,80123,1000,2,"gaussian","fixed",5e-04,10,0.005,5,0.01,2000,0.5,1,0,0,NA,4.51599999999996,13,0,1,NA,0,0,1,1,0,617
78,80123,1000,2,"gaussian","linesearch",5e-04,10,0.005,5,0.01,2000,0.5,1,7,0,NA,10.256,60,1,0,0.00989774569944748,3,3,0,0,0,618
78,80123,1000,2,"gaussian","fixed",5e-04,5,0.0025,2.5,0.01,2000,0.5,1,0,0,NA,4.56799999999998,17,0,1,NA,0,0,1,1,0,619
78,80123,1000,2,"gaussian","linesearch",5e-04,5,0.0025,2.5,0.01,2000,0.5,1,7,0,NA,9.32099999999997,60,1,0,0.00989774569944748,2,2,0,0,0,620
78,80123,1000,2,"gaussian","fixed",5e-04,1,5e-04,0.5,0.01,2000,0.5,1,0,0,NA,5.35599999999999,76,1,0,0.00971570801706405,0,0,1,1,0,621
78,80123,1000,2,"gaussian","linesearch",5e-04,1,5e-04,0.5,0.01,2000,0.5,1,7,0,NA,8.55700000000002,76,1,0,0.00971570801706405,0,0,1,0,0,622
78,80123,1000,2,"gaussian","fixed",5e-04,0.2,1e-04,0.1,0.01,2000,0.5,1,0,0,NA,9.88799999999998,392,1,0,0.00994185095882241,0,0,1,1,0,623
78,80123,1000,2,"gaussian","linesearch",5e-04,0.2,1e-04,0.1,0.01,2000,0.5,1,7,0,NA,38.892,392,1,0,0.00994185095882241,0,0,1,0,0,624
79,81123,1000,2,"gaussian","fixed",5e-04,10,0.005,5,0.01,2000,0.5,1,0,0,NA,4.51000000000005,14,0,1,NA,0,0,1,1,0,625
79,81123,1000,2,"gaussian","linesearch",5e-04,10,0.005,5,0.01,2000,0.5,1,7,0,NA,10.288,60,1,0,0.00960695287504221,3,3,0,0,0,626
79,81123,1000,2,"gaussian","fixed",5e-04,5,0.0025,2.5,0.01,2000,0.5,1,0,0,NA,4.63200000000001,21,0,1,NA,0,0,1,1,0,627
79,81123,1000,2,"gaussian","linesearch",5e-04,5,0.0025,2.5,0.01,2000,0.5,1,7,0,NA,9.01599999999996,60,1,0,0.00960695287504221,2,2,0,0,0,628
79,81123,1000,2,"gaussian","fixed",5e-04,1,5e-04,0.5,0.01,2000,0.5,1,0,0,NA,5.39100000000002,76,1,0,0.00944602132183148,0,0,1,1,0,629
79,81123,1000,2,"gaussian","linesearch",5e-04,1,5e-04,0.5,0.01,2000,0.5,1,7,0,NA,8.63799999999998,76,1,0,0.00944602132183148,0,0,1,0,0,630
79,81123,1000,2,"gaussian","fixed",5e-04,0.2,1e-04,0.1,0.01,2000,0.5,1,0,0,NA,9.99099999999999,391,1,0,0.00993714005947927,0,0,1,1,0,631
79,81123,1000,2,"gaussian","linesearch",5e-04,0.2,1e-04,0.1,0.01,2000,0.5,1,7,0,NA,34.451,391,1,0,0.00993714005947927,0,0,1,0,0,632
80,82123,1000,2,"gaussian","fixed",5e-04,10,0.005,5,0.01,2000,0.5,1,0,0,NA,4.50999999999999,13,0,1,NA,0,0,1,1,0,633
80,82123,1000,2,"gaussian","linesearch",5e-04,10,0.005,5,0.01,2000,0.5,1,7,0,NA,10.059,60,1,0,0.00981957563447738,3,3,0,0,0,634
80,82123,1000,2,"gaussian","fixed",5e-04,5,0.0025,2.5,0.01,2000,0.5,1,0,0,NA,4.589,17,0,1,NA,0,0,1,1,0,635
80,82123,1000,2,"gaussian","linesearch",5e-04,5,0.0025,2.5,0.01,2000,0.5,1,7,0,NA,9.32999999999998,60,1,0,0.00981957563447738,2,2,0,0,0,636
80,82123,1000,2,"gaussian","fixed",5e-04,1,5e-04,0.5,0.01,2000,0.5,1,0,0,NA,5.29599999999999,76,1,0,0.00964898609925235,0,0,1,1,0,637
80,82123,1000,2,"gaussian","linesearch",5e-04,1,5e-04,0.5,0.01,2000,0.5,1,7,0,NA,8.30600000000004,76,1,0,0.00964898609925235,0,0,1,0,0,638
80,82123,1000,2,"gaussian","fixed",5e-04,0.2,1e-04,0.1,0.01,2000,0.5,1,0,0,NA,9.67000000000002,392,1,0,0.00990854747646158,0,0,1,1,0,639
80,82123,1000,2,"gaussian","linesearch",5e-04,0.2,1e-04,0.1,0.01,2000,0.5,1,7,0,NA,32.268,392,1,0,0.00990854747646158,0,0,1,0,0,640
81,83123,1000,2,"gaussian","fixed",5e-04,10,0.005,5,0.01,2000,0.5,1,0,0,NA,4.42399999999998,13,0,1,NA,0,0,1,1,0,641
81,83123,1000,2,"gaussian","linesearch",5e-04,10,0.005,5,0.01,2000,0.5,1,7,0,NA,10.39,61,1,0,0.00921814862107534,3,3,0,0,0,642
81,83123,1000,2,"gaussian","fixed",5e-04,5,0.0025,2.5,0.01,2000,0.5,1,0,0,NA,4.49399999999997,18,0,1,NA,0,0,1,1,0,643
81,83123,1000,2,"gaussian","linesearch",5e-04,5,0.0025,2.5,0.01,2000,0.5,1,7,0,NA,9.19400000000002,61,1,0,0.00921814862107534,2,2,0,0,0,644
81,83123,1000,2,"gaussian","fixed",5e-04,1,5e-04,0.5,0.01,2000,0.5,1,0,0,NA,5.39500000000004,77,1,0,0.00934694613670404,0,0,1,1,0,645
81,83123,1000,2,"gaussian","linesearch",5e-04,1,5e-04,0.5,0.01,2000,0.5,1,7,0,NA,8.63899999999995,77,1,0,0.00934694613670404,0,0,1,0,0,646
81,83123,1000,2,"gaussian","fixed",5e-04,0.2,1e-04,0.1,0.01,2000,0.5,1,0,0,NA,10.016,396,1,0,0.0098928963273897,0,0,1,1,0,647
81,83123,1000,2,"gaussian","linesearch",5e-04,0.2,1e-04,0.1,0.01,2000,0.5,1,7,0,NA,35.302,396,1,0,0.0098928963273897,0,0,1,0,0,648
82,84123,1000,2,"gaussian","fixed",5e-04,10,0.005,5,0.01,2000,0.5,1,0,0,NA,4.53000000000003,13,0,1,NA,0,0,1,1,0,649
82,84123,1000,2,"gaussian","linesearch",5e-04,10,0.005,5,0.01,2000,0.5,1,7,0,NA,10.486,58,1,0,0.00923080472708313,3,3,0,0,0,650
82,84123,1000,2,"gaussian","fixed",5e-04,5,0.0025,2.5,0.01,2000,0.5,1,0,0,NA,4.49699999999996,17,0,1,NA,0,0,1,1,0,651
82,84123,1000,2,"gaussian","linesearch",5e-04,5,0.0025,2.5,0.01,2000,0.5,1,7,0,NA,9.15599999999995,58,1,0,0.00923080472708313,2,2,0,0,0,652
82,84123,1000,2,"gaussian","fixed",5e-04,1,5e-04,0.5,0.01,2000,0.5,1,0,0,NA,5.24099999999999,73,1,0,0.0096045951758689,0,0,1,1,0,653
82,84123,1000,2,"gaussian","linesearch",5e-04,1,5e-04,0.5,0.01,2000,0.5,1,7,0,NA,8.94900000000001,73,1,0,0.0096045951758689,0,0,1,0,0,654
82,84123,1000,2,"gaussian","fixed",5e-04,0.2,1e-04,0.1,0.01,2000,0.5,1,0,0,NA,9.55200000000002,377,1,0,0.00984173002508823,0,0,1,1,0,655
82,84123,1000,2,"gaussian","linesearch",5e-04,0.2,1e-04,0.1,0.01,2000,0.5,1,7,0,NA,35.006,377,1,0,0.00984173002508823,0,0,1,0,0,656
83,85123,1000,2,"gaussian","fixed",5e-04,10,0.005,5,0.01,2000,0.5,1,0,0,NA,4.47000000000003,13,0,1,NA,0,0,1,1,0,657
83,85123,1000,2,"gaussian","linesearch",5e-04,10,0.005,5,0.01,2000,0.5,1,7,0,NA,10.263,60,1,0,0.0087020462369663,3,3,0,0,0,658
83,85123,1000,2,"gaussian","fixed",5e-04,5,0.0025,2.5,0.01,2000,0.5,1,0,0,NA,4.62599999999998,18,0,1,NA,0,0,1,1,0,659
83,85123,1000,2,"gaussian","linesearch",5e-04,5,0.0025,2.5,0.01,2000,0.5,1,7,0,NA,8.96799999999996,60,1,0,0.0087020462369663,2,2,0,0,0,660
83,85123,1000,2,"gaussian","fixed",5e-04,1,5e-04,0.5,0.01,2000,0.5,1,0,0,NA,5.42000000000002,75,1,0,0.00959487097999234,0,0,1,1,0,661
83,85123,1000,2,"gaussian","linesearch",5e-04,1,5e-04,0.5,0.01,2000,0.5,1,7,0,NA,10.045,75,1,0,0.00959487097999234,0,0,1,0,0,662
83,85123,1000,2,"gaussian","fixed",5e-04,0.2,1e-04,0.1,0.01,2000,0.5,1,0,0,NA,10.087,387,1,0,0.00985649572136049,0,0,1,1,0,663
83,85123,1000,2,"gaussian","linesearch",5e-04,0.2,1e-04,0.1,0.01,2000,0.5,1,7,0,NA,34.817,387,1,0,0.00985649572136049,0,0,1,0,0,664
84,86123,1000,2,"gaussian","fixed",5e-04,10,0.005,5,0.01,2000,0.5,1,0,0,NA,4.46700000000004,13,0,1,NA,0,0,1,1,0,665
84,86123,1000,2,"gaussian","linesearch",5e-04,10,0.005,5,0.01,2000,0.5,1,7,0,NA,10.384,59,1,0,0.00947479120817704,3,3,0,0,0,666
84,86123,1000,2,"gaussian","fixed",5e-04,5,0.0025,2.5,0.01,2000,0.5,1,0,0,NA,4.51099999999997,17,0,1,NA,0,0,1,1,0,667
84,86123,1000,2,"gaussian","linesearch",5e-04,5,0.0025,2.5,0.01,2000,0.5,1,7,0,NA,9.79500000000002,59,1,0,0.00947479120817704,2,2,0,0,0,668
84,86123,1000,2,"gaussian","fixed",5e-04,1,5e-04,0.5,0.01,2000,0.5,1,0,0,NA,5.28500000000003,75,1,0,0.00902602747602183,0,0,1,1,0,669
84,86123,1000,2,"gaussian","linesearch",5e-04,1,5e-04,0.5,0.01,2000,0.5,1,7,0,NA,9.45300000000003,75,1,0,0.00902602747602183,0,0,1,0,0,670
84,86123,1000,2,"gaussian","fixed",5e-04,0.2,1e-04,0.1,0.01,2000,0.5,1,0,0,NA,10.055,384,1,0,0.00980296315085807,0,0,1,1,0,671
84,86123,1000,2,"gaussian","linesearch",5e-04,0.2,1e-04,0.1,0.01,2000,0.5,1,7,0,NA,35.454,384,1,0,0.00980296315085807,0,0,1,0,0,672
85,87123,1000,2,"gaussian","fixed",5e-04,10,0.005,5,0.01,2000,0.5,1,0,0,NA,4.49700000000001,13,0,1,Inf,0,0,1,1,0,673
85,87123,1000,2,"gaussian","linesearch",5e-04,10,0.005,5,0.01,2000,0.5,1,7,0,NA,9.75700000000001,56,1,0,0.0099672813952499,3,3,0,0,0,674
85,87123,1000,2,"gaussian","fixed",5e-04,5,0.0025,2.5,0.01,2000,0.5,1,0,0,NA,4.721,18,0,1,NA,0,0,1,1,0,675
85,87123,1000,2,"gaussian","linesearch",5e-04,5,0.0025,2.5,0.01,2000,0.5,1,7,0,NA,8.86799999999999,56,1,0,0.0099672813952499,2,2,0,0,0,676
85,87123,1000,2,"gaussian","fixed",5e-04,1,5e-04,0.5,0.01,2000,0.5,1,0,0,NA,5.43400000000003,71,1,0,0.00976476477727836,0,0,1,1,0,677
85,87123,1000,2,"gaussian","linesearch",5e-04,1,5e-04,0.5,0.01,2000,0.5,1,7,0,NA,9.37900000000002,71,1,0,0.00976476477727836,0,0,1,0,0,678
85,87123,1000,2,"gaussian","fixed",5e-04,0.2,1e-04,0.1,0.01,2000,0.5,1,0,0,NA,9.44099999999997,367,1,0,0.00997191115773591,0,0,1,1,0,679
85,87123,1000,2,"gaussian","linesearch",5e-04,0.2,1e-04,0.1,0.01,2000,0.5,1,7,0,NA,33.185,367,1,0,0.00997191115773591,0,0,1,0,0,680
86,88123,1000,2,"gaussian","fixed",5e-04,10,0.005,5,0.01,2000,0.5,1,0,0,NA,4.48099999999999,13,0,1,NA,0,0,1,1,0,681
86,88123,1000,2,"gaussian","linesearch",5e-04,10,0.005,5,0.01,2000,0.5,1,7,0,NA,10.217,61,1,0,0.00867747896207963,3,3,0,0,0,682
86,88123,1000,2,"gaussian","fixed",5e-04,5,0.0025,2.5,0.01,2000,0.5,1,0,0,NA,4.56599999999997,17,0,1,NA,0,0,1,1,0,683
86,88123,1000,2,"gaussian","linesearch",5e-04,5,0.0025,2.5,0.01,2000,0.5,1,7,0,NA,9.178,61,1,0,0.00867747896207963,2,2,0,0,0,684
86,88123,1000,2,"gaussian","fixed",5e-04,1,5e-04,0.5,0.01,2000,0.5,1,0,0,NA,5.28399999999999,76,1,0,0.0099559163668487,0,0,1,1,0,685
86,88123,1000,2,"gaussian","linesearch",5e-04,1,5e-04,0.5,0.01,2000,0.5,1,7,0,NA,8.34900000000005,76,1,0,0.0099559163668487,0,0,1,0,0,686
86,88123,1000,2,"gaussian","fixed",5e-04,0.2,1e-04,0.1,0.01,2000,0.5,1,0,0,NA,9.79500000000002,394,1,0,0.00996821538487913,0,0,1,1,0,687
86,88123,1000,2,"gaussian","linesearch",5e-04,0.2,1e-04,0.1,0.01,2000,0.5,1,7,0,NA,32.903,394,1,0,0.00996821538487913,0,0,1,0,0,688
87,89123,1000,2,"gaussian","fixed",5e-04,10,0.005,5,0.01,2000,0.5,1,0,0,NA,4.495,12,0,1,NA,0,0,1,1,0,689
87,89123,1000,2,"gaussian","linesearch",5e-04,10,0.005,5,0.01,2000,0.5,1,7,0,NA,10.123,59,1,0,0.0086657991862823,3,3,0,0,0,690
87,89123,1000,2,"gaussian","fixed",5e-04,5,0.0025,2.5,0.01,2000,0.5,1,0,0,NA,4.47899999999998,17,0,1,NA,0,0,1,1,0,691
87,89123,1000,2,"gaussian","linesearch",5e-04,5,0.0025,2.5,0.01,2000,0.5,1,7,0,NA,9.452,59,1,0,0.0086657991862823,2,2,0,0,0,692
87,89123,1000,2,"gaussian","fixed",5e-04,1,5e-04,0.5,0.01,2000,0.5,1,0,0,NA,5.29300000000001,74,1,0,0.00934926410428227,0,0,1,1,0,693
87,89123,1000,2,"gaussian","linesearch",5e-04,1,5e-04,0.5,0.01,2000,0.5,1,7,0,NA,9.01999999999998,74,1,0,0.00934926410428227,0,0,1,0,0,694
87,89123,1000,2,"gaussian","fixed",5e-04,0.2,1e-04,0.1,0.01,2000,0.5,1,0,0,NA,9.97800000000001,381,1,0,0.00995103224431138,0,0,1,1,0,695
87,89123,1000,2,"gaussian","linesearch",5e-04,0.2,1e-04,0.1,0.01,2000,0.5,1,7,0,NA,33.664,381,1,0,0.00995103224431138,0,0,1,0,0,696
88,90123,1000,2,"gaussian","fixed",5e-04,10,0.005,5,0.01,2000,0.5,1,0,0,NA,4.59000000000003,13,0,1,NA,0,0,1,1,0,697
88,90123,1000,2,"gaussian","linesearch",5e-04,10,0.005,5,0.01,2000,0.5,1,7,0,NA,10.252,59,1,0,0.00882100204548952,3,3,0,0,0,698
88,90123,1000,2,"gaussian","fixed",5e-04,5,0.0025,2.5,0.01,2000,0.5,1,0,0,NA,4.51900000000001,17,0,1,NA,0,0,1,1,0,699
88,90123,1000,2,"gaussian","linesearch",5e-04,5,0.0025,2.5,0.01,2000,0.5,1,7,0,NA,9.459,59,1,0,0.00882100204548952,2,2,0,0,0,700
88,90123,1000,2,"gaussian","fixed",5e-04,1,5e-04,0.5,0.01,2000,0.5,1,0,0,NA,5.22500000000002,74,1,0,0.00944524278764503,0,0,1,1,0,701
88,90123,1000,2,"gaussian","linesearch",5e-04,1,5e-04,0.5,0.01,2000,0.5,1,7,0,NA,8.90199999999999,74,1,0,0.00944524278764503,0,0,1,0,0,702
88,90123,1000,2,"gaussian","fixed",5e-04,0.2,1e-04,0.1,0.01,2000,0.5,1,0,0,NA,9.75699999999995,381,1,0,0.00989119733855504,0,0,1,1,0,703
88,90123,1000,2,"gaussian","linesearch",5e-04,0.2,1e-04,0.1,0.01,2000,0.5,1,7,0,NA,35.511,381,1,0,0.00989119733855504,0,0,1,0,0,704
89,91123,1000,2,"gaussian","fixed",5e-04,10,0.005,5,0.01,2000,0.5,1,0,0,NA,4.49899999999997,13,0,1,NA,0,0,1,1,0,705
89,91123,1000,2,"gaussian","linesearch",5e-04,10,0.005,5,0.01,2000,0.5,1,7,0,NA,10.066,58,1,0,0.00943922050228707,3,3,0,0,0,706
89,91123,1000,2,"gaussian","fixed",5e-04,5,0.0025,2.5,0.01,2000,0.5,1,0,0,NA,4.53299999999996,17,0,1,NA,0,0,1,1,0,707
89,91123,1000,2,"gaussian","linesearch",5e-04,5,0.0025,2.5,0.01,2000,0.5,1,7,0,NA,8.76100000000002,58,1,0,0.00943922050228707,2,2,0,0,0,708
89,91123,1000,2,"gaussian","fixed",5e-04,1,5e-04,0.5,0.01,2000,0.5,1,0,0,NA,5.27199999999999,73,1,0,0.00982406469095376,0,0,1,1,0,709
89,91123,1000,2,"gaussian","linesearch",5e-04,1,5e-04,0.5,0.01,2000,0.5,1,7,0,NA,8.42699999999996,73,1,0,0.00982406469095376,0,0,1,0,0,710
89,91123,1000,2,"gaussian","fixed",5e-04,0.2,1e-04,0.1,0.01,2000,0.5,1,0,0,NA,9.84800000000001,378,1,0,0.00985094567682021,0,0,1,1,0,711
89,91123,1000,2,"gaussian","linesearch",5e-04,0.2,1e-04,0.1,0.01,2000,0.5,1,7,0,NA,34.652,378,1,0,0.00985094567682021,0,0,1,0,0,712
90,92123,1000,2,"gaussian","fixed",5e-04,10,0.005,5,0.01,2000,0.5,1,0,0,NA,4.49099999999999,13,0,1,NA,0,0,1,1,0,713
90,92123,1000,2,"gaussian","linesearch",5e-04,10,0.005,5,0.01,2000,0.5,1,7,0,NA,10.728,61,1,0,0.00870551476471385,3,3,0,0,0,714
90,92123,1000,2,"gaussian","fixed",5e-04,5,0.0025,2.5,0.01,2000,0.5,1,0,0,NA,4.52700000000004,17,0,1,NA,0,0,1,1,0,715
90,92123,1000,2,"gaussian","linesearch",5e-04,5,0.0025,2.5,0.01,2000,0.5,1,7,0,NA,9.411,61,1,0,0.00870551476471385,2,2,0,0,0,716
90,92123,1000,2,"gaussian","fixed",5e-04,1,5e-04,0.5,0.01,2000,0.5,1,0,0,NA,5.24900000000002,76,1,0,0.00994090740707959,0,0,1,1,0,717
90,92123,1000,2,"gaussian","linesearch",5e-04,1,5e-04,0.5,0.01,2000,0.5,1,7,0,NA,9.14000000000004,76,1,0,0.00994090740707959,0,0,1,0,0,718
90,92123,1000,2,"gaussian","fixed",5e-04,0.2,1e-04,0.1,0.01,2000,0.5,1,0,0,NA,9.64499999999998,394,1,0,0.00990062098354702,0,0,1,1,0,719
90,92123,1000,2,"gaussian","linesearch",5e-04,0.2,1e-04,0.1,0.01,2000,0.5,1,7,0,NA,32.528,394,1,0,0.00990062098354702,0,0,1,0,0,720
91,93123,1000,2,"gaussian","fixed",5e-04,10,0.005,5,0.01,2000,0.5,1,0,0,NA,4.5,13,0,1,NA,0,0,1,1,0,721
91,93123,1000,2,"gaussian","linesearch",5e-04,10,0.005,5,0.01,2000,0.5,1,7,0,NA,10.276,58,1,0,0.00958175474491224,3,3,0,0,0,722
91,93123,1000,2,"gaussian","fixed",5e-04,5,0.0025,2.5,0.01,2000,0.5,1,0,0,NA,4.75999999999999,18,0,1,NA,0,0,1,1,0,723
91,93123,1000,2,"gaussian","linesearch",5e-04,5,0.0025,2.5,0.01,2000,0.5,1,7,0,NA,9.584,58,1,0,0.00958175474491224,2,2,0,0,0,724
91,93123,1000,2,"gaussian","fixed",5e-04,1,5e-04,0.5,0.01,2000,0.5,1,0,0,NA,5.44900000000001,73,1,0,0.00992412399815181,0,0,1,1,0,725
91,93123,1000,2,"gaussian","linesearch",5e-04,1,5e-04,0.5,0.01,2000,0.5,1,7,0,NA,8.56300000000005,73,1,0,0.00992412399815181,0,0,1,0,0,726
91,93123,1000,2,"gaussian","fixed",5e-04,0.2,1e-04,0.1,0.01,2000,0.5,1,0,0,NA,9.709,378,1,0,0.00984312377644465,0,0,1,1,0,727
91,93123,1000,2,"gaussian","linesearch",5e-04,0.2,1e-04,0.1,0.01,2000,0.5,1,7,0,NA,29.927,378,1,0,0.00984312377644465,0,0,1,0,0,728
92,94123,1000,2,"gaussian","fixed",5e-04,10,0.005,5,0.01,2000,0.5,1,0,0,NA,4.45999999999998,13,0,1,NA,0,0,1,1,0,729
92,94123,1000,2,"gaussian","linesearch",5e-04,10,0.005,5,0.01,2000,0.5,1,7,0,NA,10.237,59,1,0,0.00901936597089664,3,3,0,0,0,730
92,94123,1000,2,"gaussian","fixed",5e-04,5,0.0025,2.5,0.01,2000,0.5,1,0,0,NA,4.51999999999998,17,0,1,NA,0,0,1,1,0,731
92,94123,1000,2,"gaussian","linesearch",5e-04,5,0.0025,2.5,0.01,2000,0.5,1,7,0,NA,9.35499999999996,59,1,0,0.00901936597089664,2,2,0,0,0,732
92,94123,1000,2,"gaussian","fixed",5e-04,1,5e-04,0.5,0.01,2000,0.5,1,0,0,NA,5.291,74,1,0,0.00973465655499493,0,0,1,1,0,733
92,94123,1000,2,"gaussian","linesearch",5e-04,1,5e-04,0.5,0.01,2000,0.5,1,7,0,NA,8.774,74,1,0,0.00973465655499493,0,0,1,0,0,734
92,94123,1000,2,"gaussian","fixed",5e-04,0.2,1e-04,0.1,0.01,2000,0.5,1,0,0,NA,9.58100000000002,383,1,0,0.00991179379596504,0,0,1,1,0,735
92,94123,1000,2,"gaussian","linesearch",5e-04,0.2,1e-04,0.1,0.01,2000,0.5,1,7,0,NA,34.42,383,1,0,0.00991179379596504,0,0,1,0,0,736
93,95123,1000,2,"gaussian","fixed",5e-04,10,0.005,5,0.01,2000,0.5,1,0,0,NA,4.49000000000001,13,0,1,NA,0,0,1,1,0,737
93,95123,1000,2,"gaussian","linesearch",5e-04,10,0.005,5,0.01,2000,0.5,1,7,0,NA,10.253,59,1,0,0.00908083561778765,3,3,0,0,0,738
93,95123,1000,2,"gaussian","fixed",5e-04,5,0.0025,2.5,0.01,2000,0.5,1,0,0,NA,4.61699999999996,17,0,1,NA,0,0,1,1,0,739
93,95123,1000,2,"gaussian","linesearch",5e-04,5,0.0025,2.5,0.01,2000,0.5,1,7,0,NA,9.38499999999999,59,1,0,0.00908083561778765,2,2,0,0,0,740
93,95123,1000,2,"gaussian","fixed",5e-04,1,5e-04,0.5,0.01,2000,0.5,1,0,0,NA,5.35000000000002,74,1,0,0.00972460167817501,0,0,1,1,0,741
93,95123,1000,2,"gaussian","linesearch",5e-04,1,5e-04,0.5,0.01,2000,0.5,1,7,0,NA,9.762,74,1,0,0.00972460167817501,0,0,1,0,0,742
93,95123,1000,2,"gaussian","fixed",5e-04,0.2,1e-04,0.1,0.01,2000,0.5,1,0,0,NA,9.85399999999998,382,1,0,0.00996347053865304,0,0,1,1,0,743
93,95123,1000,2,"gaussian","linesearch",5e-04,0.2,1e-04,0.1,0.01,2000,0.5,1,7,0,NA,34.948,382,1,0,0.00996347053865304,0,0,1,0,0,744
94,96123,1000,2,"gaussian","fixed",5e-04,10,0.005,5,0.01,2000,0.5,1,0,0,NA,4.57600000000002,12,0,1,NA,0,0,1,1,0,745
94,96123,1000,2,"gaussian","linesearch",5e-04,10,0.005,5,0.01,2000,0.5,1,7,0,NA,11.406,62,1,0,0.00913025030611312,3,3,0,0,0,746
94,96123,1000,2,"gaussian","fixed",5e-04,5,0.0025,2.5,0.01,2000,0.5,1,0,0,NA,4.70300000000003,17,0,1,Inf,0,0,1,1,0,747
94,96123,1000,2,"gaussian","linesearch",5e-04,5,0.0025,2.5,0.01,2000,0.5,1,7,0,NA,9.71700000000004,62,1,0,0.00913025030611312,2,2,0,0,0,748
94,96123,1000,2,"gaussian","fixed",5e-04,1,5e-04,0.5,0.01,2000,0.5,1,0,0,NA,5.39500000000004,78,1,0,0.00952358112387888,0,0,1,1,0,749
94,96123,1000,2,"gaussian","linesearch",5e-04,1,5e-04,0.5,0.01,2000,0.5,1,7,0,NA,10.024,78,1,0,0.00952358112387888,0,0,1,0,0,750
94,96123,1000,2,"gaussian","fixed",5e-04,0.2,1e-04,0.1,0.01,2000,0.5,1,0,0,NA,9.94599999999997,402,1,0,0.0098626117342006,0,0,1,1,0,751
94,96123,1000,2,"gaussian","linesearch",5e-04,0.2,1e-04,0.1,0.01,2000,0.5,1,7,0,NA,35.879,402,1,0,0.0098626117342006,0,0,1,0,0,752
95,97123,1000,2,"gaussian","fixed",5e-04,10,0.005,5,0.01,2000,0.5,1,0,0,NA,4.50200000000001,13,0,1,NA,0,0,1,1,0,753
95,97123,1000,2,"gaussian","linesearch",5e-04,10,0.005,5,0.01,2000,0.5,1,7,0,NA,10.473,59,1,0,0.00906942780060314,3,3,0,0,0,754
95,97123,1000,2,"gaussian","fixed",5e-04,5,0.0025,2.5,0.01,2000,0.5,1,0,0,NA,4.62799999999999,19,0,1,NA,0,0,1,1,0,755
95,97123,1000,2,"gaussian","linesearch",5e-04,5,0.0025,2.5,0.01,2000,0.5,1,7,0,NA,9.50199999999995,59,1,0,0.00906942780060314,2,2,0,0,0,756
95,97123,1000,2,"gaussian","fixed",5e-04,1,5e-04,0.5,0.01,2000,0.5,1,0,0,NA,5.33699999999999,74,1,0,0.00975464912466412,0,0,1,1,0,757
95,97123,1000,2,"gaussian","linesearch",5e-04,1,5e-04,0.5,0.01,2000,0.5,1,7,0,NA,9.51299999999998,74,1,0,0.00975464912466412,0,0,1,0,0,758
95,97123,1000,2,"gaussian","fixed",5e-04,0.2,1e-04,0.1,0.01,2000,0.5,1,0,0,NA,9.95800000000003,383,1,0,0.00986798436019876,0,0,1,1,0,759
95,97123,1000,2,"gaussian","linesearch",5e-04,0.2,1e-04,0.1,0.01,2000,0.5,1,7,0,NA,35.291,383,1,0,0.00986798436019876,0,0,1,0,0,760
96,98123,1000,2,"gaussian","fixed",5e-04,10,0.005,5,0.01,2000,0.5,1,0,0,NA,4.49099999999999,13,0,1,NA,0,0,1,1,0,761
96,98123,1000,2,"gaussian","linesearch",5e-04,10,0.005,5,0.01,2000,0.5,1,7,0,NA,10.529,60,1,0,0.00904378390015831,3,3,0,0,0,762
96,98123,1000,2,"gaussian","fixed",5e-04,5,0.0025,2.5,0.01,2000,0.5,1,0,0,NA,4.61500000000001,18,0,1,NA,0,0,1,1,0,763
96,98123,1000,2,"gaussian","linesearch",5e-04,5,0.0025,2.5,0.01,2000,0.5,1,7,0,NA,9.26900000000001,60,1,0,0.00904378390015831,2,2,0,0,0,764
96,98123,1000,2,"gaussian","fixed",5e-04,1,5e-04,0.5,0.01,2000,0.5,1,0,0,NA,5.25099999999998,75,1,0,0.00999148502575498,0,0,1,1,0,765
96,98123,1000,2,"gaussian","linesearch",5e-04,1,5e-04,0.5,0.01,2000,0.5,1,7,0,NA,9.786,75,1,0,0.00999148502575498,0,0,1,0,0,766
96,98123,1000,2,"gaussian","fixed",5e-04,0.2,1e-04,0.1,0.01,2000,0.5,1,0,0,NA,9.81200000000001,389,1,0,0.00985941674205809,0,0,1,1,0,767
96,98123,1000,2,"gaussian","linesearch",5e-04,0.2,1e-04,0.1,0.01,2000,0.5,1,7,0,NA,33.331,389,1,0,0.00985941674205809,0,0,1,0,0,768
97,99123,1000,2,"gaussian","fixed",5e-04,10,0.005,5,0.01,2000,0.5,1,0,0,NA,4.60000000000002,13,0,1,Inf,0,0,1,1,0,769
97,99123,1000,2,"gaussian","linesearch",5e-04,10,0.005,5,0.01,2000,0.5,1,7,0,NA,10.473,57,1,0,0.0098740111187523,3,3,0,0,0,770
97,99123,1000,2,"gaussian","fixed",5e-04,5,0.0025,2.5,0.01,2000,0.5,1,0,0,NA,4.58600000000001,18,0,1,Inf,0,0,1,1,0,771
97,99123,1000,2,"gaussian","linesearch",5e-04,5,0.0025,2.5,0.01,2000,0.5,1,7,0,NA,9.19,57,1,0,0.0098740111187523,2,2,0,0,0,772
97,99123,1000,2,"gaussian","fixed",5e-04,1,5e-04,0.5,0.01,2000,0.5,1,0,0,NA,5.25900000000001,72,1,0,0.00998310319047979,0,0,1,1,0,773
97,99123,1000,2,"gaussian","linesearch",5e-04,1,5e-04,0.5,0.01,2000,0.5,1,7,0,NA,9.64699999999999,72,1,0,0.00998310319047979,0,0,1,0,0,774
97,99123,1000,2,"gaussian","fixed",5e-04,0.2,1e-04,0.1,0.01,2000,0.5,1,0,0,NA,9.78100000000001,374,1,0,0.00979139728471673,0,0,1,1,0,775
97,99123,1000,2,"gaussian","linesearch",5e-04,0.2,1e-04,0.1,0.01,2000,0.5,1,7,0,NA,33.388,374,1,0,0.00979139728471673,0,0,1,0,0,776
98,100123,1000,2,"gaussian","fixed",5e-04,10,0.005,5,0.01,2000,0.5,1,0,0,NA,4.536,13,0,1,Inf,0,0,1,1,0,777
98,100123,1000,2,"gaussian","linesearch",5e-04,10,0.005,5,0.01,2000,0.5,1,7,0,NA,10.163,59,1,0,0.0093975076600486,3,3,0,0,0,778
98,100123,1000,2,"gaussian","fixed",5e-04,5,0.0025,2.5,0.01,2000,0.5,1,0,0,NA,4.56400000000002,18,0,1,Inf,0,0,1,1,0,779
98,100123,1000,2,"gaussian","linesearch",5e-04,5,0.0025,2.5,0.01,2000,0.5,1,7,0,NA,9.29700000000003,59,1,0,0.0093975076600486,2,2,0,0,0,780
98,100123,1000,2,"gaussian","fixed",5e-04,1,5e-04,0.5,0.01,2000,0.5,1,0,0,NA,5.34299999999996,75,1,0,0.00897482648351106,0,0,1,1,0,781
98,100123,1000,2,"gaussian","linesearch",5e-04,1,5e-04,0.5,0.01,2000,0.5,1,7,0,NA,9.07300000000004,75,1,0,0.00897482648351106,0,0,1,0,0,782
98,100123,1000,2,"gaussian","fixed",5e-04,0.2,1e-04,0.1,0.01,2000,0.5,1,0,0,NA,10.102,384,1,0,0.00987878352067789,0,0,1,1,0,783
98,100123,1000,2,"gaussian","linesearch",5e-04,0.2,1e-04,0.1,0.01,2000,0.5,1,7,0,NA,32.519,384,1,0,0.00987878352067789,0,0,1,0,0,784
99,101123,1000,2,"gaussian","fixed",5e-04,10,0.005,5,0.01,2000,0.5,1,0,0,NA,4.512,14,0,1,NA,0,0,1,1,0,785
99,101123,1000,2,"gaussian","linesearch",5e-04,10,0.005,5,0.01,2000,0.5,1,7,0,NA,10.588,60,1,0,0.00887812288931822,3,3,0,0,0,786
99,101123,1000,2,"gaussian","fixed",5e-04,5,0.0025,2.5,0.01,2000,0.5,1,0,0,NA,4.72800000000001,18,0,1,NA,0,0,1,1,0,787
99,101123,1000,2,"gaussian","linesearch",5e-04,5,0.0025,2.5,0.01,2000,0.5,1,7,0,NA,9.27999999999997,60,1,0,0.00887812288931822,2,2,0,0,0,788
99,101123,1000,2,"gaussian","fixed",5e-04,1,5e-04,0.5,0.01,2000,0.5,1,0,0,NA,5.34500000000003,75,1,0,0.0097813491832317,0,0,1,1,0,789
99,101123,1000,2,"gaussian","linesearch",5e-04,1,5e-04,0.5,0.01,2000,0.5,1,7,0,NA,9.209,75,1,0,0.0097813491832317,0,0,1,0,0,790
99,101123,1000,2,"gaussian","fixed",5e-04,0.2,1e-04,0.1,0.01,2000,0.5,1,0,0,NA,10.092,388,1,0,0.00988814023273683,0,0,1,1,0,791
99,101123,1000,2,"gaussian","linesearch",5e-04,0.2,1e-04,0.1,0.01,2000,0.5,1,7,0,NA,31.025,388,1,0,0.00988814023273683,0,0,1,0,0,792
100,102123,1000,2,"gaussian","fixed",5e-04,10,0.005,5,0.01,2000,0.5,1,0,0,NA,4.56099999999998,13,0,1,NA,0,0,1,1,0,793
100,102123,1000,2,"gaussian","linesearch",5e-04,10,0.005,5,0.01,2000,0.5,1,7,0,NA,10.353,60,1,0,0.00866868373493701,3,3,0,0,0,794
100,102123,1000,2,"gaussian","fixed",5e-04,5,0.0025,2.5,0.01,2000,0.5,1,0,0,NA,4.56999999999999,17,0,1,NA,0,0,1,1,0,795
100,102123,1000,2,"gaussian","linesearch",5e-04,5,0.0025,2.5,0.01,2000,0.5,1,7,0,NA,9.29700000000003,60,1,0,0.00866868373493701,2,2,0,0,0,796
100,102123,1000,2,"gaussian","fixed",5e-04,1,5e-04,0.5,0.01,2000,0.5,1,0,0,NA,5.399,75,1,0,0.00956045576382503,0,0,1,1,0,797
100,102123,1000,2,"gaussian","linesearch",5e-04,1,5e-04,0.5,0.01,2000,0.5,1,7,0,NA,8.75900000000001,75,1,0,0.00956045576382503,0,0,1,0,0,798
100,102123,1000,2,"gaussian","fixed",5e-04,0.2,1e-04,0.1,0.01,2000,0.5,1,0,0,NA,10.018,387,1,0,0.00989427824233902,0,0,1,1,0,799
100,102123,1000,2,"gaussian","linesearch",5e-04,0.2,1e-04,0.1,0.01,2000,0.5,1,7,0,NA,33.705,387,1,0,0.00989427824233902,0,0,1,0,0,800
