"rep","seed","n","k","family","method","eta0","eta_mult","eta_init","eta_times_n","eps_grad","max_gd_steps","beta_ls","c_ls","Rprime","error","error_message","elapsed_sec","num_of_steps","converged","exploded","score_Y_max_abs","bt_mean","bt_max","bt_frac0","bt_frac_hit_cap","ls_fail_frac","record_id"
1,3123,2000,2,"bernoulli","fixed",4e-04,10,0.004,8.00000000000001,0.01,2000,0.5,1,0,0,NA,269.208,2000,0,0,928.721744772875,0,0,1,1,0,1
1,3123,2000,2,"bernoulli","linesearch",4e-04,10,0.004,8.00000000000001,0.01,2000,0.5,1,8,0,NA,1113.269,454,1,0,0.00997285000967572,4,4,0,0,0,2
1,3123,2000,2,"bernoulli","fixed",4e-04,5,0.002,4,0.01,2000,0.5,1,0,0,NA,43.692,68,1,0,0.00967588550685783,0,0,1,1,0,3
1,3123,2000,2,"bernoulli","linesearch",4e-04,5,0.002,4,0.01,2000,0.5,1,8,0,NA,1000.064,454,1,0,0.00997285000967572,3,3,0,0,0,4
1,3123,2000,2,"bernoulli","fixed",4e-04,1,4e-04,0.800000000000001,0.01,2000,0.5,1,0,0,NA,65.5340000000001,283,1,0,0.00984694031720186,0,0,1,1,0,5
1,3123,2000,2,"bernoulli","linesearch",4e-04,1,4e-04,0.800000000000001,0.01,2000,0.5,1,8,0,NA,487.148,283,1,0,0.00984694031720186,0,0,1,0,0,6
1,3123,2000,2,"bernoulli","fixed",4e-04,0.2,8.00000000000001e-05,0.16,0.01,2000,0.5,1,0,0,NA,177.976,1425,1,0,0.00999980088257148,0,0,1,1,0,7
1,3123,2000,2,"bernoulli","linesearch",4e-04,0.2,8.00000000000001e-05,0.16,0.01,2000,0.5,1,8,0,NA,2240.761,1425,1,0,0.00999980088257148,0,0,1,0,0,8
2,4123,2000,2,"bernoulli","fixed",4e-04,10,0.004,8,0.01,2000,0.5,1,0,0,NA,255.282,2000,0,0,955.93375696799,0,0,1,1,0,9
2,4123,2000,2,"bernoulli","linesearch",4e-04,10,0.004,8,0.01,2000,0.5,1,8,0,NA,1009.979,430,1,0,0.00997661190166654,4,4,0,0,0,10
2,4123,2000,2,"bernoulli","fixed",4e-04,5,0.002,4,0.01,2000,0.5,1,0,0,NA,42.2359999999999,69,1,0,0.00939460658326674,0,0,1,1,0,11
2,4123,2000,2,"bernoulli","linesearch",4e-04,5,0.002,4,0.01,2000,0.5,1,8,0,NA,889.748,430,1,0,0.00997661190166654,3,3,0,0,0,12
2,4123,2000,2,"bernoulli","fixed",4e-04,1,4e-04,0.8,0.01,2000,0.5,1,0,0,NA,66.1279999999997,268,1,0,0.00985506288466703,0,0,1,1,0,13
2,4123,2000,2,"bernoulli","linesearch",4e-04,1,4e-04,0.8,0.01,2000,0.5,1,8,0,NA,428.425,268,1,0,0.00985506288466703,0,0,1,0,0,14
2,4123,2000,2,"bernoulli","fixed",4e-04,0.2,8e-05,0.16,0.01,2000,0.5,1,0,0,NA,172.066,1350,1,0,0.00999436388855784,0,0,1,1,0,15
2,4123,2000,2,"bernoulli","linesearch",4e-04,0.2,8e-05,0.16,0.01,2000,0.5,1,8,0,NA,2026.883,1350,1,0,0.00999436388855784,0,0,1,0,0,16
3,5123,2000,2,"bernoulli","fixed",4e-04,10,0.004,8.00000000000001,0.01,2000,0.5,1,0,0,NA,268.752,2000,0,0,925.756694136682,0,0,1,1,0,17
3,5123,2000,2,"bernoulli","linesearch",4e-04,10,0.004,8.00000000000001,0.01,2000,0.5,1,8,0,NA,1023.171,427,1,0,0.00995960531226808,4,4,0,0,0,18
3,5123,2000,2,"bernoulli","fixed",4e-04,5,0.002,4,0.01,2000,0.5,1,0,0,NA,44.2460000000001,68,1,0,0.00973332775015034,0,0,1,1,0,19
3,5123,2000,2,"bernoulli","linesearch",4e-04,5,0.002,4,0.01,2000,0.5,1,8,0,NA,907.635,427,1,0,0.00995960531226808,3,3,0,0,0,20
3,5123,2000,2,"bernoulli","fixed",4e-04,1,4e-04,0.800000000000001,0.01,2000,0.5,1,0,0,NA,63.6189999999997,266,1,0,0.00987326591066442,0,0,1,1,0,21
3,5123,2000,2,"bernoulli","linesearch",4e-04,1,4e-04,0.800000000000001,0.01,2000,0.5,1,8,0,NA,424.647,266,1,0,0.00987326591066442,0,0,1,0,0,22
3,5123,2000,2,"bernoulli","fixed",4e-04,0.2,8.00000000000001e-05,0.16,0.01,2000,0.5,1,0,0,NA,172.63,1341,1,0,0.00995632855010586,0,0,1,1,0,23
3,5123,2000,2,"bernoulli","linesearch",4e-04,0.2,8.00000000000001e-05,0.16,0.01,2000,0.5,1,8,0,NA,2071.974,1341,1,0,0.00995632855010586,0,0,1,0,0,24
4,6123,2000,2,"bernoulli","fixed",0.000400000000000003,10,0.00400000000000003,8.00000000000006,0.01,2000,0.5,1,0,0,NA,265.933,2000,0,0,929.179420462732,0,0,1,1,0,25
4,6123,2000,2,"bernoulli","linesearch",0.000400000000000003,10,0.00400000000000003,8.00000000000006,0.01,2000,0.5,1,8,0,NA,972.041,432,1,0,0.00993786821490844,4,4,0,0,0,26
4,6123,2000,2,"bernoulli","fixed",0.000400000000000003,5,0.00200000000000002,4.00000000000003,0.01,2000,0.5,1,0,0,NA,42.088,68,1,0,0.00984136994320717,0,0,1,1,0,27
4,6123,2000,2,"bernoulli","linesearch",0.000400000000000003,5,0.00200000000000002,4.00000000000003,0.01,2000,0.5,1,8,0,NA,857.354,432,1,0,0.00993786821490844,3,3,0,0,0,28
4,6123,2000,2,"bernoulli","fixed",0.000400000000000003,1,0.000400000000000003,0.800000000000006,0.01,2000,0.5,1,0,0,NA,64.596,269,1,0,0.00988468759953394,0,0,1,1,0,29
4,6123,2000,2,"bernoulli","linesearch",0.000400000000000003,1,0.000400000000000003,0.800000000000006,0.01,2000,0.5,1,8,0,NA,356.471,269,1,0,0.00988468759953394,0,0,1,0,0,30
4,6123,2000,2,"bernoulli","fixed",0.000400000000000003,0.2,8.00000000000006e-05,0.160000000000001,0.01,2000,0.5,1,0,0,NA,170.065,1356,1,0,0.0099760016646222,0,0,1,1,0,31
4,6123,2000,2,"bernoulli","linesearch",0.000400000000000003,0.2,8.00000000000006e-05,0.160000000000001,0.01,2000,0.5,1,8,0,NA,1636.424,1356,1,0,0.0099760016646222,0,0,1,0,0,32
5,7123,2000,2,"bernoulli","fixed",4e-04,10,0.004,8,0.01,2000,0.5,1,0,0,NA,256.781,2000,0,0,948.607507372647,0,0,1,1,0,33
5,7123,2000,2,"bernoulli","linesearch",4e-04,10,0.004,8,0.01,2000,0.5,1,8,0,NA,897.58,420,1,0,0.00992834980425236,4,4,0,0,0,34
5,7123,2000,2,"bernoulli","fixed",4e-04,5,0.002,4,0.01,2000,0.5,1,0,0,NA,43.511,68,1,0,0.00961642399264523,0,0,1,1,0,35
5,7123,2000,2,"bernoulli","linesearch",4e-04,5,0.002,4,0.01,2000,0.5,1,8,0,NA,788.213,420,1,0,0.00992834980425236,3,3,0,0,0,36
5,7123,2000,2,"bernoulli","fixed",4e-04,1,4e-04,0.8,0.01,2000,0.5,1,0,0,NA,62.442,262,1,0,0.00973372856054261,0,0,1,1,0,37
5,7123,2000,2,"bernoulli","linesearch",4e-04,1,4e-04,0.8,0.01,2000,0.5,1,8,0,NA,308.099,262,1,0,0.00973372856054261,0,0,1,0,0,38
5,7123,2000,2,"bernoulli","fixed",4e-04,0.2,8e-05,0.16,0.01,2000,0.5,1,0,0,NA,166.414,1318,1,0,0.00998791630856868,0,0,1,1,0,39
5,7123,2000,2,"bernoulli","linesearch",4e-04,0.2,8e-05,0.16,0.01,2000,0.5,1,8,0,NA,1417.338,1318,1,0,0.00998791630856868,0,0,1,0,0,40
6,8123,2000,2,"bernoulli","fixed",4e-04,10,0.004,8,0.01,2000,0.5,1,0,0,NA,272.385,2000,0,0,965.3101096852,0,0,1,1,0,41
6,8123,2000,2,"bernoulli","linesearch",4e-04,10,0.004,8,0.01,2000,0.5,1,8,0,NA,832.664,389,1,0,0.00993595553144516,4,4,0,0,0,42
6,8123,2000,2,"bernoulli","fixed",4e-04,5,0.002,4,0.01,2000,0.5,1,0,0,NA,43.8870000000002,67,1,0,0.00948141841659872,0,0,1,1,0,43
6,8123,2000,2,"bernoulli","linesearch",4e-04,5,0.002,4,0.01,2000,0.5,1,8,0,NA,726.021,389,1,0,0.00993595553144516,3,3,0,0,0,44
6,8123,2000,2,"bernoulli","fixed",4e-04,1,4e-04,0.8,0.01,2000,0.5,1,0,0,NA,60.76,242,1,0,0.00994052315561419,0,0,1,1,0,45
6,8123,2000,2,"bernoulli","linesearch",4e-04,1,4e-04,0.8,0.01,2000,0.5,1,8,0,NA,273.812,242,1,0,0.00994052315561419,0,0,1,0,0,46
6,8123,2000,2,"bernoulli","fixed",4e-04,0.2,8e-05,0.16,0.01,2000,0.5,1,0,0,NA,156.404,1221,1,0,0.00999109665568362,0,0,1,1,0,47
6,8123,2000,2,"bernoulli","linesearch",4e-04,0.2,8e-05,0.16,0.01,2000,0.5,1,8,0,NA,1307.08,1221,1,0,0.00999109665568362,0,0,1,0,0,48
7,9123,2000,2,"bernoulli","fixed",0.000400000000000003,10,0.00400000000000003,8.00000000000005,0.01,2000,0.5,1,0,0,NA,267.566,2000,0,0,949.712033392528,0,0,1,1,0,49
7,9123,2000,2,"bernoulli","linesearch",0.000400000000000003,10,0.00400000000000003,8.00000000000005,0.01,2000,0.5,1,8,0,NA,889.713,411,1,0,0.00989137557398592,4,4,0,0,0,50
7,9123,2000,2,"bernoulli","fixed",0.000400000000000003,5,0.00200000000000001,4.00000000000003,0.01,2000,0.5,1,0,0,NA,42.0429999999999,66,1,0,0.00970638673758406,0,0,1,1,0,51
7,9123,2000,2,"bernoulli","linesearch",0.000400000000000003,5,0.00200000000000001,4.00000000000003,0.01,2000,0.5,1,8,0,NA,779.015,411,1,0,0.00989137557398592,3,3,0,0,0,52
7,9123,2000,2,"bernoulli","fixed",0.000400000000000003,1,0.000400000000000003,0.800000000000005,0.01,2000,0.5,1,0,0,NA,60.7509999999997,256,1,0,0.00981957882000034,0,0,1,1,0,53
7,9123,2000,2,"bernoulli","linesearch",0.000400000000000003,1,0.000400000000000003,0.800000000000005,0.01,2000,0.5,1,8,0,NA,325.81,256,1,0,0.00981957882000034,0,0,1,0,0,54
7,9123,2000,2,"bernoulli","fixed",0.000400000000000003,0.2,8.00000000000005e-05,0.160000000000001,0.01,2000,0.5,1,0,0,NA,166.156,1289,1,0,0.0099902265513831,0,0,1,1,0,55
7,9123,2000,2,"bernoulli","linesearch",0.000400000000000003,0.2,8.00000000000005e-05,0.160000000000001,0.01,2000,0.5,1,8,0,NA,1523.227,1289,1,0,0.0099902265513831,0,0,1,0,0,56
8,10123,2000,2,"bernoulli","fixed",0.000400000000000001,10,0.00400000000000001,8.00000000000002,0.01,2000,0.5,1,0,0,NA,255.851,2000,0,0,935.316407235128,0,0,1,1,0,57
8,10123,2000,2,"bernoulli","linesearch",0.000400000000000001,10,0.00400000000000001,8.00000000000002,0.01,2000,0.5,1,8,0,NA,854.53,394,1,0,0.00986529698396144,4,4,0,0,0,58
8,10123,2000,2,"bernoulli","fixed",0.000400000000000001,5,0.00200000000000001,4.00000000000001,0.01,2000,0.5,1,0,0,NA,42.6799999999998,65,1,0,0.00980061115175512,0,0,1,1,0,59
8,10123,2000,2,"bernoulli","linesearch",0.000400000000000001,5,0.00200000000000001,4.00000000000001,0.01,2000,0.5,1,8,0,NA,762.868,394,1,0,0.00986529698396144,3,3,0,0,0,60
8,10123,2000,2,"bernoulli","fixed",0.000400000000000001,1,0.000400000000000001,0.800000000000002,0.01,2000,0.5,1,0,0,NA,60.5759999999998,245,1,0,0.00991100443003495,0,0,1,1,0,61
8,10123,2000,2,"bernoulli","linesearch",0.000400000000000001,1,0.000400000000000001,0.800000000000002,0.01,2000,0.5,1,8,0,NA,302.574,245,1,0,0.00991100443003495,0,0,1,0,0,62
8,10123,2000,2,"bernoulli","fixed",0.000400000000000001,0.2,8.00000000000003e-05,0.160000000000001,0.01,2000,0.5,1,0,0,NA,155.265,1236,1,0,0.00995392144776125,0,0,1,1,0,63
8,10123,2000,2,"bernoulli","linesearch",0.000400000000000001,0.2,8.00000000000003e-05,0.160000000000001,0.01,2000,0.5,1,8,0,NA,1391.428,1236,1,0,0.00995392144776125,0,0,1,0,0,64
9,11123,2000,2,"bernoulli","fixed",4e-04,10,0.004,8,0.01,2000,0.5,1,0,0,NA,268.608,2000,0,0,928.881296512005,0,0,1,1,0,65
9,11123,2000,2,"bernoulli","linesearch",4e-04,10,0.004,8,0.01,2000,0.5,1,8,0,NA,885.73,409,1,0,0.00988014922865235,4,4,0,0,0,66
9,11123,2000,2,"bernoulli","fixed",4e-04,5,0.002,4,0.01,2000,0.5,1,0,0,NA,42.9000000000001,66,1,0,0.00996733059710003,0,0,1,1,0,67
9,11123,2000,2,"bernoulli","linesearch",4e-04,5,0.002,4,0.01,2000,0.5,1,8,0,NA,781.952,409,1,0,0.00988014922865235,3,3,0,0,0,68
9,11123,2000,2,"bernoulli","fixed",4e-04,1,4e-04,0.8,0.01,2000,0.5,1,0,0,NA,61.8679999999997,255,1,0,0.00973888627167693,0,0,1,1,0,69
9,11123,2000,2,"bernoulli","linesearch",4e-04,1,4e-04,0.8,0.01,2000,0.5,1,8,0,NA,302.224,255,1,0,0.00973888627167693,0,0,1,0,0,70
9,11123,2000,2,"bernoulli","fixed",4e-04,0.2,8e-05,0.16,0.01,2000,0.5,1,0,0,NA,163.244,1283,1,0,0.00995915338239032,0,0,1,1,0,71
9,11123,2000,2,"bernoulli","linesearch",4e-04,0.2,8e-05,0.16,0.01,2000,0.5,1,8,0,NA,1365.236,1283,1,0,0.00995915338239032,0,0,1,0,0,72
10,12123,2000,2,"bernoulli","fixed",4e-04,10,0.004,8,0.01,2000,0.5,1,0,0,NA,268.36,2000,0,0,936.860116964765,0,0,1,1,0,73
10,12123,2000,2,"bernoulli","linesearch",4e-04,10,0.004,8,0.01,2000,0.5,1,8,0,NA,878.579,408,1,0,0.00983686077037232,4,4,0,0,0,74
10,12123,2000,2,"bernoulli","fixed",4e-04,5,0.002,4,0.01,2000,0.5,1,0,0,NA,44.229,66,1,0,0.00987318712457086,0,0,1,1,0,75
10,12123,2000,2,"bernoulli","linesearch",4e-04,5,0.002,4,0.01,2000,0.5,1,8,0,NA,776.624,408,1,0,0.00983686077037232,3,3,0,0,0,76
10,12123,2000,2,"bernoulli","fixed",4e-04,1,4e-04,0.8,0.01,2000,0.5,1,0,0,NA,60.2930000000001,254,1,0,0.00979750424613078,0,0,1,1,0,77
10,12123,2000,2,"bernoulli","linesearch",4e-04,1,4e-04,0.8,0.01,2000,0.5,1,8,0,NA,303.617,254,1,0,0.00979750424613078,0,0,1,0,0,78
10,12123,2000,2,"bernoulli","fixed",4e-04,0.2,8e-05,0.16,0.01,2000,0.5,1,0,0,NA,160.691,1279,1,0,0.00997971637994144,0,0,1,1,0,79
10,12123,2000,2,"bernoulli","linesearch",4e-04,0.2,8e-05,0.16,0.01,2000,0.5,1,8,0,NA,1358.366,1279,1,0,0.00997971637994144,0,0,1,0,0,80
11,13123,2000,2,"bernoulli","fixed",4e-04,10,0.004,8,0.01,2000,0.5,1,0,0,NA,272.921,2000,0,0,945.352727252286,0,0,1,1,0,81
11,13123,2000,2,"bernoulli","linesearch",4e-04,10,0.004,8,0.01,2000,0.5,1,8,0,NA,925.474,418,1,0,0.00998108713950807,4,4,0,0,0,82
11,13123,2000,2,"bernoulli","fixed",4e-04,5,0.002,4,0.01,2000,0.5,1,0,0,NA,42.9270000000001,67,1,0,0.00984420847915957,0,0,1,1,0,83
11,13123,2000,2,"bernoulli","linesearch",4e-04,5,0.002,4,0.01,2000,0.5,1,8,0,NA,817.101,418,1,0,0.00998108713950807,3,3,0,0,0,84
11,13123,2000,2,"bernoulli","fixed",4e-04,1,4e-04,0.8,0.01,2000,0.5,1,0,0,NA,62.1489999999999,261,1,0,0.00971850064587776,0,0,1,1,0,85
11,13123,2000,2,"bernoulli","linesearch",4e-04,1,4e-04,0.8,0.01,2000,0.5,1,8,0,NA,344.192,261,1,0,0.00971850064587776,0,0,1,0,0,86
11,13123,2000,2,"bernoulli","fixed",4e-04,0.2,8e-05,0.16,0.01,2000,0.5,1,0,0,NA,163.754,1313,1,0,0.00996034763319975,0,0,1,1,0,87
11,13123,2000,2,"bernoulli","linesearch",4e-04,0.2,8e-05,0.16,0.01,2000,0.5,1,8,0,NA,1558.402,1313,1,0,0.00996034763319975,0,0,1,0,0,88
12,14123,2000,2,"bernoulli","fixed",4e-04,10,0.004,8,0.01,2000,0.5,1,0,0,NA,269.536,2000,0,0,955.429157711886,0,0,1,1,0,89
12,14123,2000,2,"bernoulli","linesearch",4e-04,10,0.004,8,0.01,2000,0.5,1,8,0,NA,872.996,400,1,0,0.00986054804561751,4,4,0,0,0,90
12,14123,2000,2,"bernoulli","fixed",4e-04,5,0.002,4,0.01,2000,0.5,1,0,0,NA,44.396,66,1,0,0.00957233102685368,0,0,1,1,0,91
12,14123,2000,2,"bernoulli","linesearch",4e-04,5,0.002,4,0.01,2000,0.5,1,8,0,NA,753.844,400,1,0,0.00986054804561751,3,3,0,0,0,92
12,14123,2000,2,"bernoulli","fixed",4e-04,1,4e-04,0.8,0.01,2000,0.5,1,0,0,NA,61.4749999999999,249,1,0,0.00982895896969334,0,0,1,1,0,93
12,14123,2000,2,"bernoulli","linesearch",4e-04,1,4e-04,0.8,0.01,2000,0.5,1,8,0,NA,300.015,249,1,0,0.00982895896969334,0,0,1,0,0,94
12,14123,2000,2,"bernoulli","fixed",4e-04,0.2,8e-05,0.16,0.01,2000,0.5,1,0,0,NA,164.775,1254,1,0,0.0099945845034701,0,0,1,1,0,95
12,14123,2000,2,"bernoulli","linesearch",4e-04,0.2,8e-05,0.16,0.01,2000,0.5,1,8,0,NA,1378.373,1254,1,0,0.0099945845034701,0,0,1,0,0,96
13,15123,2000,2,"bernoulli","fixed",4e-04,10,0.004,8.00000000000001,0.01,2000,0.5,1,0,0,NA,269.555,2000,0,0,933.339218422007,0,0,1,1,0,97
13,15123,2000,2,"bernoulli","linesearch",4e-04,10,0.004,8.00000000000001,0.01,2000,0.5,1,8,0,NA,840.415,396,1,0,0.00987456257101057,4,4,0,0,0,98
13,15123,2000,2,"bernoulli","fixed",4e-04,5,0.002,4,0.01,2000,0.5,1,0,0,NA,42.3039999999999,68,1,0,0.00980985413075952,0,0,1,1,0,99
13,15123,2000,2,"bernoulli","linesearch",4e-04,5,0.002,4,0.01,2000,0.5,1,8,0,NA,729.387,396,1,0,0.00987456257101057,3,3,0,0,0,100
13,15123,2000,2,"bernoulli","fixed",4e-04,1,4e-04,0.800000000000001,0.01,2000,0.5,1,0,0,NA,62.1500000000001,246,1,0,0.00999837978401352,0,0,1,1,0,101
13,15123,2000,2,"bernoulli","linesearch",4e-04,1,4e-04,0.800000000000001,0.01,2000,0.5,1,8,0,NA,269.878,246,1,0,0.00999837978401352,0,0,1,0,0,102
13,15123,2000,2,"bernoulli","fixed",4e-04,0.2,8.00000000000001e-05,0.16,0.01,2000,0.5,1,0,0,NA,162.768,1242,1,0,0.00997804973921691,0,0,1,1,0,103
13,15123,2000,2,"bernoulli","linesearch",4e-04,0.2,8.00000000000001e-05,0.16,0.01,2000,0.5,1,8,0,NA,1241.11,1242,1,0,0.00997804973921691,0,0,1,0,0,104
14,16123,2000,2,"bernoulli","fixed",4e-04,10,0.004,8,0.01,2000,0.5,1,0,0,NA,269.069,2000,0,0,954.118111939389,0,0,1,1,0,105
14,16123,2000,2,"bernoulli","linesearch",4e-04,10,0.004,8,0.01,2000,0.5,1,8,0,NA,847.463,400,1,0,0.00980871804423375,4,4,0,0,0,106
14,16123,2000,2,"bernoulli","fixed",4e-04,5,0.002,4,0.01,2000,0.5,1,0,0,NA,43.547,68,1,0,0.00938478595778125,0,0,1,1,0,107
14,16123,2000,2,"bernoulli","linesearch",4e-04,5,0.002,4,0.01,2000,0.5,1,8,0,NA,737.368,400,1,0,0.00980871804423375,3,3,0,0,0,108
14,16123,2000,2,"bernoulli","fixed",4e-04,1,4e-04,0.8,0.01,2000,0.5,1,0,0,NA,62.4839999999999,249,1,0,0.00977340062699136,0,0,1,1,0,109
14,16123,2000,2,"bernoulli","linesearch",4e-04,1,4e-04,0.8,0.01,2000,0.5,1,8,0,NA,275.493,249,1,0,0.00977340062699136,0,0,1,0,0,110
14,16123,2000,2,"bernoulli","fixed",4e-04,0.2,8e-05,0.16,0.01,2000,0.5,1,0,0,NA,165.084,1254,1,0,0.00994787541131412,0,0,1,1,0,111
14,16123,2000,2,"bernoulli","linesearch",4e-04,0.2,8e-05,0.16,0.01,2000,0.5,1,8,0,NA,1271.044,1254,1,0,0.00994787541131412,0,0,1,0,0,112
15,17123,2000,2,"bernoulli","fixed",4e-04,10,0.004,8,0.01,2000,0.5,1,0,0,NA,268.279,2000,0,0,963.998755494365,0,0,1,1,0,113
15,17123,2000,2,"bernoulli","linesearch",4e-04,10,0.004,8,0.01,2000,0.5,1,8,0,NA,954.781,424,1,0,0.00992276405329243,4,4,0,0,0,114
15,17123,2000,2,"bernoulli","fixed",4e-04,5,0.002,4,0.01,2000,0.5,1,0,0,NA,43.751,66,1,0,0.00978557689341264,0,0,1,1,0,115
15,17123,2000,2,"bernoulli","linesearch",4e-04,5,0.002,4,0.01,2000,0.5,1,8,0,NA,849.244,424,1,0,0.00992276405329243,3,3,0,0,0,116
15,17123,2000,2,"bernoulli","fixed",4e-04,1,4e-04,0.8,0.01,2000,0.5,1,0,0,NA,61.2759999999998,264,1,0,0.00987669555407558,0,0,1,1,0,117
15,17123,2000,2,"bernoulli","linesearch",4e-04,1,4e-04,0.8,0.01,2000,0.5,1,8,0,NA,358.702,264,1,0,0.00987669555407558,0,0,1,0,0,118
15,17123,2000,2,"bernoulli","fixed",4e-04,0.2,8e-05,0.16,0.01,2000,0.5,1,0,0,NA,167.702,1331,1,0,0.0099528373464885,0,0,1,1,0,119
15,17123,2000,2,"bernoulli","linesearch",4e-04,0.2,8e-05,0.16,0.01,2000,0.5,1,8,0,NA,1685.642,1331,1,0,0.0099528373464885,0,0,1,0,0,120
16,18123,2000,2,"bernoulli","fixed",4e-04,10,0.004,8,0.01,2000,0.5,1,0,0,NA,263.948,2000,0,0,927.479556571367,0,0,1,1,0,121
16,18123,2000,2,"bernoulli","linesearch",4e-04,10,0.004,8,0.01,2000,0.5,1,8,0,NA,931.186,426,1,0,0.00995453851242038,4,4,0,0,0,122
16,18123,2000,2,"bernoulli","fixed",4e-04,5,0.002,4,0.01,2000,0.5,1,0,0,NA,44.0650000000001,68,1,0,0.0096675253724382,0,0,1,1,0,123
16,18123,2000,2,"bernoulli","linesearch",4e-04,5,0.002,4,0.01,2000,0.5,1,8,0,NA,815.851,426,1,0,0.00995453851242038,3,3,0,0,0,124
16,18123,2000,2,"bernoulli","fixed",4e-04,1,4e-04,0.8,0.01,2000,0.5,1,0,0,NA,64.607,265,1,0,0.00998120609485868,0,0,1,1,0,125
16,18123,2000,2,"bernoulli","linesearch",4e-04,1,4e-04,0.8,0.01,2000,0.5,1,8,0,NA,332.529,265,1,0,0.00998120609485868,0,0,1,0,0,126
16,18123,2000,2,"bernoulli","fixed",4e-04,0.2,8e-05,0.16,0.01,2000,0.5,1,0,0,NA,174.965,1338,1,0,0.00994229203336253,0,0,1,1,0,127
16,18123,2000,2,"bernoulli","linesearch",4e-04,0.2,8e-05,0.16,0.01,2000,0.5,1,8,0,NA,1630.276,1338,1,0,0.00994229203336253,0,0,1,0,0,128
17,19123,2000,2,"bernoulli","fixed",4e-04,10,0.004,8,0.01,2000,0.5,1,0,0,NA,268.558,2000,0,0,954.112650145704,0,0,1,1,0,129
17,19123,2000,2,"bernoulli","linesearch",4e-04,10,0.004,8,0.01,2000,0.5,1,8,0,NA,1117.871,457,1,0,0.00982582243287456,4,4,0,0,0,130
17,19123,2000,2,"bernoulli","fixed",4e-04,5,0.002,4,0.01,2000,0.5,1,0,0,NA,44.8869999999999,66,1,0,0.00938952012171446,0,0,1,1,0,131
17,19123,2000,2,"bernoulli","linesearch",4e-04,5,0.002,4,0.01,2000,0.5,1,8,0,NA,1017.334,457,1,0,0.00982582243287456,3,3,0,0,0,132
17,19123,2000,2,"bernoulli","fixed",4e-04,1,4e-04,0.8,0.01,2000,0.5,1,0,0,NA,67.2909999999997,284,1,0,0.00994648371038041,0,0,1,1,0,133
17,19123,2000,2,"bernoulli","linesearch",4e-04,1,4e-04,0.8,0.01,2000,0.5,1,8,0,NA,494.344,284,1,0,0.00994648371038041,0,0,1,0,0,134
17,19123,2000,2,"bernoulli","fixed",4e-04,0.2,8e-05,0.16,0.01,2000,0.5,1,0,0,NA,188.259,1432,1,0,0.00998618112981084,0,0,1,1,0,135
17,19123,2000,2,"bernoulli","linesearch",4e-04,0.2,8e-05,0.16,0.01,2000,0.5,1,8,0,NA,2398.075,1432,1,0,0.00998618112981084,0,0,1,0,0,136
18,20123,2000,2,"bernoulli","fixed",0.000400000000000001,10,0.00400000000000001,8.00000000000001,0.01,2000,0.5,1,0,0,NA,270.875,2000,0,0,927.058961204081,0,0,1,1,0,137
18,20123,2000,2,"bernoulli","linesearch",0.000400000000000001,10,0.00400000000000001,8.00000000000001,0.01,2000,0.5,1,8,0,NA,966.811,421,1,0,0.00988192254833725,4,4,0,0,0,138
18,20123,2000,2,"bernoulli","fixed",0.000400000000000001,5,0.002,4.00000000000001,0.01,2000,0.5,1,0,0,NA,42.576,66,1,0,0.00954664826873519,0,0,1,1,0,139
18,20123,2000,2,"bernoulli","linesearch",0.000400000000000001,5,0.002,4.00000000000001,0.01,2000,0.5,1,8,0,NA,858.176,421,1,0,0.00988192254833725,3,3,0,0,0,140
18,20123,2000,2,"bernoulli","fixed",0.000400000000000001,1,0.000400000000000001,0.800000000000001,0.01,2000,0.5,1,0,0,NA,63.6109999999999,262,1,0,0.00987001224134249,0,0,1,1,0,141
18,20123,2000,2,"bernoulli","linesearch",0.000400000000000001,1,0.000400000000000001,0.800000000000001,0.01,2000,0.5,1,8,0,NA,360.758,262,1,0,0.00987001224134249,0,0,1,0,0,142
18,20123,2000,2,"bernoulli","fixed",0.000400000000000001,0.2,8.00000000000001e-05,0.16,0.01,2000,0.5,1,0,0,NA,168.52,1321,1,0,0.00995256166932423,0,0,1,1,0,143
18,20123,2000,2,"bernoulli","linesearch",0.000400000000000001,0.2,8.00000000000001e-05,0.16,0.01,2000,0.5,1,8,0,NA,1722.141,1321,1,0,0.00995256166932423,0,0,1,0,0,144
19,21123,2000,2,"bernoulli","fixed",4e-04,10,0.004,8,0.01,2000,0.5,1,0,0,NA,257.144,2000,0,0,955.274563133073,0,0,1,1,0,145
19,21123,2000,2,"bernoulli","linesearch",4e-04,10,0.004,8,0.01,2000,0.5,1,8,0,NA,893.342,416,1,0,0.00999434231228064,4,4,0,0,0,146
19,21123,2000,2,"bernoulli","fixed",4e-04,5,0.002,4,0.01,2000,0.5,1,0,0,NA,41.884,68,1,0,0.00987240798275701,0,0,1,1,0,147
19,21123,2000,2,"bernoulli","linesearch",4e-04,5,0.002,4,0.01,2000,0.5,1,8,0,NA,772.36,416,1,0,0.00999434231228064,3,3,0,0,0,148
19,21123,2000,2,"bernoulli","fixed",4e-04,1,4e-04,0.8,0.01,2000,0.5,1,0,0,NA,60.6820000000002,259,1,0,0.00995293991353241,0,0,1,1,0,149
19,21123,2000,2,"bernoulli","linesearch",4e-04,1,4e-04,0.8,0.01,2000,0.5,1,8,0,NA,314.734,259,1,0,0.00995293991353241,0,0,1,0,0,150
19,21123,2000,2,"bernoulli","fixed",4e-04,0.2,8e-05,0.16,0.01,2000,0.5,1,0,0,NA,168.607,1307,1,0,0.009958908815968,0,0,1,1,0,151
19,21123,2000,2,"bernoulli","linesearch",4e-04,0.2,8e-05,0.16,0.01,2000,0.5,1,8,0,NA,1393.029,1307,1,0,0.009958908815968,0,0,1,0,0,152
20,22123,2000,2,"bernoulli","fixed",4e-04,10,0.004,8,0.01,2000,0.5,1,0,0,NA,266.09,2000,0,0,943.792630023799,0,0,1,1,0,153
20,22123,2000,2,"bernoulli","linesearch",4e-04,10,0.004,8,0.01,2000,0.5,1,8,0,NA,959.793,423,1,0,0.00987914368155716,4,4,0,0,0,154
20,22123,2000,2,"bernoulli","fixed",4e-04,5,0.002,4,0.01,2000,0.5,1,0,0,NA,44.0519999999999,66,1,0,0.00975480053167077,0,0,1,1,0,155
20,22123,2000,2,"bernoulli","linesearch",4e-04,5,0.002,4,0.01,2000,0.5,1,8,0,NA,854.223,423,1,0,0.00987914368155716,3,3,0,0,0,156
20,22123,2000,2,"bernoulli","fixed",4e-04,1,4e-04,0.8,0.01,2000,0.5,1,0,0,NA,62.8890000000001,263,1,0,0.00994189484108715,0,0,1,1,0,157
20,22123,2000,2,"bernoulli","linesearch",4e-04,1,4e-04,0.8,0.01,2000,0.5,1,8,0,NA,366.84,263,1,0,0.00994189484108715,0,0,1,0,0,158
20,22123,2000,2,"bernoulli","fixed",4e-04,0.2,8e-05,0.16,0.01,2000,0.5,1,0,0,NA,170.353,1327,1,0,0.00996481141917162,0,0,1,1,0,159
20,22123,2000,2,"bernoulli","linesearch",4e-04,0.2,8e-05,0.16,0.01,2000,0.5,1,8,0,NA,1705.181,1327,1,0,0.00996481141917162,0,0,1,0,0,160
21,23123,2000,2,"bernoulli","fixed",0.000400000000000014,10,0.00400000000000014,8.00000000000028,0.01,2000,0.5,1,0,0,NA,256.239,2000,0,0,940.974716898489,0,0,1,1,0,161
21,23123,2000,2,"bernoulli","linesearch",0.000400000000000014,10,0.00400000000000014,8.00000000000028,0.01,2000,0.5,1,8,0,NA,821.422,384,1,0,0.00983044668656086,4,4,0,0,0,162
21,23123,2000,2,"bernoulli","fixed",0.000400000000000014,5,0.00200000000000007,4.00000000000014,0.01,2000,0.5,1,0,0,NA,42.1200000000001,68,1,0,0.00943971026931678,0,0,1,1,0,163
21,23123,2000,2,"bernoulli","linesearch",0.000400000000000014,5,0.00200000000000007,4.00000000000014,0.01,2000,0.5,1,8,0,NA,729.134,384,1,0,0.00983044668656086,3,3,0,0,0,164
21,23123,2000,2,"bernoulli","fixed",0.000400000000000014,1,0.000400000000000014,0.800000000000028,0.01,2000,0.5,1,0,0,NA,60.5829999999999,239,1,0,0.00979664994890037,0,0,1,1,0,165
21,23123,2000,2,"bernoulli","linesearch",0.000400000000000014,1,0.000400000000000014,0.800000000000028,0.01,2000,0.5,1,8,0,NA,280.722,239,1,0,0.00979664994890037,0,0,1,0,0,166
21,23123,2000,2,"bernoulli","fixed",0.000400000000000014,0.2,8.00000000000028e-05,0.160000000000006,0.01,2000,0.5,1,0,0,NA,159.054,1204,1,0,0.00997105590440295,0,0,1,1,0,167
21,23123,2000,2,"bernoulli","linesearch",0.000400000000000014,0.2,8.00000000000028e-05,0.160000000000006,0.01,2000,0.5,1,8,0,NA,1315.738,1204,1,0,0.00997105590440295,0,0,1,0,0,168
22,24123,2000,2,"bernoulli","fixed",0.000400000000000008,10,0.00400000000000008,8.00000000000015,0.01,2000,0.5,1,0,0,NA,270.272,2000,0,0,955.324200722774,0,0,1,1,0,169
22,24123,2000,2,"bernoulli","linesearch",0.000400000000000008,10,0.00400000000000008,8.00000000000015,0.01,2000,0.5,1,8,0,NA,1000.525,432,1,0,0.00998870657425529,4,4,0,0,0,170
22,24123,2000,2,"bernoulli","fixed",0.000400000000000008,5,0.00200000000000004,4.00000000000008,0.01,2000,0.5,1,0,0,NA,44.6949999999999,67,1,0,0.00993708016027384,0,0,1,1,0,171
22,24123,2000,2,"bernoulli","linesearch",0.000400000000000008,5,0.00200000000000004,4.00000000000008,0.01,2000,0.5,1,8,0,NA,884.165,432,1,0,0.00998870657425529,3,3,0,0,0,172
22,24123,2000,2,"bernoulli","fixed",0.000400000000000008,1,0.000400000000000008,0.800000000000015,0.01,2000,0.5,1,0,0,NA,64.721,269,1,0,0.00994092946963706,0,0,1,1,0,173
22,24123,2000,2,"bernoulli","linesearch",0.000400000000000008,1,0.000400000000000008,0.800000000000015,0.01,2000,0.5,1,8,0,NA,393.427,269,1,0,0.00994092946963706,0,0,1,0,0,174
22,24123,2000,2,"bernoulli","fixed",0.000400000000000008,0.2,8.00000000000015e-05,0.160000000000003,0.01,2000,0.5,1,0,0,NA,174.692,1357,1,0,0.00996254288406853,0,0,1,1,0,175
22,24123,2000,2,"bernoulli","linesearch",0.000400000000000008,0.2,8.00000000000015e-05,0.160000000000003,0.01,2000,0.5,1,8,0,NA,1829.166,1357,1,0,0.00996254288406853,0,0,1,0,0,176
23,25123,2000,2,"bernoulli","fixed",4e-04,10,0.004,8.00000000000001,0.01,2000,0.5,1,0,0,NA,255.591,2000,0,0,930.041356489964,0,0,1,1,0,177
23,25123,2000,2,"bernoulli","linesearch",4e-04,10,0.004,8.00000000000001,0.01,2000,0.5,1,8,0,NA,820.428,388,1,0,0.00990118045040966,4,4,0,0,0,178
23,25123,2000,2,"bernoulli","fixed",4e-04,5,0.002,4,0.01,2000,0.5,1,0,0,NA,43.4110000000001,68,1,0,0.00940705455385604,0,0,1,1,0,179
23,25123,2000,2,"bernoulli","linesearch",4e-04,5,0.002,4,0.01,2000,0.5,1,8,0,NA,713.671,388,1,0,0.00990118045040966,3,3,0,0,0,180
23,25123,2000,2,"bernoulli","fixed",4e-04,1,4e-04,0.800000000000001,0.01,2000,0.5,1,0,0,NA,61.4349999999999,242,1,0,0.009723008247017,0,0,1,1,0,181
23,25123,2000,2,"bernoulli","linesearch",4e-04,1,4e-04,0.800000000000001,0.01,2000,0.5,1,8,0,NA,270.552,242,1,0,0.009723008247017,0,0,1,0,0,182
23,25123,2000,2,"bernoulli","fixed",4e-04,0.2,8.00000000000001e-05,0.16,0.01,2000,0.5,1,0,0,NA,158.301,1217,1,0,0.00999900976868709,0,0,1,1,0,183
23,25123,2000,2,"bernoulli","linesearch",4e-04,0.2,8.00000000000001e-05,0.16,0.01,2000,0.5,1,8,0,NA,1224.078,1217,1,0,0.00999900976868709,0,0,1,0,0,184
24,26123,2000,2,"bernoulli","fixed",4e-04,10,0.004,8,0.01,2000,0.5,1,0,0,NA,279.221,2000,0,0,954.363716829466,0,0,1,1,0,185
24,26123,2000,2,"bernoulli","linesearch",4e-04,10,0.004,8,0.01,2000,0.5,1,8,0,NA,881.587,404,1,0,0.00987836285215404,4,4,0,0,0,186
24,26123,2000,2,"bernoulli","fixed",4e-04,5,0.002,4,0.01,2000,0.5,1,0,0,NA,57.165,68,1,0,0.00954965513272055,0,0,1,1,0,187
24,26123,2000,2,"bernoulli","linesearch",4e-04,5,0.002,4,0.01,2000,0.5,1,8,0,NA,775.832,404,1,0,0.00987836285215404,3,3,0,0,0,188
24,26123,2000,2,"bernoulli","fixed",4e-04,1,4e-04,0.8,0.01,2000,0.5,1,0,0,NA,74.6459999999997,251,1,0,0.00999191337129851,0,0,1,1,0,189
24,26123,2000,2,"bernoulli","linesearch",4e-04,1,4e-04,0.8,0.01,2000,0.5,1,8,0,NA,310.534,251,1,0,0.00999191337129851,0,0,1,0,0,190
24,26123,2000,2,"bernoulli","fixed",4e-04,0.2,8e-05,0.16,0.01,2000,0.5,1,0,0,NA,178.353,1267,1,0,0.0099931379404388,0,0,1,1,0,191
24,26123,2000,2,"bernoulli","linesearch",4e-04,0.2,8e-05,0.16,0.01,2000,0.5,1,8,0,NA,1393.646,1267,1,0,0.0099931379404388,0,0,1,0,0,192
25,27123,2000,2,"bernoulli","fixed",0.000400000000000001,10,0.00400000000000001,8.00000000000001,0.01,2000,0.5,1,0,0,NA,272.131,2000,0,0,937.534318633124,0,0,1,1,0,193
25,27123,2000,2,"bernoulli","linesearch",0.000400000000000001,10,0.00400000000000001,8.00000000000001,0.01,2000,0.5,1,8,0,NA,875.8,406,1,0,0.00981471801079703,4,4,0,0,0,194
25,27123,2000,2,"bernoulli","fixed",0.000400000000000001,5,0.002,4.00000000000001,0.01,2000,0.5,1,0,0,NA,43.5160000000001,68,1,0,0.00942613789102664,0,0,1,1,0,195
25,27123,2000,2,"bernoulli","linesearch",0.000400000000000001,5,0.002,4.00000000000001,0.01,2000,0.5,1,8,0,NA,769.347,406,1,0,0.00981471801079703,3,3,0,0,0,196
25,27123,2000,2,"bernoulli","fixed",0.000400000000000001,1,0.000400000000000001,0.800000000000001,0.01,2000,0.5,1,0,0,NA,63.0619999999999,253,1,0,0.00969711153696486,0,0,1,1,0,197
25,27123,2000,2,"bernoulli","linesearch",0.000400000000000001,1,0.000400000000000001,0.800000000000001,0.01,2000,0.5,1,8,0,NA,310.522,253,1,0,0.00969711153696486,0,0,1,0,0,198
25,27123,2000,2,"bernoulli","fixed",0.000400000000000001,0.2,8.00000000000001e-05,0.16,0.01,2000,0.5,1,0,0,NA,167.145,1273,1,0,0.00994596058200924,0,0,1,1,0,199
25,27123,2000,2,"bernoulli","linesearch",0.000400000000000001,0.2,8.00000000000001e-05,0.16,0.01,2000,0.5,1,8,0,NA,1408.384,1273,1,0,0.00994596058200924,0,0,1,0,0,200
26,28123,2000,2,"bernoulli","fixed",4e-04,10,0.004,8,0.01,2000,0.5,1,0,0,NA,241.442,2000,0,0,929.256376473825,0,0,1,1,0,201
26,28123,2000,2,"bernoulli","linesearch",4e-04,10,0.004,8,0.01,2000,0.5,1,8,0,NA,869.775,405,1,0,0.00991321774032619,4,4,0,0,0,202
26,28123,2000,2,"bernoulli","fixed",4e-04,5,0.002,4,0.01,2000,0.5,1,0,0,NA,42.2309999999998,66,1,0,0.00989061256950852,0,0,1,1,0,203
26,28123,2000,2,"bernoulli","linesearch",4e-04,5,0.002,4,0.01,2000,0.5,1,8,0,NA,773.534,405,1,0,0.00991321774032619,3,3,0,0,0,204
26,28123,2000,2,"bernoulli","fixed",4e-04,1,4e-04,0.8,0.01,2000,0.5,1,0,0,NA,62.8010000000004,252,1,0,0.00990746133594475,0,0,1,1,0,205
26,28123,2000,2,"bernoulli","linesearch",4e-04,1,4e-04,0.8,0.01,2000,0.5,1,8,0,NA,306.486,252,1,0,0.00990746133594475,0,0,1,0,0,206
26,28123,2000,2,"bernoulli","fixed",4e-04,0.2,8e-05,0.16,0.01,2000,0.5,1,0,0,NA,163.713000000001,1271,1,0,0.00997888855505957,0,0,1,1,0,207
26,28123,2000,2,"bernoulli","linesearch",4e-04,0.2,8e-05,0.16,0.01,2000,0.5,1,8,0,NA,1388.254,1271,1,0,0.00997888855505957,0,0,1,0,0,208
27,29123,2000,2,"bernoulli","fixed",0.000400000000000016,10,0.00400000000000016,8.00000000000033,0.01,2000,0.5,1,0,0,NA,237.344,2000,0,0,948.046353190804,0,0,1,1,0,209
27,29123,2000,2,"bernoulli","linesearch",0.000400000000000016,10,0.00400000000000016,8.00000000000033,0.01,2000,0.5,1,8,0,NA,870.302,402,1,0,0.00985128791831184,4,4,0,0,0,210
27,29123,2000,2,"bernoulli","fixed",0.000400000000000016,5,0.00200000000000008,4.00000000000016,0.01,2000,0.5,1,0,0,NA,44.116,67,1,0,0.00974479552244234,0,0,1,1,0,211
27,29123,2000,2,"bernoulli","linesearch",0.000400000000000016,5,0.00200000000000008,4.00000000000016,0.01,2000,0.5,1,8,0,NA,765.756,402,1,0,0.00985128791831184,3,3,0,0,0,212
27,29123,2000,2,"bernoulli","fixed",0.000400000000000016,1,0.000400000000000016,0.800000000000033,0.01,2000,0.5,1,0,0,NA,60.9970000000003,250,1,0,0.00988824477500978,0,0,1,1,0,213
27,29123,2000,2,"bernoulli","linesearch",0.000400000000000016,1,0.000400000000000016,0.800000000000033,0.01,2000,0.5,1,8,0,NA,304.161,250,1,0,0.00988824477500978,0,0,1,0,0,214
27,29123,2000,2,"bernoulli","fixed",0.000400000000000016,0.2,8.00000000000033e-05,0.160000000000007,0.01,2000,0.5,1,0,0,NA,162.592,1261,1,0,0.00995015249426033,0,0,1,1,0,215
27,29123,2000,2,"bernoulli","linesearch",0.000400000000000016,0.2,8.00000000000033e-05,0.160000000000007,0.01,2000,0.5,1,8,0,NA,1413.828,1261,1,0,0.00995015249426033,0,0,1,0,0,216
28,30123,2000,2,"bernoulli","fixed",0.000400000000000002,10,0.00400000000000002,8.00000000000003,0.01,2000,0.5,1,0,0,NA,237.205,2000,0,0,955.511451041152,0,0,1,1,0,217
28,30123,2000,2,"bernoulli","linesearch",0.000400000000000002,10,0.00400000000000002,8.00000000000003,0.01,2000,0.5,1,8,0,NA,807.312,379,1,0,0.00983329893244237,4,4,0,0,0,218
28,30123,2000,2,"bernoulli","fixed",0.000400000000000002,5,0.00200000000000001,4.00000000000002,0.01,2000,0.5,1,0,0,NA,43.0109999999995,66,1,0,0.00988163682000559,0,0,1,1,0,219
28,30123,2000,2,"bernoulli","linesearch",0.000400000000000002,5,0.00200000000000001,4.00000000000002,0.01,2000,0.5,1,8,0,NA,708.911,379,1,0,0.00983329893244237,3,3,0,0,0,220
28,30123,2000,2,"bernoulli","fixed",0.000400000000000002,1,0.000400000000000002,0.800000000000003,0.01,2000,0.5,1,0,0,NA,57.7020000000002,236,1,0,0.00977361215911696,0,0,1,1,0,221
28,30123,2000,2,"bernoulli","linesearch",0.000400000000000002,1,0.000400000000000002,0.800000000000003,0.01,2000,0.5,1,8,0,NA,273.278,236,1,0,0.00977361215911696,0,0,1,0,0,222
28,30123,2000,2,"bernoulli","fixed",0.000400000000000002,0.2,8.00000000000003e-05,0.160000000000001,0.01,2000,0.5,1,0,0,NA,152.603999999999,1188,1,0,0.00998165143412334,0,0,1,1,0,223
28,30123,2000,2,"bernoulli","linesearch",0.000400000000000002,0.2,8.00000000000003e-05,0.160000000000001,0.01,2000,0.5,1,8,0,NA,1263.02,1188,1,0,0.00998165143412334,0,0,1,0,0,224
29,31123,2000,2,"bernoulli","fixed",4e-04,10,0.004,8,0.01,2000,0.5,1,0,0,NA,242.623,2000,0,0,928.192692333879,0,0,1,1,0,225
29,31123,2000,2,"bernoulli","linesearch",4e-04,10,0.004,8,0.01,2000,0.5,1,8,0,NA,835.293,395,1,0,0.00988080615675042,4,4,0,0,0,226
29,31123,2000,2,"bernoulli","fixed",4e-04,5,0.002,4,0.01,2000,0.5,1,0,0,NA,44.9210000000003,68,1,0,0.0094269290352077,0,0,1,1,0,227
29,31123,2000,2,"bernoulli","linesearch",4e-04,5,0.002,4,0.01,2000,0.5,1,8,0,NA,729.717000000001,395,1,0,0.00988080615675042,3,3,0,0,0,228
29,31123,2000,2,"bernoulli","fixed",4e-04,1,4e-04,0.8,0.01,2000,0.5,1,0,0,NA,63.527,246,1,0,0.00980844268708767,0,0,1,1,0,229
29,31123,2000,2,"bernoulli","linesearch",4e-04,1,4e-04,0.8,0.01,2000,0.5,1,8,0,NA,276.949,246,1,0,0.00980844268708767,0,0,1,0,0,230
29,31123,2000,2,"bernoulli","fixed",4e-04,0.2,8e-05,0.16,0.01,2000,0.5,1,0,0,NA,158.029,1239,1,0,0.00998080888602801,0,0,1,1,0,231
29,31123,2000,2,"bernoulli","linesearch",4e-04,0.2,8e-05,0.16,0.01,2000,0.5,1,8,0,NA,1234.336,1239,1,0,0.00998080888602801,0,0,1,0,0,232
30,32123,2000,2,"bernoulli","fixed",0.000400000000000001,10,0.00400000000000001,8.00000000000001,0.01,2000,0.5,1,0,0,NA,240.879,2000,0,0,939.916530966817,0,0,1,1,0,233
30,32123,2000,2,"bernoulli","linesearch",0.000400000000000001,10,0.00400000000000001,8.00000000000001,0.01,2000,0.5,1,8,0,NA,935.946,419,1,0,0.00987782315782537,4,4,0,0,0,234
30,32123,2000,2,"bernoulli","fixed",0.000400000000000001,5,0.002,4.00000000000001,0.01,2000,0.5,1,0,0,NA,42.6049999999996,67,1,0,0.00970266079857995,0,0,1,1,0,235
30,32123,2000,2,"bernoulli","linesearch",0.000400000000000001,5,0.002,4.00000000000001,0.01,2000,0.5,1,8,0,NA,817.537,419,1,0,0.00987782315782537,3,3,0,0,0,236
30,32123,2000,2,"bernoulli","fixed",0.000400000000000001,1,0.000400000000000001,0.800000000000001,0.01,2000,0.5,1,0,0,NA,64.3869999999997,261,1,0,0.00979293203629444,0,0,1,1,0,237
30,32123,2000,2,"bernoulli","linesearch",0.000400000000000001,1,0.000400000000000001,0.800000000000001,0.01,2000,0.5,1,8,0,NA,345.012,261,1,0,0.00979293203629444,0,0,1,0,0,238
30,32123,2000,2,"bernoulli","fixed",0.000400000000000001,0.2,8.00000000000001e-05,0.16,0.01,2000,0.5,1,0,0,NA,166.275,1314,1,0,0.00999166664529433,0,0,1,1,0,239
30,32123,2000,2,"bernoulli","linesearch",0.000400000000000001,0.2,8.00000000000001e-05,0.16,0.01,2000,0.5,1,8,0,NA,1614.542,1314,1,0,0.00999166664529433,0,0,1,0,0,240
31,33123,2000,2,"bernoulli","fixed",4e-04,10,0.004,8,0.01,2000,0.5,1,0,0,NA,235.453,2000,0,0,939.379550912383,0,0,1,1,0,241
31,33123,2000,2,"bernoulli","linesearch",4e-04,10,0.004,8,0.01,2000,0.5,1,8,0,NA,873.43,407,1,0,0.00998254610557703,4,4,0,0,0,242
31,33123,2000,2,"bernoulli","fixed",4e-04,5,0.002,4,0.01,2000,0.5,1,0,0,NA,44.3829999999998,67,1,0,0.00950491907788659,0,0,1,1,0,243
31,33123,2000,2,"bernoulli","linesearch",4e-04,5,0.002,4,0.01,2000,0.5,1,8,0,NA,760.684,407,1,0,0.00998254610557703,3,3,0,0,0,244
31,33123,2000,2,"bernoulli","fixed",4e-04,1,4e-04,0.8,0.01,2000,0.5,1,0,0,NA,63.3019999999997,254,1,0,0.00974723423060594,0,0,1,1,0,245
31,33123,2000,2,"bernoulli","linesearch",4e-04,1,4e-04,0.8,0.01,2000,0.5,1,8,0,NA,286.303,254,1,0,0.00974723423060594,0,0,1,0,0,246
31,33123,2000,2,"bernoulli","fixed",4e-04,0.2,8e-05,0.16,0.01,2000,0.5,1,0,0,NA,164.802,1279,1,0,0.00994145189472967,0,0,1,1,0,247
31,33123,2000,2,"bernoulli","linesearch",4e-04,0.2,8e-05,0.16,0.01,2000,0.5,1,8,0,NA,1304.501,1279,1,0,0.00994145189472967,0,0,1,0,0,248
32,34123,2000,2,"bernoulli","fixed",0.000400000000000001,10,0.00400000000000001,8.00000000000001,0.01,2000,0.5,1,0,0,NA,248.645,2000,0,0,937.448791245445,0,0,1,1,0,249
32,34123,2000,2,"bernoulli","linesearch",0.000400000000000001,10,0.00400000000000001,8.00000000000001,0.01,2000,0.5,1,8,0,NA,999.442999999999,437,1,0,0.00993031179037884,4,4,0,0,0,250
32,34123,2000,2,"bernoulli","fixed",0.000400000000000001,5,0.002,4.00000000000001,0.01,2000,0.5,1,0,0,NA,43.6059999999998,67,1,0,0.00961832968363086,0,0,1,1,0,251
32,34123,2000,2,"bernoulli","linesearch",0.000400000000000001,5,0.002,4.00000000000001,0.01,2000,0.5,1,8,0,NA,888.956,437,1,0,0.00993031179037884,3,3,0,0,0,252
32,34123,2000,2,"bernoulli","fixed",0.000400000000000001,1,0.000400000000000001,0.800000000000001,0.01,2000,0.5,1,0,0,NA,66.8879999999999,272,1,0,0.00991503520523112,0,0,1,1,0,253
32,34123,2000,2,"bernoulli","linesearch",0.000400000000000001,1,0.000400000000000001,0.800000000000001,0.01,2000,0.5,1,8,0,NA,393.164,272,1,0,0.00991503520523112,0,0,1,0,0,254
32,34123,2000,2,"bernoulli","fixed",0.000400000000000001,0.2,8.00000000000001e-05,0.16,0.01,2000,0.5,1,0,0,NA,179.094999999999,1372,1,0,0.0099453726141925,0,0,1,1,0,255
32,34123,2000,2,"bernoulli","linesearch",0.000400000000000001,0.2,8.00000000000001e-05,0.16,0.01,2000,0.5,1,8,0,NA,1897.553,1372,1,0,0.0099453726141925,0,0,1,0,0,256
33,35123,2000,2,"bernoulli","fixed",0.000400000000000005,10,0.00400000000000005,8.0000000000001,0.01,2000,0.5,1,0,0,NA,242.201,2000,0,0,955.354549373555,0,0,1,1,0,257
33,35123,2000,2,"bernoulli","linesearch",0.000400000000000005,10,0.00400000000000005,8.0000000000001,0.01,2000,0.5,1,8,0,NA,957.169,431,1,0,0.00981873316185367,4,4,0,0,0,258
33,35123,2000,2,"bernoulli","fixed",0.000400000000000005,5,0.00200000000000003,4.00000000000005,0.01,2000,0.5,1,0,0,NA,44.2449999999999,68,1,0,0.00940701507535169,0,0,1,1,0,259
33,35123,2000,2,"bernoulli","linesearch",0.000400000000000005,5,0.00200000000000003,4.00000000000005,0.01,2000,0.5,1,8,0,NA,838.131,431,1,0,0.00981873316185367,3,3,0,0,0,260
33,35123,2000,2,"bernoulli","fixed",0.000400000000000005,1,0.000400000000000005,0.80000000000001,0.01,2000,0.5,1,0,0,NA,64.3199999999997,268,1,0,0.00988029861869943,0,0,1,1,0,261
33,35123,2000,2,"bernoulli","linesearch",0.000400000000000005,1,0.000400000000000005,0.80000000000001,0.01,2000,0.5,1,8,0,NA,361.874,268,1,0,0.00988029861869943,0,0,1,0,0,262
33,35123,2000,2,"bernoulli","fixed",0.000400000000000005,0.2,8.0000000000001e-05,0.160000000000002,0.01,2000,0.5,1,0,0,NA,170.509,1351,1,0,0.00996026768526143,0,0,1,1,0,263
33,35123,2000,2,"bernoulli","linesearch",0.000400000000000005,0.2,8.0000000000001e-05,0.160000000000002,0.01,2000,0.5,1,8,0,NA,1661.619,1351,1,0,0.00996026768526143,0,0,1,0,0,264
34,36123,2000,2,"bernoulli","fixed",4e-04,10,0.004,8,0.01,2000,0.5,1,0,0,NA,241.805,2000,0,0,962.603857276035,0,0,1,1,0,265
34,36123,2000,2,"bernoulli","linesearch",4e-04,10,0.004,8,0.01,2000,0.5,1,8,0,NA,934.697,430,1,0,0.00995192124176886,4,4,0,0,0,266
34,36123,2000,2,"bernoulli","fixed",4e-04,5,0.002,4,0.01,2000,0.5,1,0,0,NA,42.0280000000002,66,1,0,0.00997443790381691,0,0,1,1,0,267
34,36123,2000,2,"bernoulli","linesearch",4e-04,5,0.002,4,0.01,2000,0.5,1,8,0,NA,821.417,430,1,0,0.00995192124176886,3,3,0,0,0,268
34,36123,2000,2,"bernoulli","fixed",4e-04,1,4e-04,0.8,0.01,2000,0.5,1,0,0,NA,61.982,268,1,0,0.00982953040606723,0,0,1,1,0,269
34,36123,2000,2,"bernoulli","linesearch",4e-04,1,4e-04,0.8,0.01,2000,0.5,1,8,0,NA,356.56,268,1,0,0.00982953040606723,0,0,1,0,0,270
34,36123,2000,2,"bernoulli","fixed",4e-04,0.2,8e-05,0.16,0.01,2000,0.5,1,0,0,NA,169.932,1350,1,0,0.00997101796192526,0,0,1,1,0,271
34,36123,2000,2,"bernoulli","linesearch",4e-04,0.2,8e-05,0.16,0.01,2000,0.5,1,8,0,NA,1690.666,1350,1,0,0.00997101796192526,0,0,1,0,0,272
35,37123,2000,2,"bernoulli","fixed",4e-04,10,0.004,8,0.01,2000,0.5,1,0,0,NA,237.267,2000,0,0,928.238763888915,0,0,1,1,0,273
35,37123,2000,2,"bernoulli","linesearch",4e-04,10,0.004,8,0.01,2000,0.5,1,8,0,NA,798.208,383,1,0,0.00997647284944234,4,4,0,0,0,274
35,37123,2000,2,"bernoulli","fixed",4e-04,5,0.002,4,0.01,2000,0.5,1,0,0,NA,41.6149999999998,65,1,0,0.00973482038776952,0,0,1,1,0,275
35,37123,2000,2,"bernoulli","linesearch",4e-04,5,0.002,4,0.01,2000,0.5,1,8,0,NA,693.849999999999,383,1,0,0.00997647284944234,3,3,0,0,0,276
35,37123,2000,2,"bernoulli","fixed",4e-04,1,4e-04,0.8,0.01,2000,0.5,1,0,0,NA,58.884,239,1,0,0.00976081914755972,0,0,1,1,0,277
35,37123,2000,2,"bernoulli","linesearch",4e-04,1,4e-04,0.8,0.01,2000,0.5,1,8,0,NA,262.498000000001,239,1,0,0.00976081914755972,0,0,1,0,0,278
35,37123,2000,2,"bernoulli","fixed",4e-04,0.2,8e-05,0.16,0.01,2000,0.5,1,0,0,NA,154.069,1203,1,0,0.00996986877171468,0,0,1,1,0,279
35,37123,2000,2,"bernoulli","linesearch",4e-04,0.2,8e-05,0.16,0.01,2000,0.5,1,8,0,NA,1170.344,1203,1,0,0.00996986877171468,0,0,1,0,0,280
36,38123,2000,2,"bernoulli","fixed",0.000400000000000001,10,0.00400000000000001,8.00000000000002,0.01,2000,0.5,1,0,0,NA,244.238,2000,0,0,959.558597708409,0,0,1,1,0,281
36,38123,2000,2,"bernoulli","linesearch",0.000400000000000001,10,0.00400000000000001,8.00000000000002,0.01,2000,0.5,1,8,0,NA,958.205,419,1,0,0.0099280284882968,4,4,0,0,0,282
36,38123,2000,2,"bernoulli","fixed",0.000400000000000001,5,0.002,4.00000000000001,0.01,2000,0.5,1,0,0,NA,45.1200000000008,66,1,0,0.00989875923340255,0,0,1,1,0,283
36,38123,2000,2,"bernoulli","linesearch",0.000400000000000001,5,0.002,4.00000000000001,0.01,2000,0.5,1,8,0,NA,850.03,419,1,0,0.0099280284882968,3,3,0,0,0,284
36,38123,2000,2,"bernoulli","fixed",0.000400000000000001,1,0.000400000000000001,0.800000000000002,0.01,2000,0.5,1,0,0,NA,63.6530000000002,261,1,0,0.00984810023365913,0,0,1,1,0,285
36,38123,2000,2,"bernoulli","linesearch",0.000400000000000001,1,0.000400000000000001,0.800000000000002,0.01,2000,0.5,1,8,0,NA,368.448,261,1,0,0.00984810023365913,0,0,1,0,0,286
36,38123,2000,2,"bernoulli","fixed",0.000400000000000001,0.2,8.00000000000002e-05,0.16,0.01,2000,0.5,1,0,0,NA,169.071,1315,1,0,0.00997676635435873,0,0,1,1,0,287
36,38123,2000,2,"bernoulli","linesearch",0.000400000000000001,0.2,8.00000000000002e-05,0.16,0.01,2000,0.5,1,8,0,NA,1682.131,1315,1,0,0.00997676635435873,0,0,1,0,0,288
37,39123,2000,2,"bernoulli","fixed",4e-04,10,0.004,8,0.01,2000,0.5,1,0,0,NA,238.245,2000,0,0,932.403278584383,0,0,1,1,0,289
37,39123,2000,2,"bernoulli","linesearch",4e-04,10,0.004,8,0.01,2000,0.5,1,8,0,NA,907.499,408,1,0,0.00999985259460606,4,4,0,0,0,290
37,39123,2000,2,"bernoulli","fixed",4e-04,5,0.002,4,0.01,2000,0.5,1,0,0,NA,42.0370000000003,68,1,0,0.00947055932243046,0,0,1,1,0,291
37,39123,2000,2,"bernoulli","linesearch",4e-04,5,0.002,4,0.01,2000,0.5,1,8,0,NA,796.663,408,1,0,0.00999985259460606,3,3,0,0,0,292
37,39123,2000,2,"bernoulli","fixed",4e-04,1,4e-04,0.8,0.01,2000,0.5,1,0,0,NA,60.2249999999995,254,1,0,0.00996417003952504,0,0,1,1,0,293
37,39123,2000,2,"bernoulli","linesearch",4e-04,1,4e-04,0.8,0.01,2000,0.5,1,8,0,NA,330.280000000001,254,1,0,0.00996417003952504,0,0,1,0,0,294
37,39123,2000,2,"bernoulli","fixed",4e-04,0.2,8e-05,0.16,0.01,2000,0.5,1,0,0,NA,159.332,1282,1,0,0.0099575766135193,0,0,1,1,0,295
37,39123,2000,2,"bernoulli","linesearch",4e-04,0.2,8e-05,0.16,0.01,2000,0.5,1,8,0,NA,1548.582,1282,1,0,0.0099575766135193,0,0,1,0,0,296
38,40123,2000,2,"bernoulli","fixed",0.000400000000000002,10,0.00400000000000002,8.00000000000003,0.01,2000,0.5,1,0,0,NA,236.898,2000,0,0,955.746948390447,0,0,1,1,0,297
38,40123,2000,2,"bernoulli","linesearch",0.000400000000000002,10,0.00400000000000002,8.00000000000003,0.01,2000,0.5,1,8,0,NA,888.267,404,1,0,0.00989640618520799,4,4,0,0,0,298
38,40123,2000,2,"bernoulli","fixed",0.000400000000000002,5,0.00200000000000001,4.00000000000002,0.01,2000,0.5,1,0,0,NA,43.1689999999999,66,1,0,0.00943019424271407,0,0,1,1,0,299
38,40123,2000,2,"bernoulli","linesearch",0.000400000000000002,5,0.00200000000000001,4.00000000000002,0.01,2000,0.5,1,8,0,NA,772.392000000001,404,1,0,0.00989640618520799,3,3,0,0,0,300
38,40123,2000,2,"bernoulli","fixed",0.000400000000000002,1,0.000400000000000002,0.800000000000003,0.01,2000,0.5,1,0,0,NA,62.6450000000004,252,1,0,0.00970962310410693,0,0,1,1,0,301
38,40123,2000,2,"bernoulli","linesearch",0.000400000000000002,1,0.000400000000000002,0.800000000000003,0.01,2000,0.5,1,8,0,NA,305.451999999999,252,1,0,0.00970962310410693,0,0,1,0,0,302
38,40123,2000,2,"bernoulli","fixed",0.000400000000000002,0.2,8.00000000000003e-05,0.160000000000001,0.01,2000,0.5,1,0,0,NA,164.054,1268,1,0,0.00994547137090058,0,0,1,1,0,303
38,40123,2000,2,"bernoulli","linesearch",0.000400000000000002,0.2,8.00000000000003e-05,0.160000000000001,0.01,2000,0.5,1,8,0,NA,1384.449,1268,1,0,0.00994547137090058,0,0,1,0,0,304
39,41123,2000,2,"bernoulli","fixed",0.000400000000000001,10,0.00400000000000001,8.00000000000002,0.01,2000,0.5,1,0,0,NA,236.368,2000,0,0,930.067549733617,0,0,1,1,0,305
39,41123,2000,2,"bernoulli","linesearch",0.000400000000000001,10,0.00400000000000001,8.00000000000002,0.01,2000,0.5,1,8,0,NA,1125.211,441,1,0,0.0098919441252078,4,4,0,0,0,306
39,41123,2000,2,"bernoulli","fixed",0.000400000000000001,5,0.00200000000000001,4.00000000000001,0.01,2000,0.5,1,0,0,NA,41.9220000000005,67,1,0,0.00991289256968292,0,0,1,1,0,307
39,41123,2000,2,"bernoulli","linesearch",0.000400000000000001,5,0.00200000000000001,4.00000000000001,0.01,2000,0.5,1,8,0,NA,1035.127,441,1,0,0.0098919441252078,3,3,0,0,0,308
39,41123,2000,2,"bernoulli","fixed",0.000400000000000001,1,0.000400000000000001,0.800000000000002,0.01,2000,0.5,1,0,0,NA,64.9899999999998,275,1,0,0.00973871634448237,0,0,1,1,0,309
39,41123,2000,2,"bernoulli","linesearch",0.000400000000000001,1,0.000400000000000001,0.800000000000002,0.01,2000,0.5,1,8,0,NA,530.082,275,1,0,0.00973871634448237,0,0,1,0,0,310
39,41123,2000,2,"bernoulli","fixed",0.000400000000000001,0.2,8.00000000000002e-05,0.16,0.01,2000,0.5,1,0,0,NA,171.656,1383,1,0,0.00998811833249694,0,0,1,1,0,311
39,41123,2000,2,"bernoulli","linesearch",0.000400000000000001,0.2,8.00000000000002e-05,0.16,0.01,2000,0.5,1,8,0,NA,2449.655,1383,1,0,0.00998811833249694,0,0,1,0,0,312
40,42123,2000,2,"bernoulli","fixed",0.000400000000000001,10,0.00400000000000001,8.00000000000001,0.01,2000,0.5,1,0,0,NA,236.492,2000,0,0,929.181439983605,0,0,1,1,0,313
40,42123,2000,2,"bernoulli","linesearch",0.000400000000000001,10,0.00400000000000001,8.00000000000001,0.01,2000,0.5,1,8,0,NA,896.834,404,1,0,0.00994080383171494,4,4,0,0,0,314
40,42123,2000,2,"bernoulli","fixed",0.000400000000000001,5,0.002,4.00000000000001,0.01,2000,0.5,1,0,0,NA,44.0729999999994,69,1,0,0.00946493160396134,0,0,1,1,0,315
40,42123,2000,2,"bernoulli","linesearch",0.000400000000000001,5,0.002,4.00000000000001,0.01,2000,0.5,1,8,0,NA,793.491,404,1,0,0.00994080383171494,3,3,0,0,0,316
40,42123,2000,2,"bernoulli","fixed",0.000400000000000001,1,0.000400000000000001,0.800000000000001,0.01,2000,0.5,1,0,0,NA,63.0039999999999,252,1,0,0.0097495859068895,0,0,1,1,0,317
40,42123,2000,2,"bernoulli","linesearch",0.000400000000000001,1,0.000400000000000001,0.800000000000001,0.01,2000,0.5,1,8,0,NA,320.280000000001,252,1,0,0.0097495859068895,0,0,1,0,0,318
40,42123,2000,2,"bernoulli","fixed",0.000400000000000001,0.2,8.00000000000001e-05,0.16,0.01,2000,0.5,1,0,0,NA,165.638000000001,1268,1,0,0.00999308521609633,0,0,1,1,0,319
40,42123,2000,2,"bernoulli","linesearch",0.000400000000000001,0.2,8.00000000000001e-05,0.16,0.01,2000,0.5,1,8,0,NA,1477.311,1268,1,0,0.00999308521609633,0,0,1,0,0,320
41,43123,2000,2,"bernoulli","fixed",4e-04,10,0.004,8,0.01,2000,0.5,1,0,0,NA,239.811000000001,2000,0,0,933.00848856428,0,0,1,1,0,321
41,43123,2000,2,"bernoulli","linesearch",4e-04,10,0.004,8,0.01,2000,0.5,1,8,0,NA,927.536,413,1,0,0.00988213667385924,4,4,0,0,0,322
41,43123,2000,2,"bernoulli","fixed",4e-04,5,0.002,4,0.01,2000,0.5,1,0,0,NA,43.4939999999997,67,1,0,0.00995879590634996,0,0,1,1,0,323
41,43123,2000,2,"bernoulli","linesearch",4e-04,5,0.002,4,0.01,2000,0.5,1,8,0,NA,826.148,413,1,0,0.00988213667385924,3,3,0,0,0,324
41,43123,2000,2,"bernoulli","fixed",4e-04,1,4e-04,0.8,0.01,2000,0.5,1,0,0,NA,63.982,257,1,0,0.00988212530590356,0,0,1,1,0,325
41,43123,2000,2,"bernoulli","linesearch",4e-04,1,4e-04,0.8,0.01,2000,0.5,1,8,0,NA,340.057,257,1,0,0.00988212530590356,0,0,1,0,0,326
41,43123,2000,2,"bernoulli","fixed",4e-04,0.2,8e-05,0.16,0.01,2000,0.5,1,0,0,NA,167.495,1295,1,0,0.00999888383614682,0,0,1,1,0,327
41,43123,2000,2,"bernoulli","linesearch",4e-04,0.2,8e-05,0.16,0.01,2000,0.5,1,8,0,NA,1558.126,1295,1,0,0.00999888383614682,0,0,1,0,0,328
42,44123,2000,2,"bernoulli","fixed",0.000400000000000005,10,0.00400000000000005,8.00000000000009,0.01,2000,0.5,1,0,0,NA,237.514,2000,0,0,927.276356634349,0,0,1,1,0,329
42,44123,2000,2,"bernoulli","linesearch",0.000400000000000005,10,0.00400000000000005,8.00000000000009,0.01,2000,0.5,1,8,0,NA,937.388,417,1,0,0.00984255837108197,4,4,0,0,0,330
42,44123,2000,2,"bernoulli","fixed",0.000400000000000005,5,0.00200000000000002,4.00000000000005,0.01,2000,0.5,1,0,0,NA,42.6120000000001,66,1,0,0.00998853984346026,0,0,1,1,0,331
42,44123,2000,2,"bernoulli","linesearch",0.000400000000000005,5,0.00200000000000002,4.00000000000005,0.01,2000,0.5,1,8,0,NA,821.895,417,1,0,0.00984255837108197,3,3,0,0,0,332
42,44123,2000,2,"bernoulli","fixed",0.000400000000000005,1,0.000400000000000005,0.800000000000009,0.01,2000,0.5,1,0,0,NA,61.0619999999999,259,1,0,0.00998749570900641,0,0,1,1,0,333
42,44123,2000,2,"bernoulli","linesearch",0.000400000000000005,1,0.000400000000000005,0.800000000000009,0.01,2000,0.5,1,8,0,NA,339.436,259,1,0,0.00998749570900641,0,0,1,0,0,334
42,44123,2000,2,"bernoulli","fixed",0.000400000000000005,0.2,8.00000000000009e-05,0.160000000000002,0.01,2000,0.5,1,0,0,NA,169.392,1307,1,0,0.0099945822145662,0,0,1,1,0,335
42,44123,2000,2,"bernoulli","linesearch",0.000400000000000005,0.2,8.00000000000009e-05,0.160000000000002,0.01,2000,0.5,1,8,0,NA,1574.192,1307,1,0,0.0099945822145662,0,0,1,0,0,336
43,45123,2000,2,"bernoulli","fixed",4e-04,10,0.004,8,0.01,2000,0.5,1,0,0,NA,243.53,2000,0,0,948.225554558965,0,0,1,1,0,337
43,45123,2000,2,"bernoulli","linesearch",4e-04,10,0.004,8,0.01,2000,0.5,1,8,0,NA,1051.54,448,1,0,0.00984679748033229,4,4,0,0,0,338
43,45123,2000,2,"bernoulli","fixed",4e-04,5,0.002,4,0.01,2000,0.5,1,0,0,NA,44.4940000000006,69,1,0,0.00958280387288796,0,0,1,1,0,339
43,45123,2000,2,"bernoulli","linesearch",4e-04,5,0.002,4,0.01,2000,0.5,1,8,0,NA,937.001,448,1,0,0.00984679748033229,3,3,0,0,0,340
43,45123,2000,2,"bernoulli","fixed",4e-04,1,4e-04,0.8,0.01,2000,0.5,1,0,0,NA,63.7259999999997,279,1,0,0.00979562097681974,0,0,1,1,0,341
43,45123,2000,2,"bernoulli","linesearch",4e-04,1,4e-04,0.8,0.01,2000,0.5,1,8,0,NA,400.271,279,1,0,0.00979562097681974,0,0,1,0,0,342
43,45123,2000,2,"bernoulli","fixed",4e-04,0.2,8e-05,0.16,0.01,2000,0.5,1,0,0,NA,175.231,1404,1,0,0.00999688986617443,0,0,1,1,0,343
43,45123,2000,2,"bernoulli","linesearch",4e-04,0.2,8e-05,0.16,0.01,2000,0.5,1,8,0,NA,1937.124,1404,1,0,0.00999688986617443,0,0,1,0,0,344
44,46123,2000,2,"bernoulli","fixed",4e-04,10,0.004,8,0.01,2000,0.5,1,0,0,NA,239.633,2000,0,0,955.85753622966,0,0,1,1,0,345
44,46123,2000,2,"bernoulli","linesearch",4e-04,10,0.004,8,0.01,2000,0.5,1,8,0,NA,789.977000000001,381,1,0,0.00996504904926651,4,4,0,0,0,346
44,46123,2000,2,"bernoulli","fixed",4e-04,5,0.002,4,0.01,2000,0.5,1,0,0,NA,42.2060000000001,65,1,0,0.00938675009032053,0,0,1,1,0,347
44,46123,2000,2,"bernoulli","linesearch",4e-04,5,0.002,4,0.01,2000,0.5,1,8,0,NA,686.563,381,1,0,0.00996504904926651,3,3,0,0,0,348
44,46123,2000,2,"bernoulli","fixed",4e-04,1,4e-04,0.8,0.01,2000,0.5,1,0,0,NA,58.9929999999995,237,1,0,0.00997384114184249,0,0,1,1,0,349
44,46123,2000,2,"bernoulli","linesearch",4e-04,1,4e-04,0.8,0.01,2000,0.5,1,8,0,NA,257.808,237,1,0,0.00997384114184249,0,0,1,0,0,350
44,46123,2000,2,"bernoulli","fixed",4e-04,0.2,8e-05,0.16,0.01,2000,0.5,1,0,0,NA,151.851,1197,1,0,0.00995299209715697,0,0,1,1,0,351
44,46123,2000,2,"bernoulli","linesearch",4e-04,0.2,8e-05,0.16,0.01,2000,0.5,1,8,0,NA,1157.222,1197,1,0,0.00995299209715697,0,0,1,0,0,352
45,47123,2000,2,"bernoulli","fixed",4e-04,10,0.004,8,0.01,2000,0.5,1,0,0,NA,237.165,2000,0,0,934.86074752016,0,0,1,1,0,353
45,47123,2000,2,"bernoulli","linesearch",4e-04,10,0.004,8,0.01,2000,0.5,1,8,0,NA,996.284,434,1,0,0.00993766772752355,4,4,0,0,0,354
45,47123,2000,2,"bernoulli","fixed",4e-04,5,0.002,4,0.01,2000,0.5,1,0,0,NA,43.5500000000002,68,1,0,0.00938406143466897,0,0,1,1,0,355
45,47123,2000,2,"bernoulli","linesearch",4e-04,5,0.002,4,0.01,2000,0.5,1,8,0,NA,882.093,434,1,0,0.00993766772752355,3,3,0,0,0,356
45,47123,2000,2,"bernoulli","fixed",4e-04,1,4e-04,0.8,0.01,2000,0.5,1,0,0,NA,63.942,270,1,0,0.00996036535464775,0,0,1,1,0,357
45,47123,2000,2,"bernoulli","linesearch",4e-04,1,4e-04,0.8,0.01,2000,0.5,1,8,0,NA,373.139,270,1,0,0.00996036535464775,0,0,1,0,0,358
45,47123,2000,2,"bernoulli","fixed",4e-04,0.2,8e-05,0.16,0.01,2000,0.5,1,0,0,NA,174.211,1362,1,0,0.00998798995735461,0,0,1,1,0,359
45,47123,2000,2,"bernoulli","linesearch",4e-04,0.2,8e-05,0.16,0.01,2000,0.5,1,8,0,NA,1727.52,1362,1,0,0.00998798995735461,0,0,1,0,0,360
46,48123,2000,2,"bernoulli","fixed",0.000400000000000001,10,0.00400000000000001,8.00000000000002,0.01,2000,0.5,1,0,0,NA,238.831999999999,2000,0,0,969.143518960615,0,0,1,1,0,361
46,48123,2000,2,"bernoulli","linesearch",0.000400000000000001,10,0.00400000000000001,8.00000000000002,0.01,2000,0.5,1,8,0,NA,874.314,400,1,0,0.00998477090604448,4,4,0,0,0,362
46,48123,2000,2,"bernoulli","fixed",0.000400000000000001,5,0.002,4.00000000000001,0.01,2000,0.5,1,0,0,NA,45.3669999999993,67,1,0,0.00952089986651528,0,0,1,1,0,363
46,48123,2000,2,"bernoulli","linesearch",0.000400000000000001,5,0.002,4.00000000000001,0.01,2000,0.5,1,8,0,NA,762.956,400,1,0,0.00998477090604448,3,3,0,0,0,364
46,48123,2000,2,"bernoulli","fixed",0.000400000000000001,1,0.000400000000000001,0.800000000000002,0.01,2000,0.5,1,0,0,NA,63.1170000000002,249,1,0,0.00994808339383504,0,0,1,1,0,365
46,48123,2000,2,"bernoulli","linesearch",0.000400000000000001,1,0.000400000000000001,0.800000000000002,0.01,2000,0.5,1,8,0,NA,302.63,249,1,0,0.00994808339383504,0,0,1,0,0,366
46,48123,2000,2,"bernoulli","fixed",0.000400000000000001,0.2,8.00000000000002e-05,0.16,0.01,2000,0.5,1,0,0,NA,166.769,1257,1,0,0.00994179473872581,0,0,1,1,0,367
46,48123,2000,2,"bernoulli","linesearch",0.000400000000000001,0.2,8.00000000000002e-05,0.16,0.01,2000,0.5,1,8,0,NA,1360.082,1257,1,0,0.00994179473872581,0,0,1,0,0,368
47,49123,2000,2,"bernoulli","fixed",0.000400000000000002,10,0.00400000000000002,8.00000000000004,0.01,2000,0.5,1,0,0,NA,231.442,2000,0,0,942.581133766442,0,0,1,1,0,369
47,49123,2000,2,"bernoulli","linesearch",0.000400000000000002,10,0.00400000000000002,8.00000000000004,0.01,2000,0.5,1,8,0,NA,873.155,407,1,0,0.00995382821204208,4,4,0,0,0,370
47,49123,2000,2,"bernoulli","fixed",0.000400000000000002,5,0.00200000000000001,4.00000000000002,0.01,2000,0.5,1,0,0,NA,41.5609999999997,66,1,0,0.00961702130606562,0,0,1,1,0,371
47,49123,2000,2,"bernoulli","linesearch",0.000400000000000002,5,0.00200000000000001,4.00000000000002,0.01,2000,0.5,1,8,0,NA,765.299,407,1,0,0.00995382821204208,3,3,0,0,0,372
47,49123,2000,2,"bernoulli","fixed",0.000400000000000002,1,0.000400000000000002,0.800000000000004,0.01,2000,0.5,1,0,0,NA,62.1979999999994,254,1,0,0.00972504909245922,0,0,1,1,0,373
47,49123,2000,2,"bernoulli","linesearch",0.000400000000000002,1,0.000400000000000002,0.800000000000004,0.01,2000,0.5,1,8,0,NA,306.755999999999,254,1,0,0.00972504909245922,0,0,1,0,0,374
47,49123,2000,2,"bernoulli","fixed",0.000400000000000002,0.2,8.00000000000004e-05,0.160000000000001,0.01,2000,0.5,1,0,0,NA,164.722,1278,1,0,0.00996861475382088,0,0,1,1,0,375
47,49123,2000,2,"bernoulli","linesearch",0.000400000000000002,0.2,8.00000000000004e-05,0.160000000000001,0.01,2000,0.5,1,8,0,NA,1394.317,1278,1,0,0.00996861475382088,0,0,1,0,0,376
48,50123,2000,2,"bernoulli","fixed",4e-04,10,0.004,8,0.01,2000,0.5,1,0,0,NA,241.834,2000,0,0,940.49948184999,0,0,1,1,0,377
48,50123,2000,2,"bernoulli","linesearch",4e-04,10,0.004,8,0.01,2000,0.5,1,8,0,NA,922.947,423,1,0,0.00994393040798933,4,4,0,0,0,378
48,50123,2000,2,"bernoulli","fixed",4e-04,5,0.002,4,0.01,2000,0.5,1,0,0,NA,44.3200000000006,67,1,0,0.00978126295232778,0,0,1,1,0,379
48,50123,2000,2,"bernoulli","linesearch",4e-04,5,0.002,4,0.01,2000,0.5,1,8,0,NA,817.31,423,1,0,0.00994393040798933,3,3,0,0,0,380
48,50123,2000,2,"bernoulli","fixed",4e-04,1,4e-04,0.8,0.01,2000,0.5,1,0,0,NA,66.7169999999996,264,1,0,0.00972110196931171,0,0,1,1,0,381
48,50123,2000,2,"bernoulli","linesearch",4e-04,1,4e-04,0.8,0.01,2000,0.5,1,8,0,NA,328.045,264,1,0,0.00972110196931171,0,0,1,0,0,382
48,50123,2000,2,"bernoulli","fixed",4e-04,0.2,8e-05,0.16,0.01,2000,0.5,1,0,0,NA,170.781,1328,1,0,0.00996006449241431,0,0,1,1,0,383
48,50123,2000,2,"bernoulli","linesearch",4e-04,0.2,8e-05,0.16,0.01,2000,0.5,1,8,0,NA,1508.529,1328,1,0,0.00996006449241431,0,0,1,0,0,384
49,51123,2000,2,"bernoulli","fixed",0.000400000000000012,10,0.00400000000000012,8.00000000000024,0.01,2000,0.5,1,0,0,NA,238.646000000001,2000,0,0,954.580802283293,0,0,1,1,0,385
49,51123,2000,2,"bernoulli","linesearch",0.000400000000000012,10,0.00400000000000012,8.00000000000024,0.01,2000,0.5,1,8,0,NA,910.256,419,1,0,0.00991362084791003,4,4,0,0,0,386
49,51123,2000,2,"bernoulli","fixed",0.000400000000000012,5,0.00200000000000006,4.00000000000012,0.01,2000,0.5,1,0,0,NA,44.7430000000004,67,1,0,0.00972960033789022,0,0,1,1,0,387
49,51123,2000,2,"bernoulli","linesearch",0.000400000000000012,5,0.00200000000000006,4.00000000000012,0.01,2000,0.5,1,8,0,NA,801.529,419,1,0,0.00991362084791003,3,3,0,0,0,388
49,51123,2000,2,"bernoulli","fixed",0.000400000000000012,1,0.000400000000000012,0.800000000000024,0.01,2000,0.5,1,0,0,NA,63.317,261,1,0,0.00983200386317196,0,0,1,1,0,389
49,51123,2000,2,"bernoulli","linesearch",0.000400000000000012,1,0.000400000000000012,0.800000000000024,0.01,2000,0.5,1,8,0,NA,319.569,261,1,0,0.00983200386317196,0,0,1,0,0,390
49,51123,2000,2,"bernoulli","fixed",0.000400000000000012,0.2,8.00000000000024e-05,0.160000000000005,0.01,2000,0.5,1,0,0,NA,169.585,1315,1,0,0.00996377289234707,0,0,1,1,0,391
49,51123,2000,2,"bernoulli","linesearch",0.000400000000000012,0.2,8.00000000000024e-05,0.160000000000005,0.01,2000,0.5,1,8,0,NA,1480.315,1315,1,0,0.00996377289234707,0,0,1,0,0,392
50,52123,2000,2,"bernoulli","fixed",4e-04,10,0.004,8,0.01,2000,0.5,1,0,0,NA,243.649,2000,0,0,940.282129438122,0,0,1,1,0,393
50,52123,2000,2,"bernoulli","linesearch",4e-04,10,0.004,8,0.01,2000,0.5,1,8,0,NA,843.783,398,1,0,0.00998165961101627,4,4,0,0,0,394
50,52123,2000,2,"bernoulli","fixed",4e-04,5,0.002,4,0.01,2000,0.5,1,0,0,NA,44.4290000000001,66,1,0,0.00982238494990639,0,0,1,1,0,395
50,52123,2000,2,"bernoulli","linesearch",4e-04,5,0.002,4,0.01,2000,0.5,1,8,0,NA,736.315000000001,398,1,0,0.00998165961101627,3,3,0,0,0,396
50,52123,2000,2,"bernoulli","fixed",4e-04,1,4e-04,0.8,0.01,2000,0.5,1,0,0,NA,61.5349999999999,248,1,0,0.00986816059271675,0,0,1,1,0,397
50,52123,2000,2,"bernoulli","linesearch",4e-04,1,4e-04,0.8,0.01,2000,0.5,1,8,0,NA,276.138,248,1,0,0.00986816059271675,0,0,1,0,0,398
50,52123,2000,2,"bernoulli","fixed",4e-04,0.2,8e-05,0.16,0.01,2000,0.5,1,0,0,NA,158.208,1250,1,0,0.00998440712058063,0,0,1,1,0,399
50,52123,2000,2,"bernoulli","linesearch",4e-04,0.2,8e-05,0.16,0.01,2000,0.5,1,8,0,NA,1249.047,1250,1,0,0.00998440712058063,0,0,1,0,0,400
51,53123,2000,2,"bernoulli","fixed",4e-04,10,0.004,8,0.01,2000,0.5,1,0,0,NA,247.166999999999,2000,0,0,954.84778065641,0,0,1,1,0,401
51,53123,2000,2,"bernoulli","linesearch",4e-04,10,0.004,8,0.01,2000,0.5,1,8,0,NA,1129.363,444,1,0,0.00987862002552145,4,4,0,0,0,402
51,53123,2000,2,"bernoulli","fixed",4e-04,5,0.002,4,0.01,2000,0.5,1,0,0,NA,42.4050000000007,68,1,0,0.00969017093578373,0,0,1,1,0,403
51,53123,2000,2,"bernoulli","linesearch",4e-04,5,0.002,4,0.01,2000,0.5,1,8,0,NA,988.174000000001,444,1,0,0.00987862002552145,3,3,0,0,0,404
51,53123,2000,2,"bernoulli","fixed",4e-04,1,4e-04,0.8,0.01,2000,0.5,1,0,0,NA,63.3180000000011,276,1,0,0.00997034917782345,0,0,1,1,0,405
51,53123,2000,2,"bernoulli","linesearch",4e-04,1,4e-04,0.8,0.01,2000,0.5,1,8,0,NA,515.889000000001,276,1,0,0.00997034917782345,0,0,1,0,0,406
51,53123,2000,2,"bernoulli","fixed",4e-04,0.2,8e-05,0.16,0.01,2000,0.5,1,0,0,NA,181.931,1393,1,0,0.00994481174382598,0,0,1,1,0,407
51,53123,2000,2,"bernoulli","linesearch",4e-04,0.2,8e-05,0.16,0.01,2000,0.5,1,8,0,NA,2535.184,1393,1,0,0.00994481174382598,0,0,1,0,0,408
52,54123,2000,2,"bernoulli","fixed",0.000400000000000001,10,0.00400000000000001,8.00000000000002,0.01,2000,0.5,1,0,0,NA,240.082,2000,0,0,951.162890090512,0,0,1,1,0,409
52,54123,2000,2,"bernoulli","linesearch",0.000400000000000001,10,0.00400000000000001,8.00000000000002,0.01,2000,0.5,1,8,0,NA,865.789000000001,410,1,0,0.00997920322189896,4,4,0,0,0,410
52,54123,2000,2,"bernoulli","fixed",0.000400000000000001,5,0.00200000000000001,4.00000000000001,0.01,2000,0.5,1,0,0,NA,42.9000000000015,67,1,0,0.00974207387791287,0,0,1,1,0,411
52,54123,2000,2,"bernoulli","linesearch",0.000400000000000001,5,0.00200000000000001,4.00000000000001,0.01,2000,0.5,1,8,0,NA,756.393,410,1,0,0.00997920322189896,3,3,0,0,0,412
52,54123,2000,2,"bernoulli","fixed",0.000400000000000001,1,0.000400000000000001,0.800000000000002,0.01,2000,0.5,1,0,0,NA,62.889000000001,256,1,0,0.00972049721193793,0,0,1,1,0,413
52,54123,2000,2,"bernoulli","linesearch",0.000400000000000001,1,0.000400000000000001,0.800000000000002,0.01,2000,0.5,1,8,0,NA,286.277,256,1,0,0.00972049721193793,0,0,1,0,0,414
52,54123,2000,2,"bernoulli","fixed",0.000400000000000001,0.2,8.00000000000002e-05,0.16,0.01,2000,0.5,1,0,0,NA,165.869000000001,1288,1,0,0.0099531391251618,0,0,1,1,0,415
52,54123,2000,2,"bernoulli","linesearch",0.000400000000000001,0.2,8.00000000000002e-05,0.16,0.01,2000,0.5,1,8,0,NA,1286.273,1288,1,0,0.0099531391251618,0,0,1,0,0,416
53,55123,2000,2,"bernoulli","fixed",0.000400000000000001,10,0.00400000000000001,8.00000000000001,0.01,2000,0.5,1,0,0,NA,234.116,2000,0,0,945.207628648399,0,0,1,1,0,417
53,55123,2000,2,"bernoulli","linesearch",0.000400000000000001,10,0.00400000000000001,8.00000000000001,0.01,2000,0.5,1,8,0,NA,876.665999999999,414,1,0,0.00991812194713643,4,4,0,0,0,418
53,55123,2000,2,"bernoulli","fixed",0.000400000000000001,5,0.002,4.00000000000001,0.01,2000,0.5,1,0,0,NA,43.1449999999986,67,1,0,0.00972001383712073,0,0,1,1,0,419
53,55123,2000,2,"bernoulli","linesearch",0.000400000000000001,5,0.002,4.00000000000001,0.01,2000,0.5,1,8,0,NA,770.915000000001,414,1,0,0.00991812194713643,3,3,0,0,0,420
53,55123,2000,2,"bernoulli","fixed",0.000400000000000001,1,0.000400000000000001,0.800000000000001,0.01,2000,0.5,1,0,0,NA,60.1190000000006,258,1,0,0.00979552840595908,0,0,1,1,0,421
53,55123,2000,2,"bernoulli","linesearch",0.000400000000000001,1,0.000400000000000001,0.800000000000001,0.01,2000,0.5,1,8,0,NA,307.445,258,1,0,0.00979552840595908,0,0,1,0,0,422
53,55123,2000,2,"bernoulli","fixed",0.000400000000000001,0.2,8.00000000000001e-05,0.16,0.01,2000,0.5,1,0,0,NA,159.186000000002,1299,1,0,0.00999429627412052,0,0,1,1,0,423
53,55123,2000,2,"bernoulli","linesearch",0.000400000000000001,0.2,8.00000000000001e-05,0.16,0.01,2000,0.5,1,8,0,NA,1443.107,1299,1,0,0.00999429627412052,0,0,1,0,0,424
54,56123,2000,2,"bernoulli","fixed",0.000400000000000005,10,0.00400000000000005,8.00000000000009,0.01,2000,0.5,1,0,0,NA,240.665,2000,0,0,934.458984161344,0,0,1,1,0,425
54,56123,2000,2,"bernoulli","linesearch",0.000400000000000005,10,0.00400000000000005,8.00000000000009,0.01,2000,0.5,1,8,0,NA,891.199,406,1,0,0.00987611090412635,4,4,0,0,0,426
54,56123,2000,2,"bernoulli","fixed",0.000400000000000005,5,0.00200000000000002,4.00000000000005,0.01,2000,0.5,1,0,0,NA,43.9619999999995,66,1,0,0.00958638139537604,0,0,1,1,0,427
54,56123,2000,2,"bernoulli","linesearch",0.000400000000000005,5,0.00200000000000002,4.00000000000005,0.01,2000,0.5,1,8,0,NA,773.889999999999,406,1,0,0.00987611090412635,3,3,0,0,0,428
54,56123,2000,2,"bernoulli","fixed",0.000400000000000005,1,0.000400000000000005,0.800000000000009,0.01,2000,0.5,1,0,0,NA,60.5059999999994,253,1,0,0.00977077507352125,0,0,1,1,0,429
54,56123,2000,2,"bernoulli","linesearch",0.000400000000000005,1,0.000400000000000005,0.800000000000009,0.01,2000,0.5,1,8,0,NA,312.636999999999,253,1,0,0.00977077507352125,0,0,1,0,0,430
54,56123,2000,2,"bernoulli","fixed",0.000400000000000005,0.2,8.00000000000009e-05,0.160000000000002,0.01,2000,0.5,1,0,0,NA,160.279,1273,1,0,0.0099933996995908,0,0,1,1,0,431
54,56123,2000,2,"bernoulli","linesearch",0.000400000000000005,0.2,8.00000000000009e-05,0.160000000000002,0.01,2000,0.5,1,8,0,NA,1430.195,1273,1,0,0.0099933996995908,0,0,1,0,0,432
55,57123,2000,2,"bernoulli","fixed",4e-04,10,0.004,8,0.01,2000,0.5,1,0,0,NA,243.358999999999,2000,0,0,936.858771221367,0,0,1,1,0,433
55,57123,2000,2,"bernoulli","linesearch",4e-04,10,0.004,8,0.01,2000,0.5,1,8,0,NA,984.962,432,1,0,0.00986518945302964,4,4,0,0,0,434
55,57123,2000,2,"bernoulli","fixed",4e-04,5,0.002,4,0.01,2000,0.5,1,0,0,NA,44.1759999999995,67,1,0,0.00985378592810415,0,0,1,1,0,435
55,57123,2000,2,"bernoulli","linesearch",4e-04,5,0.002,4,0.01,2000,0.5,1,8,0,NA,851.851000000001,432,1,0,0.00986518945302964,3,3,0,0,0,436
55,57123,2000,2,"bernoulli","fixed",4e-04,1,4e-04,0.8,0.01,2000,0.5,1,0,0,NA,63.003999999999,269,1,0,0.00980781667592164,0,0,1,1,0,437
55,57123,2000,2,"bernoulli","linesearch",4e-04,1,4e-04,0.8,0.01,2000,0.5,1,8,0,NA,346.174000000001,269,1,0,0.00980781667592164,0,0,1,0,0,438
55,57123,2000,2,"bernoulli","fixed",4e-04,0.2,8e-05,0.16,0.01,2000,0.5,1,0,0,NA,170.790000000001,1355,1,0,0.00996714030638868,0,0,1,1,0,439
55,57123,2000,2,"bernoulli","linesearch",4e-04,0.2,8e-05,0.16,0.01,2000,0.5,1,8,0,NA,1637.108,1355,1,0,0.00996714030638868,0,0,1,0,0,440
56,58123,2000,2,"bernoulli","fixed",0.000400000000000001,10,0.00400000000000001,8.00000000000003,0.01,2000,0.5,1,0,0,NA,242.878,2000,0,0,933.209206646342,0,0,1,1,0,441
56,58123,2000,2,"bernoulli","linesearch",0.000400000000000001,10,0.00400000000000001,8.00000000000003,0.01,2000,0.5,1,8,0,NA,972.522,428,1,0,0.00987466189468281,4,4,0,0,0,442
56,58123,2000,2,"bernoulli","fixed",0.000400000000000001,5,0.00200000000000001,4.00000000000001,0.01,2000,0.5,1,0,0,NA,42.4850000000006,66,1,0,0.00943123003783619,0,0,1,1,0,443
56,58123,2000,2,"bernoulli","linesearch",0.000400000000000001,5,0.00200000000000001,4.00000000000001,0.01,2000,0.5,1,8,0,NA,865.447,428,1,0,0.00987466189468281,3,3,0,0,0,444
56,58123,2000,2,"bernoulli","fixed",0.000400000000000001,1,0.000400000000000001,0.800000000000003,0.01,2000,0.5,1,0,0,NA,63.0130000000008,266,1,0,0.00997401391561104,0,0,1,1,0,445
56,58123,2000,2,"bernoulli","linesearch",0.000400000000000001,1,0.000400000000000001,0.800000000000003,0.01,2000,0.5,1,8,0,NA,370.907000000001,266,1,0,0.00997401391561104,0,0,1,0,0,446
56,58123,2000,2,"bernoulli","fixed",0.000400000000000001,0.2,8.00000000000003e-05,0.160000000000001,0.01,2000,0.5,1,0,0,NA,167.768,1342,1,0,0.00999632703321315,0,0,1,1,0,447
56,58123,2000,2,"bernoulli","linesearch",0.000400000000000001,0.2,8.00000000000003e-05,0.160000000000001,0.01,2000,0.5,1,8,0,NA,1706.359,1342,1,0,0.00999632703321315,0,0,1,0,0,448
57,59123,2000,2,"bernoulli","fixed",4e-04,10,0.004,8,0.01,2000,0.5,1,0,0,NA,232.338,2000,0,0,935.550776721071,0,0,1,1,0,449
57,59123,2000,2,"bernoulli","linesearch",4e-04,10,0.004,8,0.01,2000,0.5,1,8,0,NA,886.827000000001,414,1,0,0.0098658389896813,4,4,0,0,0,450
57,59123,2000,2,"bernoulli","fixed",4e-04,5,0.002,4,0.01,2000,0.5,1,0,0,NA,41.9159999999993,68,1,0,0.00962064618686131,0,0,1,1,0,451
57,59123,2000,2,"bernoulli","linesearch",4e-04,5,0.002,4,0.01,2000,0.5,1,8,0,NA,783.206,414,1,0,0.0098658389896813,3,3,0,0,0,452
57,59123,2000,2,"bernoulli","fixed",4e-04,1,4e-04,0.8,0.01,2000,0.5,1,0,0,NA,63.621000000001,258,1,0,0.0097554206036025,0,0,1,1,0,453
57,59123,2000,2,"bernoulli","linesearch",4e-04,1,4e-04,0.8,0.01,2000,0.5,1,8,0,NA,303.337,258,1,0,0.0097554206036025,0,0,1,0,0,454
57,59123,2000,2,"bernoulli","fixed",4e-04,0.2,8e-05,0.16,0.01,2000,0.5,1,0,0,NA,166.505999999999,1298,1,0,0.00998891403972543,0,0,1,1,0,455
57,59123,2000,2,"bernoulli","linesearch",4e-04,0.2,8e-05,0.16,0.01,2000,0.5,1,8,0,NA,1386.998,1298,1,0,0.00998891403972543,0,0,1,0,0,456
58,60123,2000,2,"bernoulli","fixed",0.000400000000000011,10,0.00400000000000011,8.00000000000022,0.01,2000,0.5,1,0,0,NA,240.471,2000,0,0,933.775230376485,0,0,1,1,0,457
58,60123,2000,2,"bernoulli","linesearch",0.000400000000000011,10,0.00400000000000011,8.00000000000022,0.01,2000,0.5,1,8,0,NA,873.175,408,1,0,0.00991695683391447,4,4,0,0,0,458
58,60123,2000,2,"bernoulli","fixed",0.000400000000000011,5,0.00200000000000006,4.00000000000011,0.01,2000,0.5,1,0,0,NA,45.4549999999999,66,1,0,0.00946840329073417,0,0,1,1,0,459
58,60123,2000,2,"bernoulli","linesearch",0.000400000000000011,5,0.00200000000000006,4.00000000000011,0.01,2000,0.5,1,8,0,NA,771.044,408,1,0,0.00991695683391447,3,3,0,0,0,460
58,60123,2000,2,"bernoulli","fixed",0.000400000000000011,1,0.000400000000000011,0.800000000000022,0.01,2000,0.5,1,0,0,NA,61.6530000000002,254,1,0,0.00987770459048892,0,0,1,1,0,461
58,60123,2000,2,"bernoulli","linesearch",0.000400000000000011,1,0.000400000000000011,0.800000000000022,0.01,2000,0.5,1,8,0,NA,304.035,254,1,0,0.00987770459048892,0,0,1,0,0,462
58,60123,2000,2,"bernoulli","fixed",0.000400000000000011,0.2,8.00000000000022e-05,0.160000000000004,0.01,2000,0.5,1,0,0,NA,165.785,1280,1,0,0.00999933143964291,0,0,1,1,0,463
58,60123,2000,2,"bernoulli","linesearch",0.000400000000000011,0.2,8.00000000000022e-05,0.160000000000004,0.01,2000,0.5,1,8,0,NA,1380.29,1280,1,0,0.00999933143964291,0,0,1,0,0,464
59,61123,2000,2,"bernoulli","fixed",4e-04,10,0.004,8,0.01,2000,0.5,1,0,0,NA,244.016999999999,2000,0,0,967.581824508286,0,0,1,1,0,465
59,61123,2000,2,"bernoulli","linesearch",4e-04,10,0.004,8,0.01,2000,0.5,1,8,0,NA,868.389999999999,411,1,0,0.009974473891841,4,4,0,0,0,466
59,61123,2000,2,"bernoulli","fixed",4e-04,5,0.002,4,0.01,2000,0.5,1,0,0,NA,42.9869999999992,67,1,0,0.0095714662280576,0,0,1,1,0,467
59,61123,2000,2,"bernoulli","linesearch",4e-04,5,0.002,4,0.01,2000,0.5,1,8,0,NA,758.816000000001,411,1,0,0.009974473891841,3,3,0,0,0,468
59,61123,2000,2,"bernoulli","fixed",4e-04,1,4e-04,0.8,0.01,2000,0.5,1,0,0,NA,63.3320000000003,256,1,0,0.00990120976162687,0,0,1,1,0,469
59,61123,2000,2,"bernoulli","linesearch",4e-04,1,4e-04,0.8,0.01,2000,0.5,1,8,0,NA,280.572,256,1,0,0.00990120976162687,0,0,1,0,0,470
59,61123,2000,2,"bernoulli","fixed",4e-04,0.2,8e-05,0.16,0.01,2000,0.5,1,0,0,NA,165.617,1291,1,0,0.00995566318904761,0,0,1,1,0,471
59,61123,2000,2,"bernoulli","linesearch",4e-04,0.2,8e-05,0.16,0.01,2000,0.5,1,8,0,NA,1278.39,1291,1,0,0.00995566318904761,0,0,1,0,0,472
60,62123,2000,2,"bernoulli","fixed",4e-04,10,0.004,8,0.01,2000,0.5,1,0,0,NA,238.213,2000,0,0,954.986122990384,0,0,1,1,0,473
60,62123,2000,2,"bernoulli","linesearch",4e-04,10,0.004,8,0.01,2000,0.5,1,8,0,NA,928.646000000001,421,1,0,0.0098968524258139,4,4,0,0,0,474
60,62123,2000,2,"bernoulli","fixed",4e-04,5,0.002,4,0.01,2000,0.5,1,0,0,NA,44.3780000000006,68,1,0,0.00983864453763028,0,0,1,1,0,475
60,62123,2000,2,"bernoulli","linesearch",4e-04,5,0.002,4,0.01,2000,0.5,1,8,0,NA,818.063,421,1,0,0.0098968524258139,3,3,0,0,0,476
60,62123,2000,2,"bernoulli","fixed",4e-04,1,4e-04,0.8,0.01,2000,0.5,1,0,0,NA,60.3240000000005,262,1,0,0.00988434080235107,0,0,1,1,0,477
60,62123,2000,2,"bernoulli","linesearch",4e-04,1,4e-04,0.8,0.01,2000,0.5,1,8,0,NA,322.707999999999,262,1,0,0.00988434080235107,0,0,1,0,0,478
60,62123,2000,2,"bernoulli","fixed",4e-04,0.2,8e-05,0.16,0.01,2000,0.5,1,0,0,NA,163.900000000001,1321,1,0,0.00996834543948683,0,0,1,1,0,479
60,62123,2000,2,"bernoulli","linesearch",4e-04,0.2,8e-05,0.16,0.01,2000,0.5,1,8,0,NA,1466.566,1321,1,0,0.00996834543948683,0,0,1,0,0,480
61,63123,2000,2,"bernoulli","fixed",0.000400000000000001,10,0.00400000000000001,8.00000000000001,0.01,2000,0.5,1,0,0,NA,238.616,2000,0,0,943.867639770933,0,0,1,1,0,481
61,63123,2000,2,"bernoulli","linesearch",0.000400000000000001,10,0.00400000000000001,8.00000000000001,0.01,2000,0.5,1,8,0,NA,849.072,391,1,0,0.0098468212302138,4,4,0,0,0,482
61,63123,2000,2,"bernoulli","fixed",0.000400000000000001,5,0.002,4.00000000000001,0.01,2000,0.5,1,0,0,NA,44,68,1,0,0.00948538851835645,0,0,1,1,0,483
61,63123,2000,2,"bernoulli","linesearch",0.000400000000000001,5,0.002,4.00000000000001,0.01,2000,0.5,1,8,0,NA,737.544,391,1,0,0.0098468212302138,3,3,0,0,0,484
61,63123,2000,2,"bernoulli","fixed",0.000400000000000001,1,0.000400000000000001,0.800000000000001,0.01,2000,0.5,1,0,0,NA,62.9210000000003,243,1,0,0.00992939391994944,0,0,1,1,0,485
61,63123,2000,2,"bernoulli","linesearch",0.000400000000000001,1,0.000400000000000001,0.800000000000001,0.01,2000,0.5,1,8,0,NA,287.282999999999,243,1,0,0.00992939391994944,0,0,1,0,0,486
61,63123,2000,2,"bernoulli","fixed",0.000400000000000001,0.2,8.00000000000001e-05,0.16,0.01,2000,0.5,1,0,0,NA,163.147000000001,1226,1,0,0.00998049072267405,0,0,1,1,0,487
61,63123,2000,2,"bernoulli","linesearch",0.000400000000000001,0.2,8.00000000000001e-05,0.16,0.01,2000,0.5,1,8,0,NA,1293.539,1226,1,0,0.00998049072267405,0,0,1,0,0,488
62,64123,2000,2,"bernoulli","fixed",0.000400000000000002,10,0.00400000000000002,8.00000000000004,0.01,2000,0.5,1,0,0,NA,237.609,2000,0,0,962.403024321704,0,0,1,1,0,489
62,64123,2000,2,"bernoulli","linesearch",0.000400000000000002,10,0.00400000000000002,8.00000000000004,0.01,2000,0.5,1,8,0,NA,910.57,429,1,0,0.00998069706325574,4,4,0,0,0,490
62,64123,2000,2,"bernoulli","fixed",0.000400000000000002,5,0.00200000000000001,4.00000000000002,0.01,2000,0.5,1,0,0,NA,42.3510000000006,68,1,0,0.00953079255991574,0,0,1,1,0,491
62,64123,2000,2,"bernoulli","linesearch",0.000400000000000002,5,0.00200000000000001,4.00000000000002,0.01,2000,0.5,1,8,0,NA,792.666999999999,429,1,0,0.00998069706325574,3,3,0,0,0,492
62,64123,2000,2,"bernoulli","fixed",0.000400000000000002,1,0.000400000000000002,0.800000000000004,0.01,2000,0.5,1,0,0,NA,63.1869999999999,267,1,0,0.00996822228077029,0,0,1,1,0,493
62,64123,2000,2,"bernoulli","linesearch",0.000400000000000002,1,0.000400000000000002,0.800000000000004,0.01,2000,0.5,1,8,0,NA,319.530000000001,267,1,0,0.00996822228077029,0,0,1,0,0,494
62,64123,2000,2,"bernoulli","fixed",0.000400000000000002,0.2,8.00000000000004e-05,0.160000000000001,0.01,2000,0.5,1,0,0,NA,166.914000000001,1347,1,0,0.00999257888266308,0,0,1,1,0,495
62,64123,2000,2,"bernoulli","linesearch",0.000400000000000002,0.2,8.00000000000004e-05,0.160000000000001,0.01,2000,0.5,1,8,0,NA,1495.155,1347,1,0,0.00999257888266308,0,0,1,0,0,496
63,65123,2000,2,"bernoulli","fixed",0.000400000000000003,10,0.00400000000000003,8.00000000000006,0.01,2000,0.5,1,0,0,NA,236.572,2000,0,0,949.281271293446,0,0,1,1,0,497
63,65123,2000,2,"bernoulli","linesearch",0.000400000000000003,10,0.00400000000000003,8.00000000000006,0.01,2000,0.5,1,8,0,NA,874.242,411,1,0,0.0099340158149255,4,4,0,0,0,498
63,65123,2000,2,"bernoulli","fixed",0.000400000000000003,5,0.00200000000000002,4.00000000000003,0.01,2000,0.5,1,0,0,NA,43.5400000000009,66,1,0,0.00941738528774339,0,0,1,1,0,499
63,65123,2000,2,"bernoulli","linesearch",0.000400000000000003,5,0.00200000000000002,4.00000000000003,0.01,2000,0.5,1,8,0,NA,763.466999999999,411,1,0,0.0099340158149255,3,3,0,0,0,500
63,65123,2000,2,"bernoulli","fixed",0.000400000000000003,1,0.000400000000000003,0.800000000000006,0.01,2000,0.5,1,0,0,NA,60.2330000000002,256,1,0,0.00985357180108531,0,0,1,1,0,501
63,65123,2000,2,"bernoulli","linesearch",0.000400000000000003,1,0.000400000000000003,0.800000000000006,0.01,2000,0.5,1,8,0,NA,320.549999999999,256,1,0,0.00985357180108531,0,0,1,0,0,502
63,65123,2000,2,"bernoulli","fixed",0.000400000000000003,0.2,8.00000000000006e-05,0.160000000000001,0.01,2000,0.5,1,0,0,NA,162.983,1290,1,0,0.00998249662654227,0,0,1,1,0,503
63,65123,2000,2,"bernoulli","linesearch",0.000400000000000003,0.2,8.00000000000006e-05,0.160000000000001,0.01,2000,0.5,1,8,0,NA,1539.603,1290,1,0,0.00998249662654227,0,0,1,0,0,504
64,66123,2000,2,"bernoulli","fixed",4e-04,10,0.004,8,0.01,2000,0.5,1,0,0,NA,246.069,2000,0,0,950.652663248557,0,0,1,1,0,505
64,66123,2000,2,"bernoulli","linesearch",4e-04,10,0.004,8,0.01,2000,0.5,1,8,0,NA,1099.145,463,1,0,0.00990959308491371,4,4,0,0,0,506
64,66123,2000,2,"bernoulli","fixed",4e-04,5,0.002,4,0.01,2000,0.5,1,0,0,NA,46.3289999999997,67,1,0,0.00970126795477388,0,0,1,1,0,507
64,66123,2000,2,"bernoulli","linesearch",4e-04,5,0.002,4,0.01,2000,0.5,1,8,0,NA,966.033000000001,463,1,0,0.00990959308491371,3,3,0,0,0,508
64,66123,2000,2,"bernoulli","fixed",4e-04,1,4e-04,0.8,0.01,2000,0.5,1,0,0,NA,65.514000000001,288,1,0,0.00996029098288176,0,0,1,1,0,509
64,66123,2000,2,"bernoulli","linesearch",4e-04,1,4e-04,0.8,0.01,2000,0.5,1,8,0,NA,438.338,288,1,0,0.00996029098288176,0,0,1,0,0,510
64,66123,2000,2,"bernoulli","fixed",4e-04,0.2,8e-05,0.16,0.01,2000,0.5,1,0,0,NA,180.607,1452,1,0,0.00999826250709518,0,0,1,1,0,511
64,66123,2000,2,"bernoulli","linesearch",4e-04,0.2,8e-05,0.16,0.01,2000,0.5,1,8,0,NA,2103.756,1452,1,0,0.00999826250709518,0,0,1,0,0,512
65,67123,2000,2,"bernoulli","fixed",4e-04,10,0.004,8,0.01,2000,0.5,1,0,0,NA,241.998,2000,0,0,957.762612348449,0,0,1,1,0,513
65,67123,2000,2,"bernoulli","linesearch",4e-04,10,0.004,8,0.01,2000,0.5,1,8,0,NA,934.484999999999,424,1,0,0.00983144351890575,4,4,0,0,0,514
65,67123,2000,2,"bernoulli","fixed",4e-04,5,0.002,4,0.01,2000,0.5,1,0,0,NA,44.5780000000013,68,1,0,0.0093839381774723,0,0,1,1,0,515
65,67123,2000,2,"bernoulli","linesearch",4e-04,5,0.002,4,0.01,2000,0.5,1,8,0,NA,820.897999999999,424,1,0,0.00983144351890575,3,3,0,0,0,516
65,67123,2000,2,"bernoulli","fixed",4e-04,1,4e-04,0.8,0.01,2000,0.5,1,0,0,NA,63.2479999999996,264,1,0,0.00978692886138699,0,0,1,1,0,517
65,67123,2000,2,"bernoulli","linesearch",4e-04,1,4e-04,0.8,0.01,2000,0.5,1,8,0,NA,327.301000000001,264,1,0,0.00978692886138699,0,0,1,0,0,518
65,67123,2000,2,"bernoulli","fixed",4e-04,0.2,8e-05,0.16,0.01,2000,0.5,1,0,0,NA,172.739,1329,1,0,0.00997751926398249,0,0,1,1,0,519
65,67123,2000,2,"bernoulli","linesearch",4e-04,0.2,8e-05,0.16,0.01,2000,0.5,1,8,0,NA,1518.577,1329,1,0,0.00997751926398249,0,0,1,0,0,520
66,68123,2000,2,"bernoulli","fixed",4e-04,10,0.004,8,0.01,2000,0.5,1,0,0,NA,244.572,2000,0,0,928.192305135576,0,0,1,1,0,521
66,68123,2000,2,"bernoulli","linesearch",4e-04,10,0.004,8,0.01,2000,0.5,1,8,0,NA,1040.105,432,1,0,0.00998190206309324,4,4,0,0,0,522
66,68123,2000,2,"bernoulli","fixed",4e-04,5,0.002,4,0.01,2000,0.5,1,0,0,NA,44.5959999999995,67,1,0,0.00965747205739709,0,0,1,1,0,523
66,68123,2000,2,"bernoulli","linesearch",4e-04,5,0.002,4,0.01,2000,0.5,1,8,0,NA,918.430999999999,432,1,0,0.00998190206309324,3,3,0,0,0,524
66,68123,2000,2,"bernoulli","fixed",4e-04,1,4e-04,0.8,0.01,2000,0.5,1,0,0,NA,64.8949999999986,269,1,0,0.00993021581375986,0,0,1,1,0,525
66,68123,2000,2,"bernoulli","linesearch",4e-04,1,4e-04,0.8,0.01,2000,0.5,1,8,0,NA,427.956,269,1,0,0.00993021581375986,0,0,1,0,0,526
66,68123,2000,2,"bernoulli","fixed",4e-04,0.2,8e-05,0.16,0.01,2000,0.5,1,0,0,NA,177.343000000001,1357,1,0,0.0099596092942687,0,0,1,1,0,527
66,68123,2000,2,"bernoulli","linesearch",4e-04,0.2,8e-05,0.16,0.01,2000,0.5,1,8,0,NA,2003.815,1357,1,0,0.0099596092942687,0,0,1,0,0,528
67,69123,2000,2,"bernoulli","fixed",4e-04,10,0.004,8,0.01,2000,0.5,1,0,0,NA,239.787,2000,0,0,927.512657702529,0,0,1,1,0,529
67,69123,2000,2,"bernoulli","linesearch",4e-04,10,0.004,8,0.01,2000,0.5,1,8,0,NA,905.631000000001,420,1,0,0.00988142809158675,4,4,0,0,0,530
67,69123,2000,2,"bernoulli","fixed",4e-04,5,0.002,4,0.01,2000,0.5,1,0,0,NA,42.0679999999993,67,1,0,0.00947748202832788,0,0,1,1,0,531
67,69123,2000,2,"bernoulli","linesearch",4e-04,5,0.002,4,0.01,2000,0.5,1,8,0,NA,787.525,420,1,0,0.00988142809158675,3,3,0,0,0,532
67,69123,2000,2,"bernoulli","fixed",4e-04,1,4e-04,0.8,0.01,2000,0.5,1,0,0,NA,60.3529999999992,261,1,0,0.00998747832662387,0,0,1,1,0,533
67,69123,2000,2,"bernoulli","linesearch",4e-04,1,4e-04,0.8,0.01,2000,0.5,1,8,0,NA,304.059000000001,261,1,0,0.00998747832662387,0,0,1,0,0,534
67,69123,2000,2,"bernoulli","fixed",4e-04,0.2,8e-05,0.16,0.01,2000,0.5,1,0,0,NA,164.814,1317,1,0,0.00999706750809841,0,0,1,1,0,535
67,69123,2000,2,"bernoulli","linesearch",4e-04,0.2,8e-05,0.16,0.01,2000,0.5,1,8,0,NA,1385.735,1317,1,0,0.00999706750809841,0,0,1,0,0,536
68,70123,2000,2,"bernoulli","fixed",0.000400000000000003,10,0.00400000000000003,8.00000000000006,0.01,2000,0.5,1,0,0,NA,244.91,2000,0,0,943.838220252878,0,0,1,1,0,537
68,70123,2000,2,"bernoulli","linesearch",0.000400000000000003,10,0.00400000000000003,8.00000000000006,0.01,2000,0.5,1,8,0,NA,935.651,419,1,0,0.00987606107486594,4,4,0,0,0,538
68,70123,2000,2,"bernoulli","fixed",0.000400000000000003,5,0.00200000000000001,4.00000000000003,0.01,2000,0.5,1,0,0,NA,43.0720000000001,66,1,0,0.00972321874142335,0,0,1,1,0,539
68,70123,2000,2,"bernoulli","linesearch",0.000400000000000003,5,0.00200000000000001,4.00000000000003,0.01,2000,0.5,1,8,0,NA,823.583000000001,419,1,0,0.00987606107486594,3,3,0,0,0,540
68,70123,2000,2,"bernoulli","fixed",0.000400000000000003,1,0.000400000000000003,0.800000000000006,0.01,2000,0.5,1,0,0,NA,65.2049999999999,261,1,0,0.00979029760411709,0,0,1,1,0,541
68,70123,2000,2,"bernoulli","linesearch",0.000400000000000003,1,0.000400000000000003,0.800000000000006,0.01,2000,0.5,1,8,0,NA,341.986999999999,261,1,0,0.00979029760411709,0,0,1,0,0,542
68,70123,2000,2,"bernoulli","fixed",0.000400000000000003,0.2,8.00000000000006e-05,0.160000000000001,0.01,2000,0.5,1,0,0,NA,169.370000000001,1314,1,0,0.00999088296676609,0,0,1,1,0,543
68,70123,2000,2,"bernoulli","linesearch",0.000400000000000003,0.2,8.00000000000006e-05,0.160000000000001,0.01,2000,0.5,1,8,0,NA,1552.329,1314,1,0,0.00999088296676609,0,0,1,0,0,544
69,71123,2000,2,"bernoulli","fixed",0.000400000000000001,10,0.00400000000000001,8.00000000000003,0.01,2000,0.5,1,0,0,NA,232.589999999998,2000,0,0,961.518139397922,0,0,1,1,0,545
69,71123,2000,2,"bernoulli","linesearch",0.000400000000000001,10,0.00400000000000001,8.00000000000003,0.01,2000,0.5,1,8,0,NA,943.161,415,1,0,0.00983666234928818,4,4,0,0,0,546
69,71123,2000,2,"bernoulli","fixed",0.000400000000000001,5,0.00200000000000001,4.00000000000002,0.01,2000,0.5,1,0,0,NA,44.0939999999991,67,1,0,0.0098636673340487,0,0,1,1,0,547
69,71123,2000,2,"bernoulli","linesearch",0.000400000000000001,5,0.00200000000000001,4.00000000000002,0.01,2000,0.5,1,8,0,NA,838.74,415,1,0,0.00983666234928818,3,3,0,0,0,548
69,71123,2000,2,"bernoulli","fixed",0.000400000000000001,1,0.000400000000000001,0.800000000000003,0.01,2000,0.5,1,0,0,NA,62.8869999999988,258,1,0,0.00990320809291709,0,0,1,1,0,549
69,71123,2000,2,"bernoulli","linesearch",0.000400000000000001,1,0.000400000000000001,0.800000000000003,0.01,2000,0.5,1,8,0,NA,354.569,258,1,0,0.00990320809291709,0,0,1,0,0,550
69,71123,2000,2,"bernoulli","fixed",0.000400000000000001,0.2,8.00000000000003e-05,0.160000000000001,0.01,2000,0.5,1,0,0,NA,166.428000000002,1301,1,0,0.009980443896555,0,0,1,1,0,551
69,71123,2000,2,"bernoulli","linesearch",0.000400000000000001,0.2,8.00000000000003e-05,0.160000000000001,0.01,2000,0.5,1,8,0,NA,1631.649,1301,1,0,0.009980443896555,0,0,1,0,0,552
70,72123,2000,2,"bernoulli","fixed",0.000400000000000002,10,0.00400000000000002,8.00000000000003,0.01,2000,0.5,1,0,0,NA,243.059999999999,2000,0,0,933.022432502697,0,0,1,1,0,553
70,72123,2000,2,"bernoulli","linesearch",0.000400000000000002,10,0.00400000000000002,8.00000000000003,0.01,2000,0.5,1,8,0,NA,966.794,429,1,0,0.00986684289517403,4,4,0,0,0,554
70,72123,2000,2,"bernoulli","fixed",0.000400000000000002,5,0.00200000000000001,4.00000000000002,0.01,2000,0.5,1,0,0,NA,44.3150000000005,66,1,0,0.00954280356451576,0,0,1,1,0,555
70,72123,2000,2,"bernoulli","linesearch",0.000400000000000002,5,0.00200000000000001,4.00000000000002,0.01,2000,0.5,1,8,0,NA,845.318000000001,429,1,0,0.00986684289517403,3,3,0,0,0,556
70,72123,2000,2,"bernoulli","fixed",0.000400000000000002,1,0.000400000000000002,0.800000000000003,0.01,2000,0.5,1,0,0,NA,63.3820000000014,267,1,0,0.0098486243260337,0,0,1,1,0,557
70,72123,2000,2,"bernoulli","linesearch",0.000400000000000002,1,0.000400000000000002,0.800000000000003,0.01,2000,0.5,1,8,0,NA,376.828000000001,267,1,0,0.0098486243260337,0,0,1,0,0,558
70,72123,2000,2,"bernoulli","fixed",0.000400000000000002,0.2,8.00000000000003e-05,0.160000000000001,0.01,2000,0.5,1,0,0,NA,170.188,1346,1,0,0.00994437660295031,0,0,1,1,0,559
70,72123,2000,2,"bernoulli","linesearch",0.000400000000000002,0.2,8.00000000000003e-05,0.160000000000001,0.01,2000,0.5,1,8,0,NA,1795.252,1346,1,0,0.00994437660295031,0,0,1,0,0,560
71,73123,2000,2,"bernoulli","fixed",4e-04,10,0.004,8,0.01,2000,0.5,1,0,0,NA,242.292000000001,2000,0,0,955.934260829314,0,0,1,1,0,561
71,73123,2000,2,"bernoulli","linesearch",4e-04,10,0.004,8,0.01,2000,0.5,1,8,0,NA,879.286,411,1,0,0.00994275744205432,4,4,0,0,0,562
71,73123,2000,2,"bernoulli","fixed",4e-04,5,0.002,4,0.01,2000,0.5,1,0,0,NA,45.7250000000004,68,1,0,0.00946178399282893,0,0,1,1,0,563
71,73123,2000,2,"bernoulli","linesearch",4e-04,5,0.002,4,0.01,2000,0.5,1,8,0,NA,764.914999999999,411,1,0,0.00994275744205432,3,3,0,0,0,564
71,73123,2000,2,"bernoulli","fixed",4e-04,1,4e-04,0.8,0.01,2000,0.5,1,0,0,NA,63.3759999999984,256,1,0,0.00985888871837641,0,0,1,1,0,565
71,73123,2000,2,"bernoulli","linesearch",4e-04,1,4e-04,0.8,0.01,2000,0.5,1,8,0,NA,293.212,256,1,0,0.00985888871837641,0,0,1,0,0,566
71,73123,2000,2,"bernoulli","fixed",4e-04,0.2,8e-05,0.16,0.01,2000,0.5,1,0,0,NA,165.264000000001,1290,1,0,0.00999463621884968,0,0,1,1,0,567
71,73123,2000,2,"bernoulli","linesearch",4e-04,0.2,8e-05,0.16,0.01,2000,0.5,1,8,0,NA,1324.251,1290,1,0,0.00999463621884968,0,0,1,0,0,568
72,74123,2000,2,"bernoulli","fixed",4e-04,10,0.004,8,0.01,2000,0.5,1,0,0,NA,242.336000000001,2000,0,0,952.201078727376,0,0,1,1,0,569
72,74123,2000,2,"bernoulli","linesearch",4e-04,10,0.004,8,0.01,2000,0.5,1,8,0,NA,891.844999999999,409,1,0,0.00992702207238106,4,4,0,0,0,570
72,74123,2000,2,"bernoulli","fixed",4e-04,5,0.002,4,0.01,2000,0.5,1,0,0,NA,42.6999999999989,68,1,0,0.00984431388369844,0,0,1,1,0,571
72,74123,2000,2,"bernoulli","linesearch",4e-04,5,0.002,4,0.01,2000,0.5,1,8,0,NA,782.606,409,1,0,0.00992702207238106,3,3,0,0,0,572
72,74123,2000,2,"bernoulli","fixed",4e-04,1,4e-04,0.8,0.01,2000,0.5,1,0,0,NA,61.9140000000007,255,1,0,0.00977028131410755,0,0,1,1,0,573
72,74123,2000,2,"bernoulli","linesearch",4e-04,1,4e-04,0.8,0.01,2000,0.5,1,8,0,NA,307.921999999999,255,1,0,0.00977028131410755,0,0,1,0,0,574
72,74123,2000,2,"bernoulli","fixed",4e-04,0.2,8e-05,0.16,0.01,2000,0.5,1,0,0,NA,169.531999999999,1284,1,0,0.00996073383254199,0,0,1,1,0,575
72,74123,2000,2,"bernoulli","linesearch",4e-04,0.2,8e-05,0.16,0.01,2000,0.5,1,8,0,NA,1419.688,1284,1,0,0.00996073383254199,0,0,1,0,0,576
73,75123,2000,2,"bernoulli","fixed",4e-04,10,0.004,8,0.01,2000,0.5,1,0,0,NA,233.294,2000,0,0,933.811095627738,0,0,1,1,0,577
73,75123,2000,2,"bernoulli","linesearch",4e-04,10,0.004,8,0.01,2000,0.5,1,8,0,NA,888.251,418,1,0,0.00983369388459081,4,4,0,0,0,578
73,75123,2000,2,"bernoulli","fixed",4e-04,5,0.002,4,0.01,2000,0.5,1,0,0,NA,42.0579999999991,66,1,0,0.00993299448810725,0,0,1,1,0,579
73,75123,2000,2,"bernoulli","linesearch",4e-04,5,0.002,4,0.01,2000,0.5,1,8,0,NA,775.375,418,1,0,0.00983369388459081,3,3,0,0,0,580
73,75123,2000,2,"bernoulli","fixed",4e-04,1,4e-04,0.8,0.01,2000,0.5,1,0,0,NA,60.7919999999995,260,1,0,0.00986335177164567,0,0,1,1,0,581
73,75123,2000,2,"bernoulli","linesearch",4e-04,1,4e-04,0.8,0.01,2000,0.5,1,8,0,NA,303.421,260,1,0,0.00986335177164567,0,0,1,0,0,582
73,75123,2000,2,"bernoulli","fixed",4e-04,0.2,8e-05,0.16,0.01,2000,0.5,1,0,0,NA,161.226000000001,1310,1,0,0.00999629265838826,0,0,1,1,0,583
73,75123,2000,2,"bernoulli","linesearch",4e-04,0.2,8e-05,0.16,0.01,2000,0.5,1,8,0,NA,1450.783,1310,1,0,0.00999629265838826,0,0,1,0,0,584
74,76123,2000,2,"bernoulli","fixed",0.000400000000000002,10,0.00400000000000002,8.00000000000004,0.01,2000,0.5,1,0,0,NA,239.834000000001,2000,0,0,937.332183305895,0,0,1,1,0,585
74,76123,2000,2,"bernoulli","linesearch",0.000400000000000002,10,0.00400000000000002,8.00000000000004,0.01,2000,0.5,1,8,0,NA,919.974,415,1,0,0.00995597188203233,4,4,0,0,0,586
74,76123,2000,2,"bernoulli","fixed",0.000400000000000002,5,0.00200000000000001,4.00000000000002,0.01,2000,0.5,1,0,0,NA,41.9369999999999,66,1,0,0.00983896446500115,0,0,1,1,0,587
74,76123,2000,2,"bernoulli","linesearch",0.000400000000000002,5,0.00200000000000001,4.00000000000002,0.01,2000,0.5,1,8,0,NA,812.136,415,1,0,0.00995597188203233,3,3,0,0,0,588
74,76123,2000,2,"bernoulli","fixed",0.000400000000000002,1,0.000400000000000002,0.800000000000004,0.01,2000,0.5,1,0,0,NA,62.741,259,1,0,0.00973258180462475,0,0,1,1,0,589
74,76123,2000,2,"bernoulli","linesearch",0.000400000000000002,1,0.000400000000000002,0.800000000000004,0.01,2000,0.5,1,8,0,NA,343.313,259,1,0,0.00973258180462475,0,0,1,0,0,590
74,76123,2000,2,"bernoulli","fixed",0.000400000000000002,0.2,8.00000000000004e-05,0.160000000000001,0.01,2000,0.5,1,0,0,NA,170.789000000001,1303,1,0,0.00996949324189309,0,0,1,1,0,591
74,76123,2000,2,"bernoulli","linesearch",0.000400000000000002,0.2,8.00000000000004e-05,0.160000000000001,0.01,2000,0.5,1,8,0,NA,1548.601,1303,1,0,0.00996949324189309,0,0,1,0,0,592
75,77123,2000,2,"bernoulli","fixed",4e-04,10,0.004,8,0.01,2000,0.5,1,0,0,NA,238.690000000001,2000,0,0,932.652574552886,0,0,1,1,0,593
75,77123,2000,2,"bernoulli","linesearch",4e-04,10,0.004,8,0.01,2000,0.5,1,8,0,NA,877.728000000001,400,1,0,0.00986591888977426,4,4,0,0,0,594
75,77123,2000,2,"bernoulli","fixed",4e-04,5,0.002,4,0.01,2000,0.5,1,0,0,NA,44.6260000000002,69,1,0,0.00944112864112723,0,0,1,1,0,595
75,77123,2000,2,"bernoulli","linesearch",4e-04,5,0.002,4,0.01,2000,0.5,1,8,0,NA,763.732,400,1,0,0.00986591888977426,3,3,0,0,0,596
75,77123,2000,2,"bernoulli","fixed",4e-04,1,4e-04,0.8,0.01,2000,0.5,1,0,0,NA,59.732,249,1,0,0.00983446989697026,0,0,1,1,0,597
75,77123,2000,2,"bernoulli","linesearch",4e-04,1,4e-04,0.8,0.01,2000,0.5,1,8,0,NA,299.661999999998,249,1,0,0.00983446989697026,0,0,1,0,0,598
75,77123,2000,2,"bernoulli","fixed",4e-04,0.2,8e-05,0.16,0.01,2000,0.5,1,0,0,NA,156.913999999999,1254,1,0,0.00999998400333227,0,0,1,1,0,599
75,77123,2000,2,"bernoulli","linesearch",4e-04,0.2,8e-05,0.16,0.01,2000,0.5,1,8,0,NA,1385.802,1254,1,0,0.00999998400333227,0,0,1,0,0,600
76,78123,2000,2,"bernoulli","fixed",4e-04,10,0.004,8.00000000000001,0.01,2000,0.5,1,0,0,NA,242.985000000001,2000,0,0,927.446098104359,0,0,1,1,0,601
76,78123,2000,2,"bernoulli","linesearch",4e-04,10,0.004,8.00000000000001,0.01,2000,0.5,1,8,0,NA,879.567999999999,408,1,0,0.00981682483586943,4,4,0,0,0,602
76,78123,2000,2,"bernoulli","fixed",4e-04,5,0.002,4,0.01,2000,0.5,1,0,0,NA,42.8410000000003,68,1,0,0.00955607028742,0,0,1,1,0,603
76,78123,2000,2,"bernoulli","linesearch",4e-04,5,0.002,4,0.01,2000,0.5,1,8,0,NA,760.259999999998,408,1,0,0.00981682483586943,3,3,0,0,0,604
76,78123,2000,2,"bernoulli","fixed",4e-04,1,4e-04,0.800000000000001,0.01,2000,0.5,1,0,0,NA,62.0210000000006,254,1,0,0.00977317201442398,0,0,1,1,0,605
76,78123,2000,2,"bernoulli","linesearch",4e-04,1,4e-04,0.800000000000001,0.01,2000,0.5,1,8,0,NA,296.300999999999,254,1,0,0.00977317201442398,0,0,1,0,0,606
76,78123,2000,2,"bernoulli","fixed",4e-04,0.2,8.00000000000001e-05,0.16,0.01,2000,0.5,1,0,0,NA,162.908000000001,1279,1,0,0.00996507625775141,0,0,1,1,0,607
76,78123,2000,2,"bernoulli","linesearch",4e-04,0.2,8.00000000000001e-05,0.16,0.01,2000,0.5,1,8,0,NA,1363.554,1279,1,0,0.00996507625775141,0,0,1,0,0,608
77,79123,2000,2,"bernoulli","fixed",4e-04,10,0.004,8,0.01,2000,0.5,1,0,0,NA,239.442000000001,2000,0,0,930.51335301566,0,0,1,1,0,609
77,79123,2000,2,"bernoulli","linesearch",4e-04,10,0.004,8,0.01,2000,0.5,1,8,0,NA,889.064,413,1,0,0.00997126199077292,4,4,0,0,0,610
77,79123,2000,2,"bernoulli","fixed",4e-04,5,0.002,4,0.01,2000,0.5,1,0,0,NA,43.4459999999999,67,1,0,0.00983492699775856,0,0,1,1,0,611
77,79123,2000,2,"bernoulli","linesearch",4e-04,5,0.002,4,0.01,2000,0.5,1,8,0,NA,782.627,413,1,0,0.00997126199077292,3,3,0,0,0,612
77,79123,2000,2,"bernoulli","fixed",4e-04,1,4e-04,0.8,0.01,2000,0.5,1,0,0,NA,62.7919999999995,257,1,0,0.00996431108106027,0,0,1,1,0,613
77,79123,2000,2,"bernoulli","linesearch",4e-04,1,4e-04,0.8,0.01,2000,0.5,1,8,0,NA,317.611999999999,257,1,0,0.00996431108106027,0,0,1,0,0,614
77,79123,2000,2,"bernoulli","fixed",4e-04,0.2,8e-05,0.16,0.01,2000,0.5,1,0,0,NA,169.638000000001,1297,1,0,0.00997691625899483,0,0,1,1,0,615
77,79123,2000,2,"bernoulli","linesearch",4e-04,0.2,8e-05,0.16,0.01,2000,0.5,1,8,0,NA,1422.495,1297,1,0,0.00997691625899483,0,0,1,0,0,616
78,80123,2000,2,"bernoulli","fixed",4e-04,10,0.004,8,0.01,2000,0.5,1,0,0,NA,243.066000000001,2000,0,0,955.945583216312,0,0,1,1,0,617
78,80123,2000,2,"bernoulli","linesearch",4e-04,10,0.004,8,0.01,2000,0.5,1,8,0,NA,867.734,403,1,0,0.0098377683227012,4,4,0,0,0,618
78,80123,2000,2,"bernoulli","fixed",4e-04,5,0.002,4,0.01,2000,0.5,1,0,0,NA,42.7549999999992,66,1,0,0.00967103944249992,0,0,1,1,0,619
78,80123,2000,2,"bernoulli","linesearch",4e-04,5,0.002,4,0.01,2000,0.5,1,8,0,NA,765.991,403,1,0,0.0098377683227012,3,3,0,0,0,620
78,80123,2000,2,"bernoulli","fixed",4e-04,1,4e-04,0.8,0.01,2000,0.5,1,0,0,NA,63.2659999999996,251,1,0,0.00976042702675517,0,0,1,1,0,621
78,80123,2000,2,"bernoulli","linesearch",4e-04,1,4e-04,0.8,0.01,2000,0.5,1,8,0,NA,314.889999999999,251,1,0,0.00976042702675517,0,0,1,0,0,622
78,80123,2000,2,"bernoulli","fixed",4e-04,0.2,8e-05,0.16,0.01,2000,0.5,1,0,0,NA,167.622000000001,1264,1,0,0.00994325597231471,0,0,1,1,0,623
78,80123,2000,2,"bernoulli","linesearch",4e-04,0.2,8e-05,0.16,0.01,2000,0.5,1,8,0,NA,1400.906,1264,1,0,0.00994325597231471,0,0,1,0,0,624
79,81123,2000,2,"bernoulli","fixed",4e-04,10,0.004,8.00000000000001,0.01,2000,0.5,1,0,0,NA,247.665000000001,2000,0,0,952.582043687386,0,0,1,1,0,625
79,81123,2000,2,"bernoulli","linesearch",4e-04,10,0.004,8.00000000000001,0.01,2000,0.5,1,8,0,NA,860.761,394,1,0,0.00987294902129385,4,4,0,0,0,626
79,81123,2000,2,"bernoulli","fixed",4e-04,5,0.002,4,0.01,2000,0.5,1,0,0,NA,44.9210000000003,67,1,0,0.00975976532712303,0,0,1,1,0,627
79,81123,2000,2,"bernoulli","linesearch",4e-04,5,0.002,4,0.01,2000,0.5,1,8,0,NA,736.289000000001,394,1,0,0.00987294902129385,3,3,0,0,0,628
79,81123,2000,2,"bernoulli","fixed",4e-04,1,4e-04,0.800000000000001,0.01,2000,0.5,1,0,0,NA,63.3209999999999,245,1,0,0.00992039454287816,0,0,1,1,0,629
79,81123,2000,2,"bernoulli","linesearch",4e-04,1,4e-04,0.800000000000001,0.01,2000,0.5,1,8,0,NA,293.964,245,1,0,0.00992039454287816,0,0,1,0,0,630
79,81123,2000,2,"bernoulli","fixed",4e-04,0.2,8.00000000000001e-05,0.16,0.01,2000,0.5,1,0,0,NA,162.555,1236,1,0,0.00996043665585028,0,0,1,1,0,631
79,81123,2000,2,"bernoulli","linesearch",4e-04,0.2,8.00000000000001e-05,0.16,0.01,2000,0.5,1,8,0,NA,1327.652,1236,1,0,0.00996043665585028,0,0,1,0,0,632
80,82123,2000,2,"bernoulli","fixed",0.000400000000000002,10,0.00400000000000002,8.00000000000004,0.01,2000,0.5,1,0,0,NA,241.741,2000,0,0,926.108036313731,0,0,1,1,0,633
80,82123,2000,2,"bernoulli","linesearch",0.000400000000000002,10,0.00400000000000002,8.00000000000004,0.01,2000,0.5,1,8,0,NA,903.706999999999,413,1,0,0.00996828269235647,4,4,0,0,0,634
80,82123,2000,2,"bernoulli","fixed",0.000400000000000002,5,0.00200000000000001,4.00000000000002,0.01,2000,0.5,1,0,0,NA,44.4830000000002,67,1,0,0.00993825772776774,0,0,1,1,0,635
80,82123,2000,2,"bernoulli","linesearch",0.000400000000000002,5,0.00200000000000001,4.00000000000002,0.01,2000,0.5,1,8,0,NA,793.359,413,1,0,0.00996828269235647,3,3,0,0,0,636
80,82123,2000,2,"bernoulli","fixed",0.000400000000000002,1,0.000400000000000002,0.800000000000004,0.01,2000,0.5,1,0,0,NA,64.4400000000005,257,1,0,0.00996520974405025,0,0,1,1,0,637
80,82123,2000,2,"bernoulli","linesearch",0.000400000000000002,1,0.000400000000000002,0.800000000000004,0.01,2000,0.5,1,8,0,NA,328.548999999999,257,1,0,0.00996520974405025,0,0,1,0,0,638
80,82123,2000,2,"bernoulli","fixed",0.000400000000000002,0.2,8.00000000000004e-05,0.160000000000001,0.01,2000,0.5,1,0,0,NA,166.092999999999,1297,1,0,0.0099696557847912,0,0,1,1,0,639
80,82123,2000,2,"bernoulli","linesearch",0.000400000000000002,0.2,8.00000000000004e-05,0.160000000000001,0.01,2000,0.5,1,8,0,NA,1494.561,1297,1,0,0.0099696557847912,0,0,1,0,0,640
81,83123,2000,2,"bernoulli","fixed",0.000400000000000001,10,0.00400000000000001,8.00000000000002,0.01,2000,0.5,1,0,0,NA,239.013999999999,2000,0,0,929.967339951228,0,0,1,1,0,641
81,83123,2000,2,"bernoulli","linesearch",0.000400000000000001,10,0.00400000000000001,8.00000000000002,0.01,2000,0.5,1,8,0,NA,948.163999999999,421,1,0,0.00983372045454553,4,4,0,0,0,642
81,83123,2000,2,"bernoulli","fixed",0.000400000000000001,5,0.00200000000000001,4.00000000000001,0.01,2000,0.5,1,0,0,NA,43.8850000000002,67,1,0,0.00989073253192596,0,0,1,1,0,643
81,83123,2000,2,"bernoulli","linesearch",0.000400000000000001,5,0.00200000000000001,4.00000000000001,0.01,2000,0.5,1,8,0,NA,839.391000000001,421,1,0,0.00983372045454553,3,3,0,0,0,644
81,83123,2000,2,"bernoulli","fixed",0.000400000000000001,1,0.000400000000000001,0.800000000000002,0.01,2000,0.5,1,0,0,NA,63.2430000000004,262,1,0,0.00982055599683063,0,0,1,1,0,645
81,83123,2000,2,"bernoulli","linesearch",0.000400000000000001,1,0.000400000000000001,0.800000000000002,0.01,2000,0.5,1,8,0,NA,355.950999999999,262,1,0,0.00982055599683063,0,0,1,0,0,646
81,83123,2000,2,"bernoulli","fixed",0.000400000000000001,0.2,8.00000000000003e-05,0.160000000000001,0.01,2000,0.5,1,0,0,NA,164.842999999999,1320,1,0,0.00996532560695768,0,0,1,1,0,647
81,83123,2000,2,"bernoulli","linesearch",0.000400000000000001,0.2,8.00000000000003e-05,0.160000000000001,0.01,2000,0.5,1,8,0,NA,1646.494,1320,1,0,0.00996532560695768,0,0,1,0,0,648
82,84123,2000,2,"bernoulli","fixed",0.000400000000000001,10,0.00400000000000001,8.00000000000002,0.01,2000,0.5,1,0,0,NA,244.021000000001,2000,0,0,967.489562289002,0,0,1,1,0,649
82,84123,2000,2,"bernoulli","linesearch",0.000400000000000001,10,0.00400000000000001,8.00000000000002,0.01,2000,0.5,1,8,0,NA,977.529,436,1,0,0.00991878109304578,4,4,0,0,0,650
82,84123,2000,2,"bernoulli","fixed",0.000400000000000001,5,0.002,4.00000000000001,0.01,2000,0.5,1,0,0,NA,43.3549999999996,67,1,0,0.00981309111021178,0,0,1,1,0,651
82,84123,2000,2,"bernoulli","linesearch",0.000400000000000001,5,0.002,4.00000000000001,0.01,2000,0.5,1,8,0,NA,863.789000000001,436,1,0,0.00991878109304578,3,3,0,0,0,652
82,84123,2000,2,"bernoulli","fixed",0.000400000000000001,1,0.000400000000000001,0.800000000000002,0.01,2000,0.5,1,0,0,NA,63.8169999999991,272,1,0,0.00973604724041943,0,0,1,1,0,653
82,84123,2000,2,"bernoulli","linesearch",0.000400000000000001,1,0.000400000000000001,0.800000000000002,0.01,2000,0.5,1,8,0,NA,359.409,272,1,0,0.00973604724041943,0,0,1,0,0,654
82,84123,2000,2,"bernoulli","fixed",0.000400000000000001,0.2,8.00000000000002e-05,0.16,0.01,2000,0.5,1,0,0,NA,175.004000000001,1368,1,0,0.00997239202544398,0,0,1,1,0,655
82,84123,2000,2,"bernoulli","linesearch",0.000400000000000001,0.2,8.00000000000002e-05,0.16,0.01,2000,0.5,1,8,0,NA,1535.712,1368,1,0,0.00997239202544398,0,0,1,0,0,656
83,85123,2000,2,"bernoulli","fixed",0.000400000000000001,10,0.00400000000000001,8.00000000000002,0.01,2000,0.5,1,0,0,NA,245.021999999999,2000,0,0,948.012353756416,0,0,1,1,0,657
83,85123,2000,2,"bernoulli","linesearch",0.000400000000000001,10,0.00400000000000001,8.00000000000002,0.01,2000,0.5,1,8,0,NA,870.635,409,1,0,0.00987833388900053,4,4,0,0,0,658
83,85123,2000,2,"bernoulli","fixed",0.000400000000000001,5,0.002,4.00000000000001,0.01,2000,0.5,1,0,0,NA,44.8349999999991,67,1,0,0.0096635218920581,0,0,1,1,0,659
83,85123,2000,2,"bernoulli","linesearch",0.000400000000000001,5,0.002,4.00000000000001,0.01,2000,0.5,1,8,0,NA,756.242,409,1,0,0.00987833388900053,3,3,0,0,0,660
83,85123,2000,2,"bernoulli","fixed",0.000400000000000001,1,0.000400000000000001,0.800000000000002,0.01,2000,0.5,1,0,0,NA,60.7779999999984,255,1,0,0.00971890825056188,0,0,1,1,0,661
83,85123,2000,2,"bernoulli","linesearch",0.000400000000000001,1,0.000400000000000001,0.800000000000002,0.01,2000,0.5,1,8,0,NA,286.732,255,1,0,0.00971890825056188,0,0,1,0,0,662
83,85123,2000,2,"bernoulli","fixed",0.000400000000000001,0.2,8.00000000000002e-05,0.16,0.01,2000,0.5,1,0,0,NA,162.030000000001,1283,1,0,0.00997586341131704,0,0,1,1,0,663
83,85123,2000,2,"bernoulli","linesearch",0.000400000000000001,0.2,8.00000000000002e-05,0.16,0.01,2000,0.5,1,8,0,NA,1293.395,1283,1,0,0.00997586341131704,0,0,1,0,0,664
84,86123,2000,2,"bernoulli","fixed",0.000400000000000006,10,0.00400000000000006,8.00000000000013,0.01,2000,0.5,1,0,0,NA,238.684999999999,2000,0,0,968.645010379022,0,0,1,1,0,665
84,86123,2000,2,"bernoulli","linesearch",0.000400000000000006,10,0.00400000000000006,8.00000000000013,0.01,2000,0.5,1,8,0,NA,902.391000000001,414,1,0,0.0099743058159651,4,4,0,0,0,666
84,86123,2000,2,"bernoulli","fixed",0.000400000000000006,5,0.00200000000000003,4.00000000000006,0.01,2000,0.5,1,0,0,NA,43.5719999999983,68,1,0,0.00951450507591095,0,0,1,1,0,667
84,86123,2000,2,"bernoulli","linesearch",0.000400000000000006,5,0.00200000000000003,4.00000000000006,0.01,2000,0.5,1,8,0,NA,793.478000000001,414,1,0,0.0099743058159651,3,3,0,0,0,668
84,86123,2000,2,"bernoulli","fixed",0.000400000000000006,1,0.000400000000000006,0.800000000000013,0.01,2000,0.5,1,0,0,NA,63.3400000000001,258,1,0,0.00985430273058313,0,0,1,1,0,669
84,86123,2000,2,"bernoulli","linesearch",0.000400000000000006,1,0.000400000000000006,0.800000000000013,0.01,2000,0.5,1,8,0,NA,325.513999999999,258,1,0,0.00985430273058313,0,0,1,0,0,670
84,86123,2000,2,"bernoulli","fixed",0.000400000000000006,0.2,8.00000000000013e-05,0.160000000000003,0.01,2000,0.5,1,0,0,NA,163.875,1300,1,0,0.00998671768193178,0,0,1,1,0,671
84,86123,2000,2,"bernoulli","linesearch",0.000400000000000006,0.2,8.00000000000013e-05,0.160000000000003,0.01,2000,0.5,1,8,0,NA,1459.616,1300,1,0,0.00998671768193178,0,0,1,0,0,672
85,87123,2000,2,"bernoulli","fixed",4e-04,10,0.004,8,0.01,2000,0.5,1,0,0,NA,240.928,2000,0,0,935.087555850201,0,0,1,1,0,673
85,87123,2000,2,"bernoulli","linesearch",4e-04,10,0.004,8,0.01,2000,0.5,1,8,0,NA,821.075000000001,387,1,0,0.00987886150218487,4,4,0,0,0,674
85,87123,2000,2,"bernoulli","fixed",4e-04,5,0.002,4,0.01,2000,0.5,1,0,0,NA,43.2039999999997,66,1,0,0.00989775569541196,0,0,1,1,0,675
85,87123,2000,2,"bernoulli","linesearch",4e-04,5,0.002,4,0.01,2000,0.5,1,8,0,NA,714.383,387,1,0,0.00987886150218487,3,3,0,0,0,676
85,87123,2000,2,"bernoulli","fixed",4e-04,1,4e-04,0.8,0.01,2000,0.5,1,0,0,NA,60.5670000000009,241,1,0,0.00981336910248753,0,0,1,1,0,677
85,87123,2000,2,"bernoulli","linesearch",4e-04,1,4e-04,0.8,0.01,2000,0.5,1,8,0,NA,278.432999999999,241,1,0,0.00981336910248753,0,0,1,0,0,678
85,87123,2000,2,"bernoulli","fixed",4e-04,0.2,8e-05,0.16,0.01,2000,0.5,1,0,0,NA,153.832,1214,1,0,0.00997131912055207,0,0,1,1,0,679
85,87123,2000,2,"bernoulli","linesearch",4e-04,0.2,8e-05,0.16,0.01,2000,0.5,1,8,0,NA,1266.754,1214,1,0,0.00997131912055207,0,0,1,0,0,680
86,88123,2000,2,"bernoulli","fixed",0.000400000000000001,10,0.00400000000000001,8.00000000000002,0.01,2000,0.5,1,0,0,NA,243.617,2000,0,0,940.04980480337,0,0,1,1,0,681
86,88123,2000,2,"bernoulli","linesearch",0.000400000000000001,10,0.00400000000000001,8.00000000000002,0.01,2000,0.5,1,8,0,NA,954.715999999999,438,1,0,0.00992068400837112,4,4,0,0,0,682
86,88123,2000,2,"bernoulli","fixed",0.000400000000000001,5,0.00200000000000001,4.00000000000001,0.01,2000,0.5,1,0,0,NA,43.5060000000012,68,1,0,0.00974032349522691,0,0,1,1,0,683
86,88123,2000,2,"bernoulli","linesearch",0.000400000000000001,5,0.00200000000000001,4.00000000000001,0.01,2000,0.5,1,8,0,NA,833.576999999999,438,1,0,0.00992068400837112,3,3,0,0,0,684
86,88123,2000,2,"bernoulli","fixed",0.000400000000000001,1,0.000400000000000001,0.800000000000002,0.01,2000,0.5,1,0,0,NA,63.1579999999994,273,1,0,0.00980176300390473,0,0,1,1,0,685
86,88123,2000,2,"bernoulli","linesearch",0.000400000000000001,1,0.000400000000000001,0.800000000000002,0.01,2000,0.5,1,8,0,NA,349.655999999999,273,1,0,0.00980176300390473,0,0,1,0,0,686
86,88123,2000,2,"bernoulli","fixed",0.000400000000000001,0.2,8.00000000000002e-05,0.16,0.01,2000,0.5,1,0,0,NA,169.817000000001,1374,1,0,0.00999568002929593,0,0,1,1,0,687
86,88123,2000,2,"bernoulli","linesearch",0.000400000000000001,0.2,8.00000000000002e-05,0.16,0.01,2000,0.5,1,8,0,NA,1612.281,1374,1,0,0.00999568002929593,0,0,1,0,0,688
87,89123,2000,2,"bernoulli","fixed",0.000400000000000001,10,0.00400000000000001,8.00000000000002,0.01,2000,0.5,1,0,0,NA,242.021999999999,2000,0,0,957.275185035329,0,0,1,1,0,689
87,89123,2000,2,"bernoulli","linesearch",0.000400000000000001,10,0.00400000000000001,8.00000000000002,0.01,2000,0.5,1,8,0,NA,1052.832,434,1,0,0.00983968256476843,4,4,0,0,0,690
87,89123,2000,2,"bernoulli","fixed",0.000400000000000001,5,0.00200000000000001,4.00000000000001,0.01,2000,0.5,1,0,0,NA,43.7340000000004,66,1,0,0.00950000124320083,0,0,1,1,0,691
87,89123,2000,2,"bernoulli","linesearch",0.000400000000000001,5,0.00200000000000001,4.00000000000001,0.01,2000,0.5,1,8,0,NA,949.928,434,1,0,0.00983968256476843,3,3,0,0,0,692
87,89123,2000,2,"bernoulli","fixed",0.000400000000000001,1,0.000400000000000001,0.800000000000002,0.01,2000,0.5,1,0,0,NA,65.1110000000008,270,1,0,0.00986634179429662,0,0,1,1,0,693
87,89123,2000,2,"bernoulli","linesearch",0.000400000000000001,1,0.000400000000000001,0.800000000000002,0.01,2000,0.5,1,8,0,NA,448.660000000002,270,1,0,0.00986634179429662,0,0,1,0,0,694
87,89123,2000,2,"bernoulli","fixed",0.000400000000000001,0.2,8.00000000000002e-05,0.16,0.01,2000,0.5,1,0,0,NA,166.065000000001,1360,1,0,0.00999897685850321,0,0,1,1,0,695
87,89123,2000,2,"bernoulli","linesearch",0.000400000000000001,0.2,8.00000000000002e-05,0.16,0.01,2000,0.5,1,8,0,NA,1833.065,1360,1,0,0.00999897685850321,0,0,1,0,0,696
88,90123,2000,2,"bernoulli","fixed",4e-04,10,0.004,8,0.01,2000,0.5,1,0,0,NA,230.17,2000,0,0,962.642973781913,0,0,1,1,0,697
88,90123,2000,2,"bernoulli","linesearch",4e-04,10,0.004,8,0.01,2000,0.5,1,8,0,NA,907.68,416,1,0,0.00987342115749234,4,4,0,0,0,698
88,90123,2000,2,"bernoulli","fixed",4e-04,5,0.002,4,0.01,2000,0.5,1,0,0,NA,42.625,68,1,0,0.00944563670062981,0,0,1,1,0,699
88,90123,2000,2,"bernoulli","linesearch",4e-04,5,0.002,4,0.01,2000,0.5,1,8,0,NA,812.499,416,1,0,0.00987342115749234,3,3,0,0,0,700
88,90123,2000,2,"bernoulli","fixed",4e-04,1,4e-04,0.8,0.01,2000,0.5,1,0,0,NA,63.4759999999987,259,1,0,0.00983157400547081,0,0,1,1,0,701
88,90123,2000,2,"bernoulli","linesearch",4e-04,1,4e-04,0.8,0.01,2000,0.5,1,8,0,NA,327.389999999999,259,1,0,0.00983157400547081,0,0,1,0,0,702
88,90123,2000,2,"bernoulli","fixed",4e-04,0.2,8e-05,0.16,0.01,2000,0.5,1,0,0,NA,162.286,1305,1,0,0.00995812145327318,0,0,1,1,0,703
88,90123,2000,2,"bernoulli","linesearch",4e-04,0.2,8e-05,0.16,0.01,2000,0.5,1,8,0,NA,1436.073,1305,1,0,0.00995812145327318,0,0,1,0,0,704
89,91123,2000,2,"bernoulli","fixed",4e-04,10,0.004,8,0.01,2000,0.5,1,0,0,NA,243.392,2000,0,0,958.097668552513,0,0,1,1,0,705
89,91123,2000,2,"bernoulli","linesearch",4e-04,10,0.004,8,0.01,2000,0.5,1,8,0,NA,1017.181,426,1,0,0.00984257514902266,4,4,0,0,0,706
89,91123,2000,2,"bernoulli","fixed",4e-04,5,0.002,4,0.01,2000,0.5,1,0,0,NA,45.005000000001,67,1,0,0.00959192485537053,0,0,1,1,0,707
89,91123,2000,2,"bernoulli","linesearch",4e-04,5,0.002,4,0.01,2000,0.5,1,8,0,NA,903.404,426,1,0,0.00984257514902266,3,3,0,0,0,708
89,91123,2000,2,"bernoulli","fixed",4e-04,1,4e-04,0.8,0.01,2000,0.5,1,0,0,NA,62.3369999999995,265,1,0,0.00986396111151493,0,0,1,1,0,709
89,91123,2000,2,"bernoulli","linesearch",4e-04,1,4e-04,0.8,0.01,2000,0.5,1,8,0,NA,397.041999999999,265,1,0,0.00986396111151493,0,0,1,0,0,710
89,91123,2000,2,"bernoulli","fixed",4e-04,0.2,8e-05,0.16,0.01,2000,0.5,1,0,0,NA,164.945,1336,1,0,0.00995442631056043,0,0,1,1,0,711
89,91123,2000,2,"bernoulli","linesearch",4e-04,0.2,8e-05,0.16,0.01,2000,0.5,1,8,0,NA,1646.502,1336,1,0,0.00995442631056043,0,0,1,0,0,712
90,92123,2000,2,"bernoulli","fixed",4e-04,10,0.004,8,0.01,2000,0.5,1,0,0,NA,241.884,2000,0,0,955.73302582167,0,0,1,1,0,713
90,92123,2000,2,"bernoulli","linesearch",4e-04,10,0.004,8,0.01,2000,0.5,1,8,0,NA,940.771000000001,420,1,0,0.00988031939256998,4,4,0,0,0,714
90,92123,2000,2,"bernoulli","fixed",4e-04,5,0.002,4,0.01,2000,0.5,1,0,0,NA,42.2180000000008,65,1,0,0.00994774038914392,0,0,1,1,0,715
90,92123,2000,2,"bernoulli","linesearch",4e-04,5,0.002,4,0.01,2000,0.5,1,8,0,NA,826.259999999998,420,1,0,0.00988031939256998,3,3,0,0,0,716
90,92123,2000,2,"bernoulli","fixed",4e-04,1,4e-04,0.8,0.01,2000,0.5,1,0,0,NA,64.3339999999989,261,1,0,0.00998244088447608,0,0,1,1,0,717
90,92123,2000,2,"bernoulli","linesearch",4e-04,1,4e-04,0.8,0.01,2000,0.5,1,8,0,NA,334.867,261,1,0,0.00998244088447608,0,0,1,0,0,718
90,92123,2000,2,"bernoulli","fixed",4e-04,0.2,8e-05,0.16,0.01,2000,0.5,1,0,0,NA,165.517,1318,1,0,0.00994359701004585,0,0,1,1,0,719
90,92123,2000,2,"bernoulli","linesearch",4e-04,0.2,8e-05,0.16,0.01,2000,0.5,1,8,0,NA,1487.51,1318,1,0,0.00994359701004585,0,0,1,0,0,720
91,93123,2000,2,"bernoulli","fixed",4e-04,10,0.004,8.00000000000001,0.01,2000,0.5,1,0,0,NA,237.214999999998,2000,0,0,927.82236705911,0,0,1,1,0,721
91,93123,2000,2,"bernoulli","linesearch",4e-04,10,0.004,8.00000000000001,0.01,2000,0.5,1,8,0,NA,881.681,404,1,0,0.00987803802345058,4,4,0,0,0,722
91,93123,2000,2,"bernoulli","fixed",4e-04,5,0.002,4,0.01,2000,0.5,1,0,0,NA,45.0969999999998,69,1,0,0.00941339482800785,0,0,1,1,0,723
91,93123,2000,2,"bernoulli","linesearch",4e-04,5,0.002,4,0.01,2000,0.5,1,8,0,NA,768.419,404,1,0,0.00987803802345058,3,3,0,0,0,724
91,93123,2000,2,"bernoulli","fixed",4e-04,1,4e-04,0.800000000000001,0.01,2000,0.5,1,0,0,NA,61.4549999999999,251,1,0,0.00999680832577649,0,0,1,1,0,725
91,93123,2000,2,"bernoulli","linesearch",4e-04,1,4e-04,0.800000000000001,0.01,2000,0.5,1,8,0,NA,295.462,251,1,0,0.00999680832577649,0,0,1,0,0,726
91,93123,2000,2,"bernoulli","fixed",4e-04,0.2,8.00000000000001e-05,0.16,0.01,2000,0.5,1,0,0,NA,159.119999999999,1267,1,0,0.00998282005237686,0,0,1,1,0,727
91,93123,2000,2,"bernoulli","linesearch",4e-04,0.2,8.00000000000001e-05,0.16,0.01,2000,0.5,1,8,0,NA,1371.761,1267,1,0,0.00998282005237686,0,0,1,0,0,728
92,94123,2000,2,"bernoulli","fixed",4e-04,10,0.004,8.00000000000001,0.01,2000,0.5,1,0,0,NA,238.030999999999,2000,0,0,950.272342368533,0,0,1,1,0,729
92,94123,2000,2,"bernoulli","linesearch",4e-04,10,0.004,8.00000000000001,0.01,2000,0.5,1,8,0,NA,844.281000000001,395,1,0,0.0099058174240887,4,4,0,0,0,730
92,94123,2000,2,"bernoulli","fixed",4e-04,5,0.002,4,0.01,2000,0.5,1,0,0,NA,42.2250000000004,66,1,0,0.00994526828727837,0,0,1,1,0,731
92,94123,2000,2,"bernoulli","linesearch",4e-04,5,0.002,4,0.01,2000,0.5,1,8,0,NA,728.287,395,1,0,0.0099058174240887,3,3,0,0,0,732
92,94123,2000,2,"bernoulli","fixed",4e-04,1,4e-04,0.800000000000001,0.01,2000,0.5,1,0,0,NA,59.1860000000015,246,1,0,0.00983324112249159,0,0,1,1,0,733
92,94123,2000,2,"bernoulli","linesearch",4e-04,1,4e-04,0.800000000000001,0.01,2000,0.5,1,8,0,NA,289.443000000001,246,1,0,0.00983324112249159,0,0,1,0,0,734
92,94123,2000,2,"bernoulli","fixed",4e-04,0.2,8.00000000000001e-05,0.16,0.01,2000,0.5,1,0,0,NA,154.700000000001,1240,1,0,0.00994445871503063,0,0,1,1,0,735
92,94123,2000,2,"bernoulli","linesearch",4e-04,0.2,8.00000000000001e-05,0.16,0.01,2000,0.5,1,8,0,NA,1310.545,1240,1,0,0.00994445871503063,0,0,1,0,0,736
93,95123,2000,2,"bernoulli","fixed",0.000400000000000004,10,0.00400000000000004,8.00000000000008,0.01,2000,0.5,1,0,0,NA,231.313,2000,0,0,962.020590236976,0,0,1,1,0,737
93,95123,2000,2,"bernoulli","linesearch",0.000400000000000004,10,0.00400000000000004,8.00000000000008,0.01,2000,0.5,1,8,0,NA,896.585999999999,420,1,0,0.00994000095185163,4,4,0,0,0,738
93,95123,2000,2,"bernoulli","fixed",0.000400000000000004,5,0.00200000000000002,4.00000000000004,0.01,2000,0.5,1,0,0,NA,41.5499999999993,65,1,0,0.00997133730748662,0,0,1,1,0,739
93,95123,2000,2,"bernoulli","linesearch",0.000400000000000004,5,0.00200000000000002,4.00000000000004,0.01,2000,0.5,1,8,0,NA,788.481,420,1,0,0.00994000095185163,3,3,0,0,0,740
93,95123,2000,2,"bernoulli","fixed",0.000400000000000004,1,0.000400000000000004,0.800000000000008,0.01,2000,0.5,1,0,0,NA,62.9889999999996,262,1,0,0.00974212114403591,0,0,1,1,0,741
93,95123,2000,2,"bernoulli","linesearch",0.000400000000000004,1,0.000400000000000004,0.800000000000008,0.01,2000,0.5,1,8,0,NA,301.976999999999,262,1,0,0.00974212114403591,0,0,1,0,0,742
93,95123,2000,2,"bernoulli","fixed",0.000400000000000004,0.2,8.00000000000008e-05,0.160000000000002,0.01,2000,0.5,1,0,0,NA,161.339,1319,1,0,0.00994238712540027,0,0,1,1,0,743
93,95123,2000,2,"bernoulli","linesearch",0.000400000000000004,0.2,8.00000000000008e-05,0.160000000000002,0.01,2000,0.5,1,8,0,NA,1337.615,1319,1,0,0.00994238712540027,0,0,1,0,0,744
94,96123,2000,2,"bernoulli","fixed",4e-04,10,0.004,8.00000000000001,0.01,2000,0.5,1,0,0,NA,236.662,2000,0,0,955.541288720305,0,0,1,1,0,745
94,96123,2000,2,"bernoulli","linesearch",4e-04,10,0.004,8.00000000000001,0.01,2000,0.5,1,8,0,NA,866.616,385,1,0,0.00991269632344155,4,4,0,0,0,746
94,96123,2000,2,"bernoulli","fixed",4e-04,5,0.002,4,0.01,2000,0.5,1,0,0,NA,44.0670000000009,67,1,0,0.0099592643444058,0,0,1,1,0,747
94,96123,2000,2,"bernoulli","linesearch",4e-04,5,0.002,4,0.01,2000,0.5,1,8,0,NA,749.501,385,1,0,0.00991269632344155,3,3,0,0,0,748
94,96123,2000,2,"bernoulli","fixed",4e-04,1,4e-04,0.800000000000001,0.01,2000,0.5,1,0,0,NA,61.0439999999999,240,1,0,0.00975508478659468,0,0,1,1,0,749
94,96123,2000,2,"bernoulli","linesearch",4e-04,1,4e-04,0.800000000000001,0.01,2000,0.5,1,8,0,NA,296.285,240,1,0,0.00975508478659468,0,0,1,0,0,750
94,96123,2000,2,"bernoulli","fixed",4e-04,0.2,8.00000000000001e-05,0.16,0.01,2000,0.5,1,0,0,NA,155.963,1209,1,0,0.00994038973459441,0,0,1,1,0,751
94,96123,2000,2,"bernoulli","linesearch",4e-04,0.2,8.00000000000001e-05,0.16,0.01,2000,0.5,1,8,0,NA,1283.498,1209,1,0,0.00994038973459441,0,0,1,0,0,752
95,97123,2000,2,"bernoulli","fixed",0.000400000000000001,10,0.00400000000000001,8.00000000000002,0.01,2000,0.5,1,0,0,NA,233.472,2000,0,0,937.3797441578,0,0,1,1,0,753
95,97123,2000,2,"bernoulli","linesearch",0.000400000000000001,10,0.00400000000000001,8.00000000000002,0.01,2000,0.5,1,8,0,NA,912.874,407,1,0,0.00995397531970119,4,4,0,0,0,754
95,97123,2000,2,"bernoulli","fixed",0.000400000000000001,5,0.002,4.00000000000001,0.01,2000,0.5,1,0,0,NA,43.8029999999999,67,1,0,0.00965242183705373,0,0,1,1,0,755
95,97123,2000,2,"bernoulli","linesearch",0.000400000000000001,5,0.002,4.00000000000001,0.01,2000,0.5,1,8,0,NA,797.523999999999,407,1,0,0.00995397531970119,3,3,0,0,0,756
95,97123,2000,2,"bernoulli","fixed",0.000400000000000001,1,0.000400000000000001,0.800000000000002,0.01,2000,0.5,1,0,0,NA,60.5340000000015,254,1,0,0.00972794835914684,0,0,1,1,0,757
95,97123,2000,2,"bernoulli","linesearch",0.000400000000000001,1,0.000400000000000001,0.800000000000002,0.01,2000,0.5,1,8,0,NA,321.114,254,1,0,0.00972794835914684,0,0,1,0,0,758
95,97123,2000,2,"bernoulli","fixed",0.000400000000000001,0.2,8.00000000000002e-05,0.16,0.01,2000,0.5,1,0,0,NA,156.378000000001,1278,1,0,0.00996548865212696,0,0,1,1,0,759
95,97123,2000,2,"bernoulli","linesearch",0.000400000000000001,0.2,8.00000000000002e-05,0.16,0.01,2000,0.5,1,8,0,NA,1403.355,1278,1,0,0.00996548865212696,0,0,1,0,0,760
96,98123,2000,2,"bernoulli","fixed",4e-04,10,0.004,8.00000000000001,0.01,2000,0.5,1,0,0,NA,237.888999999999,2000,0,0,928.463574732033,0,0,1,1,0,761
96,98123,2000,2,"bernoulli","linesearch",4e-04,10,0.004,8.00000000000001,0.01,2000,0.5,1,8,0,NA,903.313,411,1,0,0.00983478671688023,4,4,0,0,0,762
96,98123,2000,2,"bernoulli","fixed",4e-04,5,0.002,4,0.01,2000,0.5,1,0,0,NA,45.7999999999993,68,1,0,0.00995841556488575,0,0,1,1,0,763
96,98123,2000,2,"bernoulli","linesearch",4e-04,5,0.002,4,0.01,2000,0.5,1,8,0,NA,787.709999999999,411,1,0,0.00983478671688023,3,3,0,0,0,764
96,98123,2000,2,"bernoulli","fixed",4e-04,1,4e-04,0.800000000000001,0.01,2000,0.5,1,0,0,NA,59.9060000000009,256,1,0,0.00975550005532944,0,0,1,1,0,765
96,98123,2000,2,"bernoulli","linesearch",4e-04,1,4e-04,0.800000000000001,0.01,2000,0.5,1,8,0,NA,308.008,256,1,0,0.00975550005532944,0,0,1,0,0,766
96,98123,2000,2,"bernoulli","fixed",4e-04,0.2,8.00000000000001e-05,0.16,0.01,2000,0.5,1,0,0,NA,160.752,1289,1,0,0.00994231524620605,0,0,1,1,0,767
96,98123,2000,2,"bernoulli","linesearch",4e-04,0.2,8.00000000000001e-05,0.16,0.01,2000,0.5,1,8,0,NA,1330.257,1289,1,0,0.00994231524620605,0,0,1,0,0,768
97,99123,2000,2,"bernoulli","fixed",0.000400000000000001,10,0.00400000000000001,8.00000000000002,0.01,2000,0.5,1,0,0,NA,243.016,2000,0,0,933.73786397867,0,0,1,1,0,769
97,99123,2000,2,"bernoulli","linesearch",0.000400000000000001,10,0.00400000000000001,8.00000000000002,0.01,2000,0.5,1,8,0,NA,1033.843,446,1,0,0.0099084361484976,4,4,0,0,0,770
97,99123,2000,2,"bernoulli","fixed",0.000400000000000001,5,0.002,4.00000000000001,0.01,2000,0.5,1,0,0,NA,42.2740000000013,66,1,0,0.00999995957044991,0,0,1,1,0,771
97,99123,2000,2,"bernoulli","linesearch",0.000400000000000001,5,0.002,4.00000000000001,0.01,2000,0.5,1,8,0,NA,897.981,446,1,0,0.0099084361484976,3,3,0,0,0,772
97,99123,2000,2,"bernoulli","fixed",0.000400000000000001,1,0.000400000000000001,0.800000000000002,0.01,2000,0.5,1,0,0,NA,62.1790000000001,278,1,0,0.00977901334047099,0,0,1,1,0,773
97,99123,2000,2,"bernoulli","linesearch",0.000400000000000001,1,0.000400000000000001,0.800000000000002,0.01,2000,0.5,1,8,0,NA,372.703000000001,278,1,0,0.00977901334047099,0,0,1,0,0,774
97,99123,2000,2,"bernoulli","fixed",0.000400000000000001,0.2,8.00000000000002e-05,0.16,0.01,2000,0.5,1,0,0,NA,165.009999999998,1399,1,0,0.00999556819796475,0,0,1,1,0,775
97,99123,2000,2,"bernoulli","linesearch",0.000400000000000001,0.2,8.00000000000002e-05,0.16,0.01,2000,0.5,1,8,0,NA,1709.702,1399,1,0,0.00999556819796475,0,0,1,0,0,776
98,100123,2000,2,"bernoulli","fixed",4e-04,10,0.004,8,0.01,2000,0.5,1,0,0,NA,245.439,2000,0,0,956.085569270153,0,0,1,1,0,777
98,100123,2000,2,"bernoulli","linesearch",4e-04,10,0.004,8,0.01,2000,0.5,1,8,0,NA,956.133000000002,423,1,0,0.00989621870339985,4,4,0,0,0,778
98,100123,2000,2,"bernoulli","fixed",4e-04,5,0.002,4,0.01,2000,0.5,1,0,0,NA,42.8310000000001,66,1,0,0.00992009430273766,0,0,1,1,0,779
98,100123,2000,2,"bernoulli","linesearch",4e-04,5,0.002,4,0.01,2000,0.5,1,8,0,NA,827.719000000001,423,1,0,0.00989621870339985,3,3,0,0,0,780
98,100123,2000,2,"bernoulli","fixed",4e-04,1,4e-04,0.8,0.01,2000,0.5,1,0,0,NA,62.0810000000001,263,1,0,0.00996214596992082,0,0,1,1,0,781
98,100123,2000,2,"bernoulli","linesearch",4e-04,1,4e-04,0.8,0.01,2000,0.5,1,8,0,NA,346.084000000001,263,1,0,0.00996214596992082,0,0,1,0,0,782
98,100123,2000,2,"bernoulli","fixed",4e-04,0.2,8e-05,0.16,0.01,2000,0.5,1,0,0,NA,163.829000000002,1327,1,0,0.00997747065212992,0,0,1,1,0,783
98,100123,2000,2,"bernoulli","linesearch",4e-04,0.2,8e-05,0.16,0.01,2000,0.5,1,8,0,NA,1488.39,1327,1,0,0.00997747065212992,0,0,1,0,0,784
99,101123,2000,2,"bernoulli","fixed",4e-04,10,0.004,8,0.01,2000,0.5,1,0,0,NA,235.005999999999,2000,0,0,947.958348103318,0,0,1,1,0,785
99,101123,2000,2,"bernoulli","linesearch",4e-04,10,0.004,8,0.01,2000,0.5,1,8,0,NA,904.834000000001,411,1,0,0.00992648359868865,4,4,0,0,0,786
99,101123,2000,2,"bernoulli","fixed",4e-04,5,0.002,4,0.01,2000,0.5,1,0,0,NA,44.5759999999991,68,1,0,0.00955444453928556,0,0,1,1,0,787
99,101123,2000,2,"bernoulli","linesearch",4e-04,5,0.002,4,0.01,2000,0.5,1,8,0,NA,785.903,411,1,0,0.00992648359868865,3,3,0,0,0,788
99,101123,2000,2,"bernoulli","fixed",4e-04,1,4e-04,0.8,0.01,2000,0.5,1,0,0,NA,59.6270000000004,256,1,0,0.00985564959061233,0,0,1,1,0,789
99,101123,2000,2,"bernoulli","linesearch",4e-04,1,4e-04,0.8,0.01,2000,0.5,1,8,0,NA,307.547,256,1,0,0.00985564959061233,0,0,1,0,0,790
99,101123,2000,2,"bernoulli","fixed",4e-04,0.2,8e-05,0.16,0.01,2000,0.5,1,0,0,NA,157.584000000001,1290,1,0,0.00996467526008414,0,0,1,1,0,791
99,101123,2000,2,"bernoulli","linesearch",4e-04,0.2,8e-05,0.16,0.01,2000,0.5,1,8,0,NA,1345.843,1290,1,0,0.00996467526008414,0,0,1,0,0,792
100,102123,2000,2,"bernoulli","fixed",4e-04,10,0.004,8,0.01,2000,0.5,1,0,0,NA,238.446,2000,0,0,927.686361660299,0,0,1,1,0,793
100,102123,2000,2,"bernoulli","linesearch",4e-04,10,0.004,8,0.01,2000,0.5,1,8,0,NA,1028.026,428,1,0,0.00990975391935797,4,4,0,0,0,794
100,102123,2000,2,"bernoulli","fixed",4e-04,5,0.002,4,0.01,2000,0.5,1,0,0,NA,44.1560000000009,66,1,0,0.00987614784221652,0,0,1,1,0,795
100,102123,2000,2,"bernoulli","linesearch",4e-04,5,0.002,4,0.01,2000,0.5,1,8,0,NA,899.616,428,1,0,0.00990975391935797,3,3,0,0,0,796
100,102123,2000,2,"bernoulli","fixed",4e-04,1,4e-04,0.8,0.01,2000,0.5,1,0,0,NA,61.9000000000015,267,1,0,0.00972230318827576,0,0,1,1,0,797
100,102123,2000,2,"bernoulli","linesearch",4e-04,1,4e-04,0.8,0.01,2000,0.5,1,8,0,NA,391.494999999999,267,1,0,0.00972230318827576,0,0,1,0,0,798
100,102123,2000,2,"bernoulli","fixed",4e-04,0.2,8e-05,0.16,0.01,2000,0.5,1,0,0,NA,161.75,1343,1,0,0.00996567743509331,0,0,1,1,0,799
100,102123,2000,2,"bernoulli","linesearch",4e-04,0.2,8e-05,0.16,0.01,2000,0.5,1,8,0,NA,1709.163,1343,1,0,0.00996567743509331,0,0,1,0,0,800
