"rep","seed","n","k","family","method","eta0","eta_mult","eta_init","eta_times_n","eps_grad","max_gd_steps","beta_ls","c_ls","Rprime","error","error_message","elapsed_sec","num_of_steps","converged","exploded","score_Y_max_abs","bt_mean","bt_max","bt_frac0","bt_frac_hit_cap","ls_fail_frac","record_id"
1,3123,500,2,"bernoulli","fixed",0.00160000000000002,10,0.0160000000000002,8.00000000000012,0.01,2000,0.5,1,0,0,NA,16.078,2000,0,0,231.28852165913,0,0,1,1,0,1
1,3123,500,2,"bernoulli","linesearch",0.00160000000000002,10,0.0160000000000002,8.00000000000012,0.01,2000,0.5,1,7,0,NA,98.998,755,1,0,0.00990461098575899,4,4,0,0,0,2
1,3123,500,2,"bernoulli","fixed",0.00160000000000002,5,0.00800000000000012,4.00000000000006,0.01,2000,0.5,1,0,0,NA,1.15600000000001,96,1,0,0.00976392128939491,0,0,1,1,0,3
1,3123,500,2,"bernoulli","linesearch",0.00160000000000002,5,0.00800000000000012,4.00000000000006,0.01,2000,0.5,1,7,0,NA,83.741,755,1,0,0.00990461098575899,3,3,0,0,0,4
1,3123,500,2,"bernoulli","fixed",0.00160000000000002,1,0.00160000000000002,0.800000000000012,0.01,2000,0.5,1,0,0,NA,3.47499999999999,473,1,0,0.00983443926854707,0,0,1,1,0,5
1,3123,500,2,"bernoulli","linesearch",0.00160000000000002,1,0.00160000000000002,0.800000000000012,0.01,2000,0.5,1,7,0,NA,27.952,473,1,0,0.00983443926854707,0,0,1,0,0,6
1,3123,500,2,"bernoulli","fixed",0.00160000000000002,0.2,0.000320000000000005,0.160000000000002,0.01,2000,0.5,1,0,0,NA,13.16,2000,0,0,0.0361727694611219,0,0,1,1,0,7
1,3123,500,2,"bernoulli","linesearch",0.00160000000000002,0.2,0.000320000000000005,0.160000000000002,0.01,2000,0.5,1,7,0,NA,120.199,2000,0,0,0.0361727694611219,0,0,1,0,0,8
2,4123,500,2,"bernoulli","fixed",0.00160000000000119,10,0.0160000000000119,8.00000000000595,0.01,2000,0.5,1,0,0,NA,16.268,2000,0,0,244.106206517184,0,0,1,1,0,9
2,4123,500,2,"bernoulli","linesearch",0.00160000000000119,10,0.0160000000000119,8.00000000000595,0.01,2000,0.5,1,7,0,NA,92.826,696,1,0,0.00991804256931492,4,4,0,0,0,10
2,4123,500,2,"bernoulli","fixed",0.00160000000000119,5,0.00800000000000595,4.00000000000297,0.01,2000,0.5,1,0,0,NA,1.12299999999999,89,1,0,0.00912076435262921,0,0,1,1,0,11
2,4123,500,2,"bernoulli","linesearch",0.00160000000000119,5,0.00800000000000595,4.00000000000297,0.01,2000,0.5,1,7,0,NA,79.527,696,1,0,0.00991804256931492,3,3,0,0,0,12
2,4123,500,2,"bernoulli","fixed",0.00160000000000119,1,0.00160000000000119,0.800000000000594,0.01,2000,0.5,1,0,0,NA,3.256,436,1,0,0.00984554494163087,0,0,1,1,0,13
2,4123,500,2,"bernoulli","linesearch",0.00160000000000119,1,0.00160000000000119,0.800000000000594,0.01,2000,0.5,1,7,0,NA,26.26,436,1,0,0.00984554494163087,0,0,1,0,0,14
2,4123,500,2,"bernoulli","fixed",0.00160000000000119,0.2,0.000320000000000238,0.160000000000119,0.01,2000,0.5,1,0,0,NA,13.269,2000,0,0,0.0195359231606505,0,0,1,1,0,15
2,4123,500,2,"bernoulli","linesearch",0.00160000000000119,0.2,0.000320000000000238,0.160000000000119,0.01,2000,0.5,1,7,0,NA,117.192,2000,0,0,0.0195359231606505,0,0,1,0,0,16
3,5123,500,2,"bernoulli","fixed",0.00160000000000001,10,0.0160000000000001,8.00000000000003,0.01,2000,0.5,1,0,0,NA,16.3,2000,0,0,251.660923383601,0,0,1,1,0,17
3,5123,500,2,"bernoulli","linesearch",0.00160000000000001,10,0.0160000000000001,8.00000000000003,0.01,2000,0.5,1,7,0,NA,109.249,817,1,0,0.009921593019906,4,4,0,0,0,18
3,5123,500,2,"bernoulli","fixed",0.00160000000000001,5,0.00800000000000003,4.00000000000002,0.01,2000,0.5,1,0,0,NA,1.23399999999999,105,1,0,0.00902217955399462,0,0,1,1,0,19
3,5123,500,2,"bernoulli","linesearch",0.00160000000000001,5,0.00800000000000003,4.00000000000002,0.01,2000,0.5,1,7,0,NA,95.072,817,1,0,0.009921593019906,3,3,0,0,0,20
3,5123,500,2,"bernoulli","fixed",0.00160000000000001,1,0.00160000000000001,0.800000000000003,0.01,2000,0.5,1,0,0,NA,3.923,512,1,0,0.00983840570398853,0,0,1,1,0,21
3,5123,500,2,"bernoulli","linesearch",0.00160000000000001,1,0.00160000000000001,0.800000000000003,0.01,2000,0.5,1,7,0,NA,30.837,512,1,0,0.00983840570398853,0,0,1,0,0,22
3,5123,500,2,"bernoulli","fixed",0.00160000000000001,0.2,0.000320000000000001,0.160000000000001,0.01,2000,0.5,1,0,0,NA,13.446,2000,0,0,0.0953964846129322,0,0,1,1,0,23
3,5123,500,2,"bernoulli","linesearch",0.00160000000000001,0.2,0.000320000000000001,0.160000000000001,0.01,2000,0.5,1,7,0,NA,117.715,2000,0,0,0.0953964846129322,0,0,1,0,0,24
4,6123,500,2,"bernoulli","fixed",0.0016,10,0.016,8.00000000000002,0.01,2000,0.5,1,0,0,NA,16.414,2000,0,0,245.747041108436,0,0,1,1,0,25
4,6123,500,2,"bernoulli","linesearch",0.0016,10,0.016,8.00000000000002,0.01,2000,0.5,1,7,0,NA,138.614,1036,1,0,0.00996918546496305,4,4,0,0,0,26
4,6123,500,2,"bernoulli","fixed",0.0016,5,0.00800000000000002,4.00000000000001,0.01,2000,0.5,1,0,0,NA,1.49299999999999,133,1,0,0.0098400903882126,0,0,1,1,0,27
4,6123,500,2,"bernoulli","linesearch",0.0016,5,0.00800000000000002,4.00000000000001,0.01,2000,0.5,1,7,0,NA,119.637,1036,1,0,0.00996918546496305,3,3,0,0,0,28
4,6123,500,2,"bernoulli","fixed",0.0016,1,0.0016,0.800000000000002,0.01,2000,0.5,1,0,0,NA,4.63999999999999,649,1,0,0.00998043713945697,0,0,1,1,0,29
4,6123,500,2,"bernoulli","linesearch",0.0016,1,0.0016,0.800000000000002,0.01,2000,0.5,1,7,0,NA,38.733,649,1,0,0.00998043713945697,0,0,1,0,0,30
4,6123,500,2,"bernoulli","fixed",0.0016,0.2,0.000320000000000001,0.16,0.01,2000,0.5,1,0,0,NA,13.504,2000,0,0,0.785812616346408,0,0,1,1,0,31
4,6123,500,2,"bernoulli","linesearch",0.0016,0.2,0.000320000000000001,0.16,0.01,2000,0.5,1,7,0,NA,117.11,2000,0,0,0.785812616346408,0,0,1,0,0,32
5,7123,500,2,"bernoulli","fixed",0.00160000000000248,10,0.0160000000000248,8.00000000001242,0.01,2000,0.5,1,0,0,NA,16.019,2000,0,0,229.895483277453,0,0,1,1,0,33
5,7123,500,2,"bernoulli","linesearch",0.00160000000000248,10,0.0160000000000248,8.00000000001242,0.01,2000,0.5,1,7,0,NA,102.388,779,1,0,0.00996301927435278,4,4,0,0,0,34
5,7123,500,2,"bernoulli","fixed",0.00160000000000248,5,0.00800000000001242,4.00000000000621,0.01,2000,0.5,1,0,0,NA,1.164,99,1,0,0.00986451282231268,0,0,1,1,0,35
5,7123,500,2,"bernoulli","linesearch",0.00160000000000248,5,0.00800000000001242,4.00000000000621,0.01,2000,0.5,1,7,0,NA,88.606,779,1,0,0.00996301927435278,3,3,0,0,0,36
5,7123,500,2,"bernoulli","fixed",0.00160000000000248,1,0.00160000000000248,0.800000000001242,0.01,2000,0.5,1,0,0,NA,3.56899999999999,488,1,0,0.00989513737574046,0,0,1,1,0,37
5,7123,500,2,"bernoulli","linesearch",0.00160000000000248,1,0.00160000000000248,0.800000000001242,0.01,2000,0.5,1,7,0,NA,28.885,488,1,0,0.00989513737574046,0,0,1,0,0,38
5,7123,500,2,"bernoulli","fixed",0.00160000000000248,0.2,0.000320000000000497,0.160000000000248,0.01,2000,0.5,1,0,0,NA,13.191,2000,0,0,0.0558524350128303,0,0,1,1,0,39
5,7123,500,2,"bernoulli","linesearch",0.00160000000000248,0.2,0.000320000000000497,0.160000000000248,0.01,2000,0.5,1,7,0,NA,116.672,2000,0,0,0.0558524350128303,0,0,1,0,0,40
6,8123,500,2,"bernoulli","fixed",0.00160000000000007,10,0.0160000000000007,8.00000000000036,0.01,2000,0.5,1,0,0,NA,16.112,2000,0,0,234.846072653722,0,0,1,1,0,41
6,8123,500,2,"bernoulli","linesearch",0.00160000000000007,10,0.0160000000000007,8.00000000000036,0.01,2000,0.5,1,7,0,NA,100.472,760,1,0,0.00997575749221249,4,4,0,0,0,42
6,8123,500,2,"bernoulli","fixed",0.00160000000000007,5,0.00800000000000036,4.00000000000018,0.01,2000,0.5,1,0,0,NA,1.19999999999999,97,1,0,0.00917535563076977,0,0,1,1,0,43
6,8123,500,2,"bernoulli","linesearch",0.00160000000000007,5,0.00800000000000036,4.00000000000018,0.01,2000,0.5,1,7,0,NA,87.118,760,1,0,0.00997575749221249,3,3,0,0,0,44
6,8123,500,2,"bernoulli","fixed",0.00160000000000007,1,0.00160000000000007,0.800000000000036,0.01,2000,0.5,1,0,0,NA,3.54000000000002,476,1,0,0.00989643363875289,0,0,1,1,0,45
6,8123,500,2,"bernoulli","linesearch",0.00160000000000007,1,0.00160000000000007,0.800000000000036,0.01,2000,0.5,1,7,0,NA,28.557,476,1,0,0.00989643363875289,0,0,1,0,0,46
6,8123,500,2,"bernoulli","fixed",0.00160000000000007,0.2,0.000320000000000015,0.160000000000007,0.01,2000,0.5,1,0,0,NA,13.123,2000,0,0,0.0370682185064337,0,0,1,1,0,47
6,8123,500,2,"bernoulli","linesearch",0.00160000000000007,0.2,0.000320000000000015,0.160000000000007,0.01,2000,0.5,1,7,0,NA,117.205,2000,0,0,0.0370682185064337,0,0,1,0,0,48
7,9123,500,2,"bernoulli","fixed",0.0016,10,0.016,8,0.01,2000,0.5,1,0,0,NA,16.033,2000,0,0,231.782320540184,0,0,1,1,0,49
7,9123,500,2,"bernoulli","linesearch",0.0016,10,0.016,8,0.01,2000,0.5,1,7,0,NA,92.514,698,1,0,0.00998525310737042,4,4,0,0,0,50
7,9123,500,2,"bernoulli","fixed",0.0016,5,0.008,4,0.01,2000,0.5,1,0,0,NA,1.13500000000001,89,1,0,0.00909794454983362,0,0,1,1,0,51
7,9123,500,2,"bernoulli","linesearch",0.0016,5,0.008,4,0.01,2000,0.5,1,7,0,NA,80.851,698,1,0,0.00998525310737042,3,3,0,0,0,52
7,9123,500,2,"bernoulli","fixed",0.0016,1,0.0016,0.8,0.01,2000,0.5,1,0,0,NA,3.37200000000001,437,1,0,0.00992555259036555,0,0,1,1,0,53
7,9123,500,2,"bernoulli","linesearch",0.0016,1,0.0016,0.8,0.01,2000,0.5,1,7,0,NA,27.28,437,1,0,0.00992555259036555,0,0,1,0,0,54
7,9123,500,2,"bernoulli","fixed",0.0016,0.2,0.00032,0.16,0.01,2000,0.5,1,0,0,NA,13.827,2000,0,0,0.0206031690190096,0,0,1,1,0,55
7,9123,500,2,"bernoulli","linesearch",0.0016,0.2,0.00032,0.16,0.01,2000,0.5,1,7,0,NA,120.159,2000,0,0,0.0206031690190096,0,0,1,0,0,56
8,10123,500,2,"bernoulli","fixed",0.00160000000000016,10,0.0160000000000016,8.00000000000078,0.01,2000,0.5,1,0,0,NA,16.371,2000,0,0,229.044961160023,0,0,1,1,0,57
8,10123,500,2,"bernoulli","linesearch",0.00160000000000016,10,0.0160000000000016,8.00000000000078,0.01,2000,0.5,1,7,0,NA,94.421,708,1,0,0.00998831583685611,4,4,0,0,0,58
8,10123,500,2,"bernoulli","fixed",0.00160000000000016,5,0.00800000000000078,4.00000000000039,0.01,2000,0.5,1,0,0,NA,1.151,90,1,0,0.00910489302186479,0,0,1,1,0,59
8,10123,500,2,"bernoulli","linesearch",0.00160000000000016,5,0.00800000000000078,4.00000000000039,0.01,2000,0.5,1,7,0,NA,80.675,708,1,0,0.00998831583685611,3,3,0,0,0,60
8,10123,500,2,"bernoulli","fixed",0.00160000000000016,1,0.00160000000000016,0.800000000000078,0.01,2000,0.5,1,0,0,NA,3.39499999999998,443,1,0,0.00995352678560063,0,0,1,1,0,61
8,10123,500,2,"bernoulli","linesearch",0.00160000000000016,1,0.00160000000000016,0.800000000000078,0.01,2000,0.5,1,7,0,NA,26.717,443,1,0,0.00995352678560063,0,0,1,0,0,62
8,10123,500,2,"bernoulli","fixed",0.00160000000000016,0.2,0.000320000000000031,0.160000000000016,0.01,2000,0.5,1,0,0,NA,13.81,2000,0,0,0.0224813109528902,0,0,1,1,0,63
8,10123,500,2,"bernoulli","linesearch",0.00160000000000016,0.2,0.000320000000000031,0.160000000000016,0.01,2000,0.5,1,7,0,NA,120.738,2000,0,0,0.0224813109528902,0,0,1,0,0,64
9,11123,500,2,"bernoulli","fixed",0.00160000000000005,10,0.0160000000000005,8.00000000000023,0.01,2000,0.5,1,0,0,NA,16.503,2000,0,0,252.306883820833,0,0,1,1,0,65
9,11123,500,2,"bernoulli","linesearch",0.00160000000000005,10,0.0160000000000005,8.00000000000023,0.01,2000,0.5,1,7,0,NA,109.624,820,1,0,0.00989936718879783,4,4,0,0,0,66
9,11123,500,2,"bernoulli","fixed",0.00160000000000005,5,0.00800000000000023,4.00000000000011,0.01,2000,0.5,1,0,0,NA,1.262,104,1,0,0.00980418594255755,0,0,1,1,0,67
9,11123,500,2,"bernoulli","linesearch",0.00160000000000005,5,0.00800000000000023,4.00000000000011,0.01,2000,0.5,1,7,0,NA,96.709,820,1,0,0.00989936718879783,3,3,0,0,0,68
9,11123,500,2,"bernoulli","fixed",0.00160000000000005,1,0.00160000000000005,0.800000000000023,0.01,2000,0.5,1,0,0,NA,3.893,513,1,0,0.00993553538633909,0,0,1,1,0,69
9,11123,500,2,"bernoulli","linesearch",0.00160000000000005,1,0.00160000000000005,0.800000000000023,0.01,2000,0.5,1,7,0,NA,32.713,513,1,0,0.00993553538633909,0,0,1,0,0,70
9,11123,500,2,"bernoulli","fixed",0.00160000000000005,0.2,0.000320000000000009,0.160000000000005,0.01,2000,0.5,1,0,0,NA,13.613,2000,0,0,0.0742940433942449,0,0,1,1,0,71
9,11123,500,2,"bernoulli","linesearch",0.00160000000000005,0.2,0.000320000000000009,0.160000000000005,0.01,2000,0.5,1,7,0,NA,123.248,2000,0,0,0.0742940433942449,0,0,1,0,0,72
10,12123,500,2,"bernoulli","fixed",0.00160000000000001,10,0.0160000000000001,8.00000000000003,0.01,2000,0.5,1,0,0,NA,16.547,2000,0,0,229.723163120672,0,0,1,1,0,73
10,12123,500,2,"bernoulli","linesearch",0.00160000000000001,10,0.0160000000000001,8.00000000000003,0.01,2000,0.5,1,7,0,NA,96.12,715,1,0,0.00993027936727298,4,4,0,0,0,74
10,12123,500,2,"bernoulli","fixed",0.00160000000000001,5,0.00800000000000003,4.00000000000002,0.01,2000,0.5,1,0,0,NA,1.13200000000001,90,1,0,0.00977412221135043,0,0,1,1,0,75
10,12123,500,2,"bernoulli","linesearch",0.00160000000000001,5,0.00800000000000003,4.00000000000002,0.01,2000,0.5,1,7,0,NA,82.18,715,1,0,0.00993027936727298,3,3,0,0,0,76
10,12123,500,2,"bernoulli","fixed",0.00160000000000001,1,0.00160000000000001,0.800000000000003,0.01,2000,0.5,1,0,0,NA,3.40800000000002,447,1,0,0.0099592435683985,0,0,1,1,0,77
10,12123,500,2,"bernoulli","linesearch",0.00160000000000001,1,0.00160000000000001,0.800000000000003,0.01,2000,0.5,1,7,0,NA,27.044,447,1,0,0.0099592435683985,0,0,1,0,0,78
10,12123,500,2,"bernoulli","fixed",0.00160000000000001,0.2,0.000320000000000001,0.160000000000001,0.01,2000,0.5,1,0,0,NA,13.136,2000,0,0,0.0247698102024461,0,0,1,1,0,79
10,12123,500,2,"bernoulli","linesearch",0.00160000000000001,0.2,0.000320000000000001,0.160000000000001,0.01,2000,0.5,1,7,0,NA,118.459,2000,0,0,0.0247698102024461,0,0,1,0,0,80
11,13123,500,2,"bernoulli","fixed",0.00160000000000009,10,0.0160000000000009,8.00000000000047,0.01,2000,0.5,1,0,0,NA,16.234,2000,0,0,230.056780989592,0,0,1,1,0,81
11,13123,500,2,"bernoulli","linesearch",0.00160000000000009,10,0.0160000000000009,8.00000000000047,0.01,2000,0.5,1,7,0,NA,96.778,724,1,0,0.00991152926233993,4,4,0,0,0,82
11,13123,500,2,"bernoulli","fixed",0.00160000000000009,5,0.00800000000000047,4.00000000000023,0.01,2000,0.5,1,0,0,NA,1.166,92,1,0,0.00969220929893479,0,0,1,1,0,83
11,13123,500,2,"bernoulli","linesearch",0.00160000000000009,5,0.00800000000000047,4.00000000000023,0.01,2000,0.5,1,7,0,NA,83.198,724,1,0,0.00991152926233993,3,3,0,0,0,84
11,13123,500,2,"bernoulli","fixed",0.00160000000000009,1,0.00160000000000009,0.800000000000047,0.01,2000,0.5,1,0,0,NA,3.50300000000001,453,1,0,0.00994183935024168,0,0,1,1,0,85
11,13123,500,2,"bernoulli","linesearch",0.00160000000000009,1,0.00160000000000009,0.800000000000047,0.01,2000,0.5,1,7,0,NA,27.04,453,1,0,0.00994183935024168,0,0,1,0,0,86
11,13123,500,2,"bernoulli","fixed",0.00160000000000009,0.2,0.000320000000000019,0.160000000000009,0.01,2000,0.5,1,0,0,NA,13.675,2000,0,0,0.0272338454494021,0,0,1,1,0,87
11,13123,500,2,"bernoulli","linesearch",0.00160000000000009,0.2,0.000320000000000019,0.160000000000009,0.01,2000,0.5,1,7,0,NA,118.893,2000,0,0,0.0272338454494021,0,0,1,0,0,88
12,14123,500,2,"bernoulli","fixed",0.00160000000000019,10,0.0160000000000019,8.00000000000096,0.01,2000,0.5,1,0,0,NA,16.296,2000,0,0,240.768693017768,0,0,1,1,0,89
12,14123,500,2,"bernoulli","linesearch",0.00160000000000019,10,0.0160000000000019,8.00000000000096,0.01,2000,0.5,1,7,0,NA,112.226,846,1,0,0.00989078714108668,4,4,0,0,0,90
12,14123,500,2,"bernoulli","fixed",0.00160000000000019,5,0.00800000000000096,4.00000000000048,0.01,2000,0.5,1,0,0,NA,1.26499999999999,108,1,0,0.00973866521757544,0,0,1,1,0,91
12,14123,500,2,"bernoulli","linesearch",0.00160000000000019,5,0.00800000000000096,4.00000000000048,0.01,2000,0.5,1,7,0,NA,97.571,846,1,0,0.00989078714108668,3,3,0,0,0,92
12,14123,500,2,"bernoulli","fixed",0.00160000000000019,1,0.00160000000000019,0.800000000000096,0.01,2000,0.5,1,0,0,NA,4.108,530,1,0,0.00984795026943211,0,0,1,1,0,93
12,14123,500,2,"bernoulli","linesearch",0.00160000000000019,1,0.00160000000000019,0.800000000000096,0.01,2000,0.5,1,7,0,NA,32.122,530,1,0,0.00984795026943211,0,0,1,0,0,94
12,14123,500,2,"bernoulli","fixed",0.00160000000000019,0.2,0.000320000000000039,0.160000000000019,0.01,2000,0.5,1,0,0,NA,13.392,2000,0,0,0.107636370137457,0,0,1,1,0,95
12,14123,500,2,"bernoulli","linesearch",0.00160000000000019,0.2,0.000320000000000039,0.160000000000019,0.01,2000,0.5,1,7,0,NA,118.228,2000,0,0,0.107636370137457,0,0,1,0,0,96
13,15123,500,2,"bernoulli","fixed",0.0016,10,0.016,8.00000000000001,0.01,2000,0.5,1,0,0,NA,16.147,2000,0,0,231.399060132766,0,0,1,1,0,97
13,15123,500,2,"bernoulli","linesearch",0.0016,10,0.016,8.00000000000001,0.01,2000,0.5,1,7,0,NA,108.379,822,1,0,0.00994884934569731,4,4,0,0,0,98
13,15123,500,2,"bernoulli","fixed",0.0016,5,0.00800000000000001,4,0.01,2000,0.5,1,0,0,NA,1.24600000000001,105,1,0,0.009526907335925,0,0,1,1,0,99
13,15123,500,2,"bernoulli","linesearch",0.0016,5,0.00800000000000001,4,0.01,2000,0.5,1,7,0,NA,93.333,822,1,0,0.00994884934569731,3,3,0,0,0,100
13,15123,500,2,"bernoulli","fixed",0.0016,1,0.0016,0.800000000000001,0.01,2000,0.5,1,0,0,NA,3.85700000000003,515,1,0,0.00988120370836939,0,0,1,1,0,101
13,15123,500,2,"bernoulli","linesearch",0.0016,1,0.0016,0.800000000000001,0.01,2000,0.5,1,7,0,NA,31.01,515,1,0,0.00988120370836939,0,0,1,0,0,102
13,15123,500,2,"bernoulli","fixed",0.0016,0.2,0.00032,0.16,0.01,2000,0.5,1,0,0,NA,13.398,2000,0,0,0.0827553352893338,0,0,1,1,0,103
13,15123,500,2,"bernoulli","linesearch",0.0016,0.2,0.00032,0.16,0.01,2000,0.5,1,7,0,NA,116.827,2000,0,0,0.0827553352893338,0,0,1,0,0,104
14,16123,500,2,"bernoulli","fixed",0.0016,10,0.016,8.00000000000002,0.01,2000,0.5,1,0,0,NA,15.81,2000,0,0,231.376386683216,0,0,1,1,0,105
14,16123,500,2,"bernoulli","linesearch",0.0016,10,0.016,8.00000000000002,0.01,2000,0.5,1,7,0,NA,104.673,792,1,0,0.00996979890856831,4,4,0,0,0,106
14,16123,500,2,"bernoulli","fixed",0.0016,5,0.00800000000000002,4.00000000000001,0.01,2000,0.5,1,0,0,NA,1.21599999999999,102,1,0,0.00945002355195716,0,0,1,1,0,107
14,16123,500,2,"bernoulli","linesearch",0.0016,5,0.00800000000000002,4.00000000000001,0.01,2000,0.5,1,7,0,NA,89.476,792,1,0,0.00996979890856831,3,3,0,0,0,108
14,16123,500,2,"bernoulli","fixed",0.0016,1,0.0016,0.800000000000002,0.01,2000,0.5,1,0,0,NA,3.649,496,1,0,0.00997364351106819,0,0,1,1,0,109
14,16123,500,2,"bernoulli","linesearch",0.0016,1,0.0016,0.800000000000002,0.01,2000,0.5,1,7,0,NA,29.596,496,1,0,0.00997364351106819,0,0,1,0,0,110
14,16123,500,2,"bernoulli","fixed",0.0016,0.2,0.000320000000000001,0.16,0.01,2000,0.5,1,0,0,NA,13.223,2000,0,0,0.0560754374864252,0,0,1,1,0,111
14,16123,500,2,"bernoulli","linesearch",0.0016,0.2,0.000320000000000001,0.16,0.01,2000,0.5,1,7,0,NA,115.642,2000,0,0,0.0560754374864252,0,0,1,0,0,112
15,17123,500,2,"bernoulli","fixed",0.0016,10,0.016,8.00000000000002,0.01,2000,0.5,1,0,0,NA,15.718,2000,0,0,238.434879512331,0,0,1,1,0,113
15,17123,500,2,"bernoulli","linesearch",0.0016,10,0.016,8.00000000000002,0.01,2000,0.5,1,7,0,NA,109.886,831,1,0,0.00994381687156709,4,4,0,0,0,114
15,17123,500,2,"bernoulli","fixed",0.0016,5,0.00800000000000002,4.00000000000001,0.01,2000,0.5,1,0,0,NA,1.23699999999999,106,1,0,0.00960745342994263,0,0,1,1,0,115
15,17123,500,2,"bernoulli","linesearch",0.0016,5,0.00800000000000002,4.00000000000001,0.01,2000,0.5,1,7,0,NA,94.767,831,1,0,0.00994381687156709,3,3,0,0,0,116
15,17123,500,2,"bernoulli","fixed",0.0016,1,0.0016,0.800000000000002,0.01,2000,0.5,1,0,0,NA,3.87899999999999,520,1,0,0.00999225099552603,0,0,1,1,0,117
15,17123,500,2,"bernoulli","linesearch",0.0016,1,0.0016,0.800000000000002,0.01,2000,0.5,1,7,0,NA,31.745,520,1,0,0.00999225099552603,0,0,1,0,0,118
15,17123,500,2,"bernoulli","fixed",0.0016,0.2,0.000320000000000001,0.16,0.01,2000,0.5,1,0,0,NA,13.353,2000,0,0,0.103046029549829,0,0,1,1,0,119
15,17123,500,2,"bernoulli","linesearch",0.0016,0.2,0.000320000000000001,0.16,0.01,2000,0.5,1,7,0,NA,116.122,2000,0,0,0.103046029549829,0,0,1,0,0,120
16,18123,500,2,"bernoulli","fixed",0.00160000000000001,10,0.0160000000000001,8.00000000000007,0.01,2000,0.5,1,0,0,NA,15.937,2000,0,0,231.540965434553,0,0,1,1,0,121
16,18123,500,2,"bernoulli","linesearch",0.00160000000000001,10,0.0160000000000001,8.00000000000007,0.01,2000,0.5,1,7,0,NA,94.13,710,1,0,0.0099968002473564,4,4,0,0,0,122
16,18123,500,2,"bernoulli","fixed",0.00160000000000001,5,0.00800000000000007,4.00000000000004,0.01,2000,0.5,1,0,0,NA,1.13199999999999,90,1,0,0.00958311517496033,0,0,1,1,0,123
16,18123,500,2,"bernoulli","linesearch",0.00160000000000001,5,0.00800000000000007,4.00000000000004,0.01,2000,0.5,1,7,0,NA,80.717,710,1,0,0.0099968002473564,3,3,0,0,0,124
16,18123,500,2,"bernoulli","fixed",0.00160000000000001,1,0.00160000000000001,0.800000000000007,0.01,2000,0.5,1,0,0,NA,3.38300000000001,445,1,0,0.00982924731472526,0,0,1,1,0,125
16,18123,500,2,"bernoulli","linesearch",0.00160000000000001,1,0.00160000000000001,0.800000000000007,0.01,2000,0.5,1,7,0,NA,26.361,445,1,0,0.00982924731472526,0,0,1,0,0,126
16,18123,500,2,"bernoulli","fixed",0.00160000000000001,0.2,0.000320000000000003,0.160000000000001,0.01,2000,0.5,1,0,0,NA,12.969,2000,0,0,0.0248644550294694,0,0,1,1,0,127
16,18123,500,2,"bernoulli","linesearch",0.00160000000000001,0.2,0.000320000000000003,0.160000000000001,0.01,2000,0.5,1,7,0,NA,116.831,2000,0,0,0.0248644550294694,0,0,1,0,0,128
17,19123,500,2,"bernoulli","fixed",0.00160000000000061,10,0.0160000000000061,8.00000000000307,0.01,2000,0.5,1,0,0,NA,15.811,2000,0,0,230.642711031755,0,0,1,1,0,129
17,19123,500,2,"bernoulli","linesearch",0.00160000000000061,10,0.0160000000000061,8.00000000000307,0.01,2000,0.5,1,7,0,NA,98.287,748,1,0,0.00996534368965689,4,4,0,0,0,130
17,19123,500,2,"bernoulli","fixed",0.00160000000000061,5,0.00800000000000307,4.00000000000153,0.01,2000,0.5,1,0,0,NA,1.161,96,1,0,0.00914423858360783,0,0,1,1,0,131
17,19123,500,2,"bernoulli","linesearch",0.00160000000000061,5,0.00800000000000307,4.00000000000153,0.01,2000,0.5,1,7,0,NA,84.957,748,1,0,0.00996534368965689,3,3,0,0,0,132
17,19123,500,2,"bernoulli","fixed",0.00160000000000061,1,0.00160000000000061,0.800000000000307,0.01,2000,0.5,1,0,0,NA,3.57000000000002,469,1,0,0.00983523884586456,0,0,1,1,0,133
17,19123,500,2,"bernoulli","linesearch",0.00160000000000061,1,0.00160000000000061,0.800000000000307,0.01,2000,0.5,1,7,0,NA,28.204,469,1,0,0.00983523884586456,0,0,1,0,0,134
17,19123,500,2,"bernoulli","fixed",0.00160000000000061,0.2,0.000320000000000123,0.160000000000061,0.01,2000,0.5,1,0,0,NA,13.293,2000,0,0,0.0356304988399595,0,0,1,1,0,135
17,19123,500,2,"bernoulli","linesearch",0.00160000000000061,0.2,0.000320000000000123,0.160000000000061,0.01,2000,0.5,1,7,0,NA,119.224,2000,0,0,0.0356304988399595,0,0,1,0,0,136
18,20123,500,2,"bernoulli","fixed",0.0016,10,0.016,8.00000000000001,0.01,2000,0.5,1,0,0,NA,15.848,2000,0,0,236.577380184046,0,0,1,1,0,137
18,20123,500,2,"bernoulli","linesearch",0.0016,10,0.016,8.00000000000001,0.01,2000,0.5,1,7,0,NA,95.711,736,1,0,0.00995704596136587,4,4,0,0,0,138
18,20123,500,2,"bernoulli","fixed",0.0016,5,0.00800000000000001,4,0.01,2000,0.5,1,0,0,NA,1.146,94,1,0,0.00921016358460303,0,0,1,1,0,139
18,20123,500,2,"bernoulli","linesearch",0.0016,5,0.00800000000000001,4,0.01,2000,0.5,1,7,0,NA,83.18,736,1,0,0.00995704596136587,3,3,0,0,0,140
18,20123,500,2,"bernoulli","fixed",0.0016,1,0.0016,0.800000000000001,0.01,2000,0.5,1,0,0,NA,3.48400000000001,461,1,0,0.00988075985920678,0,0,1,1,0,141
18,20123,500,2,"bernoulli","linesearch",0.0016,1,0.0016,0.800000000000001,0.01,2000,0.5,1,7,0,NA,27.36,461,1,0,0.00988075985920678,0,0,1,0,0,142
18,20123,500,2,"bernoulli","fixed",0.0016,0.2,0.00032,0.16,0.01,2000,0.5,1,0,0,NA,13.276,2000,0,0,0.03690048845506,0,0,1,1,0,143
18,20123,500,2,"bernoulli","linesearch",0.0016,0.2,0.00032,0.16,0.01,2000,0.5,1,7,0,NA,116.399,2000,0,0,0.03690048845506,0,0,1,0,0,144
19,21123,500,2,"bernoulli","fixed",0.00160000000000058,10,0.0160000000000058,8.00000000000288,0.01,2000,0.5,1,0,0,NA,16.109,2000,0,0,228.287195853896,0,0,1,1,0,145
19,21123,500,2,"bernoulli","linesearch",0.00160000000000058,10,0.0160000000000058,8.00000000000288,0.01,2000,0.5,1,7,0,NA,100.429,757,1,0,0.00997854917495727,4,4,0,0,0,146
19,21123,500,2,"bernoulli","fixed",0.00160000000000058,5,0.00800000000000288,4.00000000000144,0.01,2000,0.5,1,0,0,NA,1.2,96,1,0,0.0093806514525494,0,0,1,1,0,147
19,21123,500,2,"bernoulli","linesearch",0.00160000000000058,5,0.00800000000000288,4.00000000000144,0.01,2000,0.5,1,7,0,NA,86.266,757,1,0,0.00997854917495727,3,3,0,0,0,148
19,21123,500,2,"bernoulli","fixed",0.00160000000000058,1,0.00160000000000058,0.800000000000288,0.01,2000,0.5,1,0,0,NA,3.52000000000001,474,1,0,0.0098905995217891,0,0,1,1,0,149
19,21123,500,2,"bernoulli","linesearch",0.00160000000000058,1,0.00160000000000058,0.800000000000288,0.01,2000,0.5,1,7,0,NA,28.372,474,1,0,0.0098905995217891,0,0,1,0,0,150
19,21123,500,2,"bernoulli","fixed",0.00160000000000058,0.2,0.000320000000000115,0.160000000000058,0.01,2000,0.5,1,0,0,NA,12.923,2000,0,0,0.0381554189348744,0,0,1,1,0,151
19,21123,500,2,"bernoulli","linesearch",0.00160000000000058,0.2,0.000320000000000115,0.160000000000058,0.01,2000,0.5,1,7,0,NA,117.551,2000,0,0,0.0381554189348744,0,0,1,0,0,152
20,22123,500,2,"bernoulli","fixed",0.00160000000000001,10,0.0160000000000001,8.00000000000004,0.01,2000,0.5,1,0,0,NA,16.003,2000,0,0,228.055149230336,0,0,1,1,0,153
20,22123,500,2,"bernoulli","linesearch",0.00160000000000001,10,0.0160000000000001,8.00000000000004,0.01,2000,0.5,1,7,0,NA,98.131,746,1,0,0.00994444055779861,4,4,0,0,0,154
20,22123,500,2,"bernoulli","fixed",0.00160000000000001,5,0.00800000000000005,4.00000000000002,0.01,2000,0.5,1,0,0,NA,1.152,95,1,0,0.00930103282171874,0,0,1,1,0,155
20,22123,500,2,"bernoulli","linesearch",0.00160000000000001,5,0.00800000000000005,4.00000000000002,0.01,2000,0.5,1,7,0,NA,84.37,746,1,0,0.00994444055779861,3,3,0,0,0,156
20,22123,500,2,"bernoulli","fixed",0.00160000000000001,1,0.00160000000000001,0.800000000000005,0.01,2000,0.5,1,0,0,NA,3.59899999999999,467,1,0,0.0099042708114821,0,0,1,1,0,157
20,22123,500,2,"bernoulli","linesearch",0.00160000000000001,1,0.00160000000000001,0.800000000000005,0.01,2000,0.5,1,7,0,NA,28.003,467,1,0,0.0099042708114821,0,0,1,0,0,158
20,22123,500,2,"bernoulli","fixed",0.00160000000000001,0.2,0.000320000000000002,0.160000000000001,0.01,2000,0.5,1,0,0,NA,12.952,2000,0,0,0.0329320705688854,0,0,1,1,0,159
20,22123,500,2,"bernoulli","linesearch",0.00160000000000001,0.2,0.000320000000000002,0.160000000000001,0.01,2000,0.5,1,7,0,NA,115.538,2000,0,0,0.0329320705688854,0,0,1,0,0,160
21,23123,500,2,"bernoulli","fixed",0.00160000000000001,10,0.0160000000000001,8.00000000000004,0.01,2000,0.5,1,0,0,NA,16.093,2000,0,0,242.378225823728,0,0,1,1,0,161
21,23123,500,2,"bernoulli","linesearch",0.00160000000000001,10,0.0160000000000001,8.00000000000004,0.01,2000,0.5,1,7,0,NA,97.481,733,1,0,0.00995014188516784,4,4,0,0,0,162
21,23123,500,2,"bernoulli","fixed",0.00160000000000001,5,0.00800000000000004,4.00000000000002,0.01,2000,0.5,1,0,0,NA,1.152,93,1,0,0.00978766095055168,0,0,1,1,0,163
21,23123,500,2,"bernoulli","linesearch",0.00160000000000001,5,0.00800000000000004,4.00000000000002,0.01,2000,0.5,1,7,0,NA,83.09,733,1,0,0.00995014188516784,3,3,0,0,0,164
21,23123,500,2,"bernoulli","fixed",0.00160000000000001,1,0.00160000000000001,0.800000000000004,0.01,2000,0.5,1,0,0,NA,3.44399999999999,459,1,0,0.00990034230585737,0,0,1,1,0,165
21,23123,500,2,"bernoulli","linesearch",0.00160000000000001,1,0.00160000000000001,0.800000000000004,0.01,2000,0.5,1,7,0,NA,27.809,459,1,0,0.00990034230585737,0,0,1,0,0,166
21,23123,500,2,"bernoulli","fixed",0.00160000000000001,0.2,0.000320000000000001,0.160000000000001,0.01,2000,0.5,1,0,0,NA,13.525,2000,0,0,0.0322671179580654,0,0,1,1,0,167
21,23123,500,2,"bernoulli","linesearch",0.00160000000000001,0.2,0.000320000000000001,0.160000000000001,0.01,2000,0.5,1,7,0,NA,117.824,2000,0,0,0.0322671179580654,0,0,1,0,0,168
22,24123,500,2,"bernoulli","fixed",0.00160000000000002,10,0.0160000000000002,8.00000000000011,0.01,2000,0.5,1,0,0,NA,16.138,2000,0,0,228.585557741841,0,0,1,1,0,169
22,24123,500,2,"bernoulli","linesearch",0.00160000000000002,10,0.0160000000000002,8.00000000000011,0.01,2000,0.5,1,7,0,NA,103.044,776,1,0,0.00988933977287085,4,4,0,0,0,170
22,24123,500,2,"bernoulli","fixed",0.00160000000000002,5,0.00800000000000011,4.00000000000006,0.01,2000,0.5,1,0,0,NA,1.217,98,1,0,0.00991727595888819,0,0,1,1,0,171
22,24123,500,2,"bernoulli","linesearch",0.00160000000000002,5,0.00800000000000011,4.00000000000006,0.01,2000,0.5,1,7,0,NA,89.921,776,1,0,0.00988933977287085,3,3,0,0,0,172
22,24123,500,2,"bernoulli","fixed",0.00160000000000002,1,0.00160000000000002,0.800000000000011,0.01,2000,0.5,1,0,0,NA,3.63299999999998,485,1,0,0.0099859901903753,0,0,1,1,0,173
22,24123,500,2,"bernoulli","linesearch",0.00160000000000002,1,0.00160000000000002,0.800000000000011,0.01,2000,0.5,1,7,0,NA,29.2,485,1,0,0.0099859901903753,0,0,1,0,0,174
22,24123,500,2,"bernoulli","fixed",0.00160000000000002,0.2,0.000320000000000004,0.160000000000002,0.01,2000,0.5,1,0,0,NA,13.27,2000,0,0,0.0458816369937985,0,0,1,1,0,175
22,24123,500,2,"bernoulli","linesearch",0.00160000000000002,0.2,0.000320000000000004,0.160000000000002,0.01,2000,0.5,1,7,0,NA,118.268,2000,0,0,0.0458816369937985,0,0,1,0,0,176
23,25123,500,2,"bernoulli","fixed",0.00160000000000007,10,0.0160000000000007,8.00000000000034,0.01,2000,0.5,1,0,0,NA,15.934,2000,0,0,247.125820693068,0,0,1,1,0,177
23,25123,500,2,"bernoulli","linesearch",0.00160000000000007,10,0.0160000000000007,8.00000000000034,0.01,2000,0.5,1,7,0,NA,95.881,730,1,0,0.0099656130428758,4,4,0,0,0,178
23,25123,500,2,"bernoulli","fixed",0.00160000000000007,5,0.00800000000000034,4.00000000000017,0.01,2000,0.5,1,0,0,NA,1.146,93,1,0,0.00912987558054552,0,0,1,1,0,179
23,25123,500,2,"bernoulli","linesearch",0.00160000000000007,5,0.00800000000000034,4.00000000000017,0.01,2000,0.5,1,7,0,NA,84.161,730,1,0,0.0099656130428758,3,3,0,0,0,180
23,25123,500,2,"bernoulli","fixed",0.00160000000000007,1,0.00160000000000007,0.800000000000034,0.01,2000,0.5,1,0,0,NA,3.471,457,1,0,0.00990941048188784,0,0,1,1,0,181
23,25123,500,2,"bernoulli","linesearch",0.00160000000000007,1,0.00160000000000007,0.800000000000034,0.01,2000,0.5,1,7,0,NA,27.225,457,1,0,0.00990941048188784,0,0,1,0,0,182
23,25123,500,2,"bernoulli","fixed",0.00160000000000007,0.2,0.000320000000000014,0.160000000000007,0.01,2000,0.5,1,0,0,NA,13.039,2000,0,0,0.030407120496395,0,0,1,1,0,183
23,25123,500,2,"bernoulli","linesearch",0.00160000000000007,0.2,0.000320000000000014,0.160000000000007,0.01,2000,0.5,1,7,0,NA,117.904,2000,0,0,0.030407120496395,0,0,1,0,0,184
24,26123,500,2,"bernoulli","fixed",0.00160000000000038,10,0.0160000000000038,8.0000000000019,0.01,2000,0.5,1,0,0,NA,16.327,2000,0,0,232.765523995681,0,0,1,1,0,185
24,26123,500,2,"bernoulli","linesearch",0.00160000000000038,10,0.0160000000000038,8.0000000000019,0.01,2000,0.5,1,7,0,NA,125.687,940,1,0,0.00991379850714258,4,4,0,0,0,186
24,26123,500,2,"bernoulli","fixed",0.00160000000000038,5,0.0080000000000019,4.00000000000095,0.01,2000,0.5,1,0,0,NA,1.39099999999999,121,1,0,0.00924442237125853,0,0,1,1,0,187
24,26123,500,2,"bernoulli","linesearch",0.00160000000000038,5,0.0080000000000019,4.00000000000095,0.01,2000,0.5,1,7,0,NA,108.98,940,1,0,0.00991379850714258,3,3,0,0,0,188
24,26123,500,2,"bernoulli","fixed",0.00160000000000038,1,0.00160000000000038,0.80000000000019,0.01,2000,0.5,1,0,0,NA,4.26900000000001,589,1,0,0.0098771098499537,0,0,1,1,0,189
24,26123,500,2,"bernoulli","linesearch",0.00160000000000038,1,0.00160000000000038,0.80000000000019,0.01,2000,0.5,1,7,0,NA,35.0940000000001,589,1,0,0.0098771098499537,0,0,1,0,0,190
24,26123,500,2,"bernoulli","fixed",0.00160000000000038,0.2,0.000320000000000076,0.160000000000038,0.01,2000,0.5,1,0,0,NA,13.135,2000,0,0,0.357295774685627,0,0,1,1,0,191
24,26123,500,2,"bernoulli","linesearch",0.00160000000000038,0.2,0.000320000000000076,0.160000000000038,0.01,2000,0.5,1,7,0,NA,113.642,2000,0,0,0.357295774685627,0,0,1,0,0,192
25,27123,500,2,"bernoulli","fixed",0.0016000000000001,10,0.016000000000001,8.00000000000051,0.01,2000,0.5,1,0,0,NA,16.198,2000,0,0,237.947658184909,0,0,1,1,0,193
25,27123,500,2,"bernoulli","linesearch",0.0016000000000001,10,0.016000000000001,8.00000000000051,0.01,2000,0.5,1,7,0,NA,126.726,951,1,0,0.00989236692916501,4,4,0,0,0,194
25,27123,500,2,"bernoulli","fixed",0.0016000000000001,5,0.00800000000000051,4.00000000000026,0.01,2000,0.5,1,0,0,NA,1.36600000000001,122,1,0,0.00935672594617229,0,0,1,1,0,195
25,27123,500,2,"bernoulli","linesearch",0.0016000000000001,5,0.00800000000000051,4.00000000000026,0.01,2000,0.5,1,7,0,NA,109.819,951,1,0,0.00989236692916501,3,3,0,0,0,196
25,27123,500,2,"bernoulli","fixed",0.0016000000000001,1,0.0016000000000001,0.800000000000051,0.01,2000,0.5,1,0,0,NA,4.35599999999999,595,1,0,0.00999881866725431,0,0,1,1,0,197
25,27123,500,2,"bernoulli","linesearch",0.0016000000000001,1,0.0016000000000001,0.800000000000051,0.01,2000,0.5,1,7,0,NA,35.306,595,1,0,0.00999881866725431,0,0,1,0,0,198
25,27123,500,2,"bernoulli","fixed",0.0016000000000001,0.2,0.000320000000000021,0.16000000000001,0.01,2000,0.5,1,0,0,NA,13.078,2000,0,0,0.419579661181481,0,0,1,1,0,199
25,27123,500,2,"bernoulli","linesearch",0.0016000000000001,0.2,0.000320000000000021,0.16000000000001,0.01,2000,0.5,1,7,0,NA,116.937,2000,0,0,0.419579661181481,0,0,1,0,0,200
26,28123,500,2,"bernoulli","fixed",0.0016,10,0.016,8.00000000000002,0.01,2000,0.5,1,0,0,NA,13.17,2000,0,0,238.003307527175,0,0,1,1,0,201
26,28123,500,2,"bernoulli","linesearch",0.0016,10,0.016,8.00000000000002,0.01,2000,0.5,1,7,0,NA,101.718,793,1,0,0.0099727991226356,4,4,0,0,0,202
26,28123,500,2,"bernoulli","fixed",0.0016,5,0.00800000000000002,4.00000000000001,0.01,2000,0.5,1,0,0,NA,1.18700000000001,101,1,0,0.009207882701327,0,0,1,1,0,203
26,28123,500,2,"bernoulli","linesearch",0.0016,5,0.00800000000000002,4.00000000000001,0.01,2000,0.5,1,7,0,NA,88.0070000000001,793,1,0,0.0099727991226356,3,3,0,0,0,204
26,28123,500,2,"bernoulli","fixed",0.0016,1,0.0016,0.800000000000002,0.01,2000,0.5,1,0,0,NA,3.61900000000003,496,1,0,0.00999909151588851,0,0,1,1,0,205
26,28123,500,2,"bernoulli","linesearch",0.0016,1,0.0016,0.800000000000002,0.01,2000,0.5,1,7,0,NA,30.215,496,1,0,0.00999909151588851,0,0,1,0,0,206
26,28123,500,2,"bernoulli","fixed",0.0016,0.2,0.000320000000000001,0.16,0.01,2000,0.5,1,0,0,NA,13.3,2000,0,0,0.0513260546466263,0,0,1,1,0,207
26,28123,500,2,"bernoulli","linesearch",0.0016,0.2,0.000320000000000001,0.16,0.01,2000,0.5,1,7,0,NA,121.699,2000,0,0,0.0513260546466263,0,0,1,0,0,208
27,29123,500,2,"bernoulli","fixed",0.00160000000000015,10,0.0160000000000015,8.00000000000076,0.01,2000,0.5,1,0,0,NA,13.518,2000,0,0,251.510928601053,0,0,1,1,0,209
27,29123,500,2,"bernoulli","linesearch",0.00160000000000015,10,0.0160000000000015,8.00000000000076,0.01,2000,0.5,1,7,0,NA,100.703,763,1,0,0.00988795448675589,4,4,0,0,0,210
27,29123,500,2,"bernoulli","fixed",0.00160000000000015,5,0.00800000000000076,4.00000000000038,0.01,2000,0.5,1,0,0,NA,1.15700000000004,97,1,0,0.00994649542376344,0,0,1,1,0,211
27,29123,500,2,"bernoulli","linesearch",0.00160000000000015,5,0.00800000000000076,4.00000000000038,0.01,2000,0.5,1,7,0,NA,87.178,763,1,0,0.00988795448675589,3,3,0,0,0,212
27,29123,500,2,"bernoulli","fixed",0.00160000000000015,1,0.00160000000000015,0.800000000000076,0.01,2000,0.5,1,0,0,NA,3.59500000000003,478,1,0,0.00983652462811024,0,0,1,1,0,213
27,29123,500,2,"bernoulli","linesearch",0.00160000000000015,1,0.00160000000000015,0.800000000000076,0.01,2000,0.5,1,7,0,NA,29.925,478,1,0,0.00983652462811024,0,0,1,0,0,214
27,29123,500,2,"bernoulli","fixed",0.00160000000000015,0.2,0.000320000000000031,0.160000000000015,0.01,2000,0.5,1,0,0,NA,13.0029999999999,2000,0,0,0.0417733475623573,0,0,1,1,0,215
27,29123,500,2,"bernoulli","linesearch",0.00160000000000015,0.2,0.000320000000000031,0.160000000000015,0.01,2000,0.5,1,7,0,NA,117.56,2000,0,0,0.0417733475623573,0,0,1,0,0,216
28,30123,500,2,"bernoulli","fixed",0.0016000000000001,10,0.016000000000001,8.0000000000005,0.01,2000,0.5,1,0,0,NA,14.014,2000,0,0,231.038760943862,0,0,1,1,0,217
28,30123,500,2,"bernoulli","linesearch",0.0016000000000001,10,0.016000000000001,8.0000000000005,0.01,2000,0.5,1,7,0,NA,105.352,767,1,0,0.00992037574752854,4,4,0,0,0,218
28,30123,500,2,"bernoulli","fixed",0.0016000000000001,5,0.0080000000000005,4.00000000000025,0.01,2000,0.5,1,0,0,NA,1.22800000000001,98,1,0,0.00928807389223567,0,0,1,1,0,219
28,30123,500,2,"bernoulli","linesearch",0.0016000000000001,5,0.0080000000000005,4.00000000000025,0.01,2000,0.5,1,7,0,NA,91.116,767,1,0,0.00992037574752854,3,3,0,0,0,220
28,30123,500,2,"bernoulli","fixed",0.0016000000000001,1,0.0016000000000001,0.80000000000005,0.01,2000,0.5,1,0,0,NA,3.70299999999997,480,1,0,0.00993813939585962,0,0,1,1,0,221
28,30123,500,2,"bernoulli","linesearch",0.0016000000000001,1,0.0016000000000001,0.80000000000005,0.01,2000,0.5,1,7,0,NA,30.8639999999999,480,1,0,0.00993813939585962,0,0,1,0,0,222
28,30123,500,2,"bernoulli","fixed",0.0016000000000001,0.2,0.00032000000000002,0.16000000000001,0.01,2000,0.5,1,0,0,NA,13.596,2000,0,0,0.0396569423445466,0,0,1,1,0,223
28,30123,500,2,"bernoulli","linesearch",0.0016000000000001,0.2,0.00032000000000002,0.16000000000001,0.01,2000,0.5,1,7,0,NA,122.953,2000,0,0,0.0396569423445466,0,0,1,0,0,224
29,31123,500,2,"bernoulli","fixed",0.00160000000000008,10,0.0160000000000008,8.00000000000039,0.01,2000,0.5,1,0,0,NA,13.396,2000,0,0,228.355477051741,0,0,1,1,0,225
29,31123,500,2,"bernoulli","linesearch",0.00160000000000008,10,0.0160000000000008,8.00000000000039,0.01,2000,0.5,1,7,0,NA,107.144,821,1,0,0.00998305296035723,4,4,0,0,0,226
29,31123,500,2,"bernoulli","fixed",0.00160000000000008,5,0.00800000000000039,4.00000000000019,0.01,2000,0.5,1,0,0,NA,1.214,105,1,0,0.00918697287275069,0,0,1,1,0,227
29,31123,500,2,"bernoulli","linesearch",0.00160000000000008,5,0.00800000000000039,4.00000000000019,0.01,2000,0.5,1,7,0,NA,92.095,821,1,0,0.00998305296035723,3,3,0,0,0,228
29,31123,500,2,"bernoulli","fixed",0.00160000000000008,1,0.00160000000000008,0.800000000000039,0.01,2000,0.5,1,0,0,NA,3.75800000000004,514,1,0,0.00996084240517771,0,0,1,1,0,229
29,31123,500,2,"bernoulli","linesearch",0.00160000000000008,1,0.00160000000000008,0.800000000000039,0.01,2000,0.5,1,7,0,NA,30.498,514,1,0,0.00996084240517771,0,0,1,0,0,230
29,31123,500,2,"bernoulli","fixed",0.00160000000000008,0.2,0.000320000000000016,0.160000000000008,0.01,2000,0.5,1,0,0,NA,12.939,2000,0,0,0.0757204515017655,0,0,1,1,0,231
29,31123,500,2,"bernoulli","linesearch",0.00160000000000008,0.2,0.000320000000000016,0.160000000000008,0.01,2000,0.5,1,7,0,NA,116.35,2000,0,0,0.0757204515017655,0,0,1,0,0,232
30,32123,500,2,"bernoulli","fixed",0.00160000000000008,10,0.0160000000000008,8.0000000000004,0.01,2000,0.5,1,0,0,NA,14.0839999999999,2000,0,0,238.974205106299,0,0,1,1,0,233
30,32123,500,2,"bernoulli","linesearch",0.00160000000000008,10,0.0160000000000008,8.0000000000004,0.01,2000,0.5,1,7,0,NA,101.309,768,1,0,0.00998521626075209,4,4,0,0,0,234
30,32123,500,2,"bernoulli","fixed",0.00160000000000008,5,0.0080000000000004,4.0000000000002,0.01,2000,0.5,1,0,0,NA,1.18400000000003,98,1,0,0.00975136549273557,0,0,1,1,0,235
30,32123,500,2,"bernoulli","linesearch",0.00160000000000008,5,0.0080000000000004,4.0000000000002,0.01,2000,0.5,1,7,0,NA,88.107,768,1,0,0.00998521626075209,3,3,0,0,0,236
30,32123,500,2,"bernoulli","fixed",0.00160000000000008,1,0.00160000000000008,0.800000000000039,0.01,2000,0.5,1,0,0,NA,3.71699999999998,481,1,0,0.00997035595615409,0,0,1,1,0,237
30,32123,500,2,"bernoulli","linesearch",0.00160000000000008,1,0.00160000000000008,0.800000000000039,0.01,2000,0.5,1,7,0,NA,29.4119999999999,481,1,0,0.00997035595615409,0,0,1,0,0,238
30,32123,500,2,"bernoulli","fixed",0.00160000000000008,0.2,0.000320000000000016,0.160000000000008,0.01,2000,0.5,1,0,0,NA,13.303,2000,0,0,0.0370664397104082,0,0,1,1,0,239
30,32123,500,2,"bernoulli","linesearch",0.00160000000000008,0.2,0.000320000000000016,0.160000000000008,0.01,2000,0.5,1,7,0,NA,118.457,2000,0,0,0.0370664397104082,0,0,1,0,0,240
31,33123,500,2,"bernoulli","fixed",0.0016,10,0.016,8,0.01,2000,0.5,1,0,0,NA,14.092,2000,0,0,233.548677125002,0,0,1,1,0,241
31,33123,500,2,"bernoulli","linesearch",0.0016,10,0.016,8,0.01,2000,0.5,1,7,0,NA,111.646,836,1,0,0.00999315306438286,4,4,0,0,0,242
31,33123,500,2,"bernoulli","fixed",0.0016,5,0.008,4,0.01,2000,0.5,1,0,0,NA,1.23599999999999,106,1,0,0.0097519776379304,0,0,1,1,0,243
31,33123,500,2,"bernoulli","linesearch",0.0016,5,0.008,4,0.01,2000,0.5,1,7,0,NA,96.03,836,1,0,0.00999315306438286,3,3,0,0,0,244
31,33123,500,2,"bernoulli","fixed",0.0016,1,0.0016,0.8,0.01,2000,0.5,1,0,0,NA,3.86300000000006,524,1,0,0.00981848202087926,0,0,1,1,0,245
31,33123,500,2,"bernoulli","linesearch",0.0016,1,0.0016,0.8,0.01,2000,0.5,1,7,0,NA,31.794,524,1,0,0.00981848202087926,0,0,1,0,0,246
31,33123,500,2,"bernoulli","fixed",0.0016,0.2,0.00032,0.16,0.01,2000,0.5,1,0,0,NA,13.184,2000,0,0,0.118440673462421,0,0,1,1,0,247
31,33123,500,2,"bernoulli","linesearch",0.0016,0.2,0.00032,0.16,0.01,2000,0.5,1,7,0,NA,118.927,2000,0,0,0.118440673462421,0,0,1,0,0,248
32,34123,500,2,"bernoulli","fixed",0.00160000000000001,10,0.0160000000000001,8.00000000000007,0.01,2000,0.5,1,0,0,NA,13.542,2000,0,0,237.740674247995,0,0,1,1,0,249
32,34123,500,2,"bernoulli","linesearch",0.00160000000000001,10,0.0160000000000001,8.00000000000007,0.01,2000,0.5,1,7,0,NA,134.216,1004,1,0,0.00991572028406837,4,4,0,0,0,250
32,34123,500,2,"bernoulli","fixed",0.00160000000000001,5,0.00800000000000007,4.00000000000004,0.01,2000,0.5,1,0,0,NA,1.39800000000002,128,1,0,0.00980891807829183,0,0,1,1,0,251
32,34123,500,2,"bernoulli","linesearch",0.00160000000000001,5,0.00800000000000007,4.00000000000004,0.01,2000,0.5,1,7,0,NA,121.691,1004,1,0,0.00991572028406837,3,3,0,0,0,252
32,34123,500,2,"bernoulli","fixed",0.00160000000000001,1,0.00160000000000001,0.800000000000007,0.01,2000,0.5,1,0,0,NA,4.68600000000004,629,1,0,0.00985035241473113,0,0,1,1,0,253
32,34123,500,2,"bernoulli","linesearch",0.00160000000000001,1,0.00160000000000001,0.800000000000007,0.01,2000,0.5,1,7,0,NA,40.297,629,1,0,0.00985035241473113,0,0,1,0,0,254
32,34123,500,2,"bernoulli","fixed",0.00160000000000001,0.2,0.000320000000000003,0.160000000000001,0.01,2000,0.5,1,0,0,NA,13.5569999999999,2000,0,0,0.415686467425026,0,0,1,1,0,255
32,34123,500,2,"bernoulli","linesearch",0.00160000000000001,0.2,0.000320000000000003,0.160000000000001,0.01,2000,0.5,1,7,0,NA,124.304,2000,0,0,0.415686467425026,0,0,1,0,0,256
33,35123,500,2,"bernoulli","fixed",0.0016,10,0.016,8,0.01,2000,0.5,1,0,0,NA,13.51,2000,0,0,231.953213329967,0,0,1,1,0,257
33,35123,500,2,"bernoulli","linesearch",0.0016,10,0.016,8,0.01,2000,0.5,1,7,0,NA,111.342,852,1,0,0.00993394519033691,4,4,0,0,0,258
33,35123,500,2,"bernoulli","fixed",0.0016,5,0.008,4,0.01,2000,0.5,1,0,0,NA,1.25100000000003,109,1,0,0.00924360638094154,0,0,1,1,0,259
33,35123,500,2,"bernoulli","linesearch",0.0016,5,0.008,4,0.01,2000,0.5,1,7,0,NA,97.226,852,1,0,0.00993394519033691,3,3,0,0,0,260
33,35123,500,2,"bernoulli","fixed",0.0016,1,0.0016,0.8,0.01,2000,0.5,1,0,0,NA,3.89700000000005,533,1,0,0.00999188856695385,0,0,1,1,0,261
33,35123,500,2,"bernoulli","linesearch",0.0016,1,0.0016,0.8,0.01,2000,0.5,1,7,0,NA,32.297,533,1,0,0.00999188856695385,0,0,1,0,0,262
33,35123,500,2,"bernoulli","fixed",0.0016,0.2,0.00032,0.16,0.01,2000,0.5,1,0,0,NA,13.366,2000,0,0,0.0927411438812306,0,0,1,1,0,263
33,35123,500,2,"bernoulli","linesearch",0.0016,0.2,0.00032,0.16,0.01,2000,0.5,1,7,0,NA,125.118,2000,0,0,0.0927411438812306,0,0,1,0,0,264
34,36123,500,2,"bernoulli","fixed",0.00160000000000001,10,0.0160000000000001,8.00000000000006,0.01,2000,0.5,1,0,0,NA,13.397,2000,0,0,227.101933283221,0,0,1,1,0,265
34,36123,500,2,"bernoulli","linesearch",0.00160000000000001,10,0.0160000000000001,8.00000000000006,0.01,2000,0.5,1,7,0,NA,100.46,763,1,0,0.00991258827465764,4,4,0,0,0,266
34,36123,500,2,"bernoulli","fixed",0.00160000000000001,5,0.00800000000000006,4.00000000000003,0.01,2000,0.5,1,0,0,NA,1.17900000000003,97,1,0,0.00925045944860106,0,0,1,1,0,267
34,36123,500,2,"bernoulli","linesearch",0.00160000000000001,5,0.00800000000000006,4.00000000000003,0.01,2000,0.5,1,7,0,NA,86.194,763,1,0,0.00991258827465764,3,3,0,0,0,268
34,36123,500,2,"bernoulli","fixed",0.00160000000000001,1,0.00160000000000001,0.800000000000006,0.01,2000,0.5,1,0,0,NA,3.56099999999992,477,1,0,0.00998861264618942,0,0,1,1,0,269
34,36123,500,2,"bernoulli","linesearch",0.00160000000000001,1,0.00160000000000001,0.800000000000006,0.01,2000,0.5,1,7,0,NA,29.086,477,1,0,0.00998861264618942,0,0,1,0,0,270
34,36123,500,2,"bernoulli","fixed",0.00160000000000001,0.2,0.000320000000000002,0.160000000000001,0.01,2000,0.5,1,0,0,NA,13.414,2000,0,0,0.0451042889662894,0,0,1,1,0,271
34,36123,500,2,"bernoulli","linesearch",0.00160000000000001,0.2,0.000320000000000002,0.160000000000001,0.01,2000,0.5,1,7,0,NA,121.279,2000,0,0,0.0451042889662894,0,0,1,0,0,272
35,37123,500,2,"bernoulli","fixed",0.00160000000000003,10,0.0160000000000003,8.00000000000013,0.01,2000,0.5,1,0,0,NA,13.678,2000,0,0,234.157417228007,0,0,1,1,0,273
35,37123,500,2,"bernoulli","linesearch",0.00160000000000003,10,0.0160000000000003,8.00000000000013,0.01,2000,0.5,1,7,0,NA,129.684,968,1,0,0.00996349404763525,4,4,0,0,0,274
35,37123,500,2,"bernoulli","fixed",0.00160000000000003,5,0.00800000000000013,4.00000000000006,0.01,2000,0.5,1,0,0,NA,1.34300000000002,124,1,0,0.0095872885981898,0,0,1,1,0,275
35,37123,500,2,"bernoulli","linesearch",0.00160000000000003,5,0.00800000000000013,4.00000000000006,0.01,2000,0.5,1,7,0,NA,111.483,968,1,0,0.00996349404763525,3,3,0,0,0,276
35,37123,500,2,"bernoulli","fixed",0.00160000000000003,1,0.00160000000000003,0.800000000000013,0.01,2000,0.5,1,0,0,NA,4.47299999999996,607,1,0,0.00981311408507596,0,0,1,1,0,277
35,37123,500,2,"bernoulli","linesearch",0.00160000000000003,1,0.00160000000000003,0.800000000000013,0.01,2000,0.5,1,7,0,NA,36.654,607,1,0,0.00981311408507596,0,0,1,0,0,278
35,37123,500,2,"bernoulli","fixed",0.00160000000000003,0.2,0.000320000000000005,0.160000000000003,0.01,2000,0.5,1,0,0,NA,13.4870000000001,2000,0,0,0.506517750456178,0,0,1,1,0,279
35,37123,500,2,"bernoulli","linesearch",0.00160000000000003,0.2,0.000320000000000005,0.160000000000003,0.01,2000,0.5,1,7,0,NA,116.803,2000,0,0,0.506517750456178,0,0,1,0,0,280
36,38123,500,2,"bernoulli","fixed",0.00160000000000038,10,0.0160000000000038,8.0000000000019,0.01,2000,0.5,1,0,0,NA,13.978,2000,0,0,228.606418350238,0,0,1,1,0,281
36,38123,500,2,"bernoulli","linesearch",0.00160000000000038,10,0.0160000000000038,8.0000000000019,0.01,2000,0.5,1,7,0,NA,107.54,821,1,0,0.00990344679544425,4,4,0,0,0,282
36,38123,500,2,"bernoulli","fixed",0.00160000000000038,5,0.0080000000000019,4.00000000000095,0.01,2000,0.5,1,0,0,NA,1.24200000000002,105,1,0,0.00966456678616279,0,0,1,1,0,283
36,38123,500,2,"bernoulli","linesearch",0.00160000000000038,5,0.0080000000000019,4.00000000000095,0.01,2000,0.5,1,7,0,NA,92.6969999999999,821,1,0,0.00990344679544425,3,3,0,0,0,284
36,38123,500,2,"bernoulli","fixed",0.00160000000000038,1,0.00160000000000038,0.80000000000019,0.01,2000,0.5,1,0,0,NA,3.74399999999991,514,1,0,0.00992429159438618,0,0,1,1,0,285
36,38123,500,2,"bernoulli","linesearch",0.00160000000000038,1,0.00160000000000038,0.80000000000019,0.01,2000,0.5,1,7,0,NA,30.418,514,1,0,0.00992429159438618,0,0,1,0,0,286
36,38123,500,2,"bernoulli","fixed",0.00160000000000038,0.2,0.000320000000000076,0.160000000000038,0.01,2000,0.5,1,0,0,NA,13.503,2000,0,0,0.0657385348690622,0,0,1,1,0,287
36,38123,500,2,"bernoulli","linesearch",0.00160000000000038,0.2,0.000320000000000076,0.160000000000038,0.01,2000,0.5,1,7,0,NA,117.659,2000,0,0,0.0657385348690622,0,0,1,0,0,288
37,39123,500,2,"bernoulli","fixed",0.0016000000000001,10,0.016000000000001,8.0000000000005,0.01,2000,0.5,1,0,0,NA,13.576,2000,0,0,233.722688833978,0,0,1,1,0,289
37,39123,500,2,"bernoulli","linesearch",0.0016000000000001,10,0.016000000000001,8.0000000000005,0.01,2000,0.5,1,7,0,NA,91.523,680,1,0,0.00993858987705969,4,4,0,0,0,290
37,39123,500,2,"bernoulli","fixed",0.0016000000000001,5,0.0080000000000005,4.00000000000025,0.01,2000,0.5,1,0,0,NA,1.11099999999999,86,1,0,0.00979547012817102,0,0,1,1,0,291
37,39123,500,2,"bernoulli","linesearch",0.0016000000000001,5,0.0080000000000005,4.00000000000025,0.01,2000,0.5,1,7,0,NA,78.672,680,1,0,0.00993858987705969,3,3,0,0,0,292
37,39123,500,2,"bernoulli","fixed",0.0016000000000001,1,0.0016000000000001,0.80000000000005,0.01,2000,0.5,1,0,0,NA,3.27499999999998,426,1,0,0.00981912077412177,0,0,1,1,0,293
37,39123,500,2,"bernoulli","linesearch",0.0016000000000001,1,0.0016000000000001,0.80000000000005,0.01,2000,0.5,1,7,0,NA,28.163,426,1,0,0.00981912077412177,0,0,1,0,0,294
37,39123,500,2,"bernoulli","fixed",0.0016000000000001,0.2,0.00032000000000002,0.16000000000001,0.01,2000,0.5,1,0,0,NA,13.3680000000001,2000,0,0,0.0167321769800114,0,0,1,1,0,295
37,39123,500,2,"bernoulli","linesearch",0.0016000000000001,0.2,0.00032000000000002,0.16000000000001,0.01,2000,0.5,1,7,0,NA,121.766,2000,0,0,0.0167321769800114,0,0,1,0,0,296
38,40123,500,2,"bernoulli","fixed",0.00160000000000004,10,0.0160000000000004,8.0000000000002,0.01,2000,0.5,1,0,0,NA,13.296,2000,0,0,229.602763465334,0,0,1,1,0,297
38,40123,500,2,"bernoulli","linesearch",0.00160000000000004,10,0.0160000000000004,8.0000000000002,0.01,2000,0.5,1,7,0,NA,98.04,749,1,0,0.00994829686850612,4,4,0,0,0,298
38,40123,500,2,"bernoulli","fixed",0.00160000000000004,5,0.0080000000000002,4.0000000000001,0.01,2000,0.5,1,0,0,NA,1.166,96,1,0,0.00897418519280851,0,0,1,1,0,299
38,40123,500,2,"bernoulli","linesearch",0.00160000000000004,5,0.0080000000000002,4.0000000000001,0.01,2000,0.5,1,7,0,NA,85.157,749,1,0,0.00994829686850612,3,3,0,0,0,300
38,40123,500,2,"bernoulli","fixed",0.00160000000000004,1,0.00160000000000004,0.80000000000002,0.01,2000,0.5,1,0,0,NA,3.56100000000004,469,1,0,0.00991648971988729,0,0,1,1,0,301
38,40123,500,2,"bernoulli","linesearch",0.00160000000000004,1,0.00160000000000004,0.80000000000002,0.01,2000,0.5,1,7,0,NA,28.295,469,1,0,0.00991648971988729,0,0,1,0,0,302
38,40123,500,2,"bernoulli","fixed",0.00160000000000004,0.2,0.000320000000000008,0.160000000000004,0.01,2000,0.5,1,0,0,NA,13.0309999999999,2000,0,0,0.0381376596013598,0,0,1,1,0,303
38,40123,500,2,"bernoulli","linesearch",0.00160000000000004,0.2,0.000320000000000008,0.160000000000004,0.01,2000,0.5,1,7,0,NA,116.406,2000,0,0,0.0381376596013598,0,0,1,0,0,304
39,41123,500,2,"bernoulli","fixed",0.0016,10,0.016,8,0.01,2000,0.5,1,0,0,NA,13.3680000000001,2000,0,0,238.268315682187,0,0,1,1,0,305
39,41123,500,2,"bernoulli","linesearch",0.0016,10,0.016,8,0.01,2000,0.5,1,7,0,NA,136.439,1037,1,0,0.00999242969326991,4,4,0,0,0,306
39,41123,500,2,"bernoulli","fixed",0.0016,5,0.008,4,0.01,2000,0.5,1,0,0,NA,1.38300000000004,133,1,0,0.00910262956142818,0,0,1,1,0,307
39,41123,500,2,"bernoulli","linesearch",0.0016,5,0.008,4,0.01,2000,0.5,1,7,0,NA,118.708,1037,1,0,0.00999242969326991,3,3,0,0,0,308
39,41123,500,2,"bernoulli","fixed",0.0016,1,0.0016,0.8,0.01,2000,0.5,1,0,0,NA,4.59199999999998,650,1,0,0.00985677446292335,0,0,1,1,0,309
39,41123,500,2,"bernoulli","linesearch",0.0016,1,0.0016,0.8,0.01,2000,0.5,1,7,0,NA,36.724,650,1,0,0.00985677446292335,0,0,1,0,0,310
39,41123,500,2,"bernoulli","fixed",0.0016,0.2,0.00032,0.16,0.01,2000,0.5,1,0,0,NA,12.836,2000,0,0,0.91258697729058,0,0,1,1,0,311
39,41123,500,2,"bernoulli","linesearch",0.0016,0.2,0.00032,0.16,0.01,2000,0.5,1,7,0,NA,112.788,2000,0,0,0.91258697729058,0,0,1,0,0,312
40,42123,500,2,"bernoulli","fixed",0.00160000000000015,10,0.0160000000000015,8.00000000000074,0.01,2000,0.5,1,0,0,NA,13.419,2000,0,0,245.49054439981,0,0,1,1,0,313
40,42123,500,2,"bernoulli","linesearch",0.00160000000000015,10,0.0160000000000015,8.00000000000074,0.01,2000,0.5,1,7,0,NA,99.97,767,1,0,0.00988784921382707,4,4,0,0,0,314
40,42123,500,2,"bernoulli","fixed",0.00160000000000015,5,0.00800000000000074,4.00000000000037,0.01,2000,0.5,1,0,0,NA,1.14499999999998,98,1,0,0.0094739371517526,0,0,1,1,0,315
40,42123,500,2,"bernoulli","linesearch",0.00160000000000015,5,0.00800000000000074,4.00000000000037,0.01,2000,0.5,1,7,0,NA,87.0520000000001,767,1,0,0.00988784921382707,3,3,0,0,0,316
40,42123,500,2,"bernoulli","fixed",0.00160000000000015,1,0.00160000000000015,0.800000000000074,0.01,2000,0.5,1,0,0,NA,3.51600000000008,480,1,0,0.00993365227339071,0,0,1,1,0,317
40,42123,500,2,"bernoulli","linesearch",0.00160000000000015,1,0.00160000000000015,0.800000000000074,0.01,2000,0.5,1,7,0,NA,28.1849999999999,480,1,0,0.00993365227339071,0,0,1,0,0,318
40,42123,500,2,"bernoulli","fixed",0.00160000000000015,0.2,0.00032000000000003,0.160000000000015,0.01,2000,0.5,1,0,0,NA,12.913,2000,0,0,0.0481216070126521,0,0,1,1,0,319
40,42123,500,2,"bernoulli","linesearch",0.00160000000000015,0.2,0.00032000000000003,0.160000000000015,0.01,2000,0.5,1,7,0,NA,115.999,2000,0,0,0.0481216070126521,0,0,1,0,0,320
41,43123,500,2,"bernoulli","fixed",0.00160000000000018,10,0.0160000000000018,8.00000000000089,0.01,2000,0.5,1,0,0,NA,13.221,2000,0,0,232.260063880341,0,0,1,1,0,321
41,43123,500,2,"bernoulli","linesearch",0.00160000000000018,10,0.0160000000000018,8.00000000000089,0.01,2000,0.5,1,7,0,NA,108.246,819,1,0,0.00993312127123232,4,4,0,0,0,322
41,43123,500,2,"bernoulli","fixed",0.00160000000000018,5,0.00800000000000089,4.00000000000044,0.01,2000,0.5,1,0,0,NA,1.19899999999996,104,1,0,0.00916581287059323,0,0,1,1,0,323
41,43123,500,2,"bernoulli","linesearch",0.00160000000000018,5,0.00800000000000089,4.00000000000044,0.01,2000,0.5,1,7,0,NA,93.3150000000001,819,1,0,0.00993312127123232,3,3,0,0,0,324
41,43123,500,2,"bernoulli","fixed",0.00160000000000018,1,0.00160000000000018,0.800000000000089,0.01,2000,0.5,1,0,0,NA,3.87,512,1,0,0.00998603965178715,0,0,1,1,0,325
41,43123,500,2,"bernoulli","linesearch",0.00160000000000018,1,0.00160000000000018,0.800000000000089,0.01,2000,0.5,1,7,0,NA,30.963,512,1,0,0.00998603965178715,0,0,1,0,0,326
41,43123,500,2,"bernoulli","fixed",0.00160000000000018,0.2,0.000320000000000036,0.160000000000018,0.01,2000,0.5,1,0,0,NA,13.4240000000001,2000,0,0,0.0741627753912089,0,0,1,1,0,327
41,43123,500,2,"bernoulli","linesearch",0.00160000000000018,0.2,0.000320000000000036,0.160000000000018,0.01,2000,0.5,1,7,0,NA,120.513,2000,0,0,0.0741627753912089,0,0,1,0,0,328
42,44123,500,2,"bernoulli","fixed",0.00160000000000002,10,0.0160000000000001,8.00000000000007,0.01,2000,0.5,1,0,0,NA,13.552,2000,0,0,232.350988813634,0,0,1,1,0,329
42,44123,500,2,"bernoulli","linesearch",0.00160000000000002,10,0.0160000000000001,8.00000000000007,0.01,2000,0.5,1,7,0,NA,120.101,909,1,0,0.00998119179520218,4,4,0,0,0,330
42,44123,500,2,"bernoulli","fixed",0.00160000000000002,5,0.00800000000000007,4.00000000000004,0.01,2000,0.5,1,0,0,NA,1.30200000000002,116,1,0,0.00959784476015146,0,0,1,1,0,331
42,44123,500,2,"bernoulli","linesearch",0.00160000000000002,5,0.00800000000000007,4.00000000000004,0.01,2000,0.5,1,7,0,NA,104.834,909,1,0,0.00998119179520218,3,3,0,0,0,332
42,44123,500,2,"bernoulli","fixed",0.00160000000000002,1,0.00160000000000002,0.800000000000007,0.01,2000,0.5,1,0,0,NA,4.11500000000001,569,1,0,0.00998822531174273,0,0,1,1,0,333
42,44123,500,2,"bernoulli","linesearch",0.00160000000000002,1,0.00160000000000002,0.800000000000007,0.01,2000,0.5,1,7,0,NA,33.872,569,1,0,0.00998822531174273,0,0,1,0,0,334
42,44123,500,2,"bernoulli","fixed",0.00160000000000002,0.2,0.000320000000000003,0.160000000000002,0.01,2000,0.5,1,0,0,NA,13.0949999999999,2000,0,0,0.175854834293923,0,0,1,1,0,335
42,44123,500,2,"bernoulli","linesearch",0.00160000000000002,0.2,0.000320000000000003,0.160000000000002,0.01,2000,0.5,1,7,0,NA,117.642,2000,0,0,0.175854834293923,0,0,1,0,0,336
43,45123,500,2,"bernoulli","fixed",0.0016,10,0.016,8.00000000000001,0.01,2000,0.5,1,0,0,NA,13.679,2000,0,0,233.200900567179,0,0,1,1,0,337
43,45123,500,2,"bernoulli","linesearch",0.0016,10,0.016,8.00000000000001,0.01,2000,0.5,1,7,0,NA,99.244,754,1,0,0.00989621130997853,4,4,0,0,0,338
43,45123,500,2,"bernoulli","fixed",0.0016,5,0.00800000000000001,4,0.01,2000,0.5,1,0,0,NA,1.17699999999996,96,1,0,0.00945697087258288,0,0,1,1,0,339
43,45123,500,2,"bernoulli","linesearch",0.0016,5,0.00800000000000001,4,0.01,2000,0.5,1,7,0,NA,89.648,754,1,0,0.00989621130997853,3,3,0,0,0,340
43,45123,500,2,"bernoulli","fixed",0.0016,1,0.0016,0.800000000000001,0.01,2000,0.5,1,0,0,NA,3.67399999999998,472,1,0,0.0098727499039987,0,0,1,1,0,341
43,45123,500,2,"bernoulli","linesearch",0.0016,1,0.0016,0.800000000000001,0.01,2000,0.5,1,7,0,NA,29.6,472,1,0,0.0098727499039987,0,0,1,0,0,342
43,45123,500,2,"bernoulli","fixed",0.0016,0.2,0.00032,0.16,0.01,2000,0.5,1,0,0,NA,13.9299999999999,2000,0,0,0.034188606446201,0,0,1,1,0,343
43,45123,500,2,"bernoulli","linesearch",0.0016,0.2,0.00032,0.16,0.01,2000,0.5,1,7,0,NA,151.127,2000,0,0,0.034188606446201,0,0,1,0,0,344
44,46123,500,2,"bernoulli","fixed",0.0016,10,0.016,8,0.01,2000,0.5,1,0,0,NA,13.341,2000,0,0,243.198777974662,0,0,1,1,0,345
44,46123,500,2,"bernoulli","linesearch",0.0016,10,0.016,8,0.01,2000,0.5,1,7,0,NA,89.711,688,1,0,0.00990214346160196,4,4,0,0,0,346
44,46123,500,2,"bernoulli","fixed",0.0016,5,0.008,4,0.01,2000,0.5,1,0,0,NA,1.12599999999998,88,1,0,0.00924209969285722,0,0,1,1,0,347
44,46123,500,2,"bernoulli","linesearch",0.0016,5,0.008,4,0.01,2000,0.5,1,7,0,NA,77.006,688,1,0,0.00990214346160196,3,3,0,0,0,348
44,46123,500,2,"bernoulli","fixed",0.0016,1,0.0016,0.8,0.01,2000,0.5,1,0,0,NA,3.16399999999999,430,1,0,0.00998017643213389,0,0,1,1,0,349
44,46123,500,2,"bernoulli","linesearch",0.0016,1,0.0016,0.8,0.01,2000,0.5,1,7,0,NA,25.001,430,1,0,0.00998017643213389,0,0,1,0,0,350
44,46123,500,2,"bernoulli","fixed",0.0016,0.2,0.00032,0.16,0.01,2000,0.5,1,0,0,NA,12.912,2000,0,0,0.0175407256599516,0,0,1,1,0,351
44,46123,500,2,"bernoulli","linesearch",0.0016,0.2,0.00032,0.16,0.01,2000,0.5,1,7,0,NA,115.43,2000,0,0,0.0175407256599516,0,0,1,0,0,352
45,47123,500,2,"bernoulli","fixed",0.00160000000000035,10,0.0160000000000035,8.00000000000177,0.01,2000,0.5,1,0,0,NA,13.363,2000,0,0,247.633814602326,0,0,1,1,0,353
45,47123,500,2,"bernoulli","linesearch",0.00160000000000035,10,0.0160000000000035,8.00000000000177,0.01,2000,0.5,1,7,0,NA,106.723,817,1,0,0.00995779133998592,4,4,0,0,0,354
45,47123,500,2,"bernoulli","fixed",0.00160000000000035,5,0.00800000000000177,4.00000000000088,0.01,2000,0.5,1,0,0,NA,1.22300000000001,104,1,0,0.00979714098511739,0,0,1,1,0,355
45,47123,500,2,"bernoulli","linesearch",0.00160000000000035,5,0.00800000000000177,4.00000000000088,0.01,2000,0.5,1,7,0,NA,91.714,817,1,0,0.00995779133998592,3,3,0,0,0,356
45,47123,500,2,"bernoulli","fixed",0.00160000000000035,1,0.00160000000000035,0.800000000000177,0.01,2000,0.5,1,0,0,NA,3.75,512,1,0,0.00986181226847854,0,0,1,1,0,357
45,47123,500,2,"bernoulli","linesearch",0.00160000000000035,1,0.00160000000000035,0.800000000000177,0.01,2000,0.5,1,7,0,NA,29.5939999999999,512,1,0,0.00986181226847854,0,0,1,0,0,358
45,47123,500,2,"bernoulli","fixed",0.00160000000000035,0.2,0.000320000000000071,0.160000000000035,0.01,2000,0.5,1,0,0,NA,12.677,2000,0,0,0.0735405212205646,0,0,1,1,0,359
45,47123,500,2,"bernoulli","linesearch",0.00160000000000035,0.2,0.000320000000000071,0.160000000000035,0.01,2000,0.5,1,7,0,NA,114.114,2000,0,0,0.0735405212205646,0,0,1,0,0,360
46,48123,500,2,"bernoulli","fixed",0.00160000000000024,10,0.0160000000000024,8.00000000000118,0.01,2000,0.5,1,0,0,NA,14.095,2000,0,0,228.720223372831,0,0,1,1,0,361
46,48123,500,2,"bernoulli","linesearch",0.00160000000000024,10,0.0160000000000024,8.00000000000118,0.01,2000,0.5,1,7,0,NA,104.444,777,1,0,0.00995183080578632,4,4,0,0,0,362
46,48123,500,2,"bernoulli","fixed",0.00160000000000024,5,0.00800000000000118,4.00000000000059,0.01,2000,0.5,1,0,0,NA,1.20500000000004,99,1,0,0.00960418778677885,0,0,1,1,0,363
46,48123,500,2,"bernoulli","linesearch",0.00160000000000024,5,0.00800000000000118,4.00000000000059,0.01,2000,0.5,1,7,0,NA,89.102,777,1,0,0.00995183080578632,3,3,0,0,0,364
46,48123,500,2,"bernoulli","fixed",0.00160000000000024,1,0.00160000000000024,0.800000000000118,0.01,2000,0.5,1,0,0,NA,3.72699999999998,487,1,0,0.00983205331261783,0,0,1,1,0,365
46,48123,500,2,"bernoulli","linesearch",0.00160000000000024,1,0.00160000000000024,0.800000000000118,0.01,2000,0.5,1,7,0,NA,30.119,487,1,0,0.00983205331261783,0,0,1,0,0,366
46,48123,500,2,"bernoulli","fixed",0.00160000000000024,0.2,0.000320000000000047,0.160000000000024,0.01,2000,0.5,1,0,0,NA,13.997,2000,0,0,0.0509942565001092,0,0,1,1,0,367
46,48123,500,2,"bernoulli","linesearch",0.00160000000000024,0.2,0.000320000000000047,0.160000000000024,0.01,2000,0.5,1,7,0,NA,135.712,2000,0,0,0.0509942565001092,0,0,1,0,0,368
47,49123,500,2,"bernoulli","fixed",0.00160000000000002,10,0.0160000000000002,8.00000000000008,0.01,2000,0.5,1,0,0,NA,13.911,2000,0,0,244.141896902846,0,0,1,1,0,369
47,49123,500,2,"bernoulli","linesearch",0.00160000000000002,10,0.0160000000000002,8.00000000000008,0.01,2000,0.5,1,7,0,NA,101.545,745,1,0,0.0099185281884798,4,4,0,0,0,370
47,49123,500,2,"bernoulli","fixed",0.00160000000000002,5,0.00800000000000008,4.00000000000004,0.01,2000,0.5,1,0,0,NA,1.17099999999994,94,1,0,0.00954989828230352,0,0,1,1,0,371
47,49123,500,2,"bernoulli","linesearch",0.00160000000000002,5,0.00800000000000008,4.00000000000004,0.01,2000,0.5,1,7,0,NA,88.847,745,1,0,0.0099185281884798,3,3,0,0,0,372
47,49123,500,2,"bernoulli","fixed",0.00160000000000002,1,0.00160000000000002,0.800000000000008,0.01,2000,0.5,1,0,0,NA,3.58199999999999,466,1,0,0.0099003262978988,0,0,1,1,0,373
47,49123,500,2,"bernoulli","linesearch",0.00160000000000002,1,0.00160000000000002,0.800000000000008,0.01,2000,0.5,1,7,0,NA,29.0849999999999,466,1,0,0.0099003262978988,0,0,1,0,0,374
47,49123,500,2,"bernoulli","fixed",0.00160000000000002,0.2,0.000320000000000003,0.160000000000002,0.01,2000,0.5,1,0,0,NA,13.361,2000,0,0,0.032507915056441,0,0,1,1,0,375
47,49123,500,2,"bernoulli","linesearch",0.00160000000000002,0.2,0.000320000000000003,0.160000000000002,0.01,2000,0.5,1,7,0,NA,121.008,2000,0,0,0.032507915056441,0,0,1,0,0,376
48,50123,500,2,"bernoulli","fixed",0.00160000000000011,10,0.0160000000000011,8.00000000000056,0.01,2000,0.5,1,0,0,NA,13.746,2000,0,0,229.744513353373,0,0,1,1,0,377
48,50123,500,2,"bernoulli","linesearch",0.00160000000000011,10,0.0160000000000011,8.00000000000056,0.01,2000,0.5,1,7,0,NA,112.124,849,1,0,0.00991891956709717,4,4,0,0,0,378
48,50123,500,2,"bernoulli","fixed",0.00160000000000011,5,0.00800000000000056,4.00000000000028,0.01,2000,0.5,1,0,0,NA,1.255,108,1,0,0.00950954091927195,0,0,1,1,0,379
48,50123,500,2,"bernoulli","linesearch",0.00160000000000011,5,0.00800000000000056,4.00000000000028,0.01,2000,0.5,1,7,0,NA,96.8639999999999,849,1,0,0.00991891956709717,3,3,0,0,0,380
48,50123,500,2,"bernoulli","fixed",0.00160000000000011,1,0.00160000000000011,0.800000000000055,0.01,2000,0.5,1,0,0,NA,4.12599999999998,531,1,0,0.00997715390050904,0,0,1,1,0,381
48,50123,500,2,"bernoulli","linesearch",0.00160000000000011,1,0.00160000000000011,0.800000000000055,0.01,2000,0.5,1,7,0,NA,31.9499999999999,531,1,0,0.00997715390050904,0,0,1,0,0,382
48,50123,500,2,"bernoulli","fixed",0.00160000000000011,0.2,0.000320000000000022,0.160000000000011,0.01,2000,0.5,1,0,0,NA,13.1700000000001,2000,0,0,0.0979022991965568,0,0,1,1,0,383
48,50123,500,2,"bernoulli","linesearch",0.00160000000000011,0.2,0.000320000000000022,0.160000000000011,0.01,2000,0.5,1,7,0,NA,119.856,2000,0,0,0.0979022991965568,0,0,1,0,0,384
49,51123,500,2,"bernoulli","fixed",0.00160000000000002,10,0.0160000000000001,8.00000000000007,0.01,2000,0.5,1,0,0,NA,14.161,2000,0,0,245.947101063001,0,0,1,1,0,385
49,51123,500,2,"bernoulli","linesearch",0.00160000000000002,10,0.0160000000000001,8.00000000000007,0.01,2000,0.5,1,7,0,NA,106.625,809,1,0,0.00995895246325085,4,4,0,0,0,386
49,51123,500,2,"bernoulli","fixed",0.00160000000000002,5,0.00800000000000007,4.00000000000004,0.01,2000,0.5,1,0,0,NA,1.21000000000004,103,1,0,0.00959073737763755,0,0,1,1,0,387
49,51123,500,2,"bernoulli","linesearch",0.00160000000000002,5,0.00800000000000007,4.00000000000004,0.01,2000,0.5,1,7,0,NA,92.0840000000001,809,1,0,0.00995895246325085,3,3,0,0,0,388
49,51123,500,2,"bernoulli","fixed",0.00160000000000002,1,0.00160000000000002,0.800000000000007,0.01,2000,0.5,1,0,0,NA,3.87300000000005,507,1,0,0.00984907254297218,0,0,1,1,0,389
49,51123,500,2,"bernoulli","linesearch",0.00160000000000002,1,0.00160000000000002,0.800000000000007,0.01,2000,0.5,1,7,0,NA,31.057,507,1,0,0.00984907254297218,0,0,1,0,0,390
49,51123,500,2,"bernoulli","fixed",0.00160000000000002,0.2,0.000320000000000003,0.160000000000002,0.01,2000,0.5,1,0,0,NA,13.3050000000001,2000,0,0,0.0558002677953169,0,0,1,1,0,391
49,51123,500,2,"bernoulli","linesearch",0.00160000000000002,0.2,0.000320000000000003,0.160000000000002,0.01,2000,0.5,1,7,0,NA,117.441,2000,0,0,0.0558002677953169,0,0,1,0,0,392
50,52123,500,2,"bernoulli","fixed",0.00160000000000022,10,0.0160000000000022,8.00000000000109,0.01,2000,0.5,1,0,0,NA,14.028,2000,0,0,235.92362444313,0,0,1,1,0,393
50,52123,500,2,"bernoulli","linesearch",0.00160000000000022,10,0.0160000000000022,8.00000000000109,0.01,2000,0.5,1,7,0,NA,103.275,775,1,0,0.00996239037385559,4,4,0,0,0,394
50,52123,500,2,"bernoulli","fixed",0.00160000000000022,5,0.00800000000000109,4.00000000000055,0.01,2000,0.5,1,0,0,NA,1.18799999999999,99,1,0,0.00940919689991782,0,0,1,1,0,395
50,52123,500,2,"bernoulli","linesearch",0.00160000000000022,5,0.00800000000000109,4.00000000000055,0.01,2000,0.5,1,7,0,NA,88.508,775,1,0,0.00996239037385559,3,3,0,0,0,396
50,52123,500,2,"bernoulli","fixed",0.00160000000000022,1,0.00160000000000022,0.800000000000109,0.01,2000,0.5,1,0,0,NA,3.63099999999997,485,1,0,0.00998891288584242,0,0,1,1,0,397
50,52123,500,2,"bernoulli","linesearch",0.00160000000000022,1,0.00160000000000022,0.800000000000109,0.01,2000,0.5,1,7,0,NA,29.153,485,1,0,0.00998891288584242,0,0,1,0,0,398
50,52123,500,2,"bernoulli","fixed",0.00160000000000022,0.2,0.000320000000000044,0.160000000000022,0.01,2000,0.5,1,0,0,NA,13.4150000000001,2000,0,0,0.0488241851377485,0,0,1,1,0,399
50,52123,500,2,"bernoulli","linesearch",0.00160000000000022,0.2,0.000320000000000044,0.160000000000022,0.01,2000,0.5,1,7,0,NA,118.281,2000,0,0,0.0488241851377485,0,0,1,0,0,400
51,53123,500,2,"bernoulli","fixed",0.00160000000000001,10,0.0160000000000001,8.00000000000003,0.01,2000,0.5,1,0,0,NA,13.27,2000,0,0,233.57301789616,0,0,1,1,0,401
51,53123,500,2,"bernoulli","linesearch",0.00160000000000001,10,0.0160000000000001,8.00000000000003,0.01,2000,0.5,1,7,0,NA,102.43,772,1,0,0.00996009517149266,4,4,0,0,0,402
51,53123,500,2,"bernoulli","fixed",0.00160000000000001,5,0.00800000000000003,4.00000000000002,0.01,2000,0.5,1,0,0,NA,1.19599999999991,98,1,0,0.00948427419324488,0,0,1,1,0,403
51,53123,500,2,"bernoulli","linesearch",0.00160000000000001,5,0.00800000000000003,4.00000000000002,0.01,2000,0.5,1,7,0,NA,90.48,772,1,0,0.00996009517149266,3,3,0,0,0,404
51,53123,500,2,"bernoulli","fixed",0.00160000000000001,1,0.00160000000000001,0.800000000000003,0.01,2000,0.5,1,0,0,NA,3.59000000000003,483,1,0,0.00996681106028238,0,0,1,1,0,405
51,53123,500,2,"bernoulli","linesearch",0.00160000000000001,1,0.00160000000000001,0.800000000000003,0.01,2000,0.5,1,7,0,NA,31.02,483,1,0,0.00996681106028238,0,0,1,0,0,406
51,53123,500,2,"bernoulli","fixed",0.00160000000000001,0.2,0.000320000000000001,0.160000000000001,0.01,2000,0.5,1,0,0,NA,13.3819999999999,2000,0,0,0.0513471713316082,0,0,1,1,0,407
51,53123,500,2,"bernoulli","linesearch",0.00160000000000001,0.2,0.000320000000000001,0.160000000000001,0.01,2000,0.5,1,7,0,NA,134.257,2000,0,0,0.0513471713316082,0,0,1,0,0,408
52,54123,500,2,"bernoulli","fixed",0.00160000000000015,10,0.0160000000000015,8.00000000000076,0.01,2000,0.5,1,0,0,NA,13.1609999999999,2000,0,0,232.534972642707,0,0,1,1,0,409
52,54123,500,2,"bernoulli","linesearch",0.00160000000000015,10,0.0160000000000015,8.00000000000076,0.01,2000,0.5,1,7,0,NA,112.001,864,1,0,0.00990676055263555,4,4,0,0,0,410
52,54123,500,2,"bernoulli","fixed",0.00160000000000015,5,0.00800000000000076,4.00000000000038,0.01,2000,0.5,1,0,0,NA,1.23500000000001,109,1,0,0.00988656887552979,0,0,1,1,0,411
52,54123,500,2,"bernoulli","linesearch",0.00160000000000015,5,0.00800000000000076,4.00000000000038,0.01,2000,0.5,1,7,0,NA,98.162,864,1,0,0.00990676055263555,3,3,0,0,0,412
52,54123,500,2,"bernoulli","fixed",0.00160000000000015,1,0.00160000000000015,0.800000000000076,0.01,2000,0.5,1,0,0,NA,3.89600000000007,541,1,0,0.00981451287856201,0,0,1,1,0,413
52,54123,500,2,"bernoulli","linesearch",0.00160000000000015,1,0.00160000000000015,0.800000000000076,0.01,2000,0.5,1,7,0,NA,32.667,541,1,0,0.00981451287856201,0,0,1,0,0,414
52,54123,500,2,"bernoulli","fixed",0.00160000000000015,0.2,0.00032000000000003,0.160000000000015,0.01,2000,0.5,1,0,0,NA,13.567,2000,0,0,0.13139520683049,0,0,1,1,0,415
52,54123,500,2,"bernoulli","linesearch",0.00160000000000015,0.2,0.00032000000000003,0.160000000000015,0.01,2000,0.5,1,7,0,NA,122.992,2000,0,0,0.13139520683049,0,0,1,0,0,416
53,55123,500,2,"bernoulli","fixed",0.0016,10,0.016,8,0.01,2000,0.5,1,0,0,NA,13.7189999999999,2000,0,0,233.465168012133,0,0,1,1,0,417
53,55123,500,2,"bernoulli","linesearch",0.0016,10,0.016,8,0.01,2000,0.5,1,7,0,NA,97.838,731,1,0,0.00991082813548444,4,4,0,0,0,418
53,55123,500,2,"bernoulli","fixed",0.0016,5,0.008,4,0.01,2000,0.5,1,0,0,NA,1.15300000000002,93,1,0,0.00980360907030065,0,0,1,1,0,419
53,55123,500,2,"bernoulli","linesearch",0.0016,5,0.008,4,0.01,2000,0.5,1,7,0,NA,84.904,731,1,0,0.00991082813548444,3,3,0,0,0,420
53,55123,500,2,"bernoulli","fixed",0.0016,1,0.0016,0.8,0.01,2000,0.5,1,0,0,NA,3.45799999999997,458,1,0,0.00984281842761131,0,0,1,1,0,421
53,55123,500,2,"bernoulli","linesearch",0.0016,1,0.0016,0.8,0.01,2000,0.5,1,7,0,NA,28.3679999999999,458,1,0,0.00984281842761131,0,0,1,0,0,422
53,55123,500,2,"bernoulli","fixed",0.0016,0.2,0.00032,0.16,0.01,2000,0.5,1,0,0,NA,13.3539999999999,2000,0,0,0.0270461768001315,0,0,1,1,0,423
53,55123,500,2,"bernoulli","linesearch",0.0016,0.2,0.00032,0.16,0.01,2000,0.5,1,7,0,NA,120.991,2000,0,0,0.0270461768001315,0,0,1,0,0,424
54,56123,500,2,"bernoulli","fixed",0.00160000000000028,10,0.0160000000000028,8.00000000000139,0.01,2000,0.5,1,0,0,NA,12.977,2000,0,0,234.127123640281,0,0,1,1,0,425
54,56123,500,2,"bernoulli","linesearch",0.00160000000000028,10,0.0160000000000028,8.00000000000139,0.01,2000,0.5,1,7,0,NA,105.688,814,1,0,0.00987747314336759,4,4,0,0,0,426
54,56123,500,2,"bernoulli","fixed",0.00160000000000028,5,0.00800000000000139,4.00000000000069,0.01,2000,0.5,1,0,0,NA,1.19799999999998,104,1,0,0.0097892487519986,0,0,1,1,0,427
54,56123,500,2,"bernoulli","linesearch",0.00160000000000028,5,0.00800000000000139,4.00000000000069,0.01,2000,0.5,1,7,0,NA,90.318,814,1,0,0.00987747314336759,3,3,0,0,0,428
54,56123,500,2,"bernoulli","fixed",0.00160000000000028,1,0.00160000000000028,0.800000000000139,0.01,2000,0.5,1,0,0,NA,3.67600000000004,510,1,0,0.00983692708139666,0,0,1,1,0,429
54,56123,500,2,"bernoulli","linesearch",0.00160000000000028,1,0.00160000000000028,0.800000000000139,0.01,2000,0.5,1,7,0,NA,29.9830000000001,510,1,0,0.00983692708139666,0,0,1,0,0,430
54,56123,500,2,"bernoulli","fixed",0.00160000000000028,0.2,0.000320000000000055,0.160000000000028,0.01,2000,0.5,1,0,0,NA,12.845,2000,0,0,0.0885814901587569,0,0,1,1,0,431
54,56123,500,2,"bernoulli","linesearch",0.00160000000000028,0.2,0.000320000000000055,0.160000000000028,0.01,2000,0.5,1,7,0,NA,114.657,2000,0,0,0.0885814901587569,0,0,1,0,0,432
55,57123,500,2,"bernoulli","fixed",0.00160000000000126,10,0.0160000000000126,8.0000000000063,0.01,2000,0.5,1,0,0,NA,13.792,2000,0,0,243.584523626645,0,0,1,1,0,433
55,57123,500,2,"bernoulli","linesearch",0.00160000000000126,10,0.0160000000000126,8.0000000000063,0.01,2000,0.5,1,7,0,NA,103.165,778,1,0,0.00991242234875178,4,4,0,0,0,434
55,57123,500,2,"bernoulli","fixed",0.00160000000000126,5,0.0080000000000063,4.00000000000315,0.01,2000,0.5,1,0,0,NA,1.38,99,1,0,0.00906924924183555,0,0,1,1,0,435
55,57123,500,2,"bernoulli","linesearch",0.00160000000000126,5,0.0080000000000063,4.00000000000315,0.01,2000,0.5,1,7,0,NA,88.103,778,1,0,0.00991242234875178,3,3,0,0,0,436
55,57123,500,2,"bernoulli","fixed",0.00160000000000126,1,0.00160000000000126,0.80000000000063,0.01,2000,0.5,1,0,0,NA,3.81700000000001,487,1,0,0.00985553430120101,0,0,1,1,0,437
55,57123,500,2,"bernoulli","linesearch",0.00160000000000126,1,0.00160000000000126,0.80000000000063,0.01,2000,0.5,1,7,0,NA,29.442,487,1,0,0.00985553430120101,0,0,1,0,0,438
55,57123,500,2,"bernoulli","fixed",0.00160000000000126,0.2,0.000320000000000252,0.160000000000126,0.01,2000,0.5,1,0,0,NA,13.135,2000,0,0,0.053687944805025,0,0,1,1,0,439
55,57123,500,2,"bernoulli","linesearch",0.00160000000000126,0.2,0.000320000000000252,0.160000000000126,0.01,2000,0.5,1,7,0,NA,119.29,2000,0,0,0.053687944805025,0,0,1,0,0,440
56,58123,500,2,"bernoulli","fixed",0.00160000000000002,10,0.0160000000000002,8.00000000000008,0.01,2000,0.5,1,0,0,NA,13.958,2000,0,0,232.52848408859,0,0,1,1,0,441
56,58123,500,2,"bernoulli","linesearch",0.00160000000000002,10,0.0160000000000002,8.00000000000008,0.01,2000,0.5,1,7,0,NA,104.392,793,1,0,0.00996468084214427,4,4,0,0,0,442
56,58123,500,2,"bernoulli","fixed",0.00160000000000002,5,0.00800000000000008,4.00000000000004,0.01,2000,0.5,1,0,0,NA,1.21199999999999,102,1,0,0.00912711516407869,0,0,1,1,0,443
56,58123,500,2,"bernoulli","linesearch",0.00160000000000002,5,0.00800000000000008,4.00000000000004,0.01,2000,0.5,1,7,0,NA,90.446,793,1,0,0.00996468084214427,3,3,0,0,0,444
56,58123,500,2,"bernoulli","fixed",0.00160000000000002,1,0.00160000000000002,0.800000000000008,0.01,2000,0.5,1,0,0,NA,3.73000000000002,497,1,0,0.00988929817652789,0,0,1,1,0,445
56,58123,500,2,"bernoulli","linesearch",0.00160000000000002,1,0.00160000000000002,0.800000000000008,0.01,2000,0.5,1,7,0,NA,29.811,497,1,0,0.00988929817652789,0,0,1,0,0,446
56,58123,500,2,"bernoulli","fixed",0.00160000000000002,0.2,0.000320000000000003,0.160000000000002,0.01,2000,0.5,1,0,0,NA,13.302,2000,0,0,0.0641502120808955,0,0,1,1,0,447
56,58123,500,2,"bernoulli","linesearch",0.00160000000000002,0.2,0.000320000000000003,0.160000000000002,0.01,2000,0.5,1,7,0,NA,123.823,2000,0,0,0.0641502120808955,0,0,1,0,0,448
57,59123,500,2,"bernoulli","fixed",0.00160000000000002,10,0.0160000000000002,8.00000000000009,0.01,2000,0.5,1,0,0,NA,13.867,2000,0,0,233.63181184754,0,0,1,1,0,449
57,59123,500,2,"bernoulli","linesearch",0.00160000000000002,10,0.0160000000000002,8.00000000000009,0.01,2000,0.5,1,7,0,NA,131.184,942,1,0,0.00998399614526389,4,4,0,0,0,450
57,59123,500,2,"bernoulli","fixed",0.00160000000000002,5,0.00800000000000009,4.00000000000004,0.01,2000,0.5,1,0,0,NA,1.346,121,1,0,0.00989400605214942,0,0,1,1,0,451
57,59123,500,2,"bernoulli","linesearch",0.00160000000000002,5,0.00800000000000009,4.00000000000004,0.01,2000,0.5,1,7,0,NA,115.107,942,1,0,0.00998399614526389,3,3,0,0,0,452
57,59123,500,2,"bernoulli","fixed",0.00160000000000002,1,0.00160000000000002,0.800000000000009,0.01,2000,0.5,1,0,0,NA,4.346,591,1,0,0.00983727154672885,0,0,1,1,0,453
57,59123,500,2,"bernoulli","linesearch",0.00160000000000002,1,0.00160000000000002,0.800000000000009,0.01,2000,0.5,1,7,0,NA,37.4660000000001,591,1,0,0.00983727154672885,0,0,1,0,0,454
57,59123,500,2,"bernoulli","fixed",0.00160000000000002,0.2,0.000320000000000003,0.160000000000002,0.01,2000,0.5,1,0,0,NA,13.6860000000001,2000,0,0,0.544426730657856,0,0,1,1,0,455
57,59123,500,2,"bernoulli","linesearch",0.00160000000000002,0.2,0.000320000000000003,0.160000000000002,0.01,2000,0.5,1,7,0,NA,126.23,2000,0,0,0.544426730657856,0,0,1,0,0,456
58,60123,500,2,"bernoulli","fixed",0.00160000000000007,10,0.0160000000000007,8.00000000000034,0.01,2000,0.5,1,0,0,NA,13.297,2000,0,0,245.936129100406,0,0,1,1,0,457
58,60123,500,2,"bernoulli","linesearch",0.00160000000000007,10,0.0160000000000007,8.00000000000034,0.01,2000,0.5,1,7,0,NA,114.082,878,1,0,0.00991911801138545,4,4,0,0,0,458
58,60123,500,2,"bernoulli","fixed",0.00160000000000007,5,0.00800000000000034,4.00000000000017,0.01,2000,0.5,1,0,0,NA,1.26200000000006,112,1,0,0.00932873062706807,0,0,1,1,0,459
58,60123,500,2,"bernoulli","linesearch",0.00160000000000007,5,0.00800000000000034,4.00000000000017,0.01,2000,0.5,1,7,0,NA,98.568,878,1,0,0.00991911801138545,3,3,0,0,0,460
58,60123,500,2,"bernoulli","fixed",0.00160000000000007,1,0.00160000000000007,0.800000000000034,0.01,2000,0.5,1,0,0,NA,3.91700000000003,550,1,0,0.00983619615341663,0,0,1,1,0,461
58,60123,500,2,"bernoulli","linesearch",0.00160000000000007,1,0.00160000000000007,0.800000000000034,0.01,2000,0.5,1,7,0,NA,32.0070000000001,550,1,0,0.00983619615341663,0,0,1,0,0,462
58,60123,500,2,"bernoulli","fixed",0.00160000000000007,0.2,0.000320000000000014,0.160000000000007,0.01,2000,0.5,1,0,0,NA,12.8629999999999,2000,0,0,0.121462691215422,0,0,1,1,0,463
58,60123,500,2,"bernoulli","linesearch",0.00160000000000007,0.2,0.000320000000000014,0.160000000000007,0.01,2000,0.5,1,7,0,NA,112.677,2000,0,0,0.121462691215422,0,0,1,0,0,464
59,61123,500,2,"bernoulli","fixed",0.00160000000000054,10,0.0160000000000054,8.00000000000271,0.01,2000,0.5,1,0,0,NA,13.609,2000,0,0,233.517175477642,0,0,1,1,0,465
59,61123,500,2,"bernoulli","linesearch",0.00160000000000054,10,0.0160000000000054,8.00000000000271,0.01,2000,0.5,1,7,0,NA,112.889,859,1,0,0.00991009231025011,4,4,0,0,0,466
59,61123,500,2,"bernoulli","fixed",0.00160000000000054,5,0.00800000000000271,4.00000000000135,0.01,2000,0.5,1,0,0,NA,1.274,110,1,0,0.00948697760532848,0,0,1,1,0,467
59,61123,500,2,"bernoulli","linesearch",0.00160000000000054,5,0.00800000000000271,4.00000000000135,0.01,2000,0.5,1,7,0,NA,101.582,859,1,0,0.00991009231025011,3,3,0,0,0,468
59,61123,500,2,"bernoulli","fixed",0.00160000000000054,1,0.00160000000000054,0.800000000000271,0.01,2000,0.5,1,0,0,NA,3.97400000000005,538,1,0,0.00988427720899395,0,0,1,1,0,469
59,61123,500,2,"bernoulli","linesearch",0.00160000000000054,1,0.00160000000000054,0.800000000000271,0.01,2000,0.5,1,7,0,NA,34.6660000000001,538,1,0,0.00988427720899395,0,0,1,0,0,470
59,61123,500,2,"bernoulli","fixed",0.00160000000000054,0.2,0.000320000000000108,0.160000000000054,0.01,2000,0.5,1,0,0,NA,13.48,2000,0,0,0.08266434777967,0,0,1,1,0,471
59,61123,500,2,"bernoulli","linesearch",0.00160000000000054,0.2,0.000320000000000108,0.160000000000054,0.01,2000,0.5,1,7,0,NA,122.322,2000,0,0,0.08266434777967,0,0,1,0,0,472
60,62123,500,2,"bernoulli","fixed",0.00160000000000001,10,0.0160000000000001,8.00000000000003,0.01,2000,0.5,1,0,0,NA,13.787,2000,0,0,232.194325717006,0,0,1,1,0,473
60,62123,500,2,"bernoulli","linesearch",0.00160000000000001,10,0.0160000000000001,8.00000000000003,0.01,2000,0.5,1,7,0,NA,176.614,1273,1,0,0.00994108012906729,4,4,0,0,0,474
60,62123,500,2,"bernoulli","fixed",0.00160000000000001,5,0.00800000000000003,4.00000000000002,0.01,2000,0.5,1,0,0,NA,1.62800000000004,161,1,0,0.00955525816386436,0,0,1,1,0,475
60,62123,500,2,"bernoulli","linesearch",0.00160000000000001,5,0.00800000000000003,4.00000000000002,0.01,2000,0.5,1,7,0,NA,155.322,1273,1,0,0.00994108012906729,3,3,0,0,0,476
60,62123,500,2,"bernoulli","fixed",0.00160000000000001,1,0.00160000000000001,0.800000000000003,0.01,2000,0.5,1,0,0,NA,5.76199999999994,796,1,0,0.00996738639097058,0,0,1,1,0,477
60,62123,500,2,"bernoulli","linesearch",0.00160000000000001,1,0.00160000000000001,0.800000000000003,0.01,2000,0.5,1,7,0,NA,51.4669999999999,796,1,0,0.00996738639097058,0,0,1,0,0,478
60,62123,500,2,"bernoulli","fixed",0.00160000000000001,0.2,0.000320000000000001,0.160000000000001,0.01,2000,0.5,1,0,0,NA,13.548,2000,0,0,5.12350101380574,0,0,1,1,0,479
60,62123,500,2,"bernoulli","linesearch",0.00160000000000001,0.2,0.000320000000000001,0.160000000000001,0.01,2000,0.5,1,7,0,NA,121.487,2000,0,0,5.12350101380574,0,0,1,0,0,480
61,63123,500,2,"bernoulli","fixed",0.00160000000000007,10,0.0160000000000007,8.00000000000036,0.01,2000,0.5,1,0,0,NA,14.169,2000,0,0,243.494242986321,0,0,1,1,0,481
61,63123,500,2,"bernoulli","linesearch",0.00160000000000007,10,0.0160000000000007,8.00000000000036,0.01,2000,0.5,1,7,0,NA,100.68,768,1,0,0.00999793587320813,4,4,0,0,0,482
61,63123,500,2,"bernoulli","fixed",0.00160000000000007,5,0.00800000000000036,4.00000000000018,0.01,2000,0.5,1,0,0,NA,1.17600000000004,98,1,0,0.00935653856410112,0,0,1,1,0,483
61,63123,500,2,"bernoulli","linesearch",0.00160000000000007,5,0.00800000000000036,4.00000000000018,0.01,2000,0.5,1,7,0,NA,88.2230000000001,768,1,0,0.00999793587320813,3,3,0,0,0,484
61,63123,500,2,"bernoulli","fixed",0.00160000000000007,1,0.00160000000000007,0.800000000000036,0.01,2000,0.5,1,0,0,NA,3.58199999999999,481,1,0,0.00993021197715521,0,0,1,1,0,485
61,63123,500,2,"bernoulli","linesearch",0.00160000000000007,1,0.00160000000000007,0.800000000000036,0.01,2000,0.5,1,7,0,NA,29.3389999999999,481,1,0,0.00993021197715521,0,0,1,0,0,486
61,63123,500,2,"bernoulli","fixed",0.00160000000000007,0.2,0.000320000000000015,0.160000000000007,0.01,2000,0.5,1,0,0,NA,13.461,2000,0,0,0.0425010077115646,0,0,1,1,0,487
61,63123,500,2,"bernoulli","linesearch",0.00160000000000007,0.2,0.000320000000000015,0.160000000000007,0.01,2000,0.5,1,7,0,NA,121.716,2000,0,0,0.0425010077115646,0,0,1,0,0,488
62,64123,500,2,"bernoulli","fixed",0.00160000000000001,10,0.0160000000000001,8.00000000000005,0.01,2000,0.5,1,0,0,NA,13.592,2000,0,0,228.807147854685,0,0,1,1,0,489
62,64123,500,2,"bernoulli","linesearch",0.00160000000000001,10,0.0160000000000001,8.00000000000005,0.01,2000,0.5,1,7,0,NA,100.136,766,1,0,0.00994518653490188,4,4,0,0,0,490
62,64123,500,2,"bernoulli","fixed",0.00160000000000001,5,0.00800000000000005,4.00000000000003,0.01,2000,0.5,1,0,0,NA,1.18200000000002,97,1,0,0.00970944795433137,0,0,1,1,0,491
62,64123,500,2,"bernoulli","linesearch",0.00160000000000001,5,0.00800000000000005,4.00000000000003,0.01,2000,0.5,1,7,0,NA,84.3689999999999,766,1,0,0.00994518653490188,3,3,0,0,0,492
62,64123,500,2,"bernoulli","fixed",0.00160000000000001,1,0.00160000000000001,0.800000000000005,0.01,2000,0.5,1,0,0,NA,3.47199999999998,479,1,0,0.00999073424825818,0,0,1,1,0,493
62,64123,500,2,"bernoulli","linesearch",0.00160000000000001,1,0.00160000000000001,0.800000000000005,0.01,2000,0.5,1,7,0,NA,28.25,479,1,0,0.00999073424825818,0,0,1,0,0,494
62,64123,500,2,"bernoulli","fixed",0.00160000000000001,0.2,0.000320000000000002,0.160000000000001,0.01,2000,0.5,1,0,0,NA,13.002,2000,0,0,0.0404904516127926,0,0,1,1,0,495
62,64123,500,2,"bernoulli","linesearch",0.00160000000000001,0.2,0.000320000000000002,0.160000000000001,0.01,2000,0.5,1,7,0,NA,114.798,2000,0,0,0.0404904516127926,0,0,1,0,0,496
63,65123,500,2,"bernoulli","fixed",0.00160000000000025,10,0.0160000000000025,8.00000000000125,0.01,2000,0.5,1,0,0,NA,13.475,2000,0,0,236.338979130772,0,0,1,1,0,497
63,65123,500,2,"bernoulli","linesearch",0.00160000000000025,10,0.0160000000000025,8.00000000000125,0.01,2000,0.5,1,7,0,NA,108.148,811,1,0,0.00999881011767982,4,4,0,0,0,498
63,65123,500,2,"bernoulli","fixed",0.00160000000000025,5,0.00800000000000125,4.00000000000063,0.01,2000,0.5,1,0,0,NA,1.24099999999999,103,1,0,0.00985879589729186,0,0,1,1,0,499
63,65123,500,2,"bernoulli","linesearch",0.00160000000000025,5,0.00800000000000125,4.00000000000063,0.01,2000,0.5,1,7,0,NA,96.3339999999999,811,1,0,0.00999881011767982,3,3,0,0,0,500
63,65123,500,2,"bernoulli","fixed",0.00160000000000025,1,0.00160000000000025,0.800000000000125,0.01,2000,0.5,1,0,0,NA,3.83500000000004,508,1,0,0.00992362188835733,0,0,1,1,0,501
63,65123,500,2,"bernoulli","linesearch",0.00160000000000025,1,0.00160000000000025,0.800000000000125,0.01,2000,0.5,1,7,0,NA,32.307,508,1,0,0.00992362188835733,0,0,1,0,0,502
63,65123,500,2,"bernoulli","fixed",0.00160000000000025,0.2,0.00032000000000005,0.160000000000025,0.01,2000,0.5,1,0,0,NA,14.1560000000001,2000,0,0,0.0812673301158327,0,0,1,1,0,503
63,65123,500,2,"bernoulli","linesearch",0.00160000000000025,0.2,0.00032000000000005,0.160000000000025,0.01,2000,0.5,1,7,0,NA,126.414,2000,0,0,0.0812673301158327,0,0,1,0,0,504
64,66123,500,2,"bernoulli","fixed",0.00160000000000001,10,0.0160000000000001,8.00000000000004,0.01,2000,0.5,1,0,0,NA,13.619,2000,0,0,228.586888697182,0,0,1,1,0,505
64,66123,500,2,"bernoulli","linesearch",0.00160000000000001,10,0.0160000000000001,8.00000000000004,0.01,2000,0.5,1,7,0,NA,119.457,895,1,0,0.00988320483345848,4,4,0,0,0,506
64,66123,500,2,"bernoulli","fixed",0.00160000000000001,5,0.00800000000000005,4.00000000000002,0.01,2000,0.5,1,0,0,NA,1.28500000000008,114,1,0,0.00928246064176899,0,0,1,1,0,507
64,66123,500,2,"bernoulli","linesearch",0.00160000000000001,5,0.00800000000000005,4.00000000000002,0.01,2000,0.5,1,7,0,NA,101.916,895,1,0,0.00988320483345848,3,3,0,0,0,508
64,66123,500,2,"bernoulli","fixed",0.00160000000000001,1,0.00160000000000001,0.800000000000005,0.01,2000,0.5,1,0,0,NA,4.15800000000002,560,1,0,0.00990420039364476,0,0,1,1,0,509
64,66123,500,2,"bernoulli","linesearch",0.00160000000000001,1,0.00160000000000001,0.800000000000005,0.01,2000,0.5,1,7,0,NA,34.1130000000001,560,1,0,0.00990420039364476,0,0,1,0,0,510
64,66123,500,2,"bernoulli","fixed",0.00160000000000001,0.2,0.000320000000000002,0.160000000000001,0.01,2000,0.5,1,0,0,NA,13.748,2000,0,0,0.197909429016069,0,0,1,1,0,511
64,66123,500,2,"bernoulli","linesearch",0.00160000000000001,0.2,0.000320000000000002,0.160000000000001,0.01,2000,0.5,1,7,0,NA,118.091,2000,0,0,0.197909429016069,0,0,1,0,0,512
65,67123,500,2,"bernoulli","fixed",0.00160000000000004,10,0.0160000000000004,8.00000000000021,0.01,2000,0.5,1,0,0,NA,13.504,2000,0,0,231.615523758792,0,0,1,1,0,513
65,67123,500,2,"bernoulli","linesearch",0.00160000000000004,10,0.0160000000000004,8.00000000000021,0.01,2000,0.5,1,7,0,NA,107.553,818,1,0,0.0099741639989699,4,4,0,0,0,514
65,67123,500,2,"bernoulli","fixed",0.00160000000000004,5,0.00800000000000021,4.0000000000001,0.01,2000,0.5,1,0,0,NA,1.21699999999998,105,1,0,0.00913845733059516,0,0,1,1,0,515
65,67123,500,2,"bernoulli","linesearch",0.00160000000000004,5,0.00800000000000021,4.0000000000001,0.01,2000,0.5,1,7,0,NA,91.309,818,1,0,0.0099741639989699,3,3,0,0,0,516
65,67123,500,2,"bernoulli","fixed",0.00160000000000004,1,0.00160000000000004,0.800000000000021,0.01,2000,0.5,1,0,0,NA,3.74199999999996,512,1,0,0.00999866052489018,0,0,1,1,0,517
65,67123,500,2,"bernoulli","linesearch",0.00160000000000004,1,0.00160000000000004,0.800000000000021,0.01,2000,0.5,1,7,0,NA,29.972,512,1,0,0.00999866052489018,0,0,1,0,0,518
65,67123,500,2,"bernoulli","fixed",0.00160000000000004,0.2,0.000320000000000008,0.160000000000004,0.01,2000,0.5,1,0,0,NA,12.8059999999999,2000,0,0,0.0752151513866551,0,0,1,1,0,519
65,67123,500,2,"bernoulli","linesearch",0.00160000000000004,0.2,0.000320000000000008,0.160000000000004,0.01,2000,0.5,1,7,0,NA,116.739,2000,0,0,0.0752151513866551,0,0,1,0,0,520
66,68123,500,2,"bernoulli","fixed",0.00160000000000017,10,0.0160000000000017,8.00000000000083,0.01,2000,0.5,1,0,0,NA,13.49,2000,0,0,243.851390714761,0,0,1,1,0,521
66,68123,500,2,"bernoulli","linesearch",0.00160000000000017,10,0.0160000000000017,8.00000000000083,0.01,2000,0.5,1,7,0,NA,128.463,945,1,0,0.0099728511073409,4,4,0,0,0,522
66,68123,500,2,"bernoulli","fixed",0.00160000000000017,5,0.00800000000000083,4.00000000000042,0.01,2000,0.5,1,0,0,NA,1.33100000000002,121,1,0,0.00902835186523053,0,0,1,1,0,523
66,68123,500,2,"bernoulli","linesearch",0.00160000000000017,5,0.00800000000000083,4.00000000000042,0.01,2000,0.5,1,7,0,NA,110.094,945,1,0,0.0099728511073409,3,3,0,0,0,524
66,68123,500,2,"bernoulli","fixed",0.00160000000000017,1,0.00160000000000017,0.800000000000084,0.01,2000,0.5,1,0,0,NA,4.27199999999993,592,1,0,0.00988473473981924,0,0,1,1,0,525
66,68123,500,2,"bernoulli","linesearch",0.00160000000000017,1,0.00160000000000017,0.800000000000084,0.01,2000,0.5,1,7,0,NA,35.8129999999999,592,1,0,0.00988473473981924,0,0,1,0,0,526
66,68123,500,2,"bernoulli","fixed",0.00160000000000017,0.2,0.000320000000000033,0.160000000000017,0.01,2000,0.5,1,0,0,NA,13.03,2000,0,0,0.467008515439408,0,0,1,1,0,527
66,68123,500,2,"bernoulli","linesearch",0.00160000000000017,0.2,0.000320000000000033,0.160000000000017,0.01,2000,0.5,1,7,0,NA,118.241,2000,0,0,0.467008515439408,0,0,1,0,0,528
67,69123,500,2,"bernoulli","fixed",0.00160000000000002,10,0.0160000000000002,8.00000000000008,0.01,2000,0.5,1,0,0,NA,13.3969999999999,2000,0,0,241.63907976186,0,0,1,1,0,529
67,69123,500,2,"bernoulli","linesearch",0.00160000000000002,10,0.0160000000000002,8.00000000000008,0.01,2000,0.5,1,7,0,NA,123.105,930,1,0,0.00993927008785427,4,4,0,0,0,530
67,69123,500,2,"bernoulli","fixed",0.00160000000000002,5,0.00800000000000008,4.00000000000004,0.01,2000,0.5,1,0,0,NA,1.32000000000005,118,1,0,0.00964525155148498,0,0,1,1,0,531
67,69123,500,2,"bernoulli","linesearch",0.00160000000000002,5,0.00800000000000008,4.00000000000004,0.01,2000,0.5,1,7,0,NA,110.79,930,1,0,0.00993927008785427,3,3,0,0,0,532
67,69123,500,2,"bernoulli","fixed",0.00160000000000002,1,0.00160000000000002,0.800000000000008,0.01,2000,0.5,1,0,0,NA,4.33799999999997,582,1,0,0.00993034037419108,0,0,1,1,0,533
67,69123,500,2,"bernoulli","linesearch",0.00160000000000002,1,0.00160000000000002,0.800000000000008,0.01,2000,0.5,1,7,0,NA,37.528,582,1,0,0.00993034037419108,0,0,1,0,0,534
67,69123,500,2,"bernoulli","fixed",0.00160000000000002,0.2,0.000320000000000003,0.160000000000002,0.01,2000,0.5,1,0,0,NA,13.7440000000001,2000,0,0,0.200443233737871,0,0,1,1,0,535
67,69123,500,2,"bernoulli","linesearch",0.00160000000000002,0.2,0.000320000000000003,0.160000000000002,0.01,2000,0.5,1,7,0,NA,123.6,2000,0,0,0.200443233737871,0,0,1,0,0,536
68,70123,500,2,"bernoulli","fixed",0.00160000000000009,10,0.0160000000000009,8.00000000000046,0.01,2000,0.5,1,0,0,NA,13.6070000000001,2000,0,0,247.750008183749,0,0,1,1,0,537
68,70123,500,2,"bernoulli","linesearch",0.00160000000000009,10,0.0160000000000009,8.00000000000046,0.01,2000,0.5,1,7,0,NA,106.363,782,1,0,0.00997455866038106,4,4,0,0,0,538
68,70123,500,2,"bernoulli","fixed",0.00160000000000009,5,0.00800000000000046,4.00000000000023,0.01,2000,0.5,1,0,0,NA,1.18399999999997,100,1,0,0.00982469955255333,0,0,1,1,0,539
68,70123,500,2,"bernoulli","linesearch",0.00160000000000009,5,0.00800000000000046,4.00000000000023,0.01,2000,0.5,1,7,0,NA,92.237,782,1,0,0.00997455866038106,3,3,0,0,0,540
68,70123,500,2,"bernoulli","fixed",0.00160000000000009,1,0.00160000000000009,0.800000000000046,0.01,2000,0.5,1,0,0,NA,3.75900000000001,490,1,0,0.00993771122565654,0,0,1,1,0,541
68,70123,500,2,"bernoulli","linesearch",0.00160000000000009,1,0.00160000000000009,0.800000000000046,0.01,2000,0.5,1,7,0,NA,31.215,490,1,0,0.00993771122565654,0,0,1,0,0,542
68,70123,500,2,"bernoulli","fixed",0.00160000000000009,0.2,0.000320000000000019,0.160000000000009,0.01,2000,0.5,1,0,0,NA,13.4929999999999,2000,0,0,0.0412262617846643,0,0,1,1,0,543
68,70123,500,2,"bernoulli","linesearch",0.00160000000000009,0.2,0.000320000000000019,0.160000000000009,0.01,2000,0.5,1,7,0,NA,121.399,2000,0,0,0.0412262617846643,0,0,1,0,0,544
69,71123,500,2,"bernoulli","fixed",0.00160000000000001,10,0.0160000000000001,8.00000000000004,0.01,2000,0.5,1,0,0,NA,14.226,2000,0,0,233.92214898712,0,0,1,1,0,545
69,71123,500,2,"bernoulli","linesearch",0.00160000000000001,10,0.0160000000000001,8.00000000000004,0.01,2000,0.5,1,7,0,NA,108.103,783,1,0,0.00991034634179472,4,4,0,0,0,546
69,71123,500,2,"bernoulli","fixed",0.00160000000000001,5,0.00800000000000003,4.00000000000002,0.01,2000,0.5,1,0,0,NA,1.20400000000006,100,1,0,0.00949420983480517,0,0,1,1,0,547
69,71123,500,2,"bernoulli","linesearch",0.00160000000000001,5,0.00800000000000003,4.00000000000002,0.01,2000,0.5,1,7,0,NA,94.172,783,1,0,0.00991034634179472,3,3,0,0,0,548
69,71123,500,2,"bernoulli","fixed",0.00160000000000001,1,0.00160000000000001,0.800000000000003,0.01,2000,0.5,1,0,0,NA,3.74400000000003,490,1,0,0.00995592742630176,0,0,1,1,0,549
69,71123,500,2,"bernoulli","linesearch",0.00160000000000001,1,0.00160000000000001,0.800000000000003,0.01,2000,0.5,1,7,0,NA,31.1110000000001,490,1,0,0.00995592742630176,0,0,1,0,0,550
69,71123,500,2,"bernoulli","fixed",0.00160000000000001,0.2,0.000320000000000001,0.160000000000001,0.01,2000,0.5,1,0,0,NA,13.8320000000001,2000,0,0,0.057845412896639,0,0,1,1,0,551
69,71123,500,2,"bernoulli","linesearch",0.00160000000000001,0.2,0.000320000000000001,0.160000000000001,0.01,2000,0.5,1,7,0,NA,125.344,2000,0,0,0.057845412896639,0,0,1,0,0,552
70,72123,500,2,"bernoulli","fixed",0.00160000000000001,10,0.0160000000000001,8.00000000000005,0.01,2000,0.5,1,0,0,NA,13.754,2000,0,0,244.043013471966,0,0,1,1,0,553
70,72123,500,2,"bernoulli","linesearch",0.00160000000000001,10,0.0160000000000001,8.00000000000005,0.01,2000,0.5,1,7,0,NA,96.0549999999999,720,1,0,0.00995657180307115,4,4,0,0,0,554
70,72123,500,2,"bernoulli","fixed",0.00160000000000001,5,0.00800000000000005,4.00000000000003,0.01,2000,0.5,1,0,0,NA,1.14599999999996,91,1,0,0.00973245565168801,0,0,1,1,0,555
70,72123,500,2,"bernoulli","linesearch",0.00160000000000001,5,0.00800000000000005,4.00000000000003,0.01,2000,0.5,1,7,0,NA,83.3430000000001,720,1,0,0.00995657180307115,3,3,0,0,0,556
70,72123,500,2,"bernoulli","fixed",0.00160000000000001,1,0.00160000000000001,0.800000000000005,0.01,2000,0.5,1,0,0,NA,3.39200000000005,451,1,0,0.00984297295899558,0,0,1,1,0,557
70,72123,500,2,"bernoulli","linesearch",0.00160000000000001,1,0.00160000000000001,0.800000000000005,0.01,2000,0.5,1,7,0,NA,27.091,451,1,0,0.00984297295899558,0,0,1,0,0,558
70,72123,500,2,"bernoulli","fixed",0.00160000000000001,0.2,0.000320000000000002,0.160000000000001,0.01,2000,0.5,1,0,0,NA,12.9529999999999,2000,0,0,0.0262458041997947,0,0,1,1,0,559
70,72123,500,2,"bernoulli","linesearch",0.00160000000000001,0.2,0.000320000000000002,0.160000000000001,0.01,2000,0.5,1,7,0,NA,118.294,2000,0,0,0.0262458041997947,0,0,1,0,0,560
71,73123,500,2,"bernoulli","fixed",0.00160000000000003,10,0.0160000000000003,8.00000000000013,0.01,2000,0.5,1,0,0,NA,14.006,2000,0,0,244.198293294593,0,0,1,1,0,561
71,73123,500,2,"bernoulli","linesearch",0.00160000000000003,10,0.0160000000000003,8.00000000000013,0.01,2000,0.5,1,7,0,NA,106.836,802,1,0,0.00994020782814556,4,4,0,0,0,562
71,73123,500,2,"bernoulli","fixed",0.00160000000000003,5,0.00800000000000013,4.00000000000007,0.01,2000,0.5,1,0,0,NA,1.20600000000002,102,1,0,0.0094189882647337,0,0,1,1,0,563
71,73123,500,2,"bernoulli","linesearch",0.00160000000000003,5,0.00800000000000013,4.00000000000007,0.01,2000,0.5,1,7,0,NA,91.7570000000001,802,1,0,0.00994020782814556,3,3,0,0,0,564
71,73123,500,2,"bernoulli","fixed",0.00160000000000003,1,0.00160000000000003,0.800000000000013,0.01,2000,0.5,1,0,0,NA,3.68700000000001,502,1,0,0.00991233973264291,0,0,1,1,0,565
71,73123,500,2,"bernoulli","linesearch",0.00160000000000003,1,0.00160000000000003,0.800000000000013,0.01,2000,0.5,1,7,0,NA,29.8009999999999,502,1,0,0.00991233973264291,0,0,1,0,0,566
71,73123,500,2,"bernoulli","fixed",0.00160000000000003,0.2,0.000320000000000005,0.160000000000003,0.01,2000,0.5,1,0,0,NA,13.277,2000,0,0,0.0673097223798201,0,0,1,1,0,567
71,73123,500,2,"bernoulli","linesearch",0.00160000000000003,0.2,0.000320000000000005,0.160000000000003,0.01,2000,0.5,1,7,0,NA,123.813,2000,0,0,0.0673097223798201,0,0,1,0,0,568
72,74123,500,2,"bernoulli","fixed",0.00160000000000026,10,0.0160000000000026,8.0000000000013,0.01,2000,0.5,1,0,0,NA,13.284,2000,0,0,229.794718039305,0,0,1,1,0,569
72,74123,500,2,"bernoulli","linesearch",0.00160000000000026,10,0.0160000000000026,8.0000000000013,0.01,2000,0.5,1,7,0,NA,95.415,739,1,0,0.00989597109943907,4,4,0,0,0,570
72,74123,500,2,"bernoulli","fixed",0.00160000000000026,5,0.0080000000000013,4.00000000000065,0.01,2000,0.5,1,0,0,NA,1.15000000000009,94,1,0,0.00966441381700078,0,0,1,1,0,571
72,74123,500,2,"bernoulli","linesearch",0.00160000000000026,5,0.0080000000000013,4.00000000000065,0.01,2000,0.5,1,7,0,NA,82.972,739,1,0,0.00989597109943907,3,3,0,0,0,572
72,74123,500,2,"bernoulli","fixed",0.00160000000000026,1,0.00160000000000026,0.80000000000013,0.01,2000,0.5,1,0,0,NA,3.38599999999997,463,1,0,0.00981886214432115,0,0,1,1,0,573
72,74123,500,2,"bernoulli","linesearch",0.00160000000000026,1,0.00160000000000026,0.80000000000013,0.01,2000,0.5,1,7,0,NA,26.971,463,1,0,0.00981886214432115,0,0,1,0,0,574
72,74123,500,2,"bernoulli","fixed",0.00160000000000026,0.2,0.000320000000000052,0.160000000000026,0.01,2000,0.5,1,0,0,NA,12.9599999999998,2000,0,0,0.0312509602517578,0,0,1,1,0,575
72,74123,500,2,"bernoulli","linesearch",0.00160000000000026,0.2,0.000320000000000052,0.160000000000026,0.01,2000,0.5,1,7,0,NA,114.076,2000,0,0,0.0312509602517578,0,0,1,0,0,576
73,75123,500,2,"bernoulli","fixed",0.00160000000000027,10,0.0160000000000027,8.00000000000134,0.01,2000,0.5,1,0,0,NA,13.888,2000,0,0,243.248320497252,0,0,1,1,0,577
73,75123,500,2,"bernoulli","linesearch",0.00160000000000027,10,0.0160000000000027,8.00000000000134,0.01,2000,0.5,1,7,0,NA,107.324,816,1,0,0.00997823582231167,4,4,0,0,0,578
73,75123,500,2,"bernoulli","fixed",0.00160000000000027,5,0.00800000000000134,4.00000000000067,0.01,2000,0.5,1,0,0,NA,1.26300000000003,105,1,0,0.00920012495402381,0,0,1,1,0,579
73,75123,500,2,"bernoulli","linesearch",0.00160000000000027,5,0.00800000000000134,4.00000000000067,0.01,2000,0.5,1,7,0,NA,92.856,816,1,0,0.00997823582231167,3,3,0,0,0,580
73,75123,500,2,"bernoulli","fixed",0.00160000000000027,1,0.00160000000000027,0.800000000000133,0.01,2000,0.5,1,0,0,NA,3.69100000000003,511,1,0,0.00999274506094758,0,0,1,1,0,581
73,75123,500,2,"bernoulli","linesearch",0.00160000000000027,1,0.00160000000000027,0.800000000000133,0.01,2000,0.5,1,7,0,NA,29.789,511,1,0,0.00999274506094758,0,0,1,0,0,582
73,75123,500,2,"bernoulli","fixed",0.00160000000000027,0.2,0.000320000000000053,0.160000000000027,0.01,2000,0.5,1,0,0,NA,12.7629999999999,2000,0,0,0.0745845986058485,0,0,1,1,0,583
73,75123,500,2,"bernoulli","linesearch",0.00160000000000027,0.2,0.000320000000000053,0.160000000000027,0.01,2000,0.5,1,7,0,NA,114.827,2000,0,0,0.0745845986058485,0,0,1,0,0,584
74,76123,500,2,"bernoulli","fixed",0.00160000000000001,10,0.0160000000000001,8.00000000000003,0.01,2000,0.5,1,0,0,NA,13.712,2000,0,0,237.104418430059,0,0,1,1,0,585
74,76123,500,2,"bernoulli","linesearch",0.00160000000000001,10,0.0160000000000001,8.00000000000003,0.01,2000,0.5,1,7,0,NA,121.703,890,1,0,0.00992635999568925,4,4,0,0,0,586
74,76123,500,2,"bernoulli","fixed",0.00160000000000001,5,0.00800000000000003,4.00000000000002,0.01,2000,0.5,1,0,0,NA,1.327,113,1,0,0.00956434667160566,0,0,1,1,0,587
74,76123,500,2,"bernoulli","linesearch",0.00160000000000001,5,0.00800000000000003,4.00000000000002,0.01,2000,0.5,1,7,0,NA,106.343,890,1,0,0.00992635999568925,3,3,0,0,0,588
74,76123,500,2,"bernoulli","fixed",0.00160000000000001,1,0.00160000000000001,0.800000000000003,0.01,2000,0.5,1,0,0,NA,4.21299999999997,557,1,0,0.00991343824419907,0,0,1,1,0,589
74,76123,500,2,"bernoulli","linesearch",0.00160000000000001,1,0.00160000000000001,0.800000000000003,0.01,2000,0.5,1,7,0,NA,35.0599999999999,557,1,0,0.00991343824419907,0,0,1,0,0,590
74,76123,500,2,"bernoulli","fixed",0.00160000000000001,0.2,0.000320000000000001,0.160000000000001,0.01,2000,0.5,1,0,0,NA,13.8720000000001,2000,0,0,0.129445492296785,0,0,1,1,0,591
74,76123,500,2,"bernoulli","linesearch",0.00160000000000001,0.2,0.000320000000000001,0.160000000000001,0.01,2000,0.5,1,7,0,NA,124.418,2000,0,0,0.129445492296785,0,0,1,0,0,592
75,77123,500,2,"bernoulli","fixed",0.00160000000000001,10,0.0160000000000001,8.00000000000003,0.01,2000,0.5,1,0,0,NA,13.548,2000,0,0,245.311150930796,0,0,1,1,0,593
75,77123,500,2,"bernoulli","linesearch",0.00160000000000001,10,0.0160000000000001,8.00000000000003,0.01,2000,0.5,1,7,0,NA,96.759,735,1,0,0.00998977012163102,4,4,0,0,0,594
75,77123,500,2,"bernoulli","fixed",0.00160000000000001,5,0.00800000000000003,4.00000000000001,0.01,2000,0.5,1,0,0,NA,1.17700000000002,93,1,0,0.00974342909218417,0,0,1,1,0,595
75,77123,500,2,"bernoulli","linesearch",0.00160000000000001,5,0.00800000000000003,4.00000000000001,0.01,2000,0.5,1,7,0,NA,84.66,735,1,0,0.00998977012163102,3,3,0,0,0,596
75,77123,500,2,"bernoulli","fixed",0.00160000000000001,1,0.00160000000000001,0.800000000000003,0.01,2000,0.5,1,0,0,NA,3.38200000000006,460,1,0,0.00995568889625004,0,0,1,1,0,597
75,77123,500,2,"bernoulli","linesearch",0.00160000000000001,1,0.00160000000000001,0.800000000000003,0.01,2000,0.5,1,7,0,NA,28.02,460,1,0,0.00995568889625004,0,0,1,0,0,598
75,77123,500,2,"bernoulli","fixed",0.00160000000000001,0.2,0.000320000000000001,0.160000000000001,0.01,2000,0.5,1,0,0,NA,13.2760000000001,2000,0,0,0.0290573747476319,0,0,1,1,0,599
75,77123,500,2,"bernoulli","linesearch",0.00160000000000001,0.2,0.000320000000000001,0.160000000000001,0.01,2000,0.5,1,7,0,NA,119.704,2000,0,0,0.0290573747476319,0,0,1,0,0,600
76,78123,500,2,"bernoulli","fixed",0.0016,10,0.016,8,0.01,2000,0.5,1,0,0,NA,13.4950000000001,2000,0,0,229.219041418516,0,0,1,1,0,601
76,78123,500,2,"bernoulli","linesearch",0.0016,10,0.016,8,0.01,2000,0.5,1,7,0,NA,124.231,934,1,0,0.00992071127364741,4,4,0,0,0,602
76,78123,500,2,"bernoulli","fixed",0.0016,5,0.008,4,0.01,2000,0.5,1,0,0,NA,1.27800000000002,119,1,0,0.00988950767323327,0,0,1,1,0,603
76,78123,500,2,"bernoulli","linesearch",0.0016,5,0.008,4,0.01,2000,0.5,1,7,0,NA,109.287,934,1,0,0.00992071127364741,3,3,0,0,0,604
76,78123,500,2,"bernoulli","fixed",0.0016,1,0.0016,0.8,0.01,2000,0.5,1,0,0,NA,4.36900000000014,585,1,0,0.00989003747730016,0,0,1,1,0,605
76,78123,500,2,"bernoulli","linesearch",0.0016,1,0.0016,0.8,0.01,2000,0.5,1,7,0,NA,35.6060000000002,585,1,0,0.00989003747730016,0,0,1,0,0,606
76,78123,500,2,"bernoulli","fixed",0.0016,0.2,0.00032,0.16,0.01,2000,0.5,1,0,0,NA,13.529,2000,0,0,0.24030114478,0,0,1,1,0,607
76,78123,500,2,"bernoulli","linesearch",0.0016,0.2,0.00032,0.16,0.01,2000,0.5,1,7,0,NA,124.254,2000,0,0,0.24030114478,0,0,1,0,0,608
77,79123,500,2,"bernoulli","fixed",0.00160000000000009,10,0.0160000000000009,8.00000000000045,0.01,2000,0.5,1,0,0,NA,13.175,2000,0,0,229.908932860507,0,0,1,1,0,609
77,79123,500,2,"bernoulli","linesearch",0.00160000000000009,10,0.0160000000000009,8.00000000000045,0.01,2000,0.5,1,7,0,NA,100.352,779,1,0,0.00995186313293681,4,4,0,0,0,610
77,79123,500,2,"bernoulli","fixed",0.00160000000000009,5,0.00800000000000045,4.00000000000023,0.01,2000,0.5,1,0,0,NA,1.16400000000021,99,1,0,0.00999470077430969,0,0,1,1,0,611
77,79123,500,2,"bernoulli","linesearch",0.00160000000000009,5,0.00800000000000045,4.00000000000023,0.01,2000,0.5,1,7,0,NA,86.2450000000001,779,1,0,0.00995186313293681,3,3,0,0,0,612
77,79123,500,2,"bernoulli","fixed",0.00160000000000009,1,0.00160000000000009,0.800000000000045,0.01,2000,0.5,1,0,0,NA,3.57200000000012,488,1,0,0.00989059131625206,0,0,1,1,0,613
77,79123,500,2,"bernoulli","linesearch",0.00160000000000009,1,0.00160000000000009,0.800000000000045,0.01,2000,0.5,1,7,0,NA,28.4359999999999,488,1,0,0.00989059131625206,0,0,1,0,0,614
77,79123,500,2,"bernoulli","fixed",0.00160000000000009,0.2,0.000320000000000018,0.160000000000009,0.01,2000,0.5,1,0,0,NA,12.6429999999998,2000,0,0,0.0573219057322434,0,0,1,1,0,615
77,79123,500,2,"bernoulli","linesearch",0.00160000000000009,0.2,0.000320000000000018,0.160000000000009,0.01,2000,0.5,1,7,0,NA,113.882,2000,0,0,0.0573219057322434,0,0,1,0,0,616
78,80123,500,2,"bernoulli","fixed",0.0016,10,0.016,8,0.01,2000,0.5,1,0,0,NA,13.779,2000,0,0,233.698909798399,0,0,1,1,0,617
78,80123,500,2,"bernoulli","linesearch",0.0016,10,0.016,8,0.01,2000,0.5,1,7,0,NA,110.02,831,1,0,0.00989233337427936,4,4,0,0,0,618
78,80123,500,2,"bernoulli","fixed",0.0016,5,0.008,4,0.01,2000,0.5,1,0,0,NA,1.24900000000002,106,1,0,0.009387129999927,0,0,1,1,0,619
78,80123,500,2,"bernoulli","linesearch",0.0016,5,0.008,4,0.01,2000,0.5,1,7,0,NA,97.9059999999999,831,1,0,0.00989233337427936,3,3,0,0,0,620
78,80123,500,2,"bernoulli","fixed",0.0016,1,0.0016,0.8,0.01,2000,0.5,1,0,0,NA,3.87299999999982,520,1,0,0.0099261315374824,0,0,1,1,0,621
78,80123,500,2,"bernoulli","linesearch",0.0016,1,0.0016,0.8,0.01,2000,0.5,1,7,0,NA,33.0040000000001,520,1,0,0.0099261315374824,0,0,1,0,0,622
78,80123,500,2,"bernoulli","fixed",0.0016,0.2,0.00032,0.16,0.01,2000,0.5,1,0,0,NA,13.5820000000001,2000,0,0,0.0996951998458762,0,0,1,1,0,623
78,80123,500,2,"bernoulli","linesearch",0.0016,0.2,0.00032,0.16,0.01,2000,0.5,1,7,0,NA,122.074,2000,0,0,0.0996951998458762,0,0,1,0,0,624
79,81123,500,2,"bernoulli","fixed",0.00160000000000011,10,0.0160000000000011,8.00000000000055,0.01,2000,0.5,1,0,0,NA,13.5339999999999,2000,0,0,236.418065760315,0,0,1,1,0,625
79,81123,500,2,"bernoulli","linesearch",0.00160000000000011,10,0.0160000000000011,8.00000000000055,0.01,2000,0.5,1,7,0,NA,93.4760000000001,691,1,0,0.00989542515088446,4,4,0,0,0,626
79,81123,500,2,"bernoulli","fixed",0.00160000000000011,5,0.00800000000000054,4.00000000000027,0.01,2000,0.5,1,0,0,NA,1.12900000000013,88,1,0,0.00912459869604651,0,0,1,1,0,627
79,81123,500,2,"bernoulli","linesearch",0.00160000000000011,5,0.00800000000000054,4.00000000000027,0.01,2000,0.5,1,7,0,NA,80.3259999999998,691,1,0,0.00989542515088446,3,3,0,0,0,628
79,81123,500,2,"bernoulli","fixed",0.00160000000000011,1,0.00160000000000011,0.800000000000055,0.01,2000,0.5,1,0,0,NA,3.2940000000001,432,1,0,0.00996330147556507,0,0,1,1,0,629
79,81123,500,2,"bernoulli","linesearch",0.00160000000000011,1,0.00160000000000011,0.800000000000055,0.01,2000,0.5,1,7,0,NA,27.729,432,1,0,0.00996330147556507,0,0,1,0,0,630
79,81123,500,2,"bernoulli","fixed",0.00160000000000011,0.2,0.000320000000000022,0.160000000000011,0.01,2000,0.5,1,0,0,NA,13.4939999999999,2000,0,0,0.0191045775476306,0,0,1,1,0,631
79,81123,500,2,"bernoulli","linesearch",0.00160000000000011,0.2,0.000320000000000022,0.160000000000011,0.01,2000,0.5,1,7,0,NA,133.506,2000,0,0,0.0191045775476306,0,0,1,0,0,632
80,82123,500,2,"bernoulli","fixed",0.00160000000000033,10,0.0160000000000033,8.00000000000165,0.01,2000,0.5,1,0,0,NA,13.8869999999999,2000,0,0,230.130956887676,0,0,1,1,0,633
80,82123,500,2,"bernoulli","linesearch",0.00160000000000033,10,0.0160000000000033,8.00000000000165,0.01,2000,0.5,1,7,0,NA,105.82,809,1,0,0.00996634591353562,4,4,0,0,0,634
80,82123,500,2,"bernoulli","fixed",0.00160000000000033,5,0.00800000000000165,4.00000000000082,0.01,2000,0.5,1,0,0,NA,1.21100000000001,103,1,0,0.0092270179156666,0,0,1,1,0,635
80,82123,500,2,"bernoulli","linesearch",0.00160000000000033,5,0.00800000000000165,4.00000000000082,0.01,2000,0.5,1,7,0,NA,91.729,809,1,0,0.00996634591353562,3,3,0,0,0,636
80,82123,500,2,"bernoulli","fixed",0.00160000000000033,1,0.00160000000000033,0.800000000000165,0.01,2000,0.5,1,0,0,NA,3.82799999999997,506,1,0,0.00998712382020983,0,0,1,1,0,637
80,82123,500,2,"bernoulli","linesearch",0.00160000000000033,1,0.00160000000000033,0.800000000000165,0.01,2000,0.5,1,7,0,NA,30.1310000000001,506,1,0,0.00998712382020983,0,0,1,0,0,638
80,82123,500,2,"bernoulli","fixed",0.00160000000000033,0.2,0.000320000000000066,0.160000000000033,0.01,2000,0.5,1,0,0,NA,13.0820000000001,2000,0,0,0.0538946640722509,0,0,1,1,0,639
80,82123,500,2,"bernoulli","linesearch",0.00160000000000033,0.2,0.000320000000000066,0.160000000000033,0.01,2000,0.5,1,7,0,NA,116.425,2000,0,0,0.0538946640722509,0,0,1,0,0,640
81,83123,500,2,"bernoulli","fixed",0.0016,10,0.016,8,0.01,2000,0.5,1,0,0,NA,13.5340000000001,2000,0,0,253.475470613519,0,0,1,1,0,641
81,83123,500,2,"bernoulli","linesearch",0.0016,10,0.016,8,0.01,2000,0.5,1,7,0,NA,113.306,877,1,0,0.00988591424165314,4,4,0,0,0,642
81,83123,500,2,"bernoulli","fixed",0.0016,5,0.008,4,0.01,2000,0.5,1,0,0,NA,1.24900000000002,112,1,0,0.00931513280388775,0,0,1,1,0,643
81,83123,500,2,"bernoulli","linesearch",0.0016,5,0.008,4,0.01,2000,0.5,1,7,0,NA,98.798,877,1,0,0.00988591424165314,3,3,0,0,0,644
81,83123,500,2,"bernoulli","fixed",0.0016,1,0.0016,0.8,0.01,2000,0.5,1,0,0,NA,4.02600000000007,549,1,0,0.00988506197623171,0,0,1,1,0,645
81,83123,500,2,"bernoulli","linesearch",0.0016,1,0.0016,0.8,0.01,2000,0.5,1,7,0,NA,31.9409999999998,549,1,0,0.00988506197623171,0,0,1,0,0,646
81,83123,500,2,"bernoulli","fixed",0.0016,0.2,0.00032,0.16,0.01,2000,0.5,1,0,0,NA,13.0709999999999,2000,0,0,0.145611185418431,0,0,1,1,0,647
81,83123,500,2,"bernoulli","linesearch",0.0016,0.2,0.00032,0.16,0.01,2000,0.5,1,7,0,NA,114.459,2000,0,0,0.145611185418431,0,0,1,0,0,648
82,84123,500,2,"bernoulli","fixed",0.00160000000000013,10,0.0160000000000013,8.00000000000063,0.01,2000,0.5,1,0,0,NA,13.384,2000,0,0,243.456110228936,0,0,1,1,0,649
82,84123,500,2,"bernoulli","linesearch",0.00160000000000013,10,0.0160000000000013,8.00000000000063,0.01,2000,0.5,1,7,0,NA,105.829,764,1,0,0.00988762512852377,4,4,0,0,0,650
82,84123,500,2,"bernoulli","fixed",0.00160000000000013,5,0.00800000000000063,4.00000000000032,0.01,2000,0.5,1,0,0,NA,1.20000000000005,98,1,0,0.00940381078806199,0,0,1,1,0,651
82,84123,500,2,"bernoulli","linesearch",0.00160000000000013,5,0.00800000000000063,4.00000000000032,0.01,2000,0.5,1,7,0,NA,90.6700000000001,764,1,0,0.00988762512852377,3,3,0,0,0,652
82,84123,500,2,"bernoulli","fixed",0.00160000000000013,1,0.00160000000000013,0.800000000000063,0.01,2000,0.5,1,0,0,NA,3.62200000000007,478,1,0,0.00999097635059884,0,0,1,1,0,653
82,84123,500,2,"bernoulli","linesearch",0.00160000000000013,1,0.00160000000000013,0.800000000000063,0.01,2000,0.5,1,7,0,NA,31.2,478,1,0,0.00999097635059884,0,0,1,0,0,654
82,84123,500,2,"bernoulli","fixed",0.00160000000000013,0.2,0.000320000000000025,0.160000000000013,0.01,2000,0.5,1,0,0,NA,13.2710000000002,2000,0,0,0.0536859269510093,0,0,1,1,0,655
82,84123,500,2,"bernoulli","linesearch",0.00160000000000013,0.2,0.000320000000000025,0.160000000000013,0.01,2000,0.5,1,7,0,NA,121.792,2000,0,0,0.0536859269510093,0,0,1,0,0,656
83,85123,500,2,"bernoulli","fixed",0.0016000000000002,10,0.016000000000002,8.00000000000099,0.01,2000,0.5,1,0,0,NA,13.923,2000,0,0,227.987493592935,0,0,1,1,0,657
83,85123,500,2,"bernoulli","linesearch",0.0016000000000002,10,0.016000000000002,8.00000000000099,0.01,2000,0.5,1,7,0,NA,98.7830000000001,727,1,0,0.00995706166682916,4,4,0,0,0,658
83,85123,500,2,"bernoulli","fixed",0.0016000000000002,5,0.00800000000000099,4.00000000000049,0.01,2000,0.5,1,0,0,NA,1.154,92,1,0,0.00929556711144294,0,0,1,1,0,659
83,85123,500,2,"bernoulli","linesearch",0.0016000000000002,5,0.00800000000000099,4.00000000000049,0.01,2000,0.5,1,7,0,NA,86.4699999999998,727,1,0,0.00995706166682916,3,3,0,0,0,660
83,85123,500,2,"bernoulli","fixed",0.0016000000000002,1,0.0016000000000002,0.800000000000099,0.01,2000,0.5,1,0,0,NA,3.45000000000005,455,1,0,0.00989053821657862,0,0,1,1,0,661
83,85123,500,2,"bernoulli","linesearch",0.0016000000000002,1,0.0016000000000002,0.800000000000099,0.01,2000,0.5,1,7,0,NA,28.3869999999999,455,1,0,0.00989053821657862,0,0,1,0,0,662
83,85123,500,2,"bernoulli","fixed",0.0016000000000002,0.2,0.000320000000000039,0.16000000000002,0.01,2000,0.5,1,0,0,NA,13.204,2000,0,0,0.0279954272249964,0,0,1,1,0,663
83,85123,500,2,"bernoulli","linesearch",0.0016000000000002,0.2,0.000320000000000039,0.16000000000002,0.01,2000,0.5,1,7,0,NA,124.074,2000,0,0,0.0279954272249964,0,0,1,0,0,664
84,86123,500,2,"bernoulli","fixed",0.00160000000000003,10,0.0160000000000003,8.00000000000012,0.01,2000,0.5,1,0,0,NA,13.0559999999998,2000,0,0,230.410067345426,0,0,1,1,0,665
84,86123,500,2,"bernoulli","linesearch",0.00160000000000003,10,0.0160000000000003,8.00000000000012,0.01,2000,0.5,1,7,0,NA,97.0040000000001,757,1,0,0.00990215137958567,4,4,0,0,0,666
84,86123,500,2,"bernoulli","fixed",0.00160000000000003,5,0.00800000000000013,4.00000000000006,0.01,2000,0.5,1,0,0,NA,1.16300000000001,97,1,0,0.0090861652835911,0,0,1,1,0,667
84,86123,500,2,"bernoulli","linesearch",0.00160000000000003,5,0.00800000000000013,4.00000000000006,0.01,2000,0.5,1,7,0,NA,84.4929999999999,757,1,0,0.00990215137958567,3,3,0,0,0,668
84,86123,500,2,"bernoulli","fixed",0.00160000000000003,1,0.00160000000000003,0.800000000000012,0.01,2000,0.5,1,0,0,NA,3.5,474,1,0,0.00988122188923696,0,0,1,1,0,669
84,86123,500,2,"bernoulli","linesearch",0.00160000000000003,1,0.00160000000000003,0.800000000000012,0.01,2000,0.5,1,7,0,NA,28.252,474,1,0,0.00988122188923696,0,0,1,0,0,670
84,86123,500,2,"bernoulli","fixed",0.00160000000000003,0.2,0.000320000000000005,0.160000000000003,0.01,2000,0.5,1,0,0,NA,12.9820000000002,2000,0,0,0.0401554654946676,0,0,1,1,0,671
84,86123,500,2,"bernoulli","linesearch",0.00160000000000003,0.2,0.000320000000000005,0.160000000000003,0.01,2000,0.5,1,7,0,NA,114.554,2000,0,0,0.0401554654946676,0,0,1,0,0,672
85,87123,500,2,"bernoulli","fixed",0.0016000000000001,10,0.016000000000001,8.00000000000049,0.01,2000,0.5,1,0,0,NA,13.8869999999999,2000,0,0,234.236892437782,0,0,1,1,0,673
85,87123,500,2,"bernoulli","linesearch",0.0016000000000001,10,0.016000000000001,8.00000000000049,0.01,2000,0.5,1,7,0,NA,102.468,749,1,0,0.0099155537337082,4,4,0,0,0,674
85,87123,500,2,"bernoulli","fixed",0.0016000000000001,5,0.00800000000000049,4.00000000000025,0.01,2000,0.5,1,0,0,NA,1.18299999999999,96,1,0,0.00962506271316294,0,0,1,1,0,675
85,87123,500,2,"bernoulli","linesearch",0.0016000000000001,5,0.00800000000000049,4.00000000000025,0.01,2000,0.5,1,7,0,NA,88.2719999999999,749,1,0,0.0099155537337082,3,3,0,0,0,676
85,87123,500,2,"bernoulli","fixed",0.0016000000000001,1,0.0016000000000001,0.800000000000049,0.01,2000,0.5,1,0,0,NA,3.49299999999994,469,1,0,0.00992738093136419,0,0,1,1,0,677
85,87123,500,2,"bernoulli","linesearch",0.0016000000000001,1,0.0016000000000001,0.800000000000049,0.01,2000,0.5,1,7,0,NA,29.2479999999998,469,1,0,0.00992738093136419,0,0,1,0,0,678
85,87123,500,2,"bernoulli","fixed",0.0016000000000001,0.2,0.00032000000000002,0.16000000000001,0.01,2000,0.5,1,0,0,NA,13.2460000000001,2000,0,0,0.0374737488969569,0,0,1,1,0,679
85,87123,500,2,"bernoulli","linesearch",0.0016000000000001,0.2,0.00032000000000002,0.16000000000001,0.01,2000,0.5,1,7,0,NA,121.865,2000,0,0,0.0374737488969569,0,0,1,0,0,680
86,88123,500,2,"bernoulli","fixed",0.00160000000000003,10,0.0160000000000003,8.00000000000013,0.01,2000,0.5,1,0,0,NA,13.028,2000,0,0,243.943604112775,0,0,1,1,0,681
86,88123,500,2,"bernoulli","linesearch",0.00160000000000003,10,0.0160000000000003,8.00000000000013,0.01,2000,0.5,1,7,0,NA,96.1320000000001,743,1,0,0.00989518225002908,4,4,0,0,0,682
86,88123,500,2,"bernoulli","fixed",0.00160000000000003,5,0.00800000000000013,4.00000000000006,0.01,2000,0.5,1,0,0,NA,1.14899999999989,94,1,0,0.00989795601452144,0,0,1,1,0,683
86,88123,500,2,"bernoulli","linesearch",0.00160000000000003,5,0.00800000000000013,4.00000000000006,0.01,2000,0.5,1,7,0,NA,83.4739999999999,743,1,0,0.00989518225002908,3,3,0,0,0,684
86,88123,500,2,"bernoulli","fixed",0.00160000000000003,1,0.00160000000000003,0.800000000000013,0.01,2000,0.5,1,0,0,NA,3.44000000000005,465,1,0,0.00988425817295799,0,0,1,1,0,685
86,88123,500,2,"bernoulli","linesearch",0.00160000000000003,1,0.00160000000000003,0.800000000000013,0.01,2000,0.5,1,7,0,NA,26.8969999999999,465,1,0,0.00988425817295799,0,0,1,0,0,686
86,88123,500,2,"bernoulli","fixed",0.00160000000000003,0.2,0.000320000000000005,0.160000000000003,0.01,2000,0.5,1,0,0,NA,13.0079999999998,2000,0,0,0.0415529282300316,0,0,1,1,0,687
86,88123,500,2,"bernoulli","linesearch",0.00160000000000003,0.2,0.000320000000000005,0.160000000000003,0.01,2000,0.5,1,7,0,NA,115.477,2000,0,0,0.0415529282300316,0,0,1,0,0,688
87,89123,500,2,"bernoulli","fixed",0.00160000000000005,10,0.0160000000000005,8.00000000000025,0.01,2000,0.5,1,0,0,NA,13.6469999999999,2000,0,0,237.571982520983,0,0,1,1,0,689
87,89123,500,2,"bernoulli","linesearch",0.00160000000000005,10,0.0160000000000005,8.00000000000025,0.01,2000,0.5,1,7,0,NA,102.784,778,1,0,0.00990697515412707,4,4,0,0,0,690
87,89123,500,2,"bernoulli","fixed",0.00160000000000005,5,0.00800000000000025,4.00000000000013,0.01,2000,0.5,1,0,0,NA,1.19299999999998,99,1,0,0.00999172802047459,0,0,1,1,0,691
87,89123,500,2,"bernoulli","linesearch",0.00160000000000005,5,0.00800000000000025,4.00000000000013,0.01,2000,0.5,1,7,0,NA,89.5719999999999,778,1,0,0.00990697515412707,3,3,0,0,0,692
87,89123,500,2,"bernoulli","fixed",0.00160000000000005,1,0.00160000000000005,0.800000000000025,0.01,2000,0.5,1,0,0,NA,3.61200000000008,487,1,0,0.00993859321113842,0,0,1,1,0,693
87,89123,500,2,"bernoulli","linesearch",0.00160000000000005,1,0.00160000000000005,0.800000000000025,0.01,2000,0.5,1,7,0,NA,28.912,487,1,0,0.00993859321113842,0,0,1,0,0,694
87,89123,500,2,"bernoulli","fixed",0.00160000000000005,0.2,0.00032000000000001,0.160000000000005,0.01,2000,0.5,1,0,0,NA,13.3680000000002,2000,0,0,0.0538939019431576,0,0,1,1,0,695
87,89123,500,2,"bernoulli","linesearch",0.00160000000000005,0.2,0.00032000000000001,0.160000000000005,0.01,2000,0.5,1,7,0,NA,115.535,2000,0,0,0.0538939019431576,0,0,1,0,0,696
88,90123,500,2,"bernoulli","fixed",0.00160000000000005,10,0.0160000000000005,8.00000000000024,0.01,2000,0.5,1,0,0,NA,13.6390000000001,2000,0,0,238.924442179297,0,0,1,1,0,697
88,90123,500,2,"bernoulli","linesearch",0.00160000000000005,10,0.0160000000000005,8.00000000000024,0.01,2000,0.5,1,7,0,NA,146.847,1069,1,0,0.00995232940899774,4,4,0,0,0,698
88,90123,500,2,"bernoulli","fixed",0.00160000000000005,5,0.00800000000000024,4.00000000000012,0.01,2000,0.5,1,0,0,NA,1.43600000000015,137,1,0,0.00918679901736431,0,0,1,1,0,699
88,90123,500,2,"bernoulli","linesearch",0.00160000000000005,5,0.00800000000000024,4.00000000000012,0.01,2000,0.5,1,7,0,NA,127.08,1069,1,0,0.00995232940899774,3,3,0,0,0,700
88,90123,500,2,"bernoulli","fixed",0.00160000000000005,1,0.00160000000000005,0.800000000000024,0.01,2000,0.5,1,0,0,NA,4.77099999999996,670,1,0,0.00983387764815633,0,0,1,1,0,701
88,90123,500,2,"bernoulli","linesearch",0.00160000000000005,1,0.00160000000000005,0.800000000000024,0.01,2000,0.5,1,7,0,NA,41.539,670,1,0,0.00983387764815633,0,0,1,0,0,702
88,90123,500,2,"bernoulli","fixed",0.00160000000000005,0.2,0.00032000000000001,0.160000000000005,0.01,2000,0.5,1,0,0,NA,13.3970000000002,2000,0,0,0.843069086703914,0,0,1,1,0,703
88,90123,500,2,"bernoulli","linesearch",0.00160000000000005,0.2,0.00032000000000001,0.160000000000005,0.01,2000,0.5,1,7,0,NA,115.652,2000,0,0,0.843069086703914,0,0,1,0,0,704
89,91123,500,2,"bernoulli","fixed",0.00160000000000015,10,0.0160000000000015,8.00000000000076,0.01,2000,0.5,1,0,0,NA,13.2950000000001,2000,0,0,250.3600853437,0,0,1,1,0,705
89,91123,500,2,"bernoulli","linesearch",0.00160000000000015,10,0.0160000000000015,8.00000000000076,0.01,2000,0.5,1,7,0,NA,103.678,799,1,0,0.00999293297759865,4,4,0,0,0,706
89,91123,500,2,"bernoulli","fixed",0.00160000000000015,5,0.00800000000000076,4.00000000000038,0.01,2000,0.5,1,0,0,NA,1.20099999999979,101,1,0,0.00999395521005769,0,0,1,1,0,707
89,91123,500,2,"bernoulli","linesearch",0.00160000000000015,5,0.00800000000000076,4.00000000000038,0.01,2000,0.5,1,7,0,NA,94.181,799,1,0,0.00999293297759865,3,3,0,0,0,708
89,91123,500,2,"bernoulli","fixed",0.00160000000000015,1,0.00160000000000015,0.800000000000076,0.01,2000,0.5,1,0,0,NA,3.7349999999999,500,1,0,0.00998295647344621,0,0,1,1,0,709
89,91123,500,2,"bernoulli","linesearch",0.00160000000000015,1,0.00160000000000015,0.800000000000076,0.01,2000,0.5,1,7,0,NA,30.546,500,1,0,0.00998295647344621,0,0,1,0,0,710
89,91123,500,2,"bernoulli","fixed",0.00160000000000015,0.2,0.00032000000000003,0.160000000000015,0.01,2000,0.5,1,0,0,NA,13.1170000000002,2000,0,0,0.059787478900706,0,0,1,1,0,711
89,91123,500,2,"bernoulli","linesearch",0.00160000000000015,0.2,0.00032000000000003,0.160000000000015,0.01,2000,0.5,1,7,0,NA,119.68,2000,0,0,0.059787478900706,0,0,1,0,0,712
90,92123,500,2,"bernoulli","fixed",0.00160000000000034,10,0.0160000000000034,8.00000000000171,0.01,2000,0.5,1,0,0,NA,13.3800000000001,2000,0,0,244.649720159972,0,0,1,1,0,713
90,92123,500,2,"bernoulli","linesearch",0.00160000000000034,10,0.0160000000000034,8.00000000000171,0.01,2000,0.5,1,7,0,NA,95.3639999999998,728,1,0,0.00990764749972379,4,4,0,0,0,714
90,92123,500,2,"bernoulli","fixed",0.00160000000000034,5,0.00800000000000171,4.00000000000085,0.01,2000,0.5,1,0,0,NA,1.15100000000007,92,1,0,0.00960581836400919,0,0,1,1,0,715
90,92123,500,2,"bernoulli","linesearch",0.00160000000000034,5,0.00800000000000171,4.00000000000085,0.01,2000,0.5,1,7,0,NA,82.8499999999999,728,1,0,0.00990764749972379,3,3,0,0,0,716
90,92123,500,2,"bernoulli","fixed",0.00160000000000034,1,0.00160000000000034,0.800000000000171,0.01,2000,0.5,1,0,0,NA,3.35400000000004,455,1,0,0.00997354120594075,0,0,1,1,0,717
90,92123,500,2,"bernoulli","linesearch",0.00160000000000034,1,0.00160000000000034,0.800000000000171,0.01,2000,0.5,1,7,0,NA,27.4380000000001,455,1,0,0.00997354120594075,0,0,1,0,0,718
90,92123,500,2,"bernoulli","fixed",0.00160000000000034,0.2,0.000320000000000068,0.160000000000034,0.01,2000,0.5,1,0,0,NA,13.1989999999998,2000,0,0,0.0272817728983741,0,0,1,1,0,719
90,92123,500,2,"bernoulli","linesearch",0.00160000000000034,0.2,0.000320000000000068,0.160000000000034,0.01,2000,0.5,1,7,0,NA,116.417,2000,0,0,0.0272817728983741,0,0,1,0,0,720
91,93123,500,2,"bernoulli","fixed",0.0016,10,0.016,8,0.01,2000,0.5,1,0,0,NA,13.8099999999999,2000,0,0,239.083769389501,0,0,1,1,0,721
91,93123,500,2,"bernoulli","linesearch",0.0016,10,0.016,8,0.01,2000,0.5,1,7,0,NA,97.2259999999999,706,1,0,0.00996902854745292,4,4,0,0,0,722
91,93123,500,2,"bernoulli","fixed",0.0016,5,0.008,4,0.01,2000,0.5,1,0,0,NA,1.11300000000006,90,1,0,0.0095314219029711,0,0,1,1,0,723
91,93123,500,2,"bernoulli","linesearch",0.0016,5,0.008,4,0.01,2000,0.5,1,7,0,NA,84.02,706,1,0,0.00996902854745292,3,3,0,0,0,724
91,93123,500,2,"bernoulli","fixed",0.0016,1,0.0016,0.8,0.01,2000,0.5,1,0,0,NA,3.58799999999997,442,1,0,0.009952253324598,0,0,1,1,0,725
91,93123,500,2,"bernoulli","linesearch",0.0016,1,0.0016,0.8,0.01,2000,0.5,1,7,0,NA,28.039,442,1,0,0.009952253324598,0,0,1,0,0,726
91,93123,500,2,"bernoulli","fixed",0.0016,0.2,0.00032,0.16,0.01,2000,0.5,1,0,0,NA,13.377,2000,0,0,0.0216474710878901,0,0,1,1,0,727
91,93123,500,2,"bernoulli","linesearch",0.0016,0.2,0.00032,0.16,0.01,2000,0.5,1,7,0,NA,132.097,2000,0,0,0.0216474710878901,0,0,1,0,0,728
92,94123,500,2,"bernoulli","fixed",0.00160000000000004,10,0.0160000000000004,8.0000000000002,0.01,2000,0.5,1,0,0,NA,13.7760000000001,2000,0,0,232.812319222149,0,0,1,1,0,729
92,94123,500,2,"bernoulli","linesearch",0.00160000000000004,10,0.0160000000000004,8.0000000000002,0.01,2000,0.5,1,7,0,NA,105.259,777,1,0,0.00993547263979763,4,4,0,0,0,730
92,94123,500,2,"bernoulli","fixed",0.00160000000000004,5,0.0080000000000002,4.0000000000001,0.01,2000,0.5,1,0,0,NA,1.20299999999997,99,1,0,0.00985213218308431,0,0,1,1,0,731
92,94123,500,2,"bernoulli","linesearch",0.00160000000000004,5,0.0080000000000002,4.0000000000001,0.01,2000,0.5,1,7,0,NA,92.2540000000001,777,1,0,0.00993547263979763,3,3,0,0,0,732
92,94123,500,2,"bernoulli","fixed",0.00160000000000004,1,0.00160000000000004,0.80000000000002,0.01,2000,0.5,1,0,0,NA,3.78899999999999,487,1,0,0.00983580680454096,0,0,1,1,0,733
92,94123,500,2,"bernoulli","linesearch",0.00160000000000004,1,0.00160000000000004,0.80000000000002,0.01,2000,0.5,1,7,0,NA,30.6590000000001,487,1,0,0.00983580680454096,0,0,1,0,0,734
92,94123,500,2,"bernoulli","fixed",0.00160000000000004,0.2,0.000320000000000008,0.160000000000004,0.01,2000,0.5,1,0,0,NA,13.652,2000,0,0,0.0541401794749309,0,0,1,1,0,735
92,94123,500,2,"bernoulli","linesearch",0.00160000000000004,0.2,0.000320000000000008,0.160000000000004,0.01,2000,0.5,1,7,0,NA,129.674,2000,0,0,0.0541401794749309,0,0,1,0,0,736
93,95123,500,2,"bernoulli","fixed",0.00160000000000001,10,0.0160000000000001,8.00000000000004,0.01,2000,0.5,1,0,0,NA,14.1420000000001,2000,0,0,243.535759787655,0,0,1,1,0,737
93,95123,500,2,"bernoulli","linesearch",0.00160000000000001,10,0.0160000000000001,8.00000000000004,0.01,2000,0.5,1,7,0,NA,119.085,854,1,0,0.0098906742186432,4,4,0,0,0,738
93,95123,500,2,"bernoulli","fixed",0.00160000000000001,5,0.00800000000000004,4.00000000000002,0.01,2000,0.5,1,0,0,NA,1.30400000000009,110,1,0,0.00925597555013313,0,0,1,1,0,739
93,95123,500,2,"bernoulli","linesearch",0.00160000000000001,5,0.00800000000000004,4.00000000000002,0.01,2000,0.5,1,7,0,NA,102.83,854,1,0,0.0098906742186432,3,3,0,0,0,740
93,95123,500,2,"bernoulli","fixed",0.00160000000000001,1,0.00160000000000001,0.800000000000004,0.01,2000,0.5,1,0,0,NA,4.11599999999999,535,1,0,0.00988543164603695,0,0,1,1,0,741
93,95123,500,2,"bernoulli","linesearch",0.00160000000000001,1,0.00160000000000001,0.800000000000004,0.01,2000,0.5,1,7,0,NA,33.6090000000002,535,1,0,0.00988543164603695,0,0,1,0,0,742
93,95123,500,2,"bernoulli","fixed",0.00160000000000001,0.2,0.000320000000000001,0.160000000000001,0.01,2000,0.5,1,0,0,NA,13.7250000000001,2000,0,0,0.12521489641615,0,0,1,1,0,743
93,95123,500,2,"bernoulli","linesearch",0.00160000000000001,0.2,0.000320000000000001,0.160000000000001,0.01,2000,0.5,1,7,0,NA,120.106,2000,0,0,0.12521489641615,0,0,1,0,0,744
94,96123,500,2,"bernoulli","fixed",0.00160000000000094,10,0.0160000000000094,8.0000000000047,0.01,2000,0.5,1,0,0,NA,13.6769999999999,2000,0,0,231.077672815414,0,0,1,1,0,745
94,96123,500,2,"bernoulli","linesearch",0.00160000000000094,10,0.0160000000000094,8.0000000000047,0.01,2000,0.5,1,7,0,NA,119.178,908,1,0,0.00991994365516607,4,4,0,0,0,746
94,96123,500,2,"bernoulli","fixed",0.00160000000000094,5,0.0080000000000047,4.00000000000235,0.01,2000,0.5,1,0,0,NA,1.27299999999991,116,1,0,0.00939112817770932,0,0,1,1,0,747
94,96123,500,2,"bernoulli","linesearch",0.00160000000000094,5,0.0080000000000047,4.00000000000235,0.01,2000,0.5,1,7,0,NA,102.455,908,1,0,0.00991994365516607,3,3,0,0,0,748
94,96123,500,2,"bernoulli","fixed",0.00160000000000094,1,0.00160000000000094,0.80000000000047,0.01,2000,0.5,1,0,0,NA,4.14100000000008,568,1,0,0.00999323723338613,0,0,1,1,0,749
94,96123,500,2,"bernoulli","linesearch",0.00160000000000094,1,0.00160000000000094,0.80000000000047,0.01,2000,0.5,1,7,0,NA,34.231,568,1,0,0.00999323723338613,0,0,1,0,0,750
94,96123,500,2,"bernoulli","fixed",0.00160000000000094,0.2,0.000320000000000188,0.160000000000094,0.01,2000,0.5,1,0,0,NA,13.4590000000001,2000,0,0,0.178097081450218,0,0,1,1,0,751
94,96123,500,2,"bernoulli","linesearch",0.00160000000000094,0.2,0.000320000000000188,0.160000000000094,0.01,2000,0.5,1,7,0,NA,114.551,2000,0,0,0.178097081450218,0,0,1,0,0,752
95,97123,500,2,"bernoulli","fixed",0.00160000000000002,10,0.0160000000000002,8.00000000000012,0.01,2000,0.5,1,0,0,NA,13.2350000000001,2000,0,0,231.55702868622,0,0,1,1,0,753
95,97123,500,2,"bernoulli","linesearch",0.00160000000000002,10,0.0160000000000002,8.00000000000012,0.01,2000,0.5,1,7,0,NA,105.799,798,1,0,0.00994525669270585,4,4,0,0,0,754
95,97123,500,2,"bernoulli","fixed",0.00160000000000002,5,0.00800000000000012,4.00000000000006,0.01,2000,0.5,1,0,0,NA,1.22800000000007,102,1,0,0.00955178130473575,0,0,1,1,0,755
95,97123,500,2,"bernoulli","linesearch",0.00160000000000002,5,0.00800000000000012,4.00000000000006,0.01,2000,0.5,1,7,0,NA,92.4179999999999,798,1,0,0.00994525669270585,3,3,0,0,0,756
95,97123,500,2,"bernoulli","fixed",0.00160000000000002,1,0.00160000000000002,0.800000000000012,0.01,2000,0.5,1,0,0,NA,3.88800000000015,500,1,0,0.00988242651229113,0,0,1,1,0,757
95,97123,500,2,"bernoulli","linesearch",0.00160000000000002,1,0.00160000000000002,0.800000000000012,0.01,2000,0.5,1,7,0,NA,30.2,500,1,0,0.00988242651229113,0,0,1,0,0,758
95,97123,500,2,"bernoulli","fixed",0.00160000000000002,0.2,0.000320000000000005,0.160000000000002,0.01,2000,0.5,1,0,0,NA,13.548,2000,0,0,0.0551302268781747,0,0,1,1,0,759
95,97123,500,2,"bernoulli","linesearch",0.00160000000000002,0.2,0.000320000000000005,0.160000000000002,0.01,2000,0.5,1,7,0,NA,114.703,2000,0,0,0.0551302268781747,0,0,1,0,0,760
96,98123,500,2,"bernoulli","fixed",0.0016000000000001,10,0.016000000000001,8.00000000000048,0.01,2000,0.5,1,0,0,NA,13.6859999999999,2000,0,0,249.42872917651,0,0,1,1,0,761
96,98123,500,2,"bernoulli","linesearch",0.0016000000000001,10,0.016000000000001,8.00000000000048,0.01,2000,0.5,1,7,0,NA,95.008,729,1,0,0.00999794572477748,4,4,0,0,0,762
96,98123,500,2,"bernoulli","fixed",0.0016000000000001,5,0.00800000000000048,4.00000000000024,0.01,2000,0.5,1,0,0,NA,1.17000000000007,93,1,0,0.00942099278853071,0,0,1,1,0,763
96,98123,500,2,"bernoulli","linesearch",0.0016000000000001,5,0.00800000000000048,4.00000000000024,0.01,2000,0.5,1,7,0,NA,81.828,729,1,0,0.00999794572477748,3,3,0,0,0,764
96,98123,500,2,"bernoulli","fixed",0.0016000000000001,1,0.0016000000000001,0.800000000000048,0.01,2000,0.5,1,0,0,NA,3.49299999999994,457,1,0,0.0098631526686145,0,0,1,1,0,765
96,98123,500,2,"bernoulli","linesearch",0.0016000000000001,1,0.0016000000000001,0.800000000000048,0.01,2000,0.5,1,7,0,NA,27.8419999999999,457,1,0,0.0098631526686145,0,0,1,0,0,766
96,98123,500,2,"bernoulli","fixed",0.0016000000000001,0.2,0.000320000000000019,0.16000000000001,0.01,2000,0.5,1,0,0,NA,13.0899999999999,2000,0,0,0.0264734648015286,0,0,1,1,0,767
96,98123,500,2,"bernoulli","linesearch",0.0016000000000001,0.2,0.000320000000000019,0.16000000000001,0.01,2000,0.5,1,7,0,NA,115.491,2000,0,0,0.0264734648015286,0,0,1,0,0,768
97,99123,500,2,"bernoulli","fixed",0.0016,10,0.016,8.00000000000001,0.01,2000,0.5,1,0,0,NA,13.5889999999999,2000,0,0,233.713541218943,0,0,1,1,0,769
97,99123,500,2,"bernoulli","linesearch",0.0016,10,0.016,8.00000000000001,0.01,2000,0.5,1,7,0,NA,104.917,776,1,0,0.00991429586074175,4,4,0,0,0,770
97,99123,500,2,"bernoulli","fixed",0.0016,5,0.00800000000000001,4.00000000000001,0.01,2000,0.5,1,0,0,NA,1.19599999999991,98,1,0,0.00961285917757965,0,0,1,1,0,771
97,99123,500,2,"bernoulli","linesearch",0.0016,5,0.00800000000000001,4.00000000000001,0.01,2000,0.5,1,7,0,NA,91.1399999999999,776,1,0,0.00991429586074175,3,3,0,0,0,772
97,99123,500,2,"bernoulli","fixed",0.0016,1,0.0016,0.800000000000001,0.01,2000,0.5,1,0,0,NA,3.61599999999999,485,1,0,0.00997710186748682,0,0,1,1,0,773
97,99123,500,2,"bernoulli","linesearch",0.0016,1,0.0016,0.800000000000001,0.01,2000,0.5,1,7,0,NA,29.9659999999999,485,1,0,0.00997710186748682,0,0,1,0,0,774
97,99123,500,2,"bernoulli","fixed",0.0016,0.2,0.00032,0.16,0.01,2000,0.5,1,0,0,NA,13.1120000000001,2000,0,0,0.0452325854963326,0,0,1,1,0,775
97,99123,500,2,"bernoulli","linesearch",0.0016,0.2,0.00032,0.16,0.01,2000,0.5,1,7,0,NA,117.091,2000,0,0,0.0452325854963326,0,0,1,0,0,776
98,100123,500,2,"bernoulli","fixed",0.0016,10,0.016,8.00000000000001,0.01,2000,0.5,1,0,0,NA,13.9259999999999,2000,0,0,248.724324983655,0,0,1,1,0,777
98,100123,500,2,"bernoulli","linesearch",0.0016,10,0.016,8.00000000000001,0.01,2000,0.5,1,7,0,NA,103.158,753,1,0,0.00991922100982272,4,4,0,0,0,778
98,100123,500,2,"bernoulli","fixed",0.0016,5,0.00800000000000001,4.00000000000001,0.01,2000,0.5,1,0,0,NA,1.1869999999999,96,1,0,0.00966818828243127,0,0,1,1,0,779
98,100123,500,2,"bernoulli","linesearch",0.0016,5,0.00800000000000001,4.00000000000001,0.01,2000,0.5,1,7,0,NA,89.8389999999999,753,1,0,0.00991922100982272,3,3,0,0,0,780
98,100123,500,2,"bernoulli","fixed",0.0016,1,0.0016,0.800000000000001,0.01,2000,0.5,1,0,0,NA,3.54500000000007,472,1,0,0.00980960807006608,0,0,1,1,0,781
98,100123,500,2,"bernoulli","linesearch",0.0016,1,0.0016,0.800000000000001,0.01,2000,0.5,1,7,0,NA,28.5510000000002,472,1,0,0.00980960807006608,0,0,1,0,0,782
98,100123,500,2,"bernoulli","fixed",0.0016,0.2,0.00032,0.16,0.01,2000,0.5,1,0,0,NA,13.308,2000,0,0,0.040032856252666,0,0,1,1,0,783
98,100123,500,2,"bernoulli","linesearch",0.0016,0.2,0.00032,0.16,0.01,2000,0.5,1,7,0,NA,118.09,2000,0,0,0.040032856252666,0,0,1,0,0,784
99,101123,500,2,"bernoulli","fixed",0.00160000000000012,10,0.0160000000000012,8.00000000000063,0.01,2000,0.5,1,0,0,NA,14.2660000000001,2000,0,0,229.875471769231,0,0,1,1,0,785
99,101123,500,2,"bernoulli","linesearch",0.00160000000000012,10,0.0160000000000012,8.00000000000063,0.01,2000,0.5,1,7,0,NA,100.302,734,1,0,0.00998033131783191,4,4,0,0,0,786
99,101123,500,2,"bernoulli","fixed",0.00160000000000012,5,0.00800000000000062,4.00000000000031,0.01,2000,0.5,1,0,0,NA,1.17999999999984,93,1,0,0.009491852684237,0,0,1,1,0,787
99,101123,500,2,"bernoulli","linesearch",0.00160000000000012,5,0.00800000000000062,4.00000000000031,0.01,2000,0.5,1,7,0,NA,87.4470000000001,734,1,0,0.00998033131783191,3,3,0,0,0,788
99,101123,500,2,"bernoulli","fixed",0.00160000000000012,1,0.00160000000000012,0.800000000000062,0.01,2000,0.5,1,0,0,NA,3.49200000000019,460,1,0,0.00982415758165972,0,0,1,1,0,789
99,101123,500,2,"bernoulli","linesearch",0.00160000000000012,1,0.00160000000000012,0.800000000000062,0.01,2000,0.5,1,7,0,NA,28.7050000000002,460,1,0,0.00982415758165972,0,0,1,0,0,790
99,101123,500,2,"bernoulli","fixed",0.00160000000000012,0.2,0.000320000000000025,0.160000000000013,0.01,2000,0.5,1,0,0,NA,13.1780000000001,2000,0,0,0.0294823091238937,0,0,1,1,0,791
99,101123,500,2,"bernoulli","linesearch",0.00160000000000012,0.2,0.000320000000000025,0.160000000000013,0.01,2000,0.5,1,7,0,NA,122.965,2000,0,0,0.0294823091238937,0,0,1,0,0,792
100,102123,500,2,"bernoulli","fixed",0.00160000000000007,10,0.0160000000000007,8.00000000000033,0.01,2000,0.5,1,0,0,NA,13.3150000000001,2000,0,0,231.859108049732,0,0,1,1,0,793
100,102123,500,2,"bernoulli","linesearch",0.00160000000000007,10,0.0160000000000007,8.00000000000033,0.01,2000,0.5,1,7,0,NA,94.587,705,1,0,0.00993993225917696,4,4,0,0,0,794
100,102123,500,2,"bernoulli","fixed",0.00160000000000007,5,0.00800000000000033,4.00000000000016,0.01,2000,0.5,1,0,0,NA,1.12800000000016,90,1,0,0.00922596934892424,0,0,1,1,0,795
100,102123,500,2,"bernoulli","linesearch",0.00160000000000007,5,0.00800000000000033,4.00000000000016,0.01,2000,0.5,1,7,0,NA,80.547,705,1,0,0.00993993225917696,3,3,0,0,0,796
100,102123,500,2,"bernoulli","fixed",0.00160000000000007,1,0.00160000000000007,0.800000000000033,0.01,2000,0.5,1,0,0,NA,3.298,441,1,0,0.00999154263945978,0,0,1,1,0,797
100,102123,500,2,"bernoulli","linesearch",0.00160000000000007,1,0.00160000000000007,0.800000000000033,0.01,2000,0.5,1,7,0,NA,26.9390000000001,441,1,0,0.00999154263945978,0,0,1,0,0,798
100,102123,500,2,"bernoulli","fixed",0.00160000000000007,0.2,0.000320000000000013,0.160000000000007,0.01,2000,0.5,1,0,0,NA,12.981,2000,0,0,0.0235105074643853,0,0,1,1,0,799
100,102123,500,2,"bernoulli","linesearch",0.00160000000000007,0.2,0.000320000000000013,0.160000000000007,0.01,2000,0.5,1,7,0,NA,114.446,2000,0,0,0.0235105074643853,0,0,1,0,0,800
