"rep","seed","n","k","family","method","eta0","eta_mult","eta_init","eta_times_n","eps_grad","max_gd_steps","beta_ls","c_ls","Rprime","error","error_message","elapsed_sec","num_of_steps","converged","exploded","score_Y_max_abs","bt_mean","bt_max","bt_frac0","bt_frac_hit_cap","ls_fail_frac","record_id"
1,3123,1000,2,"poisson","fixed",0.000205106367300675,10,0.00205106367300675,2.05106367300675,0.01,2000,0.5,1,0,0,NA,4.693,9,0,1,NA,0,0,1,1,0,1
1,3123,1000,2,"poisson","linesearch",0.000205106367300675,10,0.00205106367300675,2.05106367300675,0.01,2000,0.5,1,7,0,NA,14.907,73,1,0,0.00911101746746158,2,2,0,0,0,2
1,3123,1000,2,"poisson","fixed",0.000205106367300675,5,0.00102553183650337,1.02553183650337,0.01,2000,0.5,1,0,0,NA,52.136,2000,0,0,869.751543821899,0,0,1,1,0,3
1,3123,1000,2,"poisson","linesearch",0.000205106367300675,5,0.00102553183650337,1.02553183650337,0.01,2000,0.5,1,7,0,NA,12.607,73,1,0,0.00911101746746158,1,1,0,0,0,4
1,3123,1000,2,"poisson","fixed",0.000205106367300675,1,0.000205106367300675,0.205106367300675,0.01,2000,0.5,1,0,0,NA,8.477,186,1,0,0.00965585980214496,0,0,1,1,0,5
1,3123,1000,2,"poisson","linesearch",0.000205106367300675,1,0.000205106367300675,0.205106367300675,0.01,2000,0.5,1,7,0,NA,20.657,186,1,0,0.00965585980214496,0,0,1,0,0,6
1,3123,1000,2,"poisson","fixed",0.000205106367300675,0.2,4.10212734601349e-05,0.0410212734601349,0.01,2000,0.5,1,0,0,NA,26.075,939,1,0,0.00995257246904404,0,0,1,1,0,7
1,3123,1000,2,"poisson","linesearch",0.000205106367300675,0.2,4.10212734601349e-05,0.0410212734601349,0.01,2000,0.5,1,7,0,NA,86.503,939,1,0,0.00995257246904404,0,0,1,0,0,8
2,4123,1000,2,"poisson","fixed",0.000205458561602224,10,0.00205458561602224,2.05458561602224,0.01,2000,0.5,1,0,0,NA,4.734,10,0,1,NA,0,0,1,1,0,9
2,4123,1000,2,"poisson","linesearch",0.000205458561602224,10,0.00205458561602224,2.05458561602224,0.01,2000,0.5,1,7,0,NA,14.332,70,1,0,0.00917545542984488,2,2,0,0,0,10
2,4123,1000,2,"poisson","fixed",0.000205458561602224,5,0.00102729280801112,1.02729280801112,0.01,2000,0.5,1,0,0,NA,51.535,2000,0,0,881.823945772411,0,0,1,1,0,11
2,4123,1000,2,"poisson","linesearch",0.000205458561602224,5,0.00102729280801112,1.02729280801112,0.01,2000,0.5,1,7,0,NA,12.078,70,1,0,0.00917545542984488,1,1,0,0,0,12
2,4123,1000,2,"poisson","fixed",0.000205458561602224,1,0.000205458561602224,0.205458561602224,0.01,2000,0.5,1,0,0,NA,8.42099999999999,178,1,0,0.00989129697635915,0,0,1,1,0,13
2,4123,1000,2,"poisson","linesearch",0.000205458561602224,1,0.000205458561602224,0.205458561602224,0.01,2000,0.5,1,7,0,NA,19.624,178,1,0,0.00989129697635915,0,0,1,0,0,14
2,4123,1000,2,"poisson","fixed",0.000205458561602224,0.2,4.10917123204447e-05,0.0410917123204447,0.01,2000,0.5,1,0,0,NA,26.022,901,1,0,0.00998672396455902,0,0,1,1,0,15
2,4123,1000,2,"poisson","linesearch",0.000205458561602224,0.2,4.10917123204447e-05,0.0410917123204447,0.01,2000,0.5,1,7,0,NA,81.919,901,1,0,0.00998672396455902,0,0,1,0,0,16
3,5123,1000,2,"poisson","fixed",0.000215349862128937,10,0.00215349862128937,2.15349862128937,0.01,2000,0.5,1,0,0,NA,4.639,9,0,1,NA,0,0,1,1,0,17
3,5123,1000,2,"poisson","linesearch",0.000215349862128937,10,0.00215349862128937,2.15349862128937,0.01,2000,0.5,1,7,0,NA,14.204,70,1,0,0.00913730334725085,2,2,0,0,0,18
3,5123,1000,2,"poisson","fixed",0.000215349862128937,5,0.00107674931064468,1.07674931064468,0.01,2000,0.5,1,0,0,NA,51.377,2000,0,0,1625.48840657714,0,0,1,1,0,19
3,5123,1000,2,"poisson","linesearch",0.000215349862128937,5,0.00107674931064468,1.07674931064468,0.01,2000,0.5,1,7,0,NA,11.919,70,1,0,0.00913730334725085,1,1,0,0,0,20
3,5123,1000,2,"poisson","fixed",0.000215349862128937,1,0.000215349862128937,0.215349862128937,0.01,2000,0.5,1,0,0,NA,8.25399999999999,178,1,0,0.00968593278045454,0,0,1,1,0,21
3,5123,1000,2,"poisson","linesearch",0.000215349862128937,1,0.000215349862128937,0.215349862128937,0.01,2000,0.5,1,7,0,NA,19.24,178,1,0,0.00968593278045454,0,0,1,0,0,22
3,5123,1000,2,"poisson","fixed",0.000215349862128937,0.2,4.30699724257873e-05,0.0430699724257873,0.01,2000,0.5,1,0,0,NA,25.527,898,1,0,0.00995577863321087,0,0,1,1,0,23
3,5123,1000,2,"poisson","linesearch",0.000215349862128937,0.2,4.30699724257873e-05,0.0430699724257873,0.01,2000,0.5,1,7,0,NA,86.939,898,1,0,0.00995577863321087,0,0,1,0,0,24
4,6123,1000,2,"poisson","fixed",0.000206943311937887,10,0.00206943311937887,2.06943311937887,0.01,2000,0.5,1,0,0,NA,4.749,10,0,1,NA,0,0,1,1,0,25
4,6123,1000,2,"poisson","linesearch",0.000206943311937887,10,0.00206943311937887,2.06943311937887,0.01,2000,0.5,1,7,0,NA,14.713,73,1,0,0.00992254404748891,2,2,0,0,0,26
4,6123,1000,2,"poisson","fixed",0.000206943311937887,5,0.00103471655968943,1.03471655968943,0.01,2000,0.5,1,0,0,NA,51.293,2000,0,0,945.158229413978,0,0,1,1,0,27
4,6123,1000,2,"poisson","linesearch",0.000206943311937887,5,0.00103471655968943,1.03471655968943,0.01,2000,0.5,1,7,0,NA,13.158,73,1,0,0.00992254404748891,1,1,0,0,0,28
4,6123,1000,2,"poisson","fixed",0.000206943311937887,1,0.000206943311937887,0.206943311937887,0.01,2000,0.5,1,0,0,NA,8.46899999999999,187,1,0,0.00995056296724464,0,0,1,1,0,29
4,6123,1000,2,"poisson","linesearch",0.000206943311937887,1,0.000206943311937887,0.206943311937887,0.01,2000,0.5,1,7,0,NA,21.193,187,1,0,0.00995056296724464,0,0,1,0,0,30
4,6123,1000,2,"poisson","fixed",0.000206943311937887,0.2,4.13886623875773e-05,0.0413886623875773,0.01,2000,0.5,1,0,0,NA,25.654,947,1,0,0.00994432424730779,0,0,1,1,0,31
4,6123,1000,2,"poisson","linesearch",0.000206943311937887,0.2,4.13886623875773e-05,0.0413886623875773,0.01,2000,0.5,1,7,0,NA,97.123,947,1,0,0.00994432424730779,0,0,1,0,0,32
5,7123,1000,2,"poisson","fixed",0.000205289153455704,10,0.00205289153455704,2.05289153455704,0.01,2000,0.5,1,0,0,NA,4.666,10,0,1,NA,0,0,1,1,0,33
5,7123,1000,2,"poisson","linesearch",0.000205289153455704,10,0.00205289153455704,2.05289153455704,0.01,2000,0.5,1,7,0,NA,14.447,75,1,0,0.00912432756501841,2,2,0,0,0,34
5,7123,1000,2,"poisson","fixed",0.000205289153455704,5,0.00102644576727852,1.02644576727852,0.01,2000,0.5,1,0,0,NA,50.553,2000,0,0,1619.28994149308,0,0,1,1,0,35
5,7123,1000,2,"poisson","linesearch",0.000205289153455704,5,0.00102644576727852,1.02644576727852,0.01,2000,0.5,1,7,0,NA,12.323,75,1,0,0.00912432756501841,1,1,0,0,0,36
5,7123,1000,2,"poisson","fixed",0.000205289153455704,1,0.000205289153455704,0.205289153455704,0.01,2000,0.5,1,0,0,NA,8.556,191,1,0,0.00960484564985764,0,0,1,1,0,37
5,7123,1000,2,"poisson","linesearch",0.000205289153455704,1,0.000205289153455704,0.205289153455704,0.01,2000,0.5,1,7,0,NA,21.173,191,1,0,0.00960484564985764,0,0,1,0,0,38
5,7123,1000,2,"poisson","fixed",0.000205289153455704,0.2,4.10578306911407e-05,0.0410578306911407,0.01,2000,0.5,1,0,0,NA,26.537,963,1,0,0.00994797061981449,0,0,1,1,0,39
5,7123,1000,2,"poisson","linesearch",0.000205289153455704,0.2,4.10578306911407e-05,0.0410578306911407,0.01,2000,0.5,1,7,0,NA,89.804,963,1,0,0.00994797061981449,0,0,1,0,0,40
6,8123,1000,2,"poisson","fixed",0.000195059345789321,10,0.00195059345789321,1.95059345789321,0.01,2000,0.5,1,0,0,NA,4.724,10,0,1,NA,0,0,1,1,0,41
6,8123,1000,2,"poisson","linesearch",0.000195059345789321,10,0.00195059345789321,1.95059345789321,0.01,2000,0.5,1,7,0,NA,15.011,74,1,0,0.00908708818835358,2,2,0,0,0,42
6,8123,1000,2,"poisson","fixed",0.000195059345789321,5,0.000975296728946604,0.975296728946604,0.01,2000,0.5,1,0,0,NA,50.506,2000,0,0,838.986757702398,0,0,1,1,0,43
6,8123,1000,2,"poisson","linesearch",0.000195059345789321,5,0.000975296728946604,0.975296728946604,0.01,2000,0.5,1,7,0,NA,12.712,74,1,0,0.00908708818835358,1,1,0,0,0,44
6,8123,1000,2,"poisson","fixed",0.000195059345789321,1,0.000195059345789321,0.195059345789321,0.01,2000,0.5,1,0,0,NA,8.518,188,1,0,0.0096586420870004,0,0,1,1,0,45
6,8123,1000,2,"poisson","linesearch",0.000195059345789321,1,0.000195059345789321,0.195059345789321,0.01,2000,0.5,1,7,0,NA,23.154,188,1,0,0.0096586420870004,0,0,1,0,0,46
6,8123,1000,2,"poisson","fixed",0.000195059345789321,0.2,3.90118691578642e-05,0.0390118691578641,0.01,2000,0.5,1,0,0,NA,26.091,948,1,0,0.00994524591882584,0,0,1,1,0,47
6,8123,1000,2,"poisson","linesearch",0.000195059345789321,0.2,3.90118691578642e-05,0.0390118691578641,0.01,2000,0.5,1,7,0,NA,88.603,948,1,0,0.00994524591882584,0,0,1,0,0,48
7,9123,1000,2,"poisson","fixed",0.000222556995695753,10,0.00222556995695753,2.22556995695753,0.01,2000,0.5,1,0,0,NA,4.686,6,0,1,NA,0,0,1,1,0,49
7,9123,1000,2,"poisson","linesearch",0.000222556995695753,10,0.00222556995695753,2.22556995695753,0.01,2000,0.5,1,7,0,NA,13.411,63,1,0,0.00963250018397023,2,2,0,0,0,50
7,9123,1000,2,"poisson","fixed",0.000222556995695753,5,0.00111278497847876,1.11278497847876,0.01,2000,0.5,1,0,0,NA,50.912,2000,0,0,743.910962208914,0,0,1,1,0,51
7,9123,1000,2,"poisson","linesearch",0.000222556995695753,5,0.00111278497847876,1.11278497847876,0.01,2000,0.5,1,7,0,NA,11.862,63,1,0,0.00963250018397023,1,1,0,0,0,52
7,9123,1000,2,"poisson","fixed",0.000222556995695753,1,0.000222556995695753,0.222556995695753,0.01,2000,0.5,1,0,0,NA,8.006,162,1,0,0.00974873678652709,0,0,1,1,0,53
7,9123,1000,2,"poisson","linesearch",0.000222556995695753,1,0.000222556995695753,0.222556995695753,0.01,2000,0.5,1,7,0,NA,18.37,162,1,0,0.00974873678652709,0,0,1,0,0,54
7,9123,1000,2,"poisson","fixed",0.000222556995695753,0.2,4.45113991391505e-05,0.0445113991391505,0.01,2000,0.5,1,0,0,NA,23.617,820,1,0,0.00997983054777013,0,0,1,1,0,55
7,9123,1000,2,"poisson","linesearch",0.000222556995695753,0.2,4.45113991391505e-05,0.0445113991391505,0.01,2000,0.5,1,7,0,NA,77.387,820,1,0,0.00997983054777013,0,0,1,0,0,56
8,10123,1000,2,"poisson","fixed",0.000196594640842382,10,0.00196594640842382,1.96594640842382,0.01,2000,0.5,1,0,0,NA,4.726,10,0,1,NA,0,0,1,1,0,57
8,10123,1000,2,"poisson","linesearch",0.000196594640842382,10,0.00196594640842382,1.96594640842382,0.01,2000,0.5,1,7,0,NA,15.339,78,1,0,0.00979918449657365,2,2,0,0,0,58
8,10123,1000,2,"poisson","fixed",0.000196594640842382,5,0.00098297320421191,0.98297320421191,0.01,2000,0.5,1,0,0,NA,50.602,2000,0,0,826.115210910801,0,0,1,1,0,59
8,10123,1000,2,"poisson","linesearch",0.000196594640842382,5,0.00098297320421191,0.98297320421191,0.01,2000,0.5,1,7,0,NA,13.499,78,1,0,0.00979918449657365,1,1,0,0,0,60
8,10123,1000,2,"poisson","fixed",0.000196594640842382,1,0.000196594640842382,0.196594640842382,0.01,2000,0.5,1,0,0,NA,8.68599999999999,200,1,0,0.00967059075370404,0,0,1,1,0,61
8,10123,1000,2,"poisson","linesearch",0.000196594640842382,1,0.000196594640842382,0.196594640842382,0.01,2000,0.5,1,7,0,NA,22.839,200,1,0,0.00967059075370404,0,0,1,0,0,62
8,10123,1000,2,"poisson","fixed",0.000196594640842382,0.2,3.93189281684764e-05,0.0393189281684764,0.01,2000,0.5,1,0,0,NA,28.337,1009,1,0,0.00992296420225561,0,0,1,1,0,63
8,10123,1000,2,"poisson","linesearch",0.000196594640842382,0.2,3.93189281684764e-05,0.0393189281684764,0.01,2000,0.5,1,7,0,NA,106.563,1009,1,0,0.00992296420225561,0,0,1,0,0,64
9,11123,1000,2,"poisson","fixed",0.000204878889316716,10,0.00204878889316716,2.04878889316716,0.01,2000,0.5,1,0,0,NA,4.726,10,0,1,NA,0,0,1,1,0,65
9,11123,1000,2,"poisson","linesearch",0.000204878889316716,10,0.00204878889316716,2.04878889316716,0.01,2000,0.5,1,7,0,NA,14.606,73,1,0,0.00939373001736551,2,2,0,0,0,66
9,11123,1000,2,"poisson","fixed",0.000204878889316716,5,0.00102439444658358,1.02439444658358,0.01,2000,0.5,1,0,0,NA,51.49,2000,0,0,894.369721112256,0,0,1,1,0,67
9,11123,1000,2,"poisson","linesearch",0.000204878889316716,5,0.00102439444658358,1.02439444658358,0.01,2000,0.5,1,7,0,NA,12.777,73,1,0,0.00939373001736551,1,1,0,0,0,68
9,11123,1000,2,"poisson","fixed",0.000204878889316716,1,0.000204878889316716,0.204878889316716,0.01,2000,0.5,1,0,0,NA,8.60899999999999,186,1,0,0.00995214434645957,0,0,1,1,0,69
9,11123,1000,2,"poisson","linesearch",0.000204878889316716,1,0.000204878889316716,0.204878889316716,0.01,2000,0.5,1,7,0,NA,20.425,186,1,0,0.00995214434645957,0,0,1,0,0,70
9,11123,1000,2,"poisson","fixed",0.000204878889316716,0.2,4.09757778633431e-05,0.0409757778633431,0.01,2000,0.5,1,0,0,NA,26.881,942,1,0,0.00999571534768584,0,0,1,1,0,71
9,11123,1000,2,"poisson","linesearch",0.000204878889316716,0.2,4.09757778633431e-05,0.0409757778633431,0.01,2000,0.5,1,7,0,NA,87.651,942,1,0,0.00999571534768584,0,0,1,0,0,72
10,12123,1000,2,"poisson","fixed",0.000201207045220969,10,0.00201207045220969,2.01207045220969,0.01,2000,0.5,1,0,0,NA,4.597,9,0,1,NA,0,0,1,1,0,73
10,12123,1000,2,"poisson","linesearch",0.000201207045220969,10,0.00201207045220969,2.01207045220969,0.01,2000,0.5,1,7,0,NA,14.404,73,1,0,0.00972584453306027,2,2,0,0,0,74
10,12123,1000,2,"poisson","fixed",0.000201207045220969,5,0.00100603522610485,1.00603522610485,0.01,2000,0.5,1,0,0,NA,50.522,2000,0,0,886.660933674558,0,0,1,1,0,75
10,12123,1000,2,"poisson","linesearch",0.000201207045220969,5,0.00100603522610485,1.00603522610485,0.01,2000,0.5,1,7,0,NA,12.227,73,1,0,0.00972584453306027,1,1,0,0,0,76
10,12123,1000,2,"poisson","fixed",0.000201207045220969,1,0.000201207045220969,0.201207045220969,0.01,2000,0.5,1,0,0,NA,8.379,187,1,0,0.00972952404991312,0,0,1,1,0,77
10,12123,1000,2,"poisson","linesearch",0.000201207045220969,1,0.000201207045220969,0.201207045220969,0.01,2000,0.5,1,7,0,NA,19.74,187,1,0,0.00972952404991312,0,0,1,0,0,78
10,12123,1000,2,"poisson","fixed",0.000201207045220969,0.2,4.02414090441939e-05,0.0402414090441939,0.01,2000,0.5,1,0,0,NA,25.46,944,1,0,0.00995564219025588,0,0,1,1,0,79
10,12123,1000,2,"poisson","linesearch",0.000201207045220969,0.2,4.02414090441939e-05,0.0402414090441939,0.01,2000,0.5,1,7,0,NA,89.522,944,1,0,0.00995564219025588,0,0,1,0,0,80
11,13123,1000,2,"poisson","fixed",0.000217019593724502,10,0.00217019593724502,2.17019593724502,0.01,2000,0.5,1,0,0,NA,4.566,6,0,1,NA,0,0,1,1,0,81
11,13123,1000,2,"poisson","linesearch",0.000217019593724502,10,0.00217019593724502,2.17019593724502,0.01,2000,0.5,1,7,0,NA,13.983,67,1,0,0.00922120313463126,2,2,0,0,0,82
11,13123,1000,2,"poisson","fixed",0.000217019593724502,5,0.00108509796862251,1.08509796862251,0.01,2000,0.5,1,0,0,NA,51.25,2000,0,0,1986.45330704288,0,0,1,1,0,83
11,13123,1000,2,"poisson","linesearch",0.000217019593724502,5,0.00108509796862251,1.08509796862251,0.01,2000,0.5,1,7,0,NA,12.49,67,1,0,0.00922120313463126,1,1,0,0,0,84
11,13123,1000,2,"poisson","fixed",0.000217019593724502,1,0.000217019593724502,0.217019593724502,0.01,2000,0.5,1,0,0,NA,8.258,171,1,0,0.00974149743001534,0,0,1,1,0,85
11,13123,1000,2,"poisson","linesearch",0.000217019593724502,1,0.000217019593724502,0.217019593724502,0.01,2000,0.5,1,7,0,NA,21.44,171,1,0,0.00974149743001534,0,0,1,0,0,86
11,13123,1000,2,"poisson","fixed",0.000217019593724502,0.2,4.34039187449003e-05,0.0434039187449003,0.01,2000,0.5,1,0,0,NA,25.166,865,1,0,0.00993243372908564,0,0,1,1,0,87
11,13123,1000,2,"poisson","linesearch",0.000217019593724502,0.2,4.34039187449003e-05,0.0434039187449003,0.01,2000,0.5,1,7,0,NA,91.819,865,1,0,0.00993243372908564,0,0,1,0,0,88
12,14123,1000,2,"poisson","fixed",0.000208912484016054,10,0.00208912484016054,2.08912484016054,0.01,2000,0.5,1,0,0,NA,4.709,10,0,1,NA,0,0,1,1,0,89
12,14123,1000,2,"poisson","linesearch",0.000208912484016054,10,0.00208912484016054,2.08912484016054,0.01,2000,0.5,1,7,0,NA,14.71,71,1,0,0.00886204461883716,2,2,0,0,0,90
12,14123,1000,2,"poisson","fixed",0.000208912484016054,5,0.00104456242008027,1.04456242008027,0.01,2000,0.5,1,0,0,NA,53.692,2000,0,0,1449.56924194242,0,0,1,1,0,91
12,14123,1000,2,"poisson","linesearch",0.000208912484016054,5,0.00104456242008027,1.04456242008027,0.01,2000,0.5,1,7,0,NA,12.749,71,1,0,0.00886204461883716,1,1,0,0,0,92
12,14123,1000,2,"poisson","fixed",0.000208912484016054,1,0.000208912484016054,0.208912484016054,0.01,2000,0.5,1,0,0,NA,8.42100000000001,181,1,0,0.00955841237860772,0,0,1,1,0,93
12,14123,1000,2,"poisson","linesearch",0.000208912484016054,1,0.000208912484016054,0.208912484016054,0.01,2000,0.5,1,7,0,NA,20.607,181,1,0,0.00955841237860772,0,0,1,0,0,94
12,14123,1000,2,"poisson","fixed",0.000208912484016054,0.2,4.17824968032107e-05,0.0417824968032107,0.01,2000,0.5,1,0,0,NA,26.083,914,1,0,0.00993817334690911,0,0,1,1,0,95
12,14123,1000,2,"poisson","linesearch",0.000208912484016054,0.2,4.17824968032107e-05,0.0417824968032107,0.01,2000,0.5,1,7,0,NA,92.78,914,1,0,0.00993817334690911,0,0,1,0,0,96
13,15123,1000,2,"poisson","fixed",0.000214279952334907,10,0.00214279952334907,2.14279952334907,0.01,2000,0.5,1,0,0,NA,4.698,9,0,1,NA,0,0,1,1,0,97
13,15123,1000,2,"poisson","linesearch",0.000214279952334907,10,0.00214279952334907,2.14279952334907,0.01,2000,0.5,1,7,0,NA,14.368,69,1,0,0.00960931673410506,2,2,0,0,0,98
13,15123,1000,2,"poisson","fixed",0.000214279952334907,5,0.00107139976167454,1.07139976167454,0.01,2000,0.5,1,0,0,NA,55.01,2000,0,0,1646.15554448216,0,0,1,1,0,99
13,15123,1000,2,"poisson","linesearch",0.000214279952334907,5,0.00107139976167454,1.07139976167454,0.01,2000,0.5,1,7,0,NA,13.483,69,1,0,0.00960931673410506,1,1,0,0,0,100
13,15123,1000,2,"poisson","fixed",0.000214279952334907,1,0.000214279952334907,0.214279952334907,0.01,2000,0.5,1,0,0,NA,8.361,177,1,0,0.00974962785189756,0,0,1,1,0,101
13,15123,1000,2,"poisson","linesearch",0.000214279952334907,1,0.000214279952334907,0.214279952334907,0.01,2000,0.5,1,7,0,NA,20.786,177,1,0,0.00974962785189756,0,0,1,0,0,102
13,15123,1000,2,"poisson","fixed",0.000214279952334907,0.2,4.28559904669814e-05,0.0428559904669814,0.01,2000,0.5,1,0,0,NA,25.503,895,1,0,0.00997531314365324,0,0,1,1,0,103
13,15123,1000,2,"poisson","linesearch",0.000214279952334907,0.2,4.28559904669814e-05,0.0428559904669814,0.01,2000,0.5,1,7,0,NA,105.163,895,1,0,0.00997531314365324,0,0,1,0,0,104
14,16123,1000,2,"poisson","fixed",0.000194985817441198,10,0.00194985817441198,1.94985817441198,0.01,2000,0.5,1,0,0,NA,4.647,10,0,1,NA,0,0,1,1,0,105
14,16123,1000,2,"poisson","linesearch",0.000194985817441198,10,0.00194985817441198,1.94985817441198,0.01,2000,0.5,1,7,0,NA,14.69,74,1,0,0.00974495046441193,2,2,0,0,0,106
14,16123,1000,2,"poisson","fixed",0.000194985817441198,5,0.00097492908720599,0.97492908720599,0.01,2000,0.5,1,0,0,NA,53.066,2000,0,0,773.981489057002,0,0,1,1,0,107
14,16123,1000,2,"poisson","linesearch",0.000194985817441198,5,0.00097492908720599,0.97492908720599,0.01,2000,0.5,1,7,0,NA,12.655,74,1,0,0.00974495046441193,1,1,0,0,0,108
14,16123,1000,2,"poisson","fixed",0.000194985817441198,1,0.000194985817441198,0.194985817441198,0.01,2000,0.5,1,0,0,NA,8.75,190,1,0,0.00970056212561166,0,0,1,1,0,109
14,16123,1000,2,"poisson","linesearch",0.000194985817441198,1,0.000194985817441198,0.194985817441198,0.01,2000,0.5,1,7,0,NA,21.798,190,1,0,0.00970056212561166,0,0,1,0,0,110
14,16123,1000,2,"poisson","fixed",0.000194985817441198,0.2,3.89971634882396e-05,0.0389971634882396,0.01,2000,0.5,1,0,0,NA,28.443,960,1,0,0.00993662233419207,0,0,1,1,0,111
14,16123,1000,2,"poisson","linesearch",0.000194985817441198,0.2,3.89971634882396e-05,0.0389971634882396,0.01,2000,0.5,1,7,0,NA,98.251,960,1,0,0.00993662233419207,0,0,1,0,0,112
15,17123,1000,2,"poisson","fixed",0.000203878215308599,10,0.00203878215308599,2.03878215308599,0.01,2000,0.5,1,0,0,NA,6.365,10,0,1,NA,0,0,1,1,0,113
15,17123,1000,2,"poisson","linesearch",0.000203878215308599,10,0.00203878215308599,2.03878215308599,0.01,2000,0.5,1,7,0,NA,16.422,72,1,0,0.00897143357410979,2,2,0,0,0,114
15,17123,1000,2,"poisson","fixed",0.000203878215308599,5,0.001019391076543,1.019391076543,0.01,2000,0.5,1,0,0,NA,54.528,2000,0,0,912.157563683184,0,0,1,1,0,115
15,17123,1000,2,"poisson","linesearch",0.000203878215308599,5,0.001019391076543,1.019391076543,0.01,2000,0.5,1,7,0,NA,14.404,72,1,0,0.00897143357410979,1,1,0,0,0,116
15,17123,1000,2,"poisson","fixed",0.000203878215308599,1,0.000203878215308599,0.203878215308599,0.01,2000,0.5,1,0,0,NA,10.517,183,1,0,0.00978365982114587,0,0,1,1,0,117
15,17123,1000,2,"poisson","linesearch",0.000203878215308599,1,0.000203878215308599,0.203878215308599,0.01,2000,0.5,1,7,0,NA,23.043,183,1,0,0.00978365982114587,0,0,1,0,0,118
15,17123,1000,2,"poisson","fixed",0.000203878215308599,0.2,4.07756430617198e-05,0.0407756430617198,0.01,2000,0.5,1,0,0,NA,27.331,926,1,0,0.0099358722254019,0,0,1,1,0,119
15,17123,1000,2,"poisson","linesearch",0.000203878215308599,0.2,4.07756430617198e-05,0.0407756430617198,0.01,2000,0.5,1,7,0,NA,90.055,926,1,0,0.0099358722254019,0,0,1,0,0,120
16,18123,1000,2,"poisson","fixed",0.000197897429537586,10,0.00197897429537586,1.97897429537586,0.01,2000,0.5,1,0,0,NA,4.634,9,0,1,NA,0,0,1,1,0,121
16,18123,1000,2,"poisson","linesearch",0.000197897429537586,10,0.00197897429537586,1.97897429537586,0.01,2000,0.5,1,7,0,NA,16.191,80,1,0,0.00939863389686096,2,2,0,0,0,122
16,18123,1000,2,"poisson","fixed",0.000197897429537586,5,0.000989487147687931,0.989487147687931,0.01,2000,0.5,1,0,0,NA,52.576,2000,0,0,899.869739599118,0,0,1,1,0,123
16,18123,1000,2,"poisson","linesearch",0.000197897429537586,5,0.000989487147687931,0.989487147687931,0.01,2000,0.5,1,7,0,NA,14.057,80,1,0,0.00939863389686096,1,1,0,0,0,124
16,18123,1000,2,"poisson","fixed",0.000197897429537586,1,0.000197897429537586,0.197897429537586,0.01,2000,0.5,1,0,0,NA,8.762,204,1,0,0.00965692055242817,0,0,1,1,0,125
16,18123,1000,2,"poisson","linesearch",0.000197897429537586,1,0.000197897429537586,0.197897429537586,0.01,2000,0.5,1,7,0,NA,22.932,204,1,0,0.00965692055242817,0,0,1,0,0,126
16,18123,1000,2,"poisson","fixed",0.000197897429537586,0.2,3.95794859075172e-05,0.0395794859075172,0.01,2000,0.5,1,0,0,NA,27.57,1028,1,0,0.00997778221839959,0,0,1,1,0,127
16,18123,1000,2,"poisson","linesearch",0.000197897429537586,0.2,3.95794859075172e-05,0.0395794859075172,0.01,2000,0.5,1,7,0,NA,108.301,1028,1,0,0.00997778221839959,0,0,1,0,0,128
17,19123,1000,2,"poisson","fixed",0.000207624077808403,10,0.00207624077808403,2.07624077808403,0.01,2000,0.5,1,0,0,NA,4.682,9,0,1,NA,0,0,1,1,0,129
17,19123,1000,2,"poisson","linesearch",0.000207624077808403,10,0.00207624077808403,2.07624077808403,0.01,2000,0.5,1,7,0,NA,14.598,69,1,0,0.00917649914302909,2,2,0,0,0,130
17,19123,1000,2,"poisson","fixed",0.000207624077808403,5,0.00103812038904202,1.03812038904202,0.01,2000,0.5,1,0,0,NA,51.83,2000,0,0,968.339134352226,0,0,1,1,0,131
17,19123,1000,2,"poisson","linesearch",0.000207624077808403,5,0.00103812038904202,1.03812038904202,0.01,2000,0.5,1,7,0,NA,12.321,69,1,0,0.00917649914302909,1,1,0,0,0,132
17,19123,1000,2,"poisson","fixed",0.000207624077808403,1,0.000207624077808403,0.207624077808403,0.01,2000,0.5,1,0,0,NA,8.43000000000001,176,1,0,0.00962499499980976,0,0,1,1,0,133
17,19123,1000,2,"poisson","linesearch",0.000207624077808403,1,0.000207624077808403,0.207624077808403,0.01,2000,0.5,1,7,0,NA,20.196,176,1,0,0.00962499499980976,0,0,1,0,0,134
17,19123,1000,2,"poisson","fixed",0.000207624077808403,0.2,4.15248155616807e-05,0.0415248155616807,0.01,2000,0.5,1,0,0,NA,24.971,889,1,0,0.00992803442905973,0,0,1,1,0,135
17,19123,1000,2,"poisson","linesearch",0.000207624077808403,0.2,4.15248155616807e-05,0.0415248155616807,0.01,2000,0.5,1,7,0,NA,85.237,889,1,0,0.00992803442905973,0,0,1,0,0,136
18,20123,1000,2,"poisson","fixed",0.00019927420712583,10,0.0019927420712583,1.9927420712583,0.01,2000,0.5,1,0,0,NA,4.663,9,0,1,NA,0,0,1,1,0,137
18,20123,1000,2,"poisson","linesearch",0.00019927420712583,10,0.0019927420712583,1.9927420712583,0.01,2000,0.5,1,7,0,NA,14.97,71,1,0,0.00911909822252099,2,2,0,0,0,138
18,20123,1000,2,"poisson","fixed",0.00019927420712583,5,0.000996371035629148,0.996371035629148,0.01,2000,0.5,1,0,0,NA,53.726,2000,0,0,864.563390337012,0,0,1,1,0,139
18,20123,1000,2,"poisson","linesearch",0.00019927420712583,5,0.000996371035629148,0.996371035629148,0.01,2000,0.5,1,7,0,NA,13.148,71,1,0,0.00911909822252099,1,1,0,0,0,140
18,20123,1000,2,"poisson","fixed",0.00019927420712583,1,0.00019927420712583,0.19927420712583,0.01,2000,0.5,1,0,0,NA,8.506,180,1,0,0.00991676495762194,0,0,1,1,0,141
18,20123,1000,2,"poisson","linesearch",0.00019927420712583,1,0.00019927420712583,0.19927420712583,0.01,2000,0.5,1,7,0,NA,21.899,180,1,0,0.00991676495762194,0,0,1,0,0,142
18,20123,1000,2,"poisson","fixed",0.00019927420712583,0.2,3.98548414251659e-05,0.0398548414251659,0.01,2000,0.5,1,0,0,NA,26.76,911,1,0,0.00996156508386009,0,0,1,1,0,143
18,20123,1000,2,"poisson","linesearch",0.00019927420712583,0.2,3.98548414251659e-05,0.0398548414251659,0.01,2000,0.5,1,7,0,NA,89.332,911,1,0,0.00996156508386009,0,0,1,0,0,144
19,21123,1000,2,"poisson","fixed",0.000201233300749676,10,0.00201233300749676,2.01233300749676,0.01,2000,0.5,1,0,0,NA,4.666,9,0,1,NA,0,0,1,1,0,145
19,21123,1000,2,"poisson","linesearch",0.000201233300749676,10,0.00201233300749676,2.01233300749676,0.01,2000,0.5,1,7,0,NA,15.24,75,1,0,0.00950793275474818,2,2,0,0,0,146
19,21123,1000,2,"poisson","fixed",0.000201233300749676,5,0.00100616650374838,1.00616650374838,0.01,2000,0.5,1,0,0,NA,53.019,2000,0,0,883.740392714898,0,0,1,1,0,147
19,21123,1000,2,"poisson","linesearch",0.000201233300749676,5,0.00100616650374838,1.00616650374838,0.01,2000,0.5,1,7,0,NA,13.044,75,1,0,0.00950793275474818,1,1,0,0,0,148
19,21123,1000,2,"poisson","fixed",0.000201233300749676,1,0.000201233300749676,0.201233300749676,0.01,2000,0.5,1,0,0,NA,8.56100000000001,192,1,0,0.00963069581634762,0,0,1,1,0,149
19,21123,1000,2,"poisson","linesearch",0.000201233300749676,1,0.000201233300749676,0.201233300749676,0.01,2000,0.5,1,7,0,NA,20.744,192,1,0,0.00963069581634762,0,0,1,0,0,150
19,21123,1000,2,"poisson","fixed",0.000201233300749676,0.2,4.02466601499352e-05,0.0402466601499352,0.01,2000,0.5,1,0,0,NA,26.945,969,1,0,0.0099199172761972,0,0,1,1,0,151
19,21123,1000,2,"poisson","linesearch",0.000201233300749676,0.2,4.02466601499352e-05,0.0402466601499352,0.01,2000,0.5,1,7,0,NA,99.364,969,1,0,0.0099199172761972,0,0,1,0,0,152
20,22123,1000,2,"poisson","fixed",0.000199196607393577,10,0.00199196607393577,1.99196607393577,0.01,2000,0.5,1,0,0,NA,4.815,10,0,1,NA,0,0,1,1,0,153
20,22123,1000,2,"poisson","linesearch",0.000199196607393577,10,0.00199196607393577,1.99196607393577,0.01,2000,0.5,1,7,0,NA,14.928,74,1,0,0.00907528059461645,2,2,0,0,0,154
20,22123,1000,2,"poisson","fixed",0.000199196607393577,5,0.000995983036967885,0.995983036967885,0.01,2000,0.5,1,0,0,NA,51.095,2000,0,0,854.108684226834,0,0,1,1,0,155
20,22123,1000,2,"poisson","linesearch",0.000199196607393577,5,0.000995983036967885,0.995983036967885,0.01,2000,0.5,1,7,0,NA,12.667,74,1,0,0.00907528059461645,1,1,0,0,0,156
20,22123,1000,2,"poisson","fixed",0.000199196607393577,1,0.000199196607393577,0.199196607393577,0.01,2000,0.5,1,0,0,NA,8.402,188,1,0,0.00995661993865334,0,0,1,1,0,157
20,22123,1000,2,"poisson","linesearch",0.000199196607393577,1,0.000199196607393577,0.199196607393577,0.01,2000,0.5,1,7,0,NA,22.451,188,1,0,0.00995661993865334,0,0,1,0,0,158
20,22123,1000,2,"poisson","fixed",0.000199196607393577,0.2,3.98393214787154e-05,0.0398393214787154,0.01,2000,0.5,1,0,0,NA,25.871,953,1,0,0.00996661319324507,0,0,1,1,0,159
20,22123,1000,2,"poisson","linesearch",0.000199196607393577,0.2,3.98393214787154e-05,0.0398393214787154,0.01,2000,0.5,1,7,0,NA,95.951,953,1,0,0.00996661319324507,0,0,1,0,0,160
21,23123,1000,2,"poisson","fixed",0.000202722727553904,10,0.00202722727553904,2.02722727553904,0.01,2000,0.5,1,0,0,NA,4.713,10,0,1,NA,0,0,1,1,0,161
21,23123,1000,2,"poisson","linesearch",0.000202722727553904,10,0.00202722727553904,2.02722727553904,0.01,2000,0.5,1,7,0,NA,14.516,73,1,0,0.00890582572426282,2,2,0,0,0,162
21,23123,1000,2,"poisson","fixed",0.000202722727553904,5,0.00101361363776952,1.01361363776952,0.01,2000,0.5,1,0,0,NA,50.185,2000,0,0,842.5279476444,0,0,1,1,0,163
21,23123,1000,2,"poisson","linesearch",0.000202722727553904,5,0.00101361363776952,1.01361363776952,0.01,2000,0.5,1,7,0,NA,13.031,73,1,0,0.00890582572426282,1,1,0,0,0,164
21,23123,1000,2,"poisson","fixed",0.000202722727553904,1,0.000202722727553904,0.202722727553904,0.01,2000,0.5,1,0,0,NA,8.61099999999999,185,1,0,0.00998549946889202,0,0,1,1,0,165
21,23123,1000,2,"poisson","linesearch",0.000202722727553904,1,0.000202722727553904,0.202722727553904,0.01,2000,0.5,1,7,0,NA,21.541,185,1,0,0.00998549946889202,0,0,1,0,0,166
21,23123,1000,2,"poisson","fixed",0.000202722727553904,0.2,4.05445455107808e-05,0.0405445455107808,0.01,2000,0.5,1,0,0,NA,25.821,938,1,0,0.00998218179692881,0,0,1,1,0,167
21,23123,1000,2,"poisson","linesearch",0.000202722727553904,0.2,4.05445455107808e-05,0.0405445455107808,0.01,2000,0.5,1,7,0,NA,92.484,938,1,0,0.00998218179692881,0,0,1,0,0,168
22,24123,1000,2,"poisson","fixed",0.000200751591381215,10,0.00200751591381215,2.00751591381215,0.01,2000,0.5,1,0,0,NA,6.318,9,0,1,NA,0,0,1,1,0,169
22,24123,1000,2,"poisson","linesearch",0.000200751591381215,10,0.00200751591381215,2.00751591381215,0.01,2000,0.5,1,7,0,NA,16.273,74,1,0,0.00901435139890089,2,2,0,0,0,170
22,24123,1000,2,"poisson","fixed",0.000200751591381215,5,0.00100375795690607,1.00375795690607,0.01,2000,0.5,1,0,0,NA,53.256,2000,0,0,846.845962515715,0,0,1,1,0,171
22,24123,1000,2,"poisson","linesearch",0.000200751591381215,5,0.00100375795690607,1.00375795690607,0.01,2000,0.5,1,7,0,NA,13.951,74,1,0,0.00901435139890089,1,1,0,0,0,172
22,24123,1000,2,"poisson","fixed",0.000200751591381215,1,0.000200751591381215,0.200751591381215,0.01,2000,0.5,1,0,0,NA,10.257,188,1,0,0.00966762663262577,0,0,1,1,0,173
22,24123,1000,2,"poisson","linesearch",0.000200751591381215,1,0.000200751591381215,0.200751591381215,0.01,2000,0.5,1,7,0,NA,21.974,188,1,0,0.00966762663262577,0,0,1,0,0,174
22,24123,1000,2,"poisson","fixed",0.000200751591381215,0.2,4.0150318276243e-05,0.040150318276243,0.01,2000,0.5,1,0,0,NA,28.256,948,1,0,0.00999784531750086,0,0,1,1,0,175
22,24123,1000,2,"poisson","linesearch",0.000200751591381215,0.2,4.0150318276243e-05,0.040150318276243,0.01,2000,0.5,1,7,0,NA,89.488,948,1,0,0.00999784531750086,0,0,1,0,0,176
23,25123,1000,2,"poisson","fixed",0.000222604376767373,10,0.00222604376767373,2.22604376767373,0.01,2000,0.5,1,0,0,NA,4.616,6,0,1,NA,0,0,1,1,0,177
23,25123,1000,2,"poisson","linesearch",0.000222604376767373,10,0.00222604376767373,2.22604376767373,0.01,2000,0.5,1,7,0,NA,14.483,71,1,0,0.00931870886941688,2,2,0,0,0,178
23,25123,1000,2,"poisson","fixed",0.000222604376767373,5,0.00111302188383686,1.11302188383686,0.01,2000,0.5,1,0,0,NA,52.247,2000,0,0,761.361422104775,0,0,1,1,0,179
23,25123,1000,2,"poisson","linesearch",0.000222604376767373,5,0.00111302188383686,1.11302188383686,0.01,2000,0.5,1,7,0,NA,12.406,71,1,0,0.00931870886941688,1,1,0,0,0,180
23,25123,1000,2,"poisson","fixed",0.000222604376767373,1,0.000222604376767373,0.222604376767373,0.01,2000,0.5,1,0,0,NA,8.68599999999999,181,1,0,0.00991725256144493,0,0,1,1,0,181
23,25123,1000,2,"poisson","linesearch",0.000222604376767373,1,0.000222604376767373,0.222604376767373,0.01,2000,0.5,1,7,0,NA,20.404,181,1,0,0.00991725256144493,0,0,1,0,0,182
23,25123,1000,2,"poisson","fixed",0.000222604376767373,0.2,4.45208753534745e-05,0.0445208753534745,0.01,2000,0.5,1,0,0,NA,25.806,917,1,0,0.00997035725977347,0,0,1,1,0,183
23,25123,1000,2,"poisson","linesearch",0.000222604376767373,0.2,4.45208753534745e-05,0.0445208753534745,0.01,2000,0.5,1,7,0,NA,93.806,917,1,0,0.00997035725977347,0,0,1,0,0,184
24,26123,1000,2,"poisson","fixed",0.000193138119656268,10,0.00193138119656268,1.93138119656268,0.01,2000,0.5,1,0,0,NA,6.402,9,0,1,NA,0,0,1,1,0,185
24,26123,1000,2,"poisson","linesearch",0.000193138119656268,10,0.00193138119656268,1.93138119656268,0.01,2000,0.5,1,7,0,NA,18.639,84,1,0,0.00946452650456392,2,2,0,0,0,186
24,26123,1000,2,"poisson","fixed",0.000193138119656268,5,0.000965690598281338,0.965690598281338,0.01,2000,0.5,1,0,0,NA,56.841,2000,0,0,799.578806960689,0,0,1,1,0,187
24,26123,1000,2,"poisson","linesearch",0.000193138119656268,5,0.000965690598281338,0.965690598281338,0.01,2000,0.5,1,7,0,NA,16.368,84,1,0,0.00946452650456392,1,1,0,0,0,188
24,26123,1000,2,"poisson","fixed",0.000193138119656268,1,0.000193138119656268,0.193138119656268,0.01,2000,0.5,1,0,0,NA,11.002,214,1,0,0.00978798282299551,0,0,1,1,0,189
24,26123,1000,2,"poisson","linesearch",0.000193138119656268,1,0.000193138119656268,0.193138119656268,0.01,2000,0.5,1,7,0,NA,29.576,214,1,0,0.00978798282299551,0,0,1,0,0,190
24,26123,1000,2,"poisson","fixed",0.000193138119656268,0.2,3.86276239312535e-05,0.0386276239312535,0.01,2000,0.5,1,0,0,NA,30.086,1080,1,0,0.00999012164388957,0,0,1,1,0,191
24,26123,1000,2,"poisson","linesearch",0.000193138119656268,0.2,3.86276239312535e-05,0.0386276239312535,0.01,2000,0.5,1,7,0,NA,139.807,1080,1,0,0.00999012164388957,0,0,1,0,0,192
25,27123,1000,2,"poisson","fixed",0.000203671566262559,10,0.00203671566262559,2.03671566262559,0.01,2000,0.5,1,0,0,NA,4.676,10,0,1,NA,0,0,1,1,0,193
25,27123,1000,2,"poisson","linesearch",0.000203671566262559,10,0.00203671566262559,2.03671566262559,0.01,2000,0.5,1,7,0,NA,15.596,76,1,0,0.00964007586171312,2,2,0,0,0,194
25,27123,1000,2,"poisson","fixed",0.000203671566262559,5,0.00101835783131279,1.01835783131279,0.01,2000,0.5,1,0,0,NA,52.17,2000,0,0,870.235170230664,0,0,1,1,0,195
25,27123,1000,2,"poisson","linesearch",0.000203671566262559,5,0.00101835783131279,1.01835783131279,0.01,2000,0.5,1,7,0,NA,13.647,76,1,0,0.00964007586171312,1,1,0,0,0,196
25,27123,1000,2,"poisson","fixed",0.000203671566262559,1,0.000203671566262559,0.203671566262559,0.01,2000,0.5,1,0,0,NA,8.68000000000001,194,1,0,0.00994972785470163,0,0,1,1,0,197
25,27123,1000,2,"poisson","linesearch",0.000203671566262559,1,0.000203671566262559,0.203671566262559,0.01,2000,0.5,1,7,0,NA,23.077,194,1,0,0.00994972785470163,0,0,1,0,0,198
25,27123,1000,2,"poisson","fixed",0.000203671566262559,0.2,4.07343132525117e-05,0.0407343132525117,0.01,2000,0.5,1,0,0,NA,27.895,982,1,0,0.00998102593217406,0,0,1,1,0,199
25,27123,1000,2,"poisson","linesearch",0.000203671566262559,0.2,4.07343132525117e-05,0.0407343132525117,0.01,2000,0.5,1,7,0,NA,105.478,982,1,0,0.00998102593217406,0,0,1,0,0,200
26,28123,1000,2,"poisson","fixed",0.000192267032457603,10,0.00192267032457603,1.92267032457603,0.01,2000,0.5,1,0,0,NA,4.547,9,0,1,NA,0,0,1,1,0,201
26,28123,1000,2,"poisson","linesearch",0.000192267032457603,10,0.00192267032457603,1.92267032457603,0.01,2000,0.5,1,7,0,NA,14.581,75,1,0,0.00996695251896035,2,2,0,0,0,202
26,28123,1000,2,"poisson","fixed",0.000192267032457603,5,0.000961335162288015,0.961335162288015,0.01,2000,0.5,1,0,0,NA,49.088,2000,0,0,753.473749887399,0,0,1,1,0,203
26,28123,1000,2,"poisson","linesearch",0.000192267032457603,5,0.000961335162288015,0.961335162288015,0.01,2000,0.5,1,7,0,NA,12.869,75,1,0,0.00996695251896035,1,1,0,0,0,204
26,28123,1000,2,"poisson","fixed",0.000192267032457603,1,0.000192267032457603,0.192267032457603,0.01,2000,0.5,1,0,0,NA,8.77999999999997,193,1,0,0.00970487135586118,0,0,1,1,0,205
26,28123,1000,2,"poisson","linesearch",0.000192267032457603,1,0.000192267032457603,0.192267032457603,0.01,2000,0.5,1,7,0,NA,23.641,193,1,0,0.00970487135586118,0,0,1,0,0,206
26,28123,1000,2,"poisson","fixed",0.000192267032457603,0.2,3.84534064915206e-05,0.0384534064915206,0.01,2000,0.5,1,0,0,NA,26.982,975,1,0,0.00993964611596937,0,0,1,1,0,207
26,28123,1000,2,"poisson","linesearch",0.000192267032457603,0.2,3.84534064915206e-05,0.0384534064915206,0.01,2000,0.5,1,7,0,NA,94.052,975,1,0,0.00993964611596937,0,0,1,0,0,208
27,29123,1000,2,"poisson","fixed",0.000219986474769204,10,0.00219986474769204,2.19986474769204,0.01,2000,0.5,1,0,0,NA,4.53399999999999,6,0,1,NA,0,0,1,1,0,209
27,29123,1000,2,"poisson","linesearch",0.000219986474769204,10,0.00219986474769204,2.19986474769204,0.01,2000,0.5,1,7,0,NA,12.699,66,1,0,0.00909435274627435,2,2,0,0,0,210
27,29123,1000,2,"poisson","fixed",0.000219986474769204,5,0.00109993237384602,1.09993237384602,0.01,2000,0.5,1,0,0,NA,51.548,2000,0,0,732.113494141457,0,0,1,1,0,211
27,29123,1000,2,"poisson","linesearch",0.000219986474769204,5,0.00109993237384602,1.09993237384602,0.01,2000,0.5,1,7,0,NA,12.58,66,1,0,0.00909435274627435,1,1,0,0,0,212
27,29123,1000,2,"poisson","fixed",0.000219986474769204,1,0.000219986474769204,0.219986474769204,0.01,2000,0.5,1,0,0,NA,8.43700000000001,169,1,0,0.00953118843567696,0,0,1,1,0,213
27,29123,1000,2,"poisson","linesearch",0.000219986474769204,1,0.000219986474769204,0.219986474769204,0.01,2000,0.5,1,7,0,NA,18.916,169,1,0,0.00953118843567696,0,0,1,0,0,214
27,29123,1000,2,"poisson","fixed",0.000219986474769204,0.2,4.39972949538408e-05,0.0439972949538408,0.01,2000,0.5,1,0,0,NA,24.137,853,1,0,0.00998940328583886,0,0,1,1,0,215
27,29123,1000,2,"poisson","linesearch",0.000219986474769204,0.2,4.39972949538408e-05,0.0439972949538408,0.01,2000,0.5,1,7,0,NA,78.036,853,1,0,0.00998940328583886,0,0,1,0,0,216
28,30123,1000,2,"poisson","fixed",0.000218909906229599,10,0.00218909906229599,2.18909906229599,0.01,2000,0.5,1,0,0,NA,4.524,6,0,1,NA,0,0,1,1,0,217
28,30123,1000,2,"poisson","linesearch",0.000218909906229599,10,0.00218909906229599,2.18909906229599,0.01,2000,0.5,1,7,0,NA,13.463,70,1,0,0.00897612971282308,2,2,0,0,0,218
28,30123,1000,2,"poisson","fixed",0.000218909906229599,5,0.00109454953114799,1.09454953114799,0.01,2000,0.5,1,0,0,NA,52.619,2000,0,0,723.056044526775,0,0,1,1,0,219
28,30123,1000,2,"poisson","linesearch",0.000218909906229599,5,0.00109454953114799,1.09454953114799,0.01,2000,0.5,1,7,0,NA,12.909,70,1,0,0.00897612971282308,1,1,0,0,0,220
28,30123,1000,2,"poisson","fixed",0.000218909906229599,1,0.000218909906229599,0.218909906229599,0.01,2000,0.5,1,0,0,NA,8.69999999999999,178,1,0,0.00977496459608542,0,0,1,1,0,221
28,30123,1000,2,"poisson","linesearch",0.000218909906229599,1,0.000218909906229599,0.218909906229599,0.01,2000,0.5,1,7,0,NA,20.638,178,1,0,0.00977496459608542,0,0,1,0,0,222
28,30123,1000,2,"poisson","fixed",0.000218909906229599,0.2,4.37819812459198e-05,0.0437819812459198,0.01,2000,0.5,1,0,0,NA,26.399,900,1,0,0.00999939133350275,0,0,1,1,0,223
28,30123,1000,2,"poisson","linesearch",0.000218909906229599,0.2,4.37819812459198e-05,0.0437819812459198,0.01,2000,0.5,1,7,0,NA,95.205,900,1,0,0.00999939133350275,0,0,1,0,0,224
29,31123,1000,2,"poisson","fixed",0.000199019595569125,10,0.00199019595569125,1.99019595569125,0.01,2000,0.5,1,0,0,NA,4.56700000000001,9,0,1,NA,0,0,1,1,0,225
29,31123,1000,2,"poisson","linesearch",0.000199019595569125,10,0.00199019595569125,1.99019595569125,0.01,2000,0.5,1,7,0,NA,14.066,74,1,0,0.00905010724141977,2,2,0,0,0,226
29,31123,1000,2,"poisson","fixed",0.000199019595569125,5,0.000995097977845627,0.995097977845627,0.01,2000,0.5,1,0,0,NA,51.176,2000,0,0,820.089416860112,0,0,1,1,0,227
29,31123,1000,2,"poisson","linesearch",0.000199019595569125,5,0.000995097977845627,0.995097977845627,0.01,2000,0.5,1,7,0,NA,13.667,74,1,0,0.00905010724141977,1,1,0,0,0,228
29,31123,1000,2,"poisson","fixed",0.000199019595569125,1,0.000199019595569125,0.199019595569125,0.01,2000,0.5,1,0,0,NA,8.78199999999998,188,1,0,0.00968399828016392,0,0,1,1,0,229
29,31123,1000,2,"poisson","linesearch",0.000199019595569125,1,0.000199019595569125,0.199019595569125,0.01,2000,0.5,1,7,0,NA,21.151,188,1,0,0.00968399828016392,0,0,1,0,0,230
29,31123,1000,2,"poisson","fixed",0.000199019595569125,0.2,3.98039191138251e-05,0.0398039191138251,0.01,2000,0.5,1,0,0,NA,27.585,949,1,0,0.00992194950250516,0,0,1,1,0,231
29,31123,1000,2,"poisson","linesearch",0.000199019595569125,0.2,3.98039191138251e-05,0.0398039191138251,0.01,2000,0.5,1,7,0,NA,94.119,949,1,0,0.00992194950250516,0,0,1,0,0,232
30,32123,1000,2,"poisson","fixed",0.000206880390069435,10,0.00206880390069435,2.06880390069435,0.01,2000,0.5,1,0,0,NA,4.52700000000002,10,0,1,NA,0,0,1,1,0,233
30,32123,1000,2,"poisson","linesearch",0.000206880390069435,10,0.00206880390069435,2.06880390069435,0.01,2000,0.5,1,7,0,NA,13.714,71,1,0,0.00909315512140738,2,2,0,0,0,234
30,32123,1000,2,"poisson","fixed",0.000206880390069435,5,0.00103440195034717,1.03440195034717,0.01,2000,0.5,1,0,0,NA,50.049,2000,0,0,923.023786556746,0,0,1,1,0,235
30,32123,1000,2,"poisson","linesearch",0.000206880390069435,5,0.00103440195034717,1.03440195034717,0.01,2000,0.5,1,7,0,NA,12.508,71,1,0,0.00909315512140738,1,1,0,0,0,236
30,32123,1000,2,"poisson","fixed",0.000206880390069435,1,0.000206880390069435,0.206880390069435,0.01,2000,0.5,1,0,0,NA,8.43200000000002,181,1,0,0.00957149263817567,0,0,1,1,0,237
30,32123,1000,2,"poisson","linesearch",0.000206880390069435,1,0.000206880390069435,0.206880390069435,0.01,2000,0.5,1,7,0,NA,23.452,181,1,0,0.00957149263817567,0,0,1,0,0,238
30,32123,1000,2,"poisson","fixed",0.000206880390069435,0.2,4.1376078013887e-05,0.041376078013887,0.01,2000,0.5,1,0,0,NA,25.894,913,1,0,0.00991631677975016,0,0,1,1,0,239
30,32123,1000,2,"poisson","linesearch",0.000206880390069435,0.2,4.1376078013887e-05,0.041376078013887,0.01,2000,0.5,1,7,0,NA,88.85,913,1,0,0.00991631677975016,0,0,1,0,0,240
31,33123,1000,2,"poisson","fixed",0.000206374274191684,10,0.00206374274191684,2.06374274191684,0.01,2000,0.5,1,0,0,NA,4.59800000000001,10,0,1,NA,0,0,1,1,0,241
31,33123,1000,2,"poisson","linesearch",0.000206374274191684,10,0.00206374274191684,2.06374274191684,0.01,2000,0.5,1,7,0,NA,13.134,70,1,0,0.00898927688645235,2,2,0,0,0,242
31,33123,1000,2,"poisson","fixed",0.000206374274191684,5,0.00103187137095842,1.03187137095842,0.01,2000,0.5,1,0,0,NA,52.302,2000,0,0,1112.04163053779,0,0,1,1,0,243
31,33123,1000,2,"poisson","linesearch",0.000206374274191684,5,0.00103187137095842,1.03187137095842,0.01,2000,0.5,1,7,0,NA,12.162,70,1,0,0.00898927688645235,1,1,0,0,0,244
31,33123,1000,2,"poisson","fixed",0.000206374274191684,1,0.000206374274191684,0.206374274191684,0.01,2000,0.5,1,0,0,NA,8.43199999999996,178,1,0,0.0096655467675929,0,0,1,1,0,245
31,33123,1000,2,"poisson","linesearch",0.000206374274191684,1,0.000206374274191684,0.206374274191684,0.01,2000,0.5,1,7,0,NA,19.912,178,1,0,0.0096655467675929,0,0,1,0,0,246
31,33123,1000,2,"poisson","fixed",0.000206374274191684,0.2,4.12748548383368e-05,0.0412748548383368,0.01,2000,0.5,1,0,0,NA,25.208,899,1,0,0.00991921689841702,0,0,1,1,0,247
31,33123,1000,2,"poisson","linesearch",0.000206374274191684,0.2,4.12748548383368e-05,0.0412748548383368,0.01,2000,0.5,1,7,0,NA,89.359,899,1,0,0.00991921689841702,0,0,1,0,0,248
32,34123,1000,2,"poisson","fixed",0.000204613181176661,10,0.0020461318117666,2.0461318117666,0.01,2000,0.5,1,0,0,NA,4.54100000000003,10,0,1,NA,0,0,1,1,0,249
32,34123,1000,2,"poisson","linesearch",0.000204613181176661,10,0.0020461318117666,2.0461318117666,0.01,2000,0.5,1,7,0,NA,14.723,75,1,0,0.00920261614046236,2,2,0,0,0,250
32,34123,1000,2,"poisson","fixed",0.000204613181176661,5,0.0010230659058833,1.0230659058833,0.01,2000,0.5,1,0,0,NA,52.687,2000,0,0,900.573142383648,0,0,1,1,0,251
32,34123,1000,2,"poisson","linesearch",0.000204613181176661,5,0.0010230659058833,1.0230659058833,0.01,2000,0.5,1,7,0,NA,14.385,75,1,0,0.00920261614046236,1,1,0,0,0,252
32,34123,1000,2,"poisson","fixed",0.000204613181176661,1,0.000204613181176661,0.20461318117666,0.01,2000,0.5,1,0,0,NA,8.98000000000002,191,1,0,0.00960560802667065,0,0,1,1,0,253
32,34123,1000,2,"poisson","linesearch",0.000204613181176661,1,0.000204613181176661,0.20461318117666,0.01,2000,0.5,1,7,0,NA,22.038,191,1,0,0.00960560802667065,0,0,1,0,0,254
32,34123,1000,2,"poisson","fixed",0.000204613181176661,0.2,4.09226362353321e-05,0.0409226362353321,0.01,2000,0.5,1,0,0,NA,27.11,962,1,0,0.00998628444745253,0,0,1,1,0,255
32,34123,1000,2,"poisson","linesearch",0.000204613181176661,0.2,4.09226362353321e-05,0.0409226362353321,0.01,2000,0.5,1,7,0,NA,108.322,962,1,0,0.00998628444745253,0,0,1,0,0,256
33,35123,1000,2,"poisson","fixed",0.000209491544662072,10,0.00209491544662072,2.09491544662072,0.01,2000,0.5,1,0,0,NA,4.51499999999999,9,0,1,NA,0,0,1,1,0,257
33,35123,1000,2,"poisson","linesearch",0.000209491544662072,10,0.00209491544662072,2.09491544662072,0.01,2000,0.5,1,7,0,NA,14.255,71,1,0,0.00911773955954565,2,2,0,0,0,258
33,35123,1000,2,"poisson","fixed",0.000209491544662072,5,0.00104745772331036,1.04745772331036,0.01,2000,0.5,1,0,0,NA,49.9690000000001,2000,0,0,1254.22131523822,0,0,1,1,0,259
33,35123,1000,2,"poisson","linesearch",0.000209491544662072,5,0.00104745772331036,1.04745772331036,0.01,2000,0.5,1,7,0,NA,12.449,71,1,0,0.00911773955954565,1,1,0,0,0,260
33,35123,1000,2,"poisson","fixed",0.000209491544662072,1,0.000209491544662072,0.209491544662072,0.01,2000,0.5,1,0,0,NA,8.35700000000003,181,1,0,0.00974605835061115,0,0,1,1,0,261
33,35123,1000,2,"poisson","linesearch",0.000209491544662072,1,0.000209491544662072,0.209491544662072,0.01,2000,0.5,1,7,0,NA,19.974,181,1,0,0.00974605835061115,0,0,1,0,0,262
33,35123,1000,2,"poisson","fixed",0.000209491544662072,0.2,4.18983089324143e-05,0.0418983089324143,0.01,2000,0.5,1,0,0,NA,25.365,915,1,0,0.00999770767608543,0,0,1,1,0,263
33,35123,1000,2,"poisson","linesearch",0.000209491544662072,0.2,4.18983089324143e-05,0.0418983089324143,0.01,2000,0.5,1,7,0,NA,92.869,915,1,0,0.00999770767608543,0,0,1,0,0,264
34,36123,1000,2,"poisson","fixed",0.000218402261712772,10,0.00218402261712772,2.18402261712772,0.01,2000,0.5,1,0,0,NA,4.52199999999999,6,0,1,NA,0,0,1,1,0,265
34,36123,1000,2,"poisson","linesearch",0.000218402261712772,10,0.00218402261712772,2.18402261712772,0.01,2000,0.5,1,7,0,NA,13.451,68,1,0,0.00947147458621693,2,2,0,0,0,266
34,36123,1000,2,"poisson","fixed",0.000218402261712772,5,0.00109201130856386,1.09201130856386,0.01,2000,0.5,1,0,0,NA,51.879,2000,0,0,2161.92439739693,0,0,1,1,0,267
34,36123,1000,2,"poisson","linesearch",0.000218402261712772,5,0.00109201130856386,1.09201130856386,0.01,2000,0.5,1,7,0,NA,12.408,68,1,0,0.00947147458621693,1,1,0,0,0,268
34,36123,1000,2,"poisson","fixed",0.000218402261712772,1,0.000218402261712772,0.218402261712772,0.01,2000,0.5,1,0,0,NA,8.27600000000001,174,1,0,0.00994186750165403,0,0,1,1,0,269
34,36123,1000,2,"poisson","linesearch",0.000218402261712772,1,0.000218402261712772,0.218402261712772,0.01,2000,0.5,1,7,0,NA,21.54,174,1,0,0.00994186750165403,0,0,1,0,0,270
34,36123,1000,2,"poisson","fixed",0.000218402261712772,0.2,4.36804523425544e-05,0.0436804523425544,0.01,2000,0.5,1,0,0,NA,25.083,883,1,0,0.0099398294653516,0,0,1,1,0,271
34,36123,1000,2,"poisson","linesearch",0.000218402261712772,0.2,4.36804523425544e-05,0.0436804523425544,0.01,2000,0.5,1,7,0,NA,83.61,883,1,0,0.0099398294653516,0,0,1,0,0,272
35,37123,1000,2,"poisson","fixed",0.000206268931840253,10,0.00206268931840253,2.06268931840253,0.01,2000,0.5,1,0,0,NA,4.589,9,0,1,NA,0,0,1,1,0,273
35,37123,1000,2,"poisson","linesearch",0.000206268931840253,10,0.00206268931840253,2.06268931840253,0.01,2000,0.5,1,7,0,NA,16.11,76,1,0,0.00993415293775102,2,2,0,0,0,274
35,37123,1000,2,"poisson","fixed",0.000206268931840253,5,0.00103134465920127,1.03134465920127,0.01,2000,0.5,1,0,0,NA,51.542,2000,0,0,883.802421083429,0,0,1,1,0,275
35,37123,1000,2,"poisson","linesearch",0.000206268931840253,5,0.00103134465920127,1.03134465920127,0.01,2000,0.5,1,7,0,NA,14.304,76,1,0,0.00993415293775102,1,1,0,0,0,276
35,37123,1000,2,"poisson","fixed",0.000206268931840253,1,0.000206268931840253,0.206268931840253,0.01,2000,0.5,1,0,0,NA,8.67500000000001,195,1,0,0.00991799142550787,0,0,1,1,0,277
35,37123,1000,2,"poisson","linesearch",0.000206268931840253,1,0.000206268931840253,0.206268931840253,0.01,2000,0.5,1,7,0,NA,24.504,195,1,0,0.00991799142550787,0,0,1,0,0,278
35,37123,1000,2,"poisson","fixed",0.000206268931840253,0.2,4.12537863680507e-05,0.0412537863680507,0.01,2000,0.5,1,0,0,NA,27.706,987,1,0,0.00999966188146151,0,0,1,1,0,279
35,37123,1000,2,"poisson","linesearch",0.000206268931840253,0.2,4.12537863680507e-05,0.0412537863680507,0.01,2000,0.5,1,7,0,NA,129.188,987,1,0,0.00999966188146151,0,0,1,0,0,280
36,38123,1000,2,"poisson","fixed",0.000203409427808379,10,0.00203409427808379,2.03409427808379,0.01,2000,0.5,1,0,0,NA,4.57799999999997,10,0,1,NA,0,0,1,1,0,281
36,38123,1000,2,"poisson","linesearch",0.000203409427808379,10,0.00203409427808379,2.03409427808379,0.01,2000,0.5,1,7,0,NA,14.252,71,1,0,0.00926076837593354,2,2,0,0,0,282
36,38123,1000,2,"poisson","fixed",0.000203409427808379,5,0.0010170471390419,1.0170471390419,0.01,2000,0.5,1,0,0,NA,49.427,2000,0,0,886.866601031425,0,0,1,1,0,283
36,38123,1000,2,"poisson","linesearch",0.000203409427808379,5,0.0010170471390419,1.0170471390419,0.01,2000,0.5,1,7,0,NA,12.13,71,1,0,0.00926076837593354,1,1,0,0,0,284
36,38123,1000,2,"poisson","fixed",0.000203409427808379,1,0.000203409427808379,0.203409427808379,0.01,2000,0.5,1,0,0,NA,8.38499999999999,181,1,0,0.00990316144861947,0,0,1,1,0,285
36,38123,1000,2,"poisson","linesearch",0.000203409427808379,1,0.000203409427808379,0.203409427808379,0.01,2000,0.5,1,7,0,NA,20.048,181,1,0,0.00990316144861947,0,0,1,0,0,286
36,38123,1000,2,"poisson","fixed",0.000203409427808379,0.2,4.06818855616758e-05,0.0406818855616758,0.01,2000,0.5,1,0,0,NA,25.691,917,1,0,0.00997814393191615,0,0,1,1,0,287
36,38123,1000,2,"poisson","linesearch",0.000203409427808379,0.2,4.06818855616758e-05,0.0406818855616758,0.01,2000,0.5,1,7,0,NA,88.552,917,1,0,0.00997814393191615,0,0,1,0,0,288
37,39123,1000,2,"poisson","fixed",0.000204122044833346,10,0.00204122044833346,2.04122044833346,0.01,2000,0.5,1,0,0,NA,4.542,9,0,1,NA,0,0,1,1,0,289
37,39123,1000,2,"poisson","linesearch",0.000204122044833346,10,0.00204122044833346,2.04122044833346,0.01,2000,0.5,1,7,0,NA,14.57,74,1,0,0.00929718940626787,2,2,0,0,0,290
37,39123,1000,2,"poisson","fixed",0.000204122044833346,5,0.00102061022416673,1.02061022416673,0.01,2000,0.5,1,0,0,NA,53.701,2000,0,0,912.637974704862,0,0,1,1,0,291
37,39123,1000,2,"poisson","linesearch",0.000204122044833346,5,0.00102061022416673,1.02061022416673,0.01,2000,0.5,1,7,0,NA,13.117,74,1,0,0.00929718940626787,1,1,0,0,0,292
37,39123,1000,2,"poisson","fixed",0.000204122044833346,1,0.000204122044833346,0.204122044833346,0.01,2000,0.5,1,0,0,NA,8.529,189,1,0,0.00965453005320515,0,0,1,1,0,293
37,39123,1000,2,"poisson","linesearch",0.000204122044833346,1,0.000204122044833346,0.204122044833346,0.01,2000,0.5,1,7,0,NA,21.493,189,1,0,0.00965453005320515,0,0,1,0,0,294
37,39123,1000,2,"poisson","fixed",0.000204122044833346,0.2,4.08244089666692e-05,0.0408244089666692,0.01,2000,0.5,1,0,0,NA,26.67,954,1,0,0.00996272546896758,0,0,1,1,0,295
37,39123,1000,2,"poisson","linesearch",0.000204122044833346,0.2,4.08244089666692e-05,0.0408244089666692,0.01,2000,0.5,1,7,0,NA,99.278,954,1,0,0.00996272546896758,0,0,1,0,0,296
38,40123,1000,2,"poisson","fixed",0.000208549107697318,10,0.00208549107697318,2.08549107697318,0.01,2000,0.5,1,0,0,NA,4.58500000000001,10,0,1,NA,0,0,1,1,0,297
38,40123,1000,2,"poisson","linesearch",0.000208549107697318,10,0.00208549107697318,2.08549107697318,0.01,2000,0.5,1,7,0,NA,13.718,69,1,0,0.00954268309765793,2,2,0,0,0,298
38,40123,1000,2,"poisson","fixed",0.000208549107697318,5,0.00104274553848659,1.04274553848659,0.01,2000,0.5,1,0,0,NA,51.839,2000,0,0,1332.42382636683,0,0,1,1,0,299
38,40123,1000,2,"poisson","linesearch",0.000208549107697318,5,0.00104274553848659,1.04274553848659,0.01,2000,0.5,1,7,0,NA,12.247,69,1,0,0.00954268309765793,1,1,0,0,0,300
38,40123,1000,2,"poisson","fixed",0.000208549107697318,1,0.000208549107697318,0.208549107697318,0.01,2000,0.5,1,0,0,NA,8.43400000000003,177,1,0,0.00978835090686969,0,0,1,1,0,301
38,40123,1000,2,"poisson","linesearch",0.000208549107697318,1,0.000208549107697318,0.208549107697318,0.01,2000,0.5,1,7,0,NA,22.282,177,1,0,0.00978835090686969,0,0,1,0,0,302
38,40123,1000,2,"poisson","fixed",0.000208549107697318,0.2,4.17098215394636e-05,0.0417098215394636,0.01,2000,0.5,1,0,0,NA,25.131,896,1,0,0.00998266183909668,0,0,1,1,0,303
38,40123,1000,2,"poisson","linesearch",0.000208549107697318,0.2,4.17098215394636e-05,0.0417098215394636,0.01,2000,0.5,1,7,0,NA,91.532,896,1,0,0.00998266183909668,0,0,1,0,0,304
39,41123,1000,2,"poisson","fixed",0.000201285154314392,10,0.00201285154314392,2.01285154314392,0.01,2000,0.5,1,0,0,NA,4.637,10,0,1,NA,0,0,1,1,0,305
39,41123,1000,2,"poisson","linesearch",0.000201285154314392,10,0.00201285154314392,2.01285154314392,0.01,2000,0.5,1,7,0,NA,14.451,75,1,0,0.00899383021548536,2,2,0,0,0,306
39,41123,1000,2,"poisson","fixed",0.000201285154314392,5,0.00100642577157196,1.00642577157196,0.01,2000,0.5,1,0,0,NA,53.039,2000,0,0,884.10463007494,0,0,1,1,0,307
39,41123,1000,2,"poisson","linesearch",0.000201285154314392,5,0.00100642577157196,1.00642577157196,0.01,2000,0.5,1,7,0,NA,13.368,75,1,0,0.00899383021548536,1,1,0,0,0,308
39,41123,1000,2,"poisson","fixed",0.000201285154314392,1,0.000201285154314392,0.201285154314392,0.01,2000,0.5,1,0,0,NA,8.697,190,1,0,0.00990939803342823,0,0,1,1,0,309
39,41123,1000,2,"poisson","linesearch",0.000201285154314392,1,0.000201285154314392,0.201285154314392,0.01,2000,0.5,1,7,0,NA,21.677,190,1,0,0.00990939803342823,0,0,1,0,0,310
39,41123,1000,2,"poisson","fixed",0.000201285154314392,0.2,4.02570308628785e-05,0.0402570308628785,0.01,2000,0.5,1,0,0,NA,27.806,962,1,0,0.0099337027541769,0,0,1,1,0,311
39,41123,1000,2,"poisson","linesearch",0.000201285154314392,0.2,4.02570308628785e-05,0.0402570308628785,0.01,2000,0.5,1,7,0,NA,95.522,962,1,0,0.0099337027541769,0,0,1,0,0,312
40,42123,1000,2,"poisson","fixed",0.000210974522411526,10,0.00210974522411526,2.10974522411526,0.01,2000,0.5,1,0,0,NA,4.60400000000001,10,0,1,NA,0,0,1,1,0,313
40,42123,1000,2,"poisson","linesearch",0.000210974522411526,10,0.00210974522411526,2.10974522411526,0.01,2000,0.5,1,7,0,NA,13.828,72,1,0,0.00938035501823076,2,2,0,0,0,314
40,42123,1000,2,"poisson","fixed",0.000210974522411526,5,0.00105487261205763,1.05487261205763,0.01,2000,0.5,1,0,0,NA,50.923,2000,0,0,1448.83826962507,0,0,1,1,0,315
40,42123,1000,2,"poisson","linesearch",0.000210974522411526,5,0.00105487261205763,1.05487261205763,0.01,2000,0.5,1,7,0,NA,12.789,72,1,0,0.00938035501823076,1,1,0,0,0,316
40,42123,1000,2,"poisson","fixed",0.000210974522411526,1,0.000210974522411526,0.210974522411526,0.01,2000,0.5,1,0,0,NA,8.47899999999998,184,1,0,0.00967938178633729,0,0,1,1,0,317
40,42123,1000,2,"poisson","linesearch",0.000210974522411526,1,0.000210974522411526,0.210974522411526,0.01,2000,0.5,1,7,0,NA,21.08,184,1,0,0.00967938178633729,0,0,1,0,0,318
40,42123,1000,2,"poisson","fixed",0.000210974522411526,0.2,4.21949044823053e-05,0.0421949044823053,0.01,2000,0.5,1,0,0,NA,26.609,929,1,0,0.00995505845107242,0,0,1,1,0,319
40,42123,1000,2,"poisson","linesearch",0.000210974522411526,0.2,4.21949044823053e-05,0.0421949044823053,0.01,2000,0.5,1,7,0,NA,97.697,929,1,0,0.00995505845107242,0,0,1,0,0,320
41,43123,1000,2,"poisson","fixed",0.000195965446552589,10,0.00195965446552589,1.95965446552589,0.01,2000,0.5,1,0,0,NA,4.52799999999999,10,0,1,NA,0,0,1,1,0,321
41,43123,1000,2,"poisson","linesearch",0.000195965446552589,10,0.00195965446552589,1.95965446552589,0.01,2000,0.5,1,7,0,NA,14.274,75,1,0,0.0091490320899545,2,2,0,0,0,322
41,43123,1000,2,"poisson","fixed",0.000195965446552589,5,0.000979827232762946,0.979827232762946,0.01,2000,0.5,1,0,0,NA,50.469,2000,0,0,831.16515799525,0,0,1,1,0,323
41,43123,1000,2,"poisson","linesearch",0.000195965446552589,5,0.000979827232762946,0.979827232762946,0.01,2000,0.5,1,7,0,NA,13.039,75,1,0,0.0091490320899545,1,1,0,0,0,324
41,43123,1000,2,"poisson","fixed",0.000195965446552589,1,0.000195965446552589,0.195965446552589,0.01,2000,0.5,1,0,0,NA,8.66900000000004,191,1,0,0.0097060926856677,0,0,1,1,0,325
41,43123,1000,2,"poisson","linesearch",0.000195965446552589,1,0.000195965446552589,0.195965446552589,0.01,2000,0.5,1,7,0,NA,22.689,191,1,0,0.0097060926856677,0,0,1,0,0,326
41,43123,1000,2,"poisson","fixed",0.000195965446552589,0.2,3.91930893105178e-05,0.0391930893105178,0.01,2000,0.5,1,0,0,NA,27.346,965,1,0,0.00992668035457533,0,0,1,1,0,327
41,43123,1000,2,"poisson","linesearch",0.000195965446552589,0.2,3.91930893105178e-05,0.0391930893105178,0.01,2000,0.5,1,7,0,NA,98.951,965,1,0,0.00992668035457533,0,0,1,0,0,328
42,44123,1000,2,"poisson","fixed",0.000220650777474842,10,0.00220650777474842,2.20650777474842,0.01,2000,0.5,1,0,0,NA,4.50999999999999,10,0,1,NA,0,0,1,1,0,329
42,44123,1000,2,"poisson","linesearch",0.000220650777474842,10,0.00220650777474842,2.20650777474842,0.01,2000,0.5,1,7,0,NA,14.472,72,1,0,0.00950977522253996,2,2,0,0,0,330
42,44123,1000,2,"poisson","fixed",0.000220650777474842,5,0.00110325388737421,1.10325388737421,0.01,2000,0.5,1,0,0,NA,52.325,2000,0,0,750.831298465531,0,0,1,1,0,331
42,44123,1000,2,"poisson","linesearch",0.000220650777474842,5,0.00110325388737421,1.10325388737421,0.01,2000,0.5,1,7,0,NA,13.027,72,1,0,0.00950977522253996,1,1,0,0,0,332
42,44123,1000,2,"poisson","fixed",0.000220650777474842,1,0.000220650777474842,0.220650777474842,0.01,2000,0.5,1,0,0,NA,8.55799999999999,184,1,0,0.00994502575790024,0,0,1,1,0,333
42,44123,1000,2,"poisson","linesearch",0.000220650777474842,1,0.000220650777474842,0.220650777474842,0.01,2000,0.5,1,7,0,NA,21.33,184,1,0,0.00994502575790024,0,0,1,0,0,334
42,44123,1000,2,"poisson","fixed",0.000220650777474842,0.2,4.41301554949683e-05,0.0441301554949683,0.01,2000,0.5,1,0,0,NA,25.656,933,1,0,0.00994075024871791,0,0,1,1,0,335
42,44123,1000,2,"poisson","linesearch",0.000220650777474842,0.2,4.41301554949683e-05,0.0441301554949683,0.01,2000,0.5,1,7,0,NA,103.234,933,1,0,0.00994075024871791,0,0,1,0,0,336
43,45123,1000,2,"poisson","fixed",0.000195084022783562,10,0.00195084022783562,1.95084022783562,0.01,2000,0.5,1,0,0,NA,4.57399999999998,10,0,1,NA,0,0,1,1,0,337
43,45123,1000,2,"poisson","linesearch",0.000195084022783562,10,0.00195084022783562,1.95084022783562,0.01,2000,0.5,1,7,0,NA,14.095,73,1,0,0.00943384345749107,2,2,0,0,0,338
43,45123,1000,2,"poisson","fixed",0.000195084022783562,5,0.000975420113917811,0.975420113917811,0.01,2000,0.5,1,0,0,NA,51.69,2000,0,0,783.760192081454,0,0,1,1,0,339
43,45123,1000,2,"poisson","linesearch",0.000195084022783562,5,0.000975420113917811,0.975420113917811,0.01,2000,0.5,1,7,0,NA,13.074,73,1,0,0.00943384345749107,1,1,0,0,0,340
43,45123,1000,2,"poisson","fixed",0.000195084022783562,1,0.000195084022783562,0.195084022783562,0.01,2000,0.5,1,0,0,NA,8.58799999999997,186,1,0,0.00992030557863807,0,0,1,1,0,341
43,45123,1000,2,"poisson","linesearch",0.000195084022783562,1,0.000195084022783562,0.195084022783562,0.01,2000,0.5,1,7,0,NA,22.683,186,1,0,0.00992030557863807,0,0,1,0,0,342
43,45123,1000,2,"poisson","fixed",0.000195084022783562,0.2,3.90168045567124e-05,0.0390168045567124,0.01,2000,0.5,1,0,0,NA,27.268,942,1,0,0.00993052943240877,0,0,1,1,0,343
43,45123,1000,2,"poisson","linesearch",0.000195084022783562,0.2,3.90168045567124e-05,0.0390168045567124,0.01,2000,0.5,1,7,0,NA,95.412,942,1,0,0.00993052943240877,0,0,1,0,0,344
44,46123,1000,2,"poisson","fixed",0.000210620668893087,10,0.00210620668893087,2.10620668893087,0.01,2000,0.5,1,0,0,NA,6.21000000000004,10,0,1,NA,0,0,1,1,0,345
44,46123,1000,2,"poisson","linesearch",0.000210620668893087,10,0.00210620668893087,2.10620668893087,0.01,2000,0.5,1,7,0,NA,17.166,72,1,0,0.00993385884086156,2,2,0,0,0,346
44,46123,1000,2,"poisson","fixed",0.000210620668893087,5,0.00105310334446543,1.05310334446543,0.01,2000,0.5,1,0,0,NA,53.933,2000,0,0,1588.40960233523,0,0,1,1,0,347
44,46123,1000,2,"poisson","linesearch",0.000210620668893087,5,0.00105310334446543,1.05310334446543,0.01,2000,0.5,1,7,0,NA,14.61,72,1,0,0.00993385884086156,1,1,0,0,0,348
44,46123,1000,2,"poisson","fixed",0.000210620668893087,1,0.000210620668893087,0.210620668893087,0.01,2000,0.5,1,0,0,NA,10.521,185,1,0,0.00988704877231861,0,0,1,1,0,349
44,46123,1000,2,"poisson","linesearch",0.000210620668893087,1,0.000210620668893087,0.210620668893087,0.01,2000,0.5,1,7,0,NA,25.437,185,1,0,0.00988704877231861,0,0,1,0,0,350
44,46123,1000,2,"poisson","fixed",0.000210620668893087,0.2,4.21241337786174e-05,0.0421241337786174,0.01,2000,0.5,1,0,0,NA,28.869,937,1,0,0.00995762680568177,0,0,1,1,0,351
44,46123,1000,2,"poisson","linesearch",0.000210620668893087,0.2,4.21241337786174e-05,0.0421241337786174,0.01,2000,0.5,1,7,0,NA,96.593,937,1,0,0.00995762680568177,0,0,1,0,0,352
45,47123,1000,2,"poisson","fixed",0.000205171397173375,10,0.00205171397173375,2.05171397173375,0.01,2000,0.5,1,0,0,NA,4.709,10,0,1,NA,0,0,1,1,0,353
45,47123,1000,2,"poisson","linesearch",0.000205171397173375,10,0.00205171397173375,2.05171397173375,0.01,2000,0.5,1,7,0,NA,14.366,70,1,0,0.00947574478245025,2,2,0,0,0,354
45,47123,1000,2,"poisson","fixed",0.000205171397173375,5,0.00102585698586687,1.02585698586687,0.01,2000,0.5,1,0,0,NA,52.606,2000,0,0,935.152448891273,0,0,1,1,0,355
45,47123,1000,2,"poisson","linesearch",0.000205171397173375,5,0.00102585698586687,1.02585698586687,0.01,2000,0.5,1,7,0,NA,12.94,70,1,0,0.00947574478245025,1,1,0,0,0,356
45,47123,1000,2,"poisson","fixed",0.000205171397173375,1,0.000205171397173375,0.205171397173375,0.01,2000,0.5,1,0,0,NA,8.36899999999997,179,1,0,0.00977512567289404,0,0,1,1,0,357
45,47123,1000,2,"poisson","linesearch",0.000205171397173375,1,0.000205171397173375,0.205171397173375,0.01,2000,0.5,1,7,0,NA,20.928,179,1,0,0.00977512567289404,0,0,1,0,0,358
45,47123,1000,2,"poisson","fixed",0.000205171397173375,0.2,4.10342794346749e-05,0.0410342794346749,0.01,2000,0.5,1,0,0,NA,25.32,905,1,0,0.00996791360004665,0,0,1,1,0,359
45,47123,1000,2,"poisson","linesearch",0.000205171397173375,0.2,4.10342794346749e-05,0.0410342794346749,0.01,2000,0.5,1,7,0,NA,85.539,905,1,0,0.00996791360004665,0,0,1,0,0,360
46,48123,1000,2,"poisson","fixed",0.000184019185445819,10,0.00184019185445819,1.84019185445819,0.01,2000,0.5,1,0,0,NA,4.59699999999998,10,0,1,NA,0,0,1,1,0,361
46,48123,1000,2,"poisson","linesearch",0.000184019185445819,10,0.00184019185445819,1.84019185445819,0.01,2000,0.5,1,7,0,NA,15.744,82,1,0,0.00948692425135876,2,2,0,0,0,362
46,48123,1000,2,"poisson","fixed",0.000184019185445819,5,0.000920095927229095,0.920095927229095,0.01,2000,0.5,1,0,0,NA,51.091,2000,0,0,669.547411713691,0,0,1,1,0,363
46,48123,1000,2,"poisson","linesearch",0.000184019185445819,5,0.000920095927229095,0.920095927229095,0.01,2000,0.5,1,7,0,NA,14.582,82,1,0,0.00948692425135876,1,1,0,0,0,364
46,48123,1000,2,"poisson","fixed",0.000184019185445819,1,0.000184019185445819,0.184019185445819,0.01,2000,0.5,1,0,0,NA,9.10899999999998,209,1,0,0.00974113210459572,0,0,1,1,0,365
46,48123,1000,2,"poisson","linesearch",0.000184019185445819,1,0.000184019185445819,0.184019185445819,0.01,2000,0.5,1,7,0,NA,24.539,209,1,0,0.00974113210459572,0,0,1,0,0,366
46,48123,1000,2,"poisson","fixed",0.000184019185445819,0.2,3.68038370891638e-05,0.0368038370891638,0.01,2000,0.5,1,0,0,NA,28.437,1054,1,0,0.00998289630813888,0,0,1,1,0,367
46,48123,1000,2,"poisson","linesearch",0.000184019185445819,0.2,3.68038370891638e-05,0.0368038370891638,0.01,2000,0.5,1,7,0,NA,121.949,1054,1,0,0.00998289630813888,0,0,1,0,0,368
47,49123,1000,2,"poisson","fixed",0.000207556856898473,10,0.00207556856898473,2.07556856898473,0.01,2000,0.5,1,0,0,NA,4.66699999999997,10,0,1,NA,0,0,1,1,0,369
47,49123,1000,2,"poisson","linesearch",0.000207556856898473,10,0.00207556856898473,2.07556856898473,0.01,2000,0.5,1,7,0,NA,14.373,70,1,0,0.00947737403395266,2,2,0,0,0,370
47,49123,1000,2,"poisson","fixed",0.000207556856898473,5,0.00103778428449237,1.03778428449237,0.01,2000,0.5,1,0,0,NA,51.323,2000,0,0,1299.42067612601,0,0,1,1,0,371
47,49123,1000,2,"poisson","linesearch",0.000207556856898473,5,0.00103778428449237,1.03778428449237,0.01,2000,0.5,1,7,0,NA,12.572,70,1,0,0.00947737403395266,1,1,0,0,0,372
47,49123,1000,2,"poisson","fixed",0.000207556856898473,1,0.000207556856898473,0.207556856898473,0.01,2000,0.5,1,0,0,NA,8.447,179,1,0,0.00987502902936854,0,0,1,1,0,373
47,49123,1000,2,"poisson","linesearch",0.000207556856898473,1,0.000207556856898473,0.207556856898473,0.01,2000,0.5,1,7,0,NA,20.064,179,1,0,0.00987502902936854,0,0,1,0,0,374
47,49123,1000,2,"poisson","fixed",0.000207556856898473,0.2,4.15113713796946e-05,0.0415113713796946,0.01,2000,0.5,1,0,0,NA,25.797,907,1,0,0.00993898168016794,0,0,1,1,0,375
47,49123,1000,2,"poisson","linesearch",0.000207556856898473,0.2,4.15113713796946e-05,0.0415113713796946,0.01,2000,0.5,1,7,0,NA,100.559,907,1,0,0.00993898168016794,0,0,1,0,0,376
48,50123,1000,2,"poisson","fixed",0.000218422877108008,10,0.00218422877108008,2.18422877108008,0.01,2000,0.5,1,0,0,NA,4.678,6,0,1,NA,0,0,1,1,0,377
48,50123,1000,2,"poisson","linesearch",0.000218422877108008,10,0.00218422877108008,2.18422877108008,0.01,2000,0.5,1,7,0,NA,14.23,69,1,0,0.00928649261881614,2,2,0,0,0,378
48,50123,1000,2,"poisson","fixed",0.000218422877108008,5,0.00109211438554004,1.09211438554004,0.01,2000,0.5,1,0,0,NA,52.284,2000,0,0,747.844674080992,0,0,1,1,0,379
48,50123,1000,2,"poisson","linesearch",0.000218422877108008,5,0.00109211438554004,1.09211438554004,0.01,2000,0.5,1,7,0,NA,12.59,69,1,0,0.00928649261881614,1,1,0,0,0,380
48,50123,1000,2,"poisson","fixed",0.000218422877108008,1,0.000218422877108008,0.218422877108008,0.01,2000,0.5,1,0,0,NA,8.64400000000001,176,1,0,0.00972780202453694,0,0,1,1,0,381
48,50123,1000,2,"poisson","linesearch",0.000218422877108008,1,0.000218422877108008,0.218422877108008,0.01,2000,0.5,1,7,0,NA,22.025,176,1,0,0.00972780202453694,0,0,1,0,0,382
48,50123,1000,2,"poisson","fixed",0.000218422877108008,0.2,4.36845754216016e-05,0.0436845754216016,0.01,2000,0.5,1,0,0,NA,24.995,889,1,0,0.00996584533057643,0,0,1,1,0,383
48,50123,1000,2,"poisson","linesearch",0.000218422877108008,0.2,4.36845754216016e-05,0.0436845754216016,0.01,2000,0.5,1,7,0,NA,96.816,889,1,0,0.00996584533057643,0,0,1,0,0,384
49,51123,1000,2,"poisson","fixed",0.000198974229177956,10,0.00198974229177956,1.98974229177956,0.01,2000,0.5,1,0,0,NA,4.63200000000001,10,0,1,NA,0,0,1,1,0,385
49,51123,1000,2,"poisson","linesearch",0.000198974229177956,10,0.00198974229177956,1.98974229177956,0.01,2000,0.5,1,7,0,NA,15.418,77,1,0,0.00957550784637395,2,2,0,0,0,386
49,51123,1000,2,"poisson","fixed",0.000198974229177956,5,0.000994871145889781,0.994871145889781,0.01,2000,0.5,1,0,0,NA,50.126,2000,0,0,845.163780460525,0,0,1,1,0,387
49,51123,1000,2,"poisson","linesearch",0.000198974229177956,5,0.000994871145889781,0.994871145889781,0.01,2000,0.5,1,7,0,NA,13.992,77,1,0,0.00957550784637395,1,1,0,0,0,388
49,51123,1000,2,"poisson","fixed",0.000198974229177956,1,0.000198974229177956,0.198974229177956,0.01,2000,0.5,1,0,0,NA,8.85899999999998,197,1,0,0.00961828311856072,0,0,1,1,0,389
49,51123,1000,2,"poisson","linesearch",0.000198974229177956,1,0.000198974229177956,0.198974229177956,0.01,2000,0.5,1,7,0,NA,22.161,197,1,0,0.00961828311856072,0,0,1,0,0,390
49,51123,1000,2,"poisson","fixed",0.000198974229177956,0.2,3.97948458355912e-05,0.0397948458355912,0.01,2000,0.5,1,0,0,NA,27.59,993,1,0,0.00993230571036952,0,0,1,1,0,391
49,51123,1000,2,"poisson","linesearch",0.000198974229177956,0.2,3.97948458355912e-05,0.0397948458355912,0.01,2000,0.5,1,7,0,NA,99.008,993,1,0,0.00993230571036952,0,0,1,0,0,392
50,52123,1000,2,"poisson","fixed",0.000201978047007545,10,0.00201978047007545,2.01978047007545,0.01,2000,0.5,1,0,0,NA,4.65400000000005,10,0,1,NA,0,0,1,1,0,393
50,52123,1000,2,"poisson","linesearch",0.000201978047007545,10,0.00201978047007545,2.01978047007545,0.01,2000,0.5,1,7,0,NA,14.25,72,1,0,0.00914897318158259,2,2,0,0,0,394
50,52123,1000,2,"poisson","fixed",0.000201978047007545,5,0.00100989023503773,1.00989023503773,0.01,2000,0.5,1,0,0,NA,50.997,2000,0,0,912.760376454251,0,0,1,1,0,395
50,52123,1000,2,"poisson","linesearch",0.000201978047007545,5,0.00100989023503773,1.00989023503773,0.01,2000,0.5,1,7,0,NA,12.674,72,1,0,0.00914897318158259,1,1,0,0,0,396
50,52123,1000,2,"poisson","fixed",0.000201978047007545,1,0.000201978047007545,0.201978047007545,0.01,2000,0.5,1,0,0,NA,8.33600000000001,183,1,0,0.00993723293664556,0,0,1,1,0,397
50,52123,1000,2,"poisson","linesearch",0.000201978047007545,1,0.000201978047007545,0.201978047007545,0.01,2000,0.5,1,7,0,NA,20.987,183,1,0,0.00993723293664556,0,0,1,0,0,398
50,52123,1000,2,"poisson","fixed",0.000201978047007545,0.2,4.0395609401509e-05,0.040395609401509,0.01,2000,0.5,1,0,0,NA,25.429,927,1,0,0.00998301892421272,0,0,1,1,0,399
50,52123,1000,2,"poisson","linesearch",0.000201978047007545,0.2,4.0395609401509e-05,0.040395609401509,0.01,2000,0.5,1,7,0,NA,90.3700000000001,927,1,0,0.00998301892421272,0,0,1,0,0,400
51,53123,1000,2,"poisson","fixed",0.000205732868052673,10,0.00205732868052673,2.05732868052673,0.01,2000,0.5,1,0,0,NA,4.596,10,0,1,NA,0,0,1,1,0,401
51,53123,1000,2,"poisson","linesearch",0.000205732868052673,10,0.00205732868052673,2.05732868052673,0.01,2000,0.5,1,7,0,NA,14.627,71,1,0,0.00961100338126253,2,2,0,0,0,402
51,53123,1000,2,"poisson","fixed",0.000205732868052673,5,0.00102866434026336,1.02866434026336,0.01,2000,0.5,1,0,0,NA,53.053,2000,0,0,876.395525491539,0,0,1,1,0,403
51,53123,1000,2,"poisson","linesearch",0.000205732868052673,5,0.00102866434026336,1.02866434026336,0.01,2000,0.5,1,7,0,NA,14.077,71,1,0,0.00961100338126253,1,1,0,0,0,404
51,53123,1000,2,"poisson","fixed",0.000205732868052673,1,0.000205732868052673,0.205732868052673,0.01,2000,0.5,1,0,0,NA,8.80399999999997,182,1,0,0.00971374567903471,0,0,1,1,0,405
51,53123,1000,2,"poisson","linesearch",0.000205732868052673,1,0.000205732868052673,0.205732868052673,0.01,2000,0.5,1,7,0,NA,22.0840000000001,182,1,0,0.00971374567903471,0,0,1,0,0,406
51,53123,1000,2,"poisson","fixed",0.000205732868052673,0.2,4.11465736105345e-05,0.0411465736105345,0.01,2000,0.5,1,0,0,NA,25.1130000000001,920,1,0,0.00991588596732507,0,0,1,1,0,407
51,53123,1000,2,"poisson","linesearch",0.000205732868052673,0.2,4.11465736105345e-05,0.0411465736105345,0.01,2000,0.5,1,7,0,NA,92.059,920,1,0,0.00991588596732507,0,0,1,0,0,408
52,54123,1000,2,"poisson","fixed",0.000224448227307636,10,0.00224448227307636,2.24448227307636,0.01,2000,0.5,1,0,0,NA,4.62,6,0,1,NA,0,0,1,1,0,409
52,54123,1000,2,"poisson","linesearch",0.000224448227307636,10,0.00224448227307636,2.24448227307636,0.01,2000,0.5,1,7,0,NA,13.28,62,1,0,0.00937913237014343,2,2,0,0,0,410
52,54123,1000,2,"poisson","fixed",0.000224448227307636,5,0.00112224113653818,1.12224113653818,0.01,2000,0.5,1,0,0,NA,50.536,2000,0,0,751.312315389897,0,0,1,1,0,411
52,54123,1000,2,"poisson","linesearch",0.000224448227307636,5,0.00112224113653818,1.12224113653818,0.01,2000,0.5,1,7,0,NA,11.741,62,1,0,0.00937913237014343,1,1,0,0,0,412
52,54123,1000,2,"poisson","fixed",0.000224448227307636,1,0.000224448227307636,0.224448227307636,0.01,2000,0.5,1,0,0,NA,8.04700000000003,159,1,0,0.00954931249419605,0,0,1,1,0,413
52,54123,1000,2,"poisson","linesearch",0.000224448227307636,1,0.000224448227307636,0.224448227307636,0.01,2000,0.5,1,7,0,NA,19.234,159,1,0,0.00954931249419605,0,0,1,0,0,414
52,54123,1000,2,"poisson","fixed",0.000224448227307636,0.2,4.48896454615272e-05,0.0448896454615272,0.01,2000,0.5,1,0,0,NA,22.99,802,1,0,0.00994890379629421,0,0,1,1,0,415
52,54123,1000,2,"poisson","linesearch",0.000224448227307636,0.2,4.48896454615272e-05,0.0448896454615272,0.01,2000,0.5,1,7,0,NA,77.2230000000001,802,1,0,0.00994890379629421,0,0,1,0,0,416
53,55123,1000,2,"poisson","fixed",0.000208136345287592,10,0.00208136345287592,2.08136345287592,0.01,2000,0.5,1,0,0,NA,4.517,9,0,1,NA,0,0,1,1,0,417
53,55123,1000,2,"poisson","linesearch",0.000208136345287592,10,0.00208136345287592,2.08136345287592,0.01,2000,0.5,1,7,0,NA,15.29,80,1,0,0.00950946511982663,2,2,0,0,0,418
53,55123,1000,2,"poisson","fixed",0.000208136345287592,5,0.00104068172643796,1.04068172643796,0.01,2000,0.5,1,0,0,NA,50.783,2000,0,0,944.344767553449,0,0,1,1,0,419
53,55123,1000,2,"poisson","linesearch",0.000208136345287592,5,0.00104068172643796,1.04068172643796,0.01,2000,0.5,1,7,0,NA,14.471,80,1,0,0.00950946511982663,1,1,0,0,0,420
53,55123,1000,2,"poisson","fixed",0.000208136345287592,1,0.000208136345287592,0.208136345287592,0.01,2000,0.5,1,0,0,NA,9.24000000000001,204,1,0,0.00987015126355081,0,0,1,1,0,421
53,55123,1000,2,"poisson","linesearch",0.000208136345287592,1,0.000208136345287592,0.208136345287592,0.01,2000,0.5,1,7,0,NA,24.6079999999999,204,1,0,0.00987015126355081,0,0,1,0,0,422
53,55123,1000,2,"poisson","fixed",0.000208136345287592,0.2,4.16272690575184e-05,0.0416272690575184,0.01,2000,0.5,1,0,0,NA,28.245,1032,1,0,0.0099317949731684,0,0,1,1,0,423
53,55123,1000,2,"poisson","linesearch",0.000208136345287592,0.2,4.16272690575184e-05,0.0416272690575184,0.01,2000,0.5,1,7,0,NA,121.409,1032,1,0,0.0099317949731684,0,0,1,0,0,424
54,56123,1000,2,"poisson","fixed",0.000229001985385369,10,0.00229001985385369,2.29001985385369,0.01,2000,0.5,1,0,0,NA,4.65800000000002,6,0,1,NA,0,0,1,1,0,425
54,56123,1000,2,"poisson","linesearch",0.000229001985385369,10,0.00229001985385369,2.29001985385369,0.01,2000,0.5,1,7,0,NA,13.317,64,1,0,0.00961812541082402,2,2,0,0,0,426
54,56123,1000,2,"poisson","fixed",0.000229001985385369,5,0.00114500992692684,1.14500992692684,0.01,2000,0.5,1,0,0,NA,50.1950000000001,2000,0,0,767.9225000565,0,0,1,1,0,427
54,56123,1000,2,"poisson","linesearch",0.000229001985385369,5,0.00114500992692684,1.14500992692684,0.01,2000,0.5,1,7,0,NA,12.9720000000001,64,1,0,0.00961812541082402,1,1,0,0,0,428
54,56123,1000,2,"poisson","fixed",0.000229001985385369,1,0.000229001985385369,0.229001985385369,0.01,2000,0.5,1,0,0,NA,8.30200000000002,164,1,0,0.00982001324999671,0,0,1,1,0,429
54,56123,1000,2,"poisson","linesearch",0.000229001985385369,1,0.000229001985385369,0.229001985385369,0.01,2000,0.5,1,7,0,NA,19.4830000000001,164,1,0,0.00982001324999671,0,0,1,0,0,430
54,56123,1000,2,"poisson","fixed",0.000229001985385369,0.2,4.58003970770738e-05,0.0458003970770738,0.01,2000,0.5,1,0,0,NA,23.0170000000001,830,1,0,0.00996048681383827,0,0,1,1,0,431
54,56123,1000,2,"poisson","linesearch",0.000229001985385369,0.2,4.58003970770738e-05,0.0458003970770738,0.01,2000,0.5,1,7,0,NA,80.4309999999999,830,1,0,0.00996048681383827,0,0,1,0,0,432
55,57123,1000,2,"poisson","fixed",0.000201212213592021,10,0.00201212213592021,2.01212213592021,0.01,2000,0.5,1,0,0,NA,4.62700000000001,9,0,1,NA,0,0,1,1,0,433
55,57123,1000,2,"poisson","linesearch",0.000201212213592021,10,0.00201212213592021,2.01212213592021,0.01,2000,0.5,1,7,0,NA,14.2,73,1,0,0.00927397252672446,2,2,0,0,0,434
55,57123,1000,2,"poisson","fixed",0.000201212213592021,5,0.0010060610679601,1.0060610679601,0.01,2000,0.5,1,0,0,NA,51.15,2000,0,0,895.96638551736,0,0,1,1,0,435
55,57123,1000,2,"poisson","linesearch",0.000201212213592021,5,0.0010060610679601,1.0060610679601,0.01,2000,0.5,1,7,0,NA,12.904,73,1,0,0.00927397252672446,1,1,0,0,0,436
55,57123,1000,2,"poisson","fixed",0.000201212213592021,1,0.000201212213592021,0.201212213592021,0.01,2000,0.5,1,0,0,NA,8.45699999999999,186,1,0,0.00978157351063169,0,0,1,1,0,437
55,57123,1000,2,"poisson","linesearch",0.000201212213592021,1,0.000201212213592021,0.201212213592021,0.01,2000,0.5,1,7,0,NA,20.6850000000001,186,1,0,0.00978157351063169,0,0,1,0,0,438
55,57123,1000,2,"poisson","fixed",0.000201212213592021,0.2,4.02424427184041e-05,0.0402424427184041,0.01,2000,0.5,1,0,0,NA,25.442,940,1,0,0.00997239770028735,0,0,1,1,0,439
55,57123,1000,2,"poisson","linesearch",0.000201212213592021,0.2,4.02424427184041e-05,0.0402424427184041,0.01,2000,0.5,1,7,0,NA,90.592,940,1,0,0.00997239770028735,0,0,1,0,0,440
56,58123,1000,2,"poisson","fixed",0.000197902323925389,10,0.00197902323925389,1.97902323925389,0.01,2000,0.5,1,0,0,NA,4.53399999999999,9,0,1,NA,0,0,1,1,0,441
56,58123,1000,2,"poisson","linesearch",0.000197902323925389,10,0.00197902323925389,1.97902323925389,0.01,2000,0.5,1,7,0,NA,14.392,75,1,0,0.0092079903073522,2,2,0,0,0,442
56,58123,1000,2,"poisson","fixed",0.000197902323925389,5,0.000989511619626944,0.989511619626944,0.01,2000,0.5,1,0,0,NA,51.8870000000001,2000,0,0,830.774551584288,0,0,1,1,0,443
56,58123,1000,2,"poisson","linesearch",0.000197902323925389,5,0.000989511619626944,0.989511619626944,0.01,2000,0.5,1,7,0,NA,13.9059999999999,75,1,0,0.0092079903073522,1,1,0,0,0,444
56,58123,1000,2,"poisson","fixed",0.000197902323925389,1,0.000197902323925389,0.197902323925389,0.01,2000,0.5,1,0,0,NA,8.67499999999995,191,1,0,0.00965155795143438,0,0,1,1,0,445
56,58123,1000,2,"poisson","linesearch",0.000197902323925389,1,0.000197902323925389,0.197902323925389,0.01,2000,0.5,1,7,0,NA,24.7719999999999,191,1,0,0.00965155795143438,0,0,1,0,0,446
56,58123,1000,2,"poisson","fixed",0.000197902323925389,0.2,3.95804647850778e-05,0.0395804647850778,0.01,2000,0.5,1,0,0,NA,26.89,963,1,0,0.00997470853497087,0,0,1,1,0,447
56,58123,1000,2,"poisson","linesearch",0.000197902323925389,0.2,3.95804647850778e-05,0.0395804647850778,0.01,2000,0.5,1,7,0,NA,98.6850000000001,963,1,0,0.00997470853497087,0,0,1,0,0,448
57,59123,1000,2,"poisson","fixed",0.000188070891077344,10,0.00188070891077344,1.88070891077344,0.01,2000,0.5,1,0,0,NA,4.62899999999996,10,0,1,NA,0,0,1,1,0,449
57,59123,1000,2,"poisson","linesearch",0.000188070891077344,10,0.00188070891077344,1.88070891077344,0.01,2000,0.5,1,7,0,NA,15.117,79,1,0,0.00968770119519907,2,2,0,0,0,450
57,59123,1000,2,"poisson","fixed",0.000188070891077344,5,0.000940354455386722,0.940354455386722,0.01,2000,0.5,1,0,0,NA,49.835,2000,0,0,739.68217225918,0,0,1,1,0,451
57,59123,1000,2,"poisson","linesearch",0.000188070891077344,5,0.000940354455386722,0.940354455386722,0.01,2000,0.5,1,7,0,NA,13.979,79,1,0,0.00968770119519907,1,1,0,0,0,452
57,59123,1000,2,"poisson","fixed",0.000188070891077344,1,0.000188070891077344,0.188070891077344,0.01,2000,0.5,1,0,0,NA,8.86000000000001,202,1,0,0.00977606526891203,0,0,1,1,0,453
57,59123,1000,2,"poisson","linesearch",0.000188070891077344,1,0.000188070891077344,0.188070891077344,0.01,2000,0.5,1,7,0,NA,22.263,202,1,0,0.00977606526891203,0,0,1,0,0,454
57,59123,1000,2,"poisson","fixed",0.000188070891077344,0.2,3.76141782154689e-05,0.0376141782154689,0.01,2000,0.5,1,0,0,NA,28.073,1020,1,0,0.0099596776312898,0,0,1,1,0,455
57,59123,1000,2,"poisson","linesearch",0.000188070891077344,0.2,3.76141782154689e-05,0.0376141782154689,0.01,2000,0.5,1,7,0,NA,103.478,1020,1,0,0.0099596776312898,0,0,1,0,0,456
58,60123,1000,2,"poisson","fixed",0.000202680974830546,10,0.00202680974830546,2.02680974830546,0.01,2000,0.5,1,0,0,NA,4.58700000000005,10,0,1,NA,0,0,1,1,0,457
58,60123,1000,2,"poisson","linesearch",0.000202680974830546,10,0.00202680974830546,2.02680974830546,0.01,2000,0.5,1,7,0,NA,14.27,72,1,0,0.00973918688654649,2,2,0,0,0,458
58,60123,1000,2,"poisson","fixed",0.000202680974830546,5,0.00101340487415273,1.01340487415273,0.01,2000,0.5,1,0,0,NA,52.946,2000,0,0,865.030861229264,0,0,1,1,0,459
58,60123,1000,2,"poisson","linesearch",0.000202680974830546,5,0.00101340487415273,1.01340487415273,0.01,2000,0.5,1,7,0,NA,13.3969999999999,72,1,0,0.00973918688654649,1,1,0,0,0,460
58,60123,1000,2,"poisson","fixed",0.000202680974830546,1,0.000202680974830546,0.202680974830546,0.01,2000,0.5,1,0,0,NA,8.68999999999994,185,1,0,0.00965477274512172,0,0,1,1,0,461
58,60123,1000,2,"poisson","linesearch",0.000202680974830546,1,0.000202680974830546,0.202680974830546,0.01,2000,0.5,1,7,0,NA,21.394,185,1,0,0.00965477274512172,0,0,1,0,0,462
58,60123,1000,2,"poisson","fixed",0.000202680974830546,0.2,4.05361949661093e-05,0.0405361949661093,0.01,2000,0.5,1,0,0,NA,25.687,934,1,0,0.0099624539021875,0,0,1,1,0,463
58,60123,1000,2,"poisson","linesearch",0.000202680974830546,0.2,4.05361949661093e-05,0.0405361949661093,0.01,2000,0.5,1,7,0,NA,93.302,934,1,0,0.0099624539021875,0,0,1,0,0,464
59,61123,1000,2,"poisson","fixed",0.000192623918132958,10,0.00192623918132958,1.92623918132958,0.01,2000,0.5,1,0,0,NA,4.529,10,0,1,NA,0,0,1,1,0,465
59,61123,1000,2,"poisson","linesearch",0.000192623918132958,10,0.00192623918132958,1.92623918132958,0.01,2000,0.5,1,7,0,NA,14.44,73,1,0,0.00929830541217577,2,2,0,0,0,466
59,61123,1000,2,"poisson","fixed",0.000192623918132958,5,0.000963119590664792,0.963119590664791,0.01,2000,0.5,1,0,0,NA,52.102,2000,0,0,819.191742891714,0,0,1,1,0,467
59,61123,1000,2,"poisson","linesearch",0.000192623918132958,5,0.000963119590664792,0.963119590664791,0.01,2000,0.5,1,7,0,NA,13.8539999999999,73,1,0,0.00929830541217577,1,1,0,0,0,468
59,61123,1000,2,"poisson","fixed",0.000192623918132958,1,0.000192623918132958,0.192623918132958,0.01,2000,0.5,1,0,0,NA,8.76899999999989,186,1,0,0.00969560187648813,0,0,1,1,0,469
59,61123,1000,2,"poisson","linesearch",0.000192623918132958,1,0.000192623918132958,0.192623918132958,0.01,2000,0.5,1,7,0,NA,21.603,186,1,0,0.00969560187648813,0,0,1,0,0,470
59,61123,1000,2,"poisson","fixed",0.000192623918132958,0.2,3.85247836265917e-05,0.0385247836265917,0.01,2000,0.5,1,0,0,NA,26.7429999999999,938,1,0,0.00999766403152935,0,0,1,1,0,471
59,61123,1000,2,"poisson","linesearch",0.000192623918132958,0.2,3.85247836265917e-05,0.0385247836265917,0.01,2000,0.5,1,7,0,NA,89.7619999999999,938,1,0,0.00999766403152935,0,0,1,0,0,472
60,62123,1000,2,"poisson","fixed",0.000203982158152361,10,0.00203982158152361,2.03982158152361,0.01,2000,0.5,1,0,0,NA,4.63899999999995,10,0,1,NA,0,0,1,1,0,473
60,62123,1000,2,"poisson","linesearch",0.000203982158152361,10,0.00203982158152361,2.03982158152361,0.01,2000,0.5,1,7,0,NA,14.247,72,1,0,0.00915057207301698,2,2,0,0,0,474
60,62123,1000,2,"poisson","fixed",0.000203982158152361,5,0.00101991079076181,1.01991079076181,0.01,2000,0.5,1,0,0,NA,50.67,2000,0,0,895.962297028955,0,0,1,1,0,475
60,62123,1000,2,"poisson","linesearch",0.000203982158152361,5,0.00101991079076181,1.01991079076181,0.01,2000,0.5,1,7,0,NA,12.847,72,1,0,0.00915057207301698,1,1,0,0,0,476
60,62123,1000,2,"poisson","fixed",0.000203982158152361,1,0.000203982158152361,0.203982158152361,0.01,2000,0.5,1,0,0,NA,8.65099999999995,183,1,0,0.00988347489111168,0,0,1,1,0,477
60,62123,1000,2,"poisson","linesearch",0.000203982158152361,1,0.000203982158152361,0.203982158152361,0.01,2000,0.5,1,7,0,NA,21.112,183,1,0,0.00988347489111168,0,0,1,0,0,478
60,62123,1000,2,"poisson","fixed",0.000203982158152361,0.2,4.07964316304722e-05,0.0407964316304722,0.01,2000,0.5,1,0,0,NA,26.557,926,1,0,0.00999137825060645,0,0,1,1,0,479
60,62123,1000,2,"poisson","linesearch",0.000203982158152361,0.2,4.07964316304722e-05,0.0407964316304722,0.01,2000,0.5,1,7,0,NA,92.054,926,1,0,0.00999137825060645,0,0,1,0,0,480
61,63123,1000,2,"poisson","fixed",0.000217061108040677,10,0.00217061108040677,2.17061108040677,0.01,2000,0.5,1,0,0,NA,4.62200000000001,9,0,1,NA,0,0,1,1,0,481
61,63123,1000,2,"poisson","linesearch",0.000217061108040677,10,0.00217061108040677,2.17061108040677,0.01,2000,0.5,1,7,0,NA,14.585,70,1,0,0.00946182102196114,2,2,0,0,0,482
61,63123,1000,2,"poisson","fixed",0.000217061108040677,5,0.00108530554020338,1.08530554020338,0.01,2000,0.5,1,0,0,NA,52.4399999999999,2000,0,0,1663.62617466916,0,0,1,1,0,483
61,63123,1000,2,"poisson","linesearch",0.000217061108040677,5,0.00108530554020338,1.08530554020338,0.01,2000,0.5,1,7,0,NA,12.7859999999999,70,1,0,0.00946182102196114,1,1,0,0,0,484
61,63123,1000,2,"poisson","fixed",0.000217061108040677,1,0.000217061108040677,0.217061108040677,0.01,2000,0.5,1,0,0,NA,8.41399999999999,179,1,0,0.00981677287993388,0,0,1,1,0,485
61,63123,1000,2,"poisson","linesearch",0.000217061108040677,1,0.000217061108040677,0.217061108040677,0.01,2000,0.5,1,7,0,NA,23.9150000000001,179,1,0,0.00981677287993388,0,0,1,0,0,486
61,63123,1000,2,"poisson","fixed",0.000217061108040677,0.2,4.34122216081354e-05,0.0434122216081354,0.01,2000,0.5,1,0,0,NA,25.489,906,1,0,0.00994952614103584,0,0,1,1,0,487
61,63123,1000,2,"poisson","linesearch",0.000217061108040677,0.2,4.34122216081354e-05,0.0434122216081354,0.01,2000,0.5,1,7,0,NA,100.234,906,1,0,0.00994952614103584,0,0,1,0,0,488
62,64123,1000,2,"poisson","fixed",0.000216175212493703,10,0.00216175212493703,2.16175212493703,0.01,2000,0.5,1,0,0,NA,4.59100000000001,10,0,1,NA,0,0,1,1,0,489
62,64123,1000,2,"poisson","linesearch",0.000216175212493703,10,0.00216175212493703,2.16175212493703,0.01,2000,0.5,1,7,0,NA,13.866,69,1,0,0.00898046843635655,2,2,0,0,0,490
62,64123,1000,2,"poisson","fixed",0.000216175212493703,5,0.00108087606246851,1.08087606246851,0.01,2000,0.5,1,0,0,NA,51.6630000000001,2000,0,0,1697.49189077363,0,0,1,1,0,491
62,64123,1000,2,"poisson","linesearch",0.000216175212493703,5,0.00108087606246851,1.08087606246851,0.01,2000,0.5,1,7,0,NA,12.893,69,1,0,0.00898046843635655,1,1,0,0,0,492
62,64123,1000,2,"poisson","fixed",0.000216175212493703,1,0.000216175212493703,0.216175212493703,0.01,2000,0.5,1,0,0,NA,8.38400000000001,175,1,0,0.00991354535153025,0,0,1,1,0,493
62,64123,1000,2,"poisson","linesearch",0.000216175212493703,1,0.000216175212493703,0.216175212493703,0.01,2000,0.5,1,7,0,NA,21.5519999999999,175,1,0,0.00991354535153025,0,0,1,0,0,494
62,64123,1000,2,"poisson","fixed",0.000216175212493703,0.2,4.32350424987405e-05,0.0432350424987405,0.01,2000,0.5,1,0,0,NA,25.106,887,1,0,0.00991691379914295,0,0,1,1,0,495
62,64123,1000,2,"poisson","linesearch",0.000216175212493703,0.2,4.32350424987405e-05,0.0432350424987405,0.01,2000,0.5,1,7,0,NA,93.0010000000001,887,1,0,0.00991691379914295,0,0,1,0,0,496
63,65123,1000,2,"poisson","fixed",0.000203140751022339,10,0.00203140751022339,2.03140751022339,0.01,2000,0.5,1,0,0,NA,4.66300000000001,10,0,1,NA,0,0,1,1,0,497
63,65123,1000,2,"poisson","linesearch",0.000203140751022339,10,0.00203140751022339,2.03140751022339,0.01,2000,0.5,1,7,0,NA,14.957,76,1,0,0.00975299136107333,2,2,0,0,0,498
63,65123,1000,2,"poisson","fixed",0.000203140751022339,5,0.00101570375511169,1.01570375511169,0.01,2000,0.5,1,0,0,NA,53.04,2000,0,0,904.458687924749,0,0,1,1,0,499
63,65123,1000,2,"poisson","linesearch",0.000203140751022339,5,0.00101570375511169,1.01570375511169,0.01,2000,0.5,1,7,0,NA,14.3130000000001,76,1,0,0.00975299136107333,1,1,0,0,0,500
63,65123,1000,2,"poisson","fixed",0.000203140751022339,1,0.000203140751022339,0.203140751022339,0.01,2000,0.5,1,0,0,NA,8.92700000000002,195,1,0,0.00976888448929919,0,0,1,1,0,501
63,65123,1000,2,"poisson","linesearch",0.000203140751022339,1,0.000203140751022339,0.203140751022339,0.01,2000,0.5,1,7,0,NA,22.85,195,1,0,0.00976888448929919,0,0,1,0,0,502
63,65123,1000,2,"poisson","fixed",0.000203140751022339,0.2,4.06281502044677e-05,0.0406281502044677,0.01,2000,0.5,1,0,0,NA,27.338,986,1,0,0.00995125672482462,0,0,1,1,0,503
63,65123,1000,2,"poisson","linesearch",0.000203140751022339,0.2,4.06281502044677e-05,0.0406281502044677,0.01,2000,0.5,1,7,0,NA,106.505,986,1,0,0.00995125672482462,0,0,1,0,0,504
64,66123,1000,2,"poisson","fixed",0.000222500721068885,10,0.00222500721068885,2.22500721068885,0.01,2000,0.5,1,0,0,NA,4.59800000000001,6,0,1,NA,0,0,1,1,0,505
64,66123,1000,2,"poisson","linesearch",0.000222500721068885,10,0.00222500721068885,2.22500721068885,0.01,2000,0.5,1,7,0,NA,13.467,66,1,0,0.00984223252274338,2,2,0,0,0,506
64,66123,1000,2,"poisson","fixed",0.000222500721068885,5,0.00111250360534443,1.11250360534443,0.01,2000,0.5,1,0,0,NA,53.832,2000,0,0,750.05932035328,0,0,1,1,0,507
64,66123,1000,2,"poisson","linesearch",0.000222500721068885,5,0.00111250360534443,1.11250360534443,0.01,2000,0.5,1,7,0,NA,13.1179999999999,66,1,0,0.00984223252274338,1,1,0,0,0,508
64,66123,1000,2,"poisson","fixed",0.000222500721068885,1,0.000222500721068885,0.222500721068885,0.01,2000,0.5,1,0,0,NA,8.38600000000008,170,1,0,0.00972905821475726,0,0,1,1,0,509
64,66123,1000,2,"poisson","linesearch",0.000222500721068885,1,0.000222500721068885,0.222500721068885,0.01,2000,0.5,1,7,0,NA,19.841,170,1,0,0.00972905821475726,0,0,1,0,0,510
64,66123,1000,2,"poisson","fixed",0.000222500721068885,0.2,4.4500144213777e-05,0.044500144213777,0.01,2000,0.5,1,0,0,NA,24.352,860,1,0,0.00995962658074949,0,0,1,1,0,511
64,66123,1000,2,"poisson","linesearch",0.000222500721068885,0.2,4.4500144213777e-05,0.044500144213777,0.01,2000,0.5,1,7,0,NA,84.7669999999999,860,1,0,0.00995962658074949,0,0,1,0,0,512
65,67123,1000,2,"poisson","fixed",0.000205820453187172,10,0.00205820453187172,2.05820453187172,0.01,2000,0.5,1,0,0,NA,4.589,9,0,1,NA,0,0,1,1,0,513
65,67123,1000,2,"poisson","linesearch",0.000205820453187172,10,0.00205820453187172,2.05820453187172,0.01,2000,0.5,1,7,0,NA,15.021,76,1,0,0.00979919709784158,2,2,0,0,0,514
65,67123,1000,2,"poisson","fixed",0.000205820453187172,5,0.00102910226593586,1.02910226593586,0.01,2000,0.5,1,0,0,NA,49.653,2000,0,0,826.872485332826,0,0,1,1,0,515
65,67123,1000,2,"poisson","linesearch",0.000205820453187172,5,0.00102910226593586,1.02910226593586,0.01,2000,0.5,1,7,0,NA,13.182,76,1,0,0.00979919709784158,1,1,0,0,0,516
65,67123,1000,2,"poisson","fixed",0.000205820453187172,1,0.000205820453187172,0.205820453187172,0.01,2000,0.5,1,0,0,NA,8.77699999999993,195,1,0,0.009731529394752,0,0,1,1,0,517
65,67123,1000,2,"poisson","linesearch",0.000205820453187172,1,0.000205820453187172,0.205820453187172,0.01,2000,0.5,1,7,0,NA,23.4689999999999,195,1,0,0.009731529394752,0,0,1,0,0,518
65,67123,1000,2,"poisson","fixed",0.000205820453187172,0.2,4.11640906374344e-05,0.0411640906374344,0.01,2000,0.5,1,0,0,NA,27.296,985,1,0,0.0099499413420219,0,0,1,1,0,519
65,67123,1000,2,"poisson","linesearch",0.000205820453187172,0.2,4.11640906374344e-05,0.0411640906374344,0.01,2000,0.5,1,7,0,NA,112.661,985,1,0,0.0099499413420219,0,0,1,0,0,520
66,68123,1000,2,"poisson","fixed",0.000197418513170599,10,0.00197418513170599,1.97418513170599,0.01,2000,0.5,1,0,0,NA,4.53399999999999,9,0,1,NA,0,0,1,1,0,521
66,68123,1000,2,"poisson","linesearch",0.000197418513170599,10,0.00197418513170599,1.97418513170599,0.01,2000,0.5,1,7,0,NA,18.081,84,1,0,0.00978548681347319,2,2,0,0,0,522
66,68123,1000,2,"poisson","fixed",0.000197418513170599,5,0.000987092565852994,0.987092565852994,0.01,2000,0.5,1,0,0,NA,50.682,2000,0,0,870.487288082507,0,0,1,1,0,523
66,68123,1000,2,"poisson","linesearch",0.000197418513170599,5,0.000987092565852994,0.987092565852994,0.01,2000,0.5,1,7,0,NA,15.154,84,1,0,0.00978548681347319,1,1,0,0,0,524
66,68123,1000,2,"poisson","fixed",0.000197418513170599,1,0.000197418513170599,0.197418513170599,0.01,2000,0.5,1,0,0,NA,9.27499999999998,215,1,0,0.00976010405160194,0,0,1,1,0,525
66,68123,1000,2,"poisson","linesearch",0.000197418513170599,1,0.000197418513170599,0.197418513170599,0.01,2000,0.5,1,7,0,NA,30.2239999999999,215,1,0,0.00976010405160194,0,0,1,0,0,526
66,68123,1000,2,"poisson","fixed",0.000197418513170599,0.2,3.94837026341198e-05,0.0394837026341198,0.01,2000,0.5,1,0,0,NA,30.8870000000001,1085,1,0,0.00997929472979744,0,0,1,1,0,527
66,68123,1000,2,"poisson","linesearch",0.000197418513170599,0.2,3.94837026341198e-05,0.0394837026341198,0.01,2000,0.5,1,7,0,NA,184.977,1085,1,0,0.00997929472979744,0,0,1,0,0,528
67,69123,1000,2,"poisson","fixed",0.000203996179945419,10,0.00203996179945419,2.03996179945419,0.01,2000,0.5,1,0,0,NA,4.48399999999998,9,0,1,NA,0,0,1,1,0,529
67,69123,1000,2,"poisson","linesearch",0.000203996179945419,10,0.00203996179945419,2.03996179945419,0.01,2000,0.5,1,7,0,NA,14.217,71,1,0,0.00895540017675893,2,2,0,0,0,530
67,69123,1000,2,"poisson","fixed",0.000203996179945419,5,0.00101998089972709,1.01998089972709,0.01,2000,0.5,1,0,0,NA,52.526,2000,0,0,881.521934895426,0,0,1,1,0,531
67,69123,1000,2,"poisson","linesearch",0.000203996179945419,5,0.00101998089972709,1.01998089972709,0.01,2000,0.5,1,7,0,NA,13.168,71,1,0,0.00895540017675893,1,1,0,0,0,532
67,69123,1000,2,"poisson","fixed",0.000203996179945419,1,0.000203996179945419,0.203996179945419,0.01,2000,0.5,1,0,0,NA,8.53699999999992,181,1,0,0.00967810014440762,0,0,1,1,0,533
67,69123,1000,2,"poisson","linesearch",0.000203996179945419,1,0.000203996179945419,0.203996179945419,0.01,2000,0.5,1,7,0,NA,23.425,181,1,0,0.00967810014440762,0,0,1,0,0,534
67,69123,1000,2,"poisson","fixed",0.000203996179945419,0.2,4.07992359890837e-05,0.0407992359890837,0.01,2000,0.5,1,0,0,NA,25.885,915,1,0,0.00997886359727764,0,0,1,1,0,535
67,69123,1000,2,"poisson","linesearch",0.000203996179945419,0.2,4.07992359890837e-05,0.0407992359890837,0.01,2000,0.5,1,7,0,NA,89.091,915,1,0,0.00997886359727764,0,0,1,0,0,536
68,70123,1000,2,"poisson","fixed",0.000217423408688528,10,0.00217423408688528,2.17423408688528,0.01,2000,0.5,1,0,0,NA,4.61900000000003,6,0,1,NA,0,0,1,1,0,537
68,70123,1000,2,"poisson","linesearch",0.000217423408688528,10,0.00217423408688528,2.17423408688528,0.01,2000,0.5,1,7,0,NA,13.9010000000001,68,1,0,0.0092793195221384,2,2,0,0,0,538
68,70123,1000,2,"poisson","fixed",0.000217423408688528,5,0.00108711704344264,1.08711704344264,0.01,2000,0.5,1,0,0,NA,54.328,2000,0,0,1873.44260157147,0,0,1,1,0,539
68,70123,1000,2,"poisson","linesearch",0.000217423408688528,5,0.00108711704344264,1.08711704344264,0.01,2000,0.5,1,7,0,NA,12.929,68,1,0,0.0092793195221384,1,1,0,0,0,540
68,70123,1000,2,"poisson","fixed",0.000217423408688528,1,0.000217423408688528,0.217423408688528,0.01,2000,0.5,1,0,0,NA,8.35000000000002,173,1,0,0.00989744529766975,0,0,1,1,0,541
68,70123,1000,2,"poisson","linesearch",0.000217423408688528,1,0.000217423408688528,0.217423408688528,0.01,2000,0.5,1,7,0,NA,20.58,173,1,0,0.00989744529766975,0,0,1,0,0,542
68,70123,1000,2,"poisson","fixed",0.000217423408688528,0.2,4.34846817377055e-05,0.0434846817377055,0.01,2000,0.5,1,0,0,NA,24.5500000000001,876,1,0,0.00994114039020388,0,0,1,1,0,543
68,70123,1000,2,"poisson","linesearch",0.000217423408688528,0.2,4.34846817377055e-05,0.0434846817377055,0.01,2000,0.5,1,7,0,NA,86.7669999999999,876,1,0,0.00994114039020388,0,0,1,0,0,544
69,71123,1000,2,"poisson","fixed",0.000204129457425945,10,0.00204129457425945,2.04129457425945,0.01,2000,0.5,1,0,0,NA,4.589,10,0,1,NA,0,0,1,1,0,545
69,71123,1000,2,"poisson","linesearch",0.000204129457425945,10,0.00204129457425945,2.04129457425945,0.01,2000,0.5,1,7,0,NA,14.127,71,1,0,0.00901013233228989,2,2,0,0,0,546
69,71123,1000,2,"poisson","fixed",0.000204129457425945,5,0.00102064728712972,1.02064728712972,0.01,2000,0.5,1,0,0,NA,51.7429999999999,2000,0,0,859.378867786771,0,0,1,1,0,547
69,71123,1000,2,"poisson","linesearch",0.000204129457425945,5,0.00102064728712972,1.02064728712972,0.01,2000,0.5,1,7,0,NA,12.61,71,1,0,0.00901013233228989,1,1,0,0,0,548
69,71123,1000,2,"poisson","fixed",0.000204129457425945,1,0.000204129457425945,0.204129457425945,0.01,2000,0.5,1,0,0,NA,8.56600000000003,180,1,0,0.00985359080594966,0,0,1,1,0,549
69,71123,1000,2,"poisson","linesearch",0.000204129457425945,1,0.000204129457425945,0.204129457425945,0.01,2000,0.5,1,7,0,NA,21.4059999999999,180,1,0,0.00985359080594966,0,0,1,0,0,550
69,71123,1000,2,"poisson","fixed",0.000204129457425945,0.2,4.0825891485189e-05,0.040825891485189,0.01,2000,0.5,1,0,0,NA,25.8099999999999,911,1,0,0.00991722713301782,0,0,1,1,0,551
69,71123,1000,2,"poisson","linesearch",0.000204129457425945,0.2,4.0825891485189e-05,0.040825891485189,0.01,2000,0.5,1,7,0,NA,89.773,911,1,0,0.00991722713301782,0,0,1,0,0,552
70,72123,1000,2,"poisson","fixed",0.000210851503123988,10,0.00210851503123988,2.10851503123988,0.01,2000,0.5,1,0,0,NA,4.64399999999995,9,0,1,NA,0,0,1,1,0,553
70,72123,1000,2,"poisson","linesearch",0.000210851503123988,10,0.00210851503123988,2.10851503123988,0.01,2000,0.5,1,7,0,NA,13.48,68,1,0,0.00952206814791443,2,2,0,0,0,554
70,72123,1000,2,"poisson","fixed",0.000210851503123988,5,0.00105425751561994,1.05425751561994,0.01,2000,0.5,1,0,0,NA,49.683,2000,0,0,1408.81551174018,0,0,1,1,0,555
70,72123,1000,2,"poisson","linesearch",0.000210851503123988,5,0.00105425751561994,1.05425751561994,0.01,2000,0.5,1,7,0,NA,12.356,68,1,0,0.00952206814791443,1,1,0,0,0,556
70,72123,1000,2,"poisson","fixed",0.000210851503123988,1,0.000210851503123988,0.210851503123988,0.01,2000,0.5,1,0,0,NA,8.35599999999999,174,1,0,0.00972593693324614,0,0,1,1,0,557
70,72123,1000,2,"poisson","linesearch",0.000210851503123988,1,0.000210851503123988,0.210851503123988,0.01,2000,0.5,1,7,0,NA,21.259,174,1,0,0.00972593693324614,0,0,1,0,0,558
70,72123,1000,2,"poisson","fixed",0.000210851503123988,0.2,4.21703006247976e-05,0.0421703006247977,0.01,2000,0.5,1,0,0,NA,24.327,879,1,0,0.00995422615397168,0,0,1,1,0,559
70,72123,1000,2,"poisson","linesearch",0.000210851503123988,0.2,4.21703006247976e-05,0.0421703006247977,0.01,2000,0.5,1,7,0,NA,89.965,879,1,0,0.00995422615397168,0,0,1,0,0,560
71,73123,1000,2,"poisson","fixed",0.000197236265767833,10,0.00197236265767833,1.97236265767833,0.01,2000,0.5,1,0,0,NA,6.22200000000009,10,0,1,NA,0,0,1,1,0,561
71,73123,1000,2,"poisson","linesearch",0.000197236265767833,10,0.00197236265767833,1.97236265767833,0.01,2000,0.5,1,7,0,NA,17.028,78,1,0,0.00968545200328835,2,2,0,0,0,562
71,73123,1000,2,"poisson","fixed",0.000197236265767833,5,0.000986181328839167,0.986181328839167,0.01,2000,0.5,1,0,0,NA,53.3860000000001,2000,0,0,880.423875401101,0,0,1,1,0,563
71,73123,1000,2,"poisson","linesearch",0.000197236265767833,5,0.000986181328839167,0.986181328839167,0.01,2000,0.5,1,7,0,NA,15.814,78,1,0,0.00968545200328835,1,1,0,0,0,564
71,73123,1000,2,"poisson","fixed",0.000197236265767833,1,0.000197236265767833,0.197236265767833,0.01,2000,0.5,1,0,0,NA,10.4509999999999,200,1,0,0.0096586246886356,0,0,1,1,0,565
71,73123,1000,2,"poisson","linesearch",0.000197236265767833,1,0.000197236265767833,0.197236265767833,0.01,2000,0.5,1,7,0,NA,23.966,200,1,0,0.0096586246886356,0,0,1,0,0,566
71,73123,1000,2,"poisson","fixed",0.000197236265767833,0.2,3.94472531535667e-05,0.0394472531535667,0.01,2000,0.5,1,0,0,NA,28.939,1009,1,0,0.00997684691836362,0,0,1,1,0,567
71,73123,1000,2,"poisson","linesearch",0.000197236265767833,0.2,3.94472531535667e-05,0.0394472531535667,0.01,2000,0.5,1,7,0,NA,96.4019999999999,1009,1,0,0.00997684691836362,0,0,1,0,0,568
72,74123,1000,2,"poisson","fixed",0.000223674847839034,10,0.00223674847839034,2.23674847839034,0.01,2000,0.5,1,0,0,NA,4.57600000000002,6,0,1,NA,0,0,1,1,0,569
72,74123,1000,2,"poisson","linesearch",0.000223674847839034,10,0.00223674847839034,2.23674847839034,0.01,2000,0.5,1,7,0,NA,14.0160000000001,67,1,0,0.0094882851833518,2,2,0,0,0,570
72,74123,1000,2,"poisson","fixed",0.000223674847839034,5,0.00111837423919517,1.11837423919517,0.01,2000,0.5,1,0,0,NA,52.5079999999999,2000,0,0,750.896958601872,0,0,1,1,0,571
72,74123,1000,2,"poisson","linesearch",0.000223674847839034,5,0.00111837423919517,1.11837423919517,0.01,2000,0.5,1,7,0,NA,12.961,67,1,0,0.0094882851833518,1,1,0,0,0,572
72,74123,1000,2,"poisson","fixed",0.000223674847839034,1,0.000223674847839034,0.223674847839034,0.01,2000,0.5,1,0,0,NA,8.57800000000009,171,1,0,0.00990268874362681,0,0,1,1,0,573
72,74123,1000,2,"poisson","linesearch",0.000223674847839034,1,0.000223674847839034,0.223674847839034,0.01,2000,0.5,1,7,0,NA,20.5459999999999,171,1,0,0.00990268874362681,0,0,1,0,0,574
72,74123,1000,2,"poisson","fixed",0.000223674847839034,0.2,4.47349695678067e-05,0.0447349695678067,0.01,2000,0.5,1,0,0,NA,24.384,866,1,0,0.00994490108859567,0,0,1,1,0,575
72,74123,1000,2,"poisson","linesearch",0.000223674847839034,0.2,4.47349695678067e-05,0.0447349695678067,0.01,2000,0.5,1,7,0,NA,90.955,866,1,0,0.00994490108859567,0,0,1,0,0,576
73,75123,1000,2,"poisson","fixed",0.000221458197191988,10,0.00221458197191988,2.21458197191988,0.01,2000,0.5,1,0,0,NA,4.51499999999999,6,0,1,NA,0,0,1,1,0,577
73,75123,1000,2,"poisson","linesearch",0.000221458197191988,10,0.00221458197191988,2.21458197191988,0.01,2000,0.5,1,7,0,NA,13.455,66,1,0,0.00885297836510995,2,2,0,0,0,578
73,75123,1000,2,"poisson","fixed",0.000221458197191988,5,0.00110729098595994,1.10729098595994,0.01,2000,0.5,1,0,0,NA,52.081,2000,0,0,755.392627218028,0,0,1,1,0,579
73,75123,1000,2,"poisson","linesearch",0.000221458197191988,5,0.00110729098595994,1.10729098595994,0.01,2000,0.5,1,7,0,NA,12.138,66,1,0,0.00885297836510995,1,1,0,0,0,580
73,75123,1000,2,"poisson","fixed",0.000221458197191988,1,0.000221458197191988,0.221458197191988,0.01,2000,0.5,1,0,0,NA,8.25799999999992,168,1,0,0.00953961324229341,0,0,1,1,0,581
73,75123,1000,2,"poisson","linesearch",0.000221458197191988,1,0.000221458197191988,0.221458197191988,0.01,2000,0.5,1,7,0,NA,19.582,168,1,0,0.00953961324229341,0,0,1,0,0,582
73,75123,1000,2,"poisson","fixed",0.000221458197191988,0.2,4.42916394383977e-05,0.0442916394383977,0.01,2000,0.5,1,0,0,NA,23.496,847,1,0,0.00997756780028325,0,0,1,1,0,583
73,75123,1000,2,"poisson","linesearch",0.000221458197191988,0.2,4.42916394383977e-05,0.0442916394383977,0.01,2000,0.5,1,7,0,NA,83.235,847,1,0,0.00997756780028325,0,0,1,0,0,584
74,76123,1000,2,"poisson","fixed",0.000195818650016557,10,0.00195818650016557,1.95818650016557,0.01,2000,0.5,1,0,0,NA,4.65099999999995,10,0,1,NA,0,0,1,1,0,585
74,76123,1000,2,"poisson","linesearch",0.000195818650016557,10,0.00195818650016557,1.95818650016557,0.01,2000,0.5,1,7,0,NA,14.722,75,1,0,0.00920220968074437,2,2,0,0,0,586
74,76123,1000,2,"poisson","fixed",0.000195818650016557,5,0.000979093250082784,0.979093250082784,0.01,2000,0.5,1,0,0,NA,50.0890000000001,2000,0,0,819.291714635923,0,0,1,1,0,587
74,76123,1000,2,"poisson","linesearch",0.000195818650016557,5,0.000979093250082784,0.979093250082784,0.01,2000,0.5,1,7,0,NA,13.259,75,1,0,0.00920220968074437,1,1,0,0,0,588
74,76123,1000,2,"poisson","fixed",0.000195818650016557,1,0.000195818650016557,0.195818650016557,0.01,2000,0.5,1,0,0,NA,8.79600000000005,191,1,0,0.009830976957693,0,0,1,1,0,589
74,76123,1000,2,"poisson","linesearch",0.000195818650016557,1,0.000195818650016557,0.195818650016557,0.01,2000,0.5,1,7,0,NA,21.821,191,1,0,0.009830976957693,0,0,1,0,0,590
74,76123,1000,2,"poisson","fixed",0.000195818650016557,0.2,3.91637300033114e-05,0.0391637300033114,0.01,2000,0.5,1,0,0,NA,26.434,966,1,0,0.00999975634650432,0,0,1,1,0,591
74,76123,1000,2,"poisson","linesearch",0.000195818650016557,0.2,3.91637300033114e-05,0.0391637300033114,0.01,2000,0.5,1,7,0,NA,95.482,966,1,0,0.00999975634650432,0,0,1,0,0,592
75,77123,1000,2,"poisson","fixed",0.000201016180050166,10,0.00201016180050166,2.01016180050166,0.01,2000,0.5,1,0,0,NA,4.58600000000001,9,0,1,NA,0,0,1,1,0,593
75,77123,1000,2,"poisson","linesearch",0.000201016180050166,10,0.00201016180050166,2.01016180050166,0.01,2000,0.5,1,7,0,NA,14.504,73,1,0,0.00918219836925838,2,2,0,0,0,594
75,77123,1000,2,"poisson","fixed",0.000201016180050166,5,0.00100508090025083,1.00508090025083,0.01,2000,0.5,1,0,0,NA,51.86,2000,0,0,852.584079268239,0,0,1,1,0,595
75,77123,1000,2,"poisson","linesearch",0.000201016180050166,5,0.00100508090025083,1.00508090025083,0.01,2000,0.5,1,7,0,NA,13.356,73,1,0,0.00918219836925838,1,1,0,0,0,596
75,77123,1000,2,"poisson","fixed",0.000201016180050166,1,0.000201016180050166,0.201016180050166,0.01,2000,0.5,1,0,0,NA,8.51700000000005,186,1,0,0.00966809183151984,0,0,1,1,0,597
75,77123,1000,2,"poisson","linesearch",0.000201016180050166,1,0.000201016180050166,0.201016180050166,0.01,2000,0.5,1,7,0,NA,23.975,186,1,0,0.00966809183151984,0,0,1,0,0,598
75,77123,1000,2,"poisson","fixed",0.000201016180050166,0.2,4.02032360100332e-05,0.0402032360100332,0.01,2000,0.5,1,0,0,NA,25.5519999999999,939,1,0,0.00993176188436418,0,0,1,1,0,599
75,77123,1000,2,"poisson","linesearch",0.000201016180050166,0.2,4.02032360100332e-05,0.0402032360100332,0.01,2000,0.5,1,7,0,NA,85.473,939,1,0,0.00993176188436418,0,0,1,0,0,600
76,78123,1000,2,"poisson","fixed",0.000206430084259824,10,0.00206430084259824,2.06430084259824,0.01,2000,0.5,1,0,0,NA,4.54600000000005,10,0,1,NA,0,0,1,1,0,601
76,78123,1000,2,"poisson","linesearch",0.000206430084259824,10,0.00206430084259824,2.06430084259824,0.01,2000,0.5,1,7,0,NA,14.6129999999999,71,1,0,0.00980348044076748,2,2,0,0,0,602
76,78123,1000,2,"poisson","fixed",0.000206430084259824,5,0.00103215042129912,1.03215042129912,0.01,2000,0.5,1,0,0,NA,50.7140000000001,2000,0,0,1353.0638262483,0,0,1,1,0,603
76,78123,1000,2,"poisson","linesearch",0.000206430084259824,5,0.00103215042129912,1.03215042129912,0.01,2000,0.5,1,7,0,NA,12.787,71,1,0,0.00980348044076748,1,1,0,0,0,604
76,78123,1000,2,"poisson","fixed",0.000206430084259824,1,0.000206430084259824,0.206430084259824,0.01,2000,0.5,1,0,0,NA,8.37899999999991,182,1,0,0.00977549367728275,0,0,1,1,0,605
76,78123,1000,2,"poisson","linesearch",0.000206430084259824,1,0.000206430084259824,0.206430084259824,0.01,2000,0.5,1,7,0,NA,22.062,182,1,0,0.00977549367728275,0,0,1,0,0,606
76,78123,1000,2,"poisson","fixed",0.000206430084259824,0.2,4.12860168519648e-05,0.0412860168519648,0.01,2000,0.5,1,0,0,NA,25.404,919,1,0,0.00998937056359023,0,0,1,1,0,607
76,78123,1000,2,"poisson","linesearch",0.000206430084259824,0.2,4.12860168519648e-05,0.0412860168519648,0.01,2000,0.5,1,7,0,NA,98.164,919,1,0,0.00998937056359023,0,0,1,0,0,608
77,79123,1000,2,"poisson","fixed",0.000209443294792168,10,0.00209443294792168,2.09443294792168,0.01,2000,0.5,1,0,0,NA,4.59000000000003,10,0,1,NA,0,0,1,1,0,609
77,79123,1000,2,"poisson","linesearch",0.000209443294792168,10,0.00209443294792168,2.09443294792168,0.01,2000,0.5,1,7,0,NA,14.64,70,1,0,0.00977363934526021,2,2,0,0,0,610
77,79123,1000,2,"poisson","fixed",0.000209443294792168,5,0.00104721647396084,1.04721647396084,0.01,2000,0.5,1,0,0,NA,50.183,2000,0,0,906.25634486701,0,0,1,1,0,611
77,79123,1000,2,"poisson","linesearch",0.000209443294792168,5,0.00104721647396084,1.04721647396084,0.01,2000,0.5,1,7,0,NA,12.263,70,1,0,0.00977363934526021,1,1,0,0,0,612
77,79123,1000,2,"poisson","fixed",0.000209443294792168,1,0.000209443294792168,0.209443294792168,0.01,2000,0.5,1,0,0,NA,8.59500000000003,180,1,0,0.0097151714333904,0,0,1,1,0,613
77,79123,1000,2,"poisson","linesearch",0.000209443294792168,1,0.000209443294792168,0.209443294792168,0.01,2000,0.5,1,7,0,NA,20.522,180,1,0,0.0097151714333904,0,0,1,0,0,614
77,79123,1000,2,"poisson","fixed",0.000209443294792168,0.2,4.18886589584335e-05,0.0418886589584335,0.01,2000,0.5,1,0,0,NA,25.774,910,1,0,0.00995737550818543,0,0,1,1,0,615
77,79123,1000,2,"poisson","linesearch",0.000209443294792168,0.2,4.18886589584335e-05,0.0418886589584335,0.01,2000,0.5,1,7,0,NA,86.7629999999999,910,1,0,0.00995737550818543,0,0,1,0,0,616
78,80123,1000,2,"poisson","fixed",0.000198156124277391,10,0.00198156124277391,1.98156124277391,0.01,2000,0.5,1,0,0,NA,4.63900000000001,9,0,1,NA,0,0,1,1,0,617
78,80123,1000,2,"poisson","linesearch",0.000198156124277391,10,0.00198156124277391,1.98156124277391,0.01,2000,0.5,1,7,0,NA,14.6130000000001,74,1,0,0.00995098382959347,2,2,0,0,0,618
78,80123,1000,2,"poisson","fixed",0.000198156124277391,5,0.000990780621386956,0.990780621386956,0.01,2000,0.5,1,0,0,NA,50.7859999999999,2000,0,0,820.897777586337,0,0,1,1,0,619
78,80123,1000,2,"poisson","linesearch",0.000198156124277391,5,0.000990780621386956,0.990780621386956,0.01,2000,0.5,1,7,0,NA,13.244,74,1,0,0.00995098382959347,1,1,0,0,0,620
78,80123,1000,2,"poisson","fixed",0.000198156124277391,1,0.000198156124277391,0.198156124277391,0.01,2000,0.5,1,0,0,NA,8.94000000000005,190,1,0,0.0098636972272434,0,0,1,1,0,621
78,80123,1000,2,"poisson","linesearch",0.000198156124277391,1,0.000198156124277391,0.198156124277391,0.01,2000,0.5,1,7,0,NA,22.025,190,1,0,0.0098636972272434,0,0,1,0,0,622
78,80123,1000,2,"poisson","fixed",0.000198156124277391,0.2,3.96312248554782e-05,0.0396312248554782,0.01,2000,0.5,1,0,0,NA,26.628,961,1,0,0.00999407390161383,0,0,1,1,0,623
78,80123,1000,2,"poisson","linesearch",0.000198156124277391,0.2,3.96312248554782e-05,0.0396312248554782,0.01,2000,0.5,1,7,0,NA,106.075,961,1,0,0.00999407390161383,0,0,1,0,0,624
79,81123,1000,2,"poisson","fixed",0.000212346701588367,10,0.00212346701588367,2.12346701588367,0.01,2000,0.5,1,0,0,NA,4.61300000000006,6,0,1,NA,0,0,1,1,0,625
79,81123,1000,2,"poisson","linesearch",0.000212346701588367,10,0.00212346701588367,2.12346701588367,0.01,2000,0.5,1,7,0,NA,13.884,67,1,0,0.00986037674652793,2,2,0,0,0,626
79,81123,1000,2,"poisson","fixed",0.000212346701588367,5,0.00106173350794184,1.06173350794184,0.01,2000,0.5,1,0,0,NA,50.2149999999999,2000,0,0,2055.75568986618,0,0,1,1,0,627
79,81123,1000,2,"poisson","linesearch",0.000212346701588367,5,0.00106173350794184,1.06173350794184,0.01,2000,0.5,1,7,0,NA,12.116,67,1,0,0.00986037674652793,1,1,0,0,0,628
79,81123,1000,2,"poisson","fixed",0.000212346701588367,1,0.000212346701588367,0.212346701588367,0.01,2000,0.5,1,0,0,NA,8.43300000000011,172,1,0,0.00988358226925139,0,0,1,1,0,629
79,81123,1000,2,"poisson","linesearch",0.000212346701588367,1,0.000212346701588367,0.212346701588367,0.01,2000,0.5,1,7,0,NA,21.729,172,1,0,0.00988358226925139,0,0,1,0,0,630
79,81123,1000,2,"poisson","fixed",0.000212346701588367,0.2,4.24693403176734e-05,0.0424693403176734,0.01,2000,0.5,1,0,0,NA,24.3119999999999,871,1,0,0.00996478561686941,0,0,1,1,0,631
79,81123,1000,2,"poisson","linesearch",0.000212346701588367,0.2,4.24693403176734e-05,0.0424693403176734,0.01,2000,0.5,1,7,0,NA,82.365,871,1,0,0.00996478561686941,0,0,1,0,0,632
80,82123,1000,2,"poisson","fixed",0.000206774961661183,10,0.00206774961661183,2.06774961661183,0.01,2000,0.5,1,0,0,NA,4.58500000000004,10,0,1,NA,0,0,1,1,0,633
80,82123,1000,2,"poisson","linesearch",0.000206774961661183,10,0.00206774961661183,2.06774961661183,0.01,2000,0.5,1,7,0,NA,14.1719999999999,72,1,0,0.0097883843587013,2,2,0,0,0,634
80,82123,1000,2,"poisson","fixed",0.000206774961661183,5,0.00103387480830591,1.03387480830591,0.01,2000,0.5,1,0,0,NA,51.8119999999999,2000,0,0,1330.37562491074,0,0,1,1,0,635
80,82123,1000,2,"poisson","linesearch",0.000206774961661183,5,0.00103387480830591,1.03387480830591,0.01,2000,0.5,1,7,0,NA,12.941,72,1,0,0.0097883843587013,1,1,0,0,0,636
80,82123,1000,2,"poisson","fixed",0.000206774961661183,1,0.000206774961661183,0.206774961661183,0.01,2000,0.5,1,0,0,NA,8.70499999999993,185,1,0,0.00976233516526305,0,0,1,1,0,637
80,82123,1000,2,"poisson","linesearch",0.000206774961661183,1,0.000206774961661183,0.206774961661183,0.01,2000,0.5,1,7,0,NA,20.8380000000001,185,1,0,0.00976233516526305,0,0,1,0,0,638
80,82123,1000,2,"poisson","fixed",0.000206774961661183,0.2,4.13549923322366e-05,0.0413549923322366,0.01,2000,0.5,1,0,0,NA,25.784,936,1,0,0.00992967652143815,0,0,1,1,0,639
80,82123,1000,2,"poisson","linesearch",0.000206774961661183,0.2,4.13549923322366e-05,0.0413549923322366,0.01,2000,0.5,1,7,0,NA,95.093,936,1,0,0.00992967652143815,0,0,1,0,0,640
81,83123,1000,2,"poisson","fixed",0.000206631866009177,10,0.00206631866009177,2.06631866009177,0.01,2000,0.5,1,0,0,NA,4.61200000000008,10,0,1,NA,0,0,1,1,0,641
81,83123,1000,2,"poisson","linesearch",0.000206631866009177,10,0.00206631866009177,2.06631866009177,0.01,2000,0.5,1,7,0,NA,14.3190000000001,71,1,0,0.00998691948957986,2,2,0,0,0,642
81,83123,1000,2,"poisson","fixed",0.000206631866009177,5,0.00103315933004589,1.03315933004589,0.01,2000,0.5,1,0,0,NA,52.606,2000,0,0,891.442771616112,0,0,1,1,0,643
81,83123,1000,2,"poisson","linesearch",0.000206631866009177,5,0.00103315933004589,1.03315933004589,0.01,2000,0.5,1,7,0,NA,13.327,71,1,0,0.00998691948957986,1,1,0,0,0,644
81,83123,1000,2,"poisson","fixed",0.000206631866009177,1,0.000206631866009177,0.206631866009177,0.01,2000,0.5,1,0,0,NA,8.428,183,1,0,0.00966033967734381,0,0,1,1,0,645
81,83123,1000,2,"poisson","linesearch",0.000206631866009177,1,0.000206631866009177,0.206631866009177,0.01,2000,0.5,1,7,0,NA,21.072,183,1,0,0.00966033967734381,0,0,1,0,0,646
81,83123,1000,2,"poisson","fixed",0.000206631866009177,0.2,4.13263732018354e-05,0.0413263732018354,0.01,2000,0.5,1,0,0,NA,25.8589999999999,924,1,0,0.0099592512454042,0,0,1,1,0,647
81,83123,1000,2,"poisson","linesearch",0.000206631866009177,0.2,4.13263732018354e-05,0.0413263732018354,0.01,2000,0.5,1,7,0,NA,94.0549999999999,924,1,0,0.0099592512454042,0,0,1,0,0,648
82,84123,1000,2,"poisson","fixed",0.00020171612359068,10,0.0020171612359068,2.0171612359068,0.01,2000,0.5,1,0,0,NA,4.61199999999997,10,0,1,NA,0,0,1,1,0,649
82,84123,1000,2,"poisson","linesearch",0.00020171612359068,10,0.0020171612359068,2.0171612359068,0.01,2000,0.5,1,7,0,NA,14.1070000000001,72,1,0,0.00933164918715623,2,2,0,0,0,650
82,84123,1000,2,"poisson","fixed",0.00020171612359068,5,0.0010085806179534,1.0085806179534,0.01,2000,0.5,1,0,0,NA,50.6850000000001,2000,0,0,872.841998377504,0,0,1,1,0,651
82,84123,1000,2,"poisson","linesearch",0.00020171612359068,5,0.0010085806179534,1.0085806179534,0.01,2000,0.5,1,7,0,NA,12.8200000000001,72,1,0,0.00933164918715623,1,1,0,0,0,652
82,84123,1000,2,"poisson","fixed",0.00020171612359068,1,0.00020171612359068,0.20171612359068,0.01,2000,0.5,1,0,0,NA,8.59199999999998,184,1,0,0.00966067656410402,0,0,1,1,0,653
82,84123,1000,2,"poisson","linesearch",0.00020171612359068,1,0.00020171612359068,0.20171612359068,0.01,2000,0.5,1,7,0,NA,22.1650000000001,184,1,0,0.00966067656410402,0,0,1,0,0,654
82,84123,1000,2,"poisson","fixed",0.00020171612359068,0.2,4.0343224718136e-05,0.040343224718136,0.01,2000,0.5,1,0,0,NA,26.063,929,1,0,0.00995369750414415,0,0,1,1,0,655
82,84123,1000,2,"poisson","linesearch",0.00020171612359068,0.2,4.0343224718136e-05,0.040343224718136,0.01,2000,0.5,1,7,0,NA,92.649,929,1,0,0.00995369750414415,0,0,1,0,0,656
83,85123,1000,2,"poisson","fixed",0.000211164570109803,10,0.00211164570109803,2.11164570109803,0.01,2000,0.5,1,0,0,NA,4.67200000000003,10,0,1,NA,0,0,1,1,0,657
83,85123,1000,2,"poisson","linesearch",0.000211164570109803,10,0.00211164570109803,2.11164570109803,0.01,2000,0.5,1,7,0,NA,15.0550000000001,71,1,0,0.00992097197070052,2,2,0,0,0,658
83,85123,1000,2,"poisson","fixed",0.000211164570109803,5,0.00105582285054902,1.05582285054902,0.01,2000,0.5,1,0,0,NA,53.272,2000,0,0,1749.05856295266,0,0,1,1,0,659
83,85123,1000,2,"poisson","linesearch",0.000211164570109803,5,0.00105582285054902,1.05582285054902,0.01,2000,0.5,1,7,0,NA,13.8149999999999,71,1,0,0.00992097197070052,1,1,0,0,0,660
83,85123,1000,2,"poisson","fixed",0.000211164570109803,1,0.000211164570109803,0.211164570109803,0.01,2000,0.5,1,0,0,NA,8.73400000000004,183,1,0,0.0096693734322415,0,0,1,1,0,661
83,85123,1000,2,"poisson","linesearch",0.000211164570109803,1,0.000211164570109803,0.211164570109803,0.01,2000,0.5,1,7,0,NA,21.5169999999999,183,1,0,0.0096693734322415,0,0,1,0,0,662
83,85123,1000,2,"poisson","fixed",0.000211164570109803,0.2,4.22329140219607e-05,0.0422329140219607,0.01,2000,0.5,1,0,0,NA,25.9190000000001,925,1,0,0.00992811205236749,0,0,1,1,0,663
83,85123,1000,2,"poisson","linesearch",0.000211164570109803,0.2,4.22329140219607e-05,0.0422329140219607,0.01,2000,0.5,1,7,0,NA,95.919,925,1,0,0.00992811205236749,0,0,1,0,0,664
84,86123,1000,2,"poisson","fixed",0.000208954812078877,10,0.00208954812078877,2.08954812078877,0.01,2000,0.5,1,0,0,NA,4.58699999999999,10,0,1,NA,0,0,1,1,0,665
84,86123,1000,2,"poisson","linesearch",0.000208954812078877,10,0.00208954812078877,2.08954812078877,0.01,2000,0.5,1,7,0,NA,14.3820000000001,74,1,0,0.00901192475473767,2,2,0,0,0,666
84,86123,1000,2,"poisson","fixed",0.000208954812078877,5,0.00104477406039439,1.04477406039439,0.01,2000,0.5,1,0,0,NA,52.982,2000,0,0,1451.14630391295,0,0,1,1,0,667
84,86123,1000,2,"poisson","linesearch",0.000208954812078877,5,0.00104477406039439,1.04477406039439,0.01,2000,0.5,1,7,0,NA,13.623,74,1,0,0.00901192475473767,1,1,0,0,0,668
84,86123,1000,2,"poisson","fixed",0.000208954812078877,1,0.000208954812078877,0.208954812078877,0.01,2000,0.5,1,0,0,NA,8.65700000000004,188,1,0,0.0098397829719728,0,0,1,1,0,669
84,86123,1000,2,"poisson","linesearch",0.000208954812078877,1,0.000208954812078877,0.208954812078877,0.01,2000,0.5,1,7,0,NA,21.746,188,1,0,0.0098397829719728,0,0,1,0,0,670
84,86123,1000,2,"poisson","fixed",0.000208954812078877,0.2,4.17909624157754e-05,0.0417909624157754,0.01,2000,0.5,1,0,0,NA,26.3869999999999,952,1,0,0.00991568790218483,0,0,1,1,0,671
84,86123,1000,2,"poisson","linesearch",0.000208954812078877,0.2,4.17909624157754e-05,0.0417909624157754,0.01,2000,0.5,1,7,0,NA,97.1469999999999,952,1,0,0.00991568790218483,0,0,1,0,0,672
85,87123,1000,2,"poisson","fixed",0.000207304050157616,10,0.00207304050157616,2.07304050157616,0.01,2000,0.5,1,0,0,NA,6.33400000000006,9,0,1,NA,0,0,1,1,0,673
85,87123,1000,2,"poisson","linesearch",0.000207304050157616,10,0.00207304050157616,2.07304050157616,0.01,2000,0.5,1,7,0,NA,15.739,71,1,0,0.00944520791895309,2,2,0,0,0,674
85,87123,1000,2,"poisson","fixed",0.000207304050157616,5,0.00103652025078808,1.03652025078808,0.01,2000,0.5,1,0,0,NA,53.515,2000,0,0,899.657849201284,0,0,1,1,0,675
85,87123,1000,2,"poisson","linesearch",0.000207304050157616,5,0.00103652025078808,1.03652025078808,0.01,2000,0.5,1,7,0,NA,14.612,71,1,0,0.00944520791895309,1,1,0,0,0,676
85,87123,1000,2,"poisson","fixed",0.000207304050157616,1,0.000207304050157616,0.207304050157616,0.01,2000,0.5,1,0,0,NA,10.409,182,1,0,0.00963114770083262,0,0,1,1,0,677
85,87123,1000,2,"poisson","linesearch",0.000207304050157616,1,0.000207304050157616,0.207304050157616,0.01,2000,0.5,1,7,0,NA,24.383,182,1,0,0.00963114770083262,0,0,1,0,0,678
85,87123,1000,2,"poisson","fixed",0.000207304050157616,0.2,4.14608100315231e-05,0.0414608100315231,0.01,2000,0.5,1,0,0,NA,27.451,919,1,0,0.00996718821771136,0,0,1,1,0,679
85,87123,1000,2,"poisson","linesearch",0.000207304050157616,0.2,4.14608100315231e-05,0.0414608100315231,0.01,2000,0.5,1,7,0,NA,92.5359999999999,919,1,0,0.00996718821771136,0,0,1,0,0,680
86,88123,1000,2,"poisson","fixed",0.000203605395805012,10,0.00203605395805012,2.03605395805012,0.01,2000,0.5,1,0,0,NA,4.64200000000005,9,0,1,NA,0,0,1,1,0,681
86,88123,1000,2,"poisson","linesearch",0.000203605395805012,10,0.00203605395805012,2.03605395805012,0.01,2000,0.5,1,7,0,NA,14.28,71,1,0,0.00970015009596781,2,2,0,0,0,682
86,88123,1000,2,"poisson","fixed",0.000203605395805012,5,0.00101802697902506,1.01802697902506,0.01,2000,0.5,1,0,0,NA,52.289,2000,0,0,868.057925134795,0,0,1,1,0,683
86,88123,1000,2,"poisson","linesearch",0.000203605395805012,5,0.00101802697902506,1.01802697902506,0.01,2000,0.5,1,7,0,NA,12.939,71,1,0,0.00970015009596781,1,1,0,0,0,684
86,88123,1000,2,"poisson","fixed",0.000203605395805012,1,0.000203605395805012,0.203605395805012,0.01,2000,0.5,1,0,0,NA,8.47800000000007,182,1,0,0.00980022359583094,0,0,1,1,0,685
86,88123,1000,2,"poisson","linesearch",0.000203605395805012,1,0.000203605395805012,0.203605395805012,0.01,2000,0.5,1,7,0,NA,20.9930000000001,182,1,0,0.00980022359583094,0,0,1,0,0,686
86,88123,1000,2,"poisson","fixed",0.000203605395805012,0.2,4.07210791610023e-05,0.0407210791610023,0.01,2000,0.5,1,0,0,NA,25.53,921,1,0,0.00991759279792653,0,0,1,1,0,687
86,88123,1000,2,"poisson","linesearch",0.000203605395805012,0.2,4.07210791610023e-05,0.0407210791610023,0.01,2000,0.5,1,7,0,NA,86.876,921,1,0,0.00991759279792653,0,0,1,0,0,688
87,89123,1000,2,"poisson","fixed",0.000206887194760922,10,0.00206887194760921,2.06887194760921,0.01,2000,0.5,1,0,0,NA,4.52699999999993,9,0,1,NA,0,0,1,1,0,689
87,89123,1000,2,"poisson","linesearch",0.000206887194760922,10,0.00206887194760921,2.06887194760921,0.01,2000,0.5,1,7,0,NA,13.5659999999999,68,1,0,0.00986958693669182,2,2,0,0,0,690
87,89123,1000,2,"poisson","fixed",0.000206887194760922,5,0.00103443597380461,1.03443597380461,0.01,2000,0.5,1,0,0,NA,51.6609999999999,2000,0,0,905.964351535126,0,0,1,1,0,691
87,89123,1000,2,"poisson","linesearch",0.000206887194760922,5,0.00103443597380461,1.03443597380461,0.01,2000,0.5,1,7,0,NA,12.057,68,1,0,0.00986958693669182,1,1,0,0,0,692
87,89123,1000,2,"poisson","fixed",0.000206887194760922,1,0.000206887194760922,0.206887194760921,0.01,2000,0.5,1,0,0,NA,8.404,175,1,0,0.00966346005834762,0,0,1,1,0,693
87,89123,1000,2,"poisson","linesearch",0.000206887194760922,1,0.000206887194760922,0.206887194760921,0.01,2000,0.5,1,7,0,NA,20.199,175,1,0,0.00966346005834762,0,0,1,0,0,694
87,89123,1000,2,"poisson","fixed",0.000206887194760922,0.2,4.13774389521843e-05,0.0413774389521843,0.01,2000,0.5,1,0,0,NA,24.6650000000001,884,1,0,0.00991535124900444,0,0,1,1,0,695
87,89123,1000,2,"poisson","linesearch",0.000206887194760922,0.2,4.13774389521843e-05,0.0413774389521843,0.01,2000,0.5,1,7,0,NA,87.152,884,1,0,0.00991535124900444,0,0,1,0,0,696
88,90123,1000,2,"poisson","fixed",0.000198975899527803,10,0.00198975899527803,1.98975899527803,0.01,2000,0.5,1,0,0,NA,4.56600000000003,10,0,1,NA,0,0,1,1,0,697
88,90123,1000,2,"poisson","linesearch",0.000198975899527803,10,0.00198975899527803,1.98975899527803,0.01,2000,0.5,1,7,0,NA,15.2299999999999,76,1,0,0.00917008866486386,2,2,0,0,0,698
88,90123,1000,2,"poisson","fixed",0.000198975899527803,5,0.000994879497639017,0.994879497639017,0.01,2000,0.5,1,0,0,NA,52.2909999999999,2000,0,0,828.270892026027,0,0,1,1,0,699
88,90123,1000,2,"poisson","linesearch",0.000198975899527803,5,0.000994879497639017,0.994879497639017,0.01,2000,0.5,1,7,0,NA,14.1849999999999,76,1,0,0.00917008866486386,1,1,0,0,0,700
88,90123,1000,2,"poisson","fixed",0.000198975899527803,1,0.000198975899527803,0.198975899527803,0.01,2000,0.5,1,0,0,NA,8.80500000000006,193,1,0,0.00978290969491905,0,0,1,1,0,701
88,90123,1000,2,"poisson","linesearch",0.000198975899527803,1,0.000198975899527803,0.198975899527803,0.01,2000,0.5,1,7,0,NA,22.6519999999999,193,1,0,0.00978290969491905,0,0,1,0,0,702
88,90123,1000,2,"poisson","fixed",0.000198975899527803,0.2,3.97951799055607e-05,0.0397951799055607,0.01,2000,0.5,1,0,0,NA,27.443,975,1,0,0.00992964411400313,0,0,1,1,0,703
88,90123,1000,2,"poisson","linesearch",0.000198975899527803,0.2,3.97951799055607e-05,0.0397951799055607,0.01,2000,0.5,1,7,0,NA,115.857,975,1,0,0.00992964411400313,0,0,1,0,0,704
89,91123,1000,2,"poisson","fixed",0.000226622949640402,10,0.00226622949640402,2.26622949640402,0.01,2000,0.5,1,0,0,NA,4.54599999999994,6,0,1,NA,0,0,1,1,0,705
89,91123,1000,2,"poisson","linesearch",0.000226622949640402,10,0.00226622949640402,2.26622949640402,0.01,2000,0.5,1,7,0,NA,13.7489999999999,64,1,0,0.00982698652333391,2,2,0,0,0,706
89,91123,1000,2,"poisson","fixed",0.000226622949640402,5,0.00113311474820201,1.13311474820201,0.01,2000,0.5,1,0,0,NA,53.8670000000001,2000,0,0,768.102418168335,0,0,1,1,0,707
89,91123,1000,2,"poisson","linesearch",0.000226622949640402,5,0.00113311474820201,1.13311474820201,0.01,2000,0.5,1,7,0,NA,12.3199999999999,64,1,0,0.00982698652333391,1,1,0,0,0,708
89,91123,1000,2,"poisson","fixed",0.000226622949640402,1,0.000226622949640402,0.226622949640402,0.01,2000,0.5,1,0,0,NA,8.17500000000007,165,1,0,0.00976821060631093,0,0,1,1,0,709
89,91123,1000,2,"poisson","linesearch",0.000226622949640402,1,0.000226622949640402,0.226622949640402,0.01,2000,0.5,1,7,0,NA,20.004,165,1,0,0.00976821060631093,0,0,1,0,0,710
89,91123,1000,2,"poisson","fixed",0.000226622949640402,0.2,4.53245899280804e-05,0.0453245899280804,0.01,2000,0.5,1,0,0,NA,24.015,836,1,0,0.00993768569650833,0,0,1,1,0,711
89,91123,1000,2,"poisson","linesearch",0.000226622949640402,0.2,4.53245899280804e-05,0.0453245899280804,0.01,2000,0.5,1,7,0,NA,82.809,836,1,0,0.00993768569650833,0,0,1,0,0,712
90,92123,1000,2,"poisson","fixed",0.000214109014670718,10,0.00214109014670718,2.14109014670718,0.01,2000,0.5,1,0,0,NA,4.61399999999992,6,0,1,NA,0,0,1,1,0,713
90,92123,1000,2,"poisson","linesearch",0.000214109014670718,10,0.00214109014670718,2.14109014670718,0.01,2000,0.5,1,7,0,NA,13.505,68,1,0,0.00929711736499683,2,2,0,0,0,714
90,92123,1000,2,"poisson","fixed",0.000214109014670718,5,0.00107054507335359,1.07054507335359,0.01,2000,0.5,1,0,0,NA,51.9440000000001,2000,0,0,1809.16140634931,0,0,1,1,0,715
90,92123,1000,2,"poisson","linesearch",0.000214109014670718,5,0.00107054507335359,1.07054507335359,0.01,2000,0.5,1,7,0,NA,12.698,68,1,0,0.00929711736499683,1,1,0,0,0,716
90,92123,1000,2,"poisson","fixed",0.000214109014670718,1,0.000214109014670718,0.214109014670718,0.01,2000,0.5,1,0,0,NA,8.42600000000004,174,1,0,0.00958884508218472,0,0,1,1,0,717
90,92123,1000,2,"poisson","linesearch",0.000214109014670718,1,0.000214109014670718,0.214109014670718,0.01,2000,0.5,1,7,0,NA,20.1579999999999,174,1,0,0.00958884508218472,0,0,1,0,0,718
90,92123,1000,2,"poisson","fixed",0.000214109014670718,0.2,4.28218029341436e-05,0.0428218029341436,0.01,2000,0.5,1,0,0,NA,24.793,878,1,0,0.00995521364898777,0,0,1,1,0,719
90,92123,1000,2,"poisson","linesearch",0.000214109014670718,0.2,4.28218029341436e-05,0.0428218029341436,0.01,2000,0.5,1,7,0,NA,93.954,878,1,0,0.00995521364898777,0,0,1,0,0,720
91,93123,1000,2,"poisson","fixed",0.000203433916776841,10,0.00203433916776841,2.03433916776841,0.01,2000,0.5,1,0,0,NA,4.5630000000001,9,0,1,NA,0,0,1,1,0,721
91,93123,1000,2,"poisson","linesearch",0.000203433916776841,10,0.00203433916776841,2.03433916776841,0.01,2000,0.5,1,7,0,NA,14.282,71,1,0,0.00932847950609217,2,2,0,0,0,722
91,93123,1000,2,"poisson","fixed",0.000203433916776841,5,0.0010171695838842,1.0171695838842,0.01,2000,0.5,1,0,0,NA,51.576,2000,0,0,898.450075447278,0,0,1,1,0,723
91,93123,1000,2,"poisson","linesearch",0.000203433916776841,5,0.0010171695838842,1.0171695838842,0.01,2000,0.5,1,7,0,NA,12.8339999999999,71,1,0,0.00932847950609217,1,1,0,0,0,724
91,93123,1000,2,"poisson","fixed",0.000203433916776841,1,0.000203433916776841,0.203433916776841,0.01,2000,0.5,1,0,0,NA,8.39100000000008,181,1,0,0.00978511408535357,0,0,1,1,0,725
91,93123,1000,2,"poisson","linesearch",0.000203433916776841,1,0.000203433916776841,0.203433916776841,0.01,2000,0.5,1,7,0,NA,20.723,181,1,0,0.00978511408535357,0,0,1,0,0,726
91,93123,1000,2,"poisson","fixed",0.000203433916776841,0.2,4.06867833553682e-05,0.0406867833553682,0.01,2000,0.5,1,0,0,NA,25.9820000000001,915,1,0,0.0099466136439626,0,0,1,1,0,727
91,93123,1000,2,"poisson","linesearch",0.000203433916776841,0.2,4.06867833553682e-05,0.0406867833553682,0.01,2000,0.5,1,7,0,NA,90.597,915,1,0,0.0099466136439626,0,0,1,0,0,728
92,94123,1000,2,"poisson","fixed",0.000200520909353257,10,0.00200520909353257,2.00520909353257,0.01,2000,0.5,1,0,0,NA,4.52999999999997,10,0,1,NA,0,0,1,1,0,729
92,94123,1000,2,"poisson","linesearch",0.000200520909353257,10,0.00200520909353257,2.00520909353257,0.01,2000,0.5,1,7,0,NA,14.2520000000001,74,1,0,0.00934865388859069,2,2,0,0,0,730
92,94123,1000,2,"poisson","fixed",0.000200520909353257,5,0.00100260454676628,1.00260454676628,0.01,2000,0.5,1,0,0,NA,50.1239999999999,2000,0,0,864.142253735893,0,0,1,1,0,731
92,94123,1000,2,"poisson","linesearch",0.000200520909353257,5,0.00100260454676628,1.00260454676628,0.01,2000,0.5,1,7,0,NA,13.273,74,1,0,0.00934865388859069,1,1,0,0,0,732
92,94123,1000,2,"poisson","fixed",0.000200520909353257,1,0.000200520909353257,0.200520909353257,0.01,2000,0.5,1,0,0,NA,8.61199999999997,189,1,0,0.00983655916435441,0,0,1,1,0,733
92,94123,1000,2,"poisson","linesearch",0.000200520909353257,1,0.000200520909353257,0.200520909353257,0.01,2000,0.5,1,7,0,NA,21.751,189,1,0,0.00983655916435441,0,0,1,0,0,734
92,94123,1000,2,"poisson","fixed",0.000200520909353257,0.2,4.01041818706514e-05,0.0401041818706514,0.01,2000,0.5,1,0,0,NA,26.394,957,1,0,0.00995217920463079,0,0,1,1,0,735
92,94123,1000,2,"poisson","linesearch",0.000200520909353257,0.2,4.01041818706514e-05,0.0401041818706514,0.01,2000,0.5,1,7,0,NA,91.802,957,1,0,0.00995217920463079,0,0,1,0,0,736
93,95123,1000,2,"poisson","fixed",0.000213671697554524,10,0.00213671697554524,2.13671697554524,0.01,2000,0.5,1,0,0,NA,4.53199999999993,6,0,1,NA,0,0,1,1,0,737
93,95123,1000,2,"poisson","linesearch",0.000213671697554524,10,0.00213671697554524,2.13671697554524,0.01,2000,0.5,1,7,0,NA,14.0069999999999,68,1,0,0.00923530827129948,2,2,0,0,0,738
93,95123,1000,2,"poisson","fixed",0.000213671697554524,5,0.00106835848777262,1.06835848777262,0.01,2000,0.5,1,0,0,NA,49.6790000000001,2000,0,0,1928.19003452324,0,0,1,1,0,739
93,95123,1000,2,"poisson","linesearch",0.000213671697554524,5,0.00106835848777262,1.06835848777262,0.01,2000,0.5,1,7,0,NA,11.996,68,1,0,0.00923530827129948,1,1,0,0,0,740
93,95123,1000,2,"poisson","fixed",0.000213671697554524,1,0.000213671697554524,0.213671697554524,0.01,2000,0.5,1,0,0,NA,8.15899999999999,173,1,0,0.00987153137259814,0,0,1,1,0,741
93,95123,1000,2,"poisson","linesearch",0.000213671697554524,1,0.000213671697554524,0.213671697554524,0.01,2000,0.5,1,7,0,NA,20.1940000000001,173,1,0,0.00987153137259814,0,0,1,0,0,742
93,95123,1000,2,"poisson","fixed",0.000213671697554524,0.2,4.27343395109048e-05,0.0427343395109048,0.01,2000,0.5,1,0,0,NA,24.599,876,1,0,0.00992142127192575,0,0,1,1,0,743
93,95123,1000,2,"poisson","linesearch",0.000213671697554524,0.2,4.27343395109048e-05,0.0427343395109048,0.01,2000,0.5,1,7,0,NA,99.2149999999999,876,1,0,0.00992142127192575,0,0,1,0,0,744
94,96123,1000,2,"poisson","fixed",0.000213615792800515,10,0.00213615792800515,2.13615792800515,0.01,2000,0.5,1,0,0,NA,4.649,6,0,1,NA,0,0,1,1,0,745
94,96123,1000,2,"poisson","linesearch",0.000213615792800515,10,0.00213615792800515,2.13615792800515,0.01,2000,0.5,1,7,0,NA,14.4309999999999,71,1,0,0.00965792366518298,2,2,0,0,0,746
94,96123,1000,2,"poisson","fixed",0.000213615792800515,5,0.00106807896400258,1.06807896400258,0.01,2000,0.5,1,0,0,NA,50.833,2000,0,0,1877.70291365743,0,0,1,1,0,747
94,96123,1000,2,"poisson","linesearch",0.000213615792800515,5,0.00106807896400258,1.06807896400258,0.01,2000,0.5,1,7,0,NA,12.5939999999999,71,1,0,0.00965792366518298,1,1,0,0,0,748
94,96123,1000,2,"poisson","fixed",0.000213615792800515,1,0.000213615792800515,0.213615792800515,0.01,2000,0.5,1,0,0,NA,8.48000000000002,182,1,0,0.00976112268106727,0,0,1,1,0,749
94,96123,1000,2,"poisson","linesearch",0.000213615792800515,1,0.000213615792800515,0.213615792800515,0.01,2000,0.5,1,7,0,NA,21.229,182,1,0,0.00976112268106727,0,0,1,0,0,750
94,96123,1000,2,"poisson","fixed",0.000213615792800515,0.2,4.27231585601031e-05,0.0427231585601031,0.01,2000,0.5,1,0,0,NA,26.044,920,1,0,0.00996554349574846,0,0,1,1,0,751
94,96123,1000,2,"poisson","linesearch",0.000213615792800515,0.2,4.27231585601031e-05,0.0427231585601031,0.01,2000,0.5,1,7,0,NA,87.744,920,1,0,0.00996554349574846,0,0,1,0,0,752
95,97123,1000,2,"poisson","fixed",0.000201493914966498,10,0.00201493914966498,2.01493914966498,0.01,2000,0.5,1,0,0,NA,6.35500000000002,9,0,1,NA,0,0,1,1,0,753
95,97123,1000,2,"poisson","linesearch",0.000201493914966498,10,0.00201493914966498,2.01493914966498,0.01,2000,0.5,1,7,0,NA,16.967,71,1,0,0.00946877246273071,2,2,0,0,0,754
95,97123,1000,2,"poisson","fixed",0.000201493914966498,5,0.00100746957483249,1.00746957483249,0.01,2000,0.5,1,0,0,NA,52.023,2000,0,0,849.981712151747,0,0,1,1,0,755
95,97123,1000,2,"poisson","linesearch",0.000201493914966498,5,0.00100746957483249,1.00746957483249,0.01,2000,0.5,1,7,0,NA,14.6049999999999,71,1,0,0.00946877246273071,1,1,0,0,0,756
95,97123,1000,2,"poisson","fixed",0.000201493914966498,1,0.000201493914966498,0.201493914966498,0.01,2000,0.5,1,0,0,NA,10.428,182,1,0,0.00962700633609512,0,0,1,1,0,757
95,97123,1000,2,"poisson","linesearch",0.000201493914966498,1,0.000201493914966498,0.201493914966498,0.01,2000,0.5,1,7,0,NA,24.351,182,1,0,0.00962700633609512,0,0,1,0,0,758
95,97123,1000,2,"poisson","fixed",0.000201493914966498,0.2,4.02987829932997e-05,0.0402987829932997,0.01,2000,0.5,1,0,0,NA,28.213,919,1,0,0.00995006356509349,0,0,1,1,0,759
95,97123,1000,2,"poisson","linesearch",0.000201493914966498,0.2,4.02987829932997e-05,0.0402987829932997,0.01,2000,0.5,1,7,0,NA,89.592,919,1,0,0.00995006356509349,0,0,1,0,0,760
96,98123,1000,2,"poisson","fixed",0.000211976729050398,10,0.00211976729050398,2.11976729050398,0.01,2000,0.5,1,0,0,NA,4.58100000000002,10,0,1,NA,0,0,1,1,0,761
96,98123,1000,2,"poisson","linesearch",0.000211976729050398,10,0.00211976729050398,2.11976729050398,0.01,2000,0.5,1,7,0,NA,14.436,69,1,0,0.00890128826895178,2,2,0,0,0,762
96,98123,1000,2,"poisson","fixed",0.000211976729050398,5,0.00105988364525199,1.05988364525199,0.01,2000,0.5,1,0,0,NA,51.46,2000,0,0,1543.83121472827,0,0,1,1,0,763
96,98123,1000,2,"poisson","linesearch",0.000211976729050398,5,0.00105988364525199,1.05988364525199,0.01,2000,0.5,1,7,0,NA,13.048,69,1,0,0.00890128826895178,1,1,0,0,0,764
96,98123,1000,2,"poisson","fixed",0.000211976729050398,1,0.000211976729050398,0.211976729050398,0.01,2000,0.5,1,0,0,NA,8.27199999999993,175,1,0,0.00994347977743421,0,0,1,1,0,765
96,98123,1000,2,"poisson","linesearch",0.000211976729050398,1,0.000211976729050398,0.211976729050398,0.01,2000,0.5,1,7,0,NA,22.023,175,1,0,0.00994347977743421,0,0,1,0,0,766
96,98123,1000,2,"poisson","fixed",0.000211976729050398,0.2,4.23953458100796e-05,0.0423953458100796,0.01,2000,0.5,1,0,0,NA,24.514,887,1,0,0.00998617648086578,0,0,1,1,0,767
96,98123,1000,2,"poisson","linesearch",0.000211976729050398,0.2,4.23953458100796e-05,0.0423953458100796,0.01,2000,0.5,1,7,0,NA,89.4,887,1,0,0.00998617648086578,0,0,1,0,0,768
97,99123,1000,2,"poisson","fixed",0.000207004473831495,10,0.00207004473831495,2.07004473831495,0.01,2000,0.5,1,0,0,NA,4.63800000000003,10,0,1,NA,0,0,1,1,0,769
97,99123,1000,2,"poisson","linesearch",0.000207004473831495,10,0.00207004473831495,2.07004473831495,0.01,2000,0.5,1,7,0,NA,13.8680000000001,72,1,0,0.0093472938980389,2,2,0,0,0,770
97,99123,1000,2,"poisson","fixed",0.000207004473831495,5,0.00103502236915748,1.03502236915748,0.01,2000,0.5,1,0,0,NA,51.001,2000,0,0,1281.41239257991,0,0,1,1,0,771
97,99123,1000,2,"poisson","linesearch",0.000207004473831495,5,0.00103502236915748,1.03502236915748,0.01,2000,0.5,1,7,0,NA,12.7180000000001,72,1,0,0.0093472938980389,1,1,0,0,0,772
97,99123,1000,2,"poisson","fixed",0.000207004473831495,1,0.000207004473831495,0.207004473831495,0.01,2000,0.5,1,0,0,NA,8.43599999999992,184,1,0,0.00968179236332462,0,0,1,1,0,773
97,99123,1000,2,"poisson","linesearch",0.000207004473831495,1,0.000207004473831495,0.207004473831495,0.01,2000,0.5,1,7,0,NA,21.2270000000001,184,1,0,0.00968179236332462,0,0,1,0,0,774
97,99123,1000,2,"poisson","fixed",0.000207004473831495,0.2,4.14008947662991e-05,0.0414008947662991,0.01,2000,0.5,1,0,0,NA,25.751,929,1,0,0.00997910751865907,0,0,1,1,0,775
97,99123,1000,2,"poisson","linesearch",0.000207004473831495,0.2,4.14008947662991e-05,0.0414008947662991,0.01,2000,0.5,1,7,0,NA,91.444,929,1,0,0.00997910751865907,0,0,1,0,0,776
98,100123,1000,2,"poisson","fixed",0.000201545967704227,10,0.00201545967704227,2.01545967704227,0.01,2000,0.5,1,0,0,NA,4.58600000000001,10,0,1,NA,0,0,1,1,0,777
98,100123,1000,2,"poisson","linesearch",0.000201545967704227,10,0.00201545967704227,2.01545967704227,0.01,2000,0.5,1,7,0,NA,13.869,70,1,0,0.00927676567192748,2,2,0,0,0,778
98,100123,1000,2,"poisson","fixed",0.000201545967704227,5,0.00100772983852114,1.00772983852114,0.01,2000,0.5,1,0,0,NA,51.725,2000,0,0,894.90330379107,0,0,1,1,0,779
98,100123,1000,2,"poisson","linesearch",0.000201545967704227,5,0.00100772983852114,1.00772983852114,0.01,2000,0.5,1,7,0,NA,12.436,70,1,0,0.00927676567192748,1,1,0,0,0,780
98,100123,1000,2,"poisson","fixed",0.000201545967704227,1,0.000201545967704227,0.201545967704227,0.01,2000,0.5,1,0,0,NA,8.28200000000004,178,1,0,0.0098740278905779,0,0,1,1,0,781
98,100123,1000,2,"poisson","linesearch",0.000201545967704227,1,0.000201545967704227,0.201545967704227,0.01,2000,0.5,1,7,0,NA,20.3979999999999,178,1,0,0.0098740278905779,0,0,1,0,0,782
98,100123,1000,2,"poisson","fixed",0.000201545967704227,0.2,4.03091935408455e-05,0.0403091935408455,0.01,2000,0.5,1,0,0,NA,25.1229999999999,901,1,0,0.00991549866845887,0,0,1,1,0,783
98,100123,1000,2,"poisson","linesearch",0.000201545967704227,0.2,4.03091935408455e-05,0.0403091935408455,0.01,2000,0.5,1,7,0,NA,84.986,901,1,0,0.00991549866845887,0,0,1,0,0,784
99,101123,1000,2,"poisson","fixed",0.000199470130690192,10,0.00199470130690192,1.99470130690192,0.01,2000,0.5,1,0,0,NA,4.58299999999997,10,0,1,NA,0,0,1,1,0,785
99,101123,1000,2,"poisson","linesearch",0.000199470130690192,10,0.00199470130690192,1.99470130690192,0.01,2000,0.5,1,7,0,NA,16.289,74,1,0,0.00932123469768276,2,2,0,0,0,786
99,101123,1000,2,"poisson","fixed",0.000199470130690192,5,0.000997350653450961,0.997350653450961,0.01,2000,0.5,1,0,0,NA,51.77,2000,0,0,867.201486814351,0,0,1,1,0,787
99,101123,1000,2,"poisson","linesearch",0.000199470130690192,5,0.000997350653450961,0.997350653450961,0.01,2000,0.5,1,7,0,NA,13.7760000000001,74,1,0,0.00932123469768276,1,1,0,0,0,788
99,101123,1000,2,"poisson","fixed",0.000199470130690192,1,0.000199470130690192,0.199470130690192,0.01,2000,0.5,1,0,0,NA,8.88800000000003,188,1,0,0.00992209372997968,0,0,1,1,0,789
99,101123,1000,2,"poisson","linesearch",0.000199470130690192,1,0.000199470130690192,0.199470130690192,0.01,2000,0.5,1,7,0,NA,23.9789999999999,188,1,0,0.00992209372997968,0,0,1,0,0,790
99,101123,1000,2,"poisson","fixed",0.000199470130690192,0.2,3.98940261380385e-05,0.0398940261380385,0.01,2000,0.5,1,0,0,NA,26.513,951,1,0,0.00997660907542136,0,0,1,1,0,791
99,101123,1000,2,"poisson","linesearch",0.000199470130690192,0.2,3.98940261380385e-05,0.0398940261380385,0.01,2000,0.5,1,7,0,NA,86.0500000000001,951,1,0,0.00997660907542136,0,0,1,0,0,792
100,102123,1000,2,"poisson","fixed",0.000229541244289169,10,0.00229541244289169,2.29541244289169,0.01,2000,0.5,1,0,0,NA,4.58299999999997,6,0,1,NA,0,0,1,1,0,793
100,102123,1000,2,"poisson","linesearch",0.000229541244289169,10,0.00229541244289169,2.29541244289169,0.01,2000,0.5,1,7,0,NA,13.391,65,1,0,0.00930802104318204,2,2,0,0,0,794
100,102123,1000,2,"poisson","fixed",0.000229541244289169,5,0.00114770622144584,1.14770622144584,0.01,2000,0.5,1,0,0,NA,52.288,2000,0,0,763.041064399663,0,0,1,1,0,795
100,102123,1000,2,"poisson","linesearch",0.000229541244289169,5,0.00114770622144584,1.14770622144584,0.01,2000,0.5,1,7,0,NA,12.213,65,1,0,0.00930802104318204,1,1,0,0,0,796
100,102123,1000,2,"poisson","fixed",0.000229541244289169,1,0.000229541244289169,0.229541244289169,0.01,2000,0.5,1,0,0,NA,8.20100000000002,166,1,0,0.00990027239110649,0,0,1,1,0,797
100,102123,1000,2,"poisson","linesearch",0.000229541244289169,1,0.000229541244289169,0.229541244289169,0.01,2000,0.5,1,7,0,NA,19.3200000000001,166,1,0,0.00990027239110649,0,0,1,0,0,798
100,102123,1000,2,"poisson","fixed",0.000229541244289169,0.2,4.59082488578337e-05,0.0459082488578337,0.01,2000,0.5,1,0,0,NA,23.0790000000001,842,1,0,0.00993268661430272,0,0,1,1,0,799
100,102123,1000,2,"poisson","linesearch",0.000229541244289169,0.2,4.59082488578337e-05,0.0459082488578337,0.01,2000,0.5,1,7,0,NA,80.851,842,1,0,0.00993268661430272,0,0,1,0,0,800
