"iter","loglik","score_max_abs","finite_score","bt","eta_used","ls_ok","seed","n","k","family","method","eta0","eta_mult","eta_label","eta_init","eta_times_n","case"
1,-463074.625300115,197.347612285315,1,NA,NA,NA,123,1000,2,"poisson","fixed",0.000193571169469666,10,"10*eta0",0.00193571169469666,1.93571169469666,"fixed | 10*eta0"
2,-462950.517263386,444.788261993967,1,0,0.00193571169469666,1,123,1000,2,"poisson","fixed",0.000193571169469666,10,"10*eta0",0.00193571169469666,1.93571169469666,"fixed | 10*eta0"
3,-464893.384708591,714.753137976071,1,0,0.00193571169469666,1,123,1000,2,"poisson","fixed",0.000193571169469666,10,"10*eta0",0.00193571169469666,1.93571169469666,"fixed | 10*eta0"
4,-484507.107358899,2995.77412102468,1,0,0.00193571169469666,1,123,1000,2,"poisson","fixed",0.000193571169469666,10,"10*eta0",0.00193571169469666,1.93571169469666,"fixed | 10*eta0"
5,-686156.282731208,1380.96116213384,1,0,0.00193571169469666,1,123,1000,2,"poisson","fixed",0.000193571169469666,10,"10*eta0",0.00193571169469666,1.93571169469666,"fixed | 10*eta0"
6,-1786900.94188642,6198.90330117398,1,0,0.00193571169469666,1,123,1000,2,"poisson","fixed",0.000193571169469666,10,"10*eta0",0.00193571169469666,1.93571169469666,"fixed | 10*eta0"
7,-7981524.44288042,1385.1773548222,1,0,0.00193571169469666,1,123,1000,2,"poisson","fixed",0.000193571169469666,10,"10*eta0",0.00193571169469666,1.93571169469666,"fixed | 10*eta0"
8,-5484654.1347403,1819.25268418795,1,0,0.00193571169469666,1,123,1000,2,"poisson","fixed",0.000193571169469666,10,"10*eta0",0.00193571169469666,1.93571169469666,"fixed | 10*eta0"
9,-2483701115774.57,3906054112207.68,1,0,0.00193571169469666,1,123,1000,2,"poisson","fixed",0.000193571169469666,10,"10*eta0",0.00193571169469666,1.93571169469666,"fixed | 10*eta0"
10,-Inf,NA,0,0,0.00193571169469666,1,123,1000,2,"poisson","fixed",0.000193571169469666,10,"10*eta0",0.00193571169469666,1.93571169469666,"fixed | 10*eta0"
1,-463074.625300115,197.347612285315,1,NA,NA,NA,123,1000,2,"poisson","linesearch",0.000193571169469666,10,"10*eta0",0.00193571169469666,1.93571169469666,"linesearch | 10*eta0"
2,-462900.470289328,136.400009597089,1,2,0.000483927923674164,1,123,1000,2,"poisson","linesearch",0.000193571169469666,10,"10*eta0",0.00193571169469666,1.93571169469666,"linesearch | 10*eta0"
3,-462806.672549719,106.519899063819,1,2,0.000483927923674164,1,123,1000,2,"poisson","linesearch",0.000193571169469666,10,"10*eta0",0.00193571169469666,1.93571169469666,"linesearch | 10*eta0"
4,-462741.013115955,87.856942622545,1,2,0.000483927923674164,1,123,1000,2,"poisson","linesearch",0.000193571169469666,10,"10*eta0",0.00193571169469666,1.93571169469666,"linesearch | 10*eta0"
5,-462692.893981779,74.1506366409167,1,2,0.000483927923674164,1,123,1000,2,"poisson","linesearch",0.000193571169469666,10,"10*eta0",0.00193571169469666,1.93571169469666,"linesearch | 10*eta0"
6,-462657.267626575,63.0708574725069,1,2,0.000483927923674164,1,123,1000,2,"poisson","linesearch",0.000193571169469666,10,"10*eta0",0.00193571169469666,1.93571169469666,"linesearch | 10*eta0"
7,-462630.789321019,53.8162703135091,1,2,0.000483927923674164,1,123,1000,2,"poisson","linesearch",0.000193571169469666,10,"10*eta0",0.00193571169469666,1.93571169469666,"linesearch | 10*eta0"
8,-462611.058572648,45.9993220201228,1,2,0.000483927923674164,1,123,1000,2,"poisson","linesearch",0.000193571169469666,10,"10*eta0",0.00193571169469666,1.93571169469666,"linesearch | 10*eta0"
9,-462596.321562834,39.3685709337342,1,2,0.000483927923674164,1,123,1000,2,"poisson","linesearch",0.000193571169469666,10,"10*eta0",0.00193571169469666,1.93571169469666,"linesearch | 10*eta0"
10,-462585.289763387,33.7315377038834,1,2,0.000483927923674164,1,123,1000,2,"poisson","linesearch",0.000193571169469666,10,"10*eta0",0.00193571169469666,1.93571169469666,"linesearch | 10*eta0"
11,-462577.01358779,28.9317270651742,1,2,0.000483927923674164,1,123,1000,2,"poisson","linesearch",0.000193571169469666,10,"10*eta0",0.00193571169469666,1.93571169469666,"linesearch | 10*eta0"
12,-462570.79147664,24.8393116510605,1,2,0.000483927923674164,1,123,1000,2,"poisson","linesearch",0.000193571169469666,10,"10*eta0",0.00193571169469666,1.93571169469666,"linesearch | 10*eta0"
13,-462566.103886647,21.3457850107272,1,2,0.000483927923674164,1,123,1000,2,"poisson","linesearch",0.000193571169469666,10,"10*eta0",0.00193571169469666,1.93571169469666,"linesearch | 10*eta0"
14,-462562.565177928,18.3601240810047,1,2,0.000483927923674164,1,123,1000,2,"poisson","linesearch",0.000193571169469666,10,"10*eta0",0.00193571169469666,1.93571169469666,"linesearch | 10*eta0"
15,-462559.888453775,15.8057776097315,1,2,0.000483927923674164,1,123,1000,2,"poisson","linesearch",0.000193571169469666,10,"10*eta0",0.00193571169469666,1.93571169469666,"linesearch | 10*eta0"
16,-462557.859803686,13.6182297821227,1,2,0.000483927923674164,1,123,1000,2,"poisson","linesearch",0.000193571169469666,10,"10*eta0",0.00193571169469666,1.93571169469666,"linesearch | 10*eta0"
17,-462556.31938964,11.7430067711413,1,2,0.000483927923674164,1,123,1000,2,"poisson","linesearch",0.000193571169469666,10,"10*eta0",0.00193571169469666,1.93571169469666,"linesearch | 10*eta0"
18,-462555.147524514,10.1340362349435,1,2,0.000483927923674164,1,123,1000,2,"poisson","linesearch",0.000193571169469666,10,"10*eta0",0.00193571169469666,1.93571169469666,"linesearch | 10*eta0"
19,-462554.254401047,8.75229168514414,1,2,0.000483927923674164,1,123,1000,2,"poisson","linesearch",0.000193571169469666,10,"10*eta0",0.00193571169469666,1.93571169469666,"linesearch | 10*eta0"
20,-462553.57249607,7.56466833249948,1,2,0.000483927923674164,1,123,1000,2,"poisson","linesearch",0.000193571169469666,10,"10*eta0",0.00193571169469666,1.93571169469666,"linesearch | 10*eta0"
21,-462553.050941186,6.54304797245393,1,2,0.000483927923674164,1,123,1000,2,"poisson","linesearch",0.000193571169469666,10,"10*eta0",0.00193571169469666,1.93571169469666,"linesearch | 10*eta0"
22,-462552.651340708,5.66351893621779,1,2,0.000483927923674164,1,123,1000,2,"poisson","linesearch",0.000193571169469666,10,"10*eta0",0.00193571169469666,1.93571169469666,"linesearch | 10*eta0"
23,-462552.344658739,4.9057237513614,1,2,0.000483927923674164,1,123,1000,2,"poisson","linesearch",0.000193571169469666,10,"10*eta0",0.00193571169469666,1.93571169469666,"linesearch | 10*eta0"
24,-462552.108896909,4.2523123672058,1,2,0.000483927923674164,1,123,1000,2,"poisson","linesearch",0.000193571169469666,10,"10*eta0",0.00193571169469666,1.93571169469666,"linesearch | 10*eta0"
25,-462551.927358434,3.68848292846626,1,2,0.000483927923674164,1,123,1000,2,"poisson","linesearch",0.000193571169469666,10,"10*eta0",0.00193571169469666,1.93571169469666,"linesearch | 10*eta0"
26,-462551.78734775,3.20159537051189,1,2,0.000483927923674164,1,123,1000,2,"poisson","linesearch",0.000193571169469666,10,"10*eta0",0.00193571169469666,1.93571169469666,"linesearch | 10*eta0"
27,-462551.679194891,2.78084574716121,1,2,0.000483927923674164,1,123,1000,2,"poisson","linesearch",0.000193571169469666,10,"10*eta0",0.00193571169469666,1.93571169469666,"linesearch | 10*eta0"
28,-462551.595521685,2.41699132868616,1,2,0.000483927923674164,1,123,1000,2,"poisson","linesearch",0.000193571169469666,10,"10*eta0",0.00193571169469666,1.93571169469666,"linesearch | 10*eta0"
29,-462551.530689008,2.11050022818258,1,2,0.000483927923674164,1,123,1000,2,"poisson","linesearch",0.000193571169469666,10,"10*eta0",0.00193571169469666,1.93571169469666,"linesearch | 10*eta0"
30,-462551.480379878,1.86046161912832,1,2,0.000483927923674164,1,123,1000,2,"poisson","linesearch",0.000193571169469666,10,"10*eta0",0.00193571169469666,1.93571169469666,"linesearch | 10*eta0"
31,-462551.441283812,1.64086379304238,1,2,0.000483927923674164,1,123,1000,2,"poisson","linesearch",0.000193571169469666,10,"10*eta0",0.00193571169469666,1.93571169469666,"linesearch | 10*eta0"
32,-462551.410858253,1.44788951451884,1,2,0.000483927923674164,1,123,1000,2,"poisson","linesearch",0.000193571169469666,10,"10*eta0",0.00193571169469666,1.93571169469666,"linesearch | 10*eta0"
33,-462551.387147222,1.27821559523932,1,2,0.000483927923674164,1,123,1000,2,"poisson","linesearch",0.000193571169469666,10,"10*eta0",0.00193571169469666,1.93571169469666,"linesearch | 10*eta0"
34,-462551.368643655,1.12894679767463,1,2,0.000483927923674164,1,123,1000,2,"poisson","linesearch",0.000193571169469666,10,"10*eta0",0.00193571169469666,1.93571169469666,"linesearch | 10*eta0"
35,-462551.354184637,0.997558886408926,1,2,0.000483927923674164,1,123,1000,2,"poisson","linesearch",0.000193571169469666,10,"10*eta0",0.00193571169469666,1.93571169469666,"linesearch | 10*eta0"
36,-462551.342871385,0.881849517778185,1,2,0.000483927923674164,1,123,1000,2,"poisson","linesearch",0.000193571169469666,10,"10*eta0",0.00193571169469666,1.93571169469666,"linesearch | 10*eta0"
37,-462551.334008206,0.779895852038863,1,2,0.000483927923674164,1,123,1000,2,"poisson","linesearch",0.000193571169469666,10,"10*eta0",0.00193571169469666,1.93571169469666,"linesearch | 10*eta0"
38,-462551.327055945,0.69001793633976,1,2,0.000483927923674164,1,123,1000,2,"poisson","linesearch",0.000193571169469666,10,"10*eta0",0.00193571169469666,1.93571169469666,"linesearch | 10*eta0"
39,-462551.321595987,0.610747045973486,1,2,0.000483927923674164,1,123,1000,2,"poisson","linesearch",0.000193571169469666,10,"10*eta0",0.00193571169469666,1.93571169469666,"linesearch | 10*eta0"
40,-462551.317302975,0.540798289599894,1,2,0.000483927923674164,1,123,1000,2,"poisson","linesearch",0.000193571169469666,10,"10*eta0",0.00193571169469666,1.93571169469666,"linesearch | 10*eta0"
41,-462551.313923669,0.479046884617917,1,2,0.000483927923674164,1,123,1000,2,"poisson","linesearch",0.000193571169469666,10,"10*eta0",0.00193571169469666,1.93571169469666,"linesearch | 10*eta0"
42,-462551.311260636,0.424507594340825,1,2,0.000483927923674164,1,123,1000,2,"poisson","linesearch",0.000193571169469666,10,"10*eta0",0.00193571169469666,1.93571169469666,"linesearch | 10*eta0"
43,-462551.309159814,0.376316891414982,1,2,0.000483927923674164,1,123,1000,2,"poisson","linesearch",0.000193571169469666,10,"10*eta0",0.00193571169469666,1.93571169469666,"linesearch | 10*eta0"
44,-462551.307500738,0.333717473949152,1,2,0.000483927923674164,1,123,1000,2,"poisson","linesearch",0.000193571169469666,10,"10*eta0",0.00193571169469666,1.93571169469666,"linesearch | 10*eta0"
45,-462551.306189201,0.296044813724512,1,2,0.000483927923674164,1,123,1000,2,"poisson","linesearch",0.000193571169469666,10,"10*eta0",0.00193571169469666,1.93571169469666,"linesearch | 10*eta0"
46,-462551.305151422,0.262715461024885,1,2,0.000483927923674164,1,123,1000,2,"poisson","linesearch",0.000193571169469666,10,"10*eta0",0.00193571169469666,1.93571169469666,"linesearch | 10*eta0"
47,-462551.304329443,0.233216869217755,1,2,0.000483927923674164,1,123,1000,2,"poisson","linesearch",0.000193571169469666,10,"10*eta0",0.00193571169469666,1.93571169469666,"linesearch | 10*eta0"
48,-462551.303677764,0.207098535225208,1,2,0.000483927923674164,1,123,1000,2,"poisson","linesearch",0.000193571169469666,10,"10*eta0",0.00193571169469666,1.93571169469666,"linesearch | 10*eta0"
49,-462551.30316068,0.183964280276872,1,2,0.000483927923674164,1,123,1000,2,"poisson","linesearch",0.000193571169469666,10,"10*eta0",0.00193571169469666,1.93571169469666,"linesearch | 10*eta0"
50,-462551.302750031,0.163465519546408,1,2,0.000483927923674164,1,123,1000,2,"poisson","linesearch",0.000193571169469666,10,"10*eta0",0.00193571169469666,1.93571169469666,"linesearch | 10*eta0"
51,-462551.302423644,0.145295390031338,1,2,0.000483927923674164,1,123,1000,2,"poisson","linesearch",0.000193571169469666,10,"10*eta0",0.00193571169469666,1.93571169469666,"linesearch | 10*eta0"
52,-462551.302163971,0.129183623857042,1,2,0.000483927923674164,1,123,1000,2,"poisson","linesearch",0.000193571169469666,10,"10*eta0",0.00193571169469666,1.93571169469666,"linesearch | 10*eta0"
53,-462551.30195727,0.114892069490001,1,2,0.000483927923674164,1,123,1000,2,"poisson","linesearch",0.000193571169469666,10,"10*eta0",0.00193571169469666,1.93571169469666,"linesearch | 10*eta0"
54,-462551.301792583,0.10221077651163,1,2,0.000483927923674164,1,123,1000,2,"poisson","linesearch",0.000193571169469666,10,"10*eta0",0.00193571169469666,1.93571169469666,"linesearch | 10*eta0"
55,-462551.301661277,0.0909545709286263,1,2,0.000483927923674164,1,123,1000,2,"poisson","linesearch",0.000193571169469666,10,"10*eta0",0.00193571169469666,1.93571169469666,"linesearch | 10*eta0"
56,-462551.301556522,0.0809600577546526,1,2,0.000483927923674164,1,123,1000,2,"poisson","linesearch",0.000193571169469666,10,"10*eta0",0.00193571169469666,1.93571169469666,"linesearch | 10*eta0"
57,-462551.301472874,0.0720829960079356,1,2,0.000483927923674164,1,123,1000,2,"poisson","linesearch",0.000193571169469666,10,"10*eta0",0.00193571169469666,1.93571169469666,"linesearch | 10*eta0"
58,-462551.30140605,0.0641959985276399,1,2,0.000483927923674164,1,123,1000,2,"poisson","linesearch",0.000193571169469666,10,"10*eta0",0.00193571169469666,1.93571169469666,"linesearch | 10*eta0"
59,-462551.301352612,0.057344075994468,1,2,0.000483927923674164,1,123,1000,2,"poisson","linesearch",0.000193571169469666,10,"10*eta0",0.00193571169469666,1.93571169469666,"linesearch | 10*eta0"
60,-462551.301309894,0.0512923883723844,1,2,0.000483927923674164,1,123,1000,2,"poisson","linesearch",0.000193571169469666,10,"10*eta0",0.00193571169469666,1.93571169469666,"linesearch | 10*eta0"
61,-462551.3012757,0.0458865257764647,1,2,0.000483927923674164,1,123,1000,2,"poisson","linesearch",0.000193571169469666,10,"10*eta0",0.00193571169469666,1.93571169469666,"linesearch | 10*eta0"
62,-462551.301248305,0.0410566959121642,1,2,0.000483927923674164,1,123,1000,2,"poisson","linesearch",0.000193571169469666,10,"10*eta0",0.00193571169469666,1.93571169469666,"linesearch | 10*eta0"
63,-462551.301226352,0.036740756330625,1,2,0.000483927923674164,1,123,1000,2,"poisson","linesearch",0.000193571169469666,10,"10*eta0",0.00193571169469666,1.93571169469666,"linesearch | 10*eta0"
64,-462551.301208744,0.0328833623583522,1,2,0.000483927923674164,1,123,1000,2,"poisson","linesearch",0.000193571169469666,10,"10*eta0",0.00193571169469666,1.93571169469666,"linesearch | 10*eta0"
65,-462551.301194628,0.0294352116930911,1,2,0.000483927923674164,1,123,1000,2,"poisson","linesearch",0.000193571169469666,10,"10*eta0",0.00193571169469666,1.93571169469666,"linesearch | 10*eta0"
66,-462551.301183306,0.026352374463754,1,2,0.000483927923674164,1,123,1000,2,"poisson","linesearch",0.000193571169469666,10,"10*eta0",0.00193571169469666,1.93571169469666,"linesearch | 10*eta0"
67,-462551.301174182,0.0235956988835637,1,2,0.000483927923674164,1,123,1000,2,"poisson","linesearch",0.000193571169469666,10,"10*eta0",0.00193571169469666,1.93571169469666,"linesearch | 10*eta0"
68,-462551.30116689,0.0211302837936457,1,2,0.000483927923674164,1,123,1000,2,"poisson","linesearch",0.000193571169469666,10,"10*eta0",0.00193571169469666,1.93571169469666,"linesearch | 10*eta0"
69,-462551.301161032,0.0189250104192557,1,2,0.000483927923674164,1,123,1000,2,"poisson","linesearch",0.000193571169469666,10,"10*eta0",0.00193571169469666,1.93571169469666,"linesearch | 10*eta0"
70,-462551.301156301,0.0169521265627405,1,2,0.000483927923674164,1,123,1000,2,"poisson","linesearch",0.000193571169469666,10,"10*eta0",0.00193571169469666,1.93571169469666,"linesearch | 10*eta0"
71,-462551.301152492,0.0151868772492733,1,2,0.000483927923674164,1,123,1000,2,"poisson","linesearch",0.000193571169469666,10,"10*eta0",0.00193571169469666,1.93571169469666,"linesearch | 10*eta0"
72,-462551.301149433,0.013607176541655,1,2,0.000483927923674164,1,123,1000,2,"poisson","linesearch",0.000193571169469666,10,"10*eta0",0.00193571169469666,1.93571169469666,"linesearch | 10*eta0"
73,-462551.301146987,0.0121933158496071,1,2,0.000483927923674164,1,123,1000,2,"poisson","linesearch",0.000193571169469666,10,"10*eta0",0.00193571169469666,1.93571169469666,"linesearch | 10*eta0"
74,-462551.301144993,0.0109277046066786,1,2,0.000483927923674164,1,123,1000,2,"poisson","linesearch",0.000193571169469666,10,"10*eta0",0.00193571169469666,1.93571169469666,"linesearch | 10*eta0"
75,-462551.301143396,0.00979463965805938,1,2,0.000483927923674164,1,123,1000,2,"poisson","linesearch",0.000193571169469666,10,"10*eta0",0.00193571169469666,1.93571169469666,"linesearch | 10*eta0"
1,-463074.625300115,197.347612285315,1,NA,NA,NA,123,1000,2,"poisson","fixed",0.000193571169469666,5,"5*eta0",0.000967855847348329,0.967855847348329,"fixed | 5*eta0"
2,-462816.208761141,130.347369258313,1,0,0.000967855847348329,1,123,1000,2,"poisson","fixed",0.000193571169469666,5,"5*eta0",0.000967855847348329,0.967855847348329,"fixed | 5*eta0"
3,-462705.533952542,96.9886974017468,1,0,0.000967855847348329,1,123,1000,2,"poisson","fixed",0.000193571169469666,5,"5*eta0",0.000967855847348329,0.967855847348329,"fixed | 5*eta0"
4,-462655.169000266,76.3134607908012,1,0,0.000967855847348329,1,123,1000,2,"poisson","fixed",0.000193571169469666,5,"5*eta0",0.000967855847348329,0.967855847348329,"fixed | 5*eta0"
5,-462638.428721998,59.2099307132184,1,0,0.000967855847348329,1,123,1000,2,"poisson","fixed",0.000193571169469666,5,"5*eta0",0.000967855847348329,0.967855847348329,"fixed | 5*eta0"
6,-462641.39838674,67.4321311543132,1,0,0.000967855847348329,1,123,1000,2,"poisson","fixed",0.000193571169469666,5,"5*eta0",0.000967855847348329,0.967855847348329,"fixed | 5*eta0"
7,-462664.049397095,52.9311722312436,1,0,0.000967855847348329,1,123,1000,2,"poisson","fixed",0.000193571169469666,5,"5*eta0",0.000967855847348329,0.967855847348329,"fixed | 5*eta0"
8,-462699.323572424,79.9735001945878,1,0,0.000967855847348329,1,123,1000,2,"poisson","fixed",0.000193571169469666,5,"5*eta0",0.000967855847348329,0.967855847348329,"fixed | 5*eta0"
9,-462764.159121088,81.5949460656362,1,0,0.000967855847348329,1,123,1000,2,"poisson","fixed",0.000193571169469666,5,"5*eta0",0.000967855847348329,0.967855847348329,"fixed | 5*eta0"
10,-462843.133112376,108.225919628653,1,0,0.000967855847348329,1,123,1000,2,"poisson","fixed",0.000193571169469666,5,"5*eta0",0.000967855847348329,0.967855847348329,"fixed | 5*eta0"
11,-462986.621101963,121.217476619984,1,0,0.000967855847348329,1,123,1000,2,"poisson","fixed",0.000193571169469666,5,"5*eta0",0.000967855847348329,0.967855847348329,"fixed | 5*eta0"
12,-463143.632938956,152.80970611928,1,0,0.000967855847348329,1,123,1000,2,"poisson","fixed",0.000193571169469666,5,"5*eta0",0.000967855847348329,0.967855847348329,"fixed | 5*eta0"
13,-463453.876338371,175.629734492051,1,0,0.000967855847348329,1,123,1000,2,"poisson","fixed",0.000193571169469666,5,"5*eta0",0.000967855847348329,0.967855847348329,"fixed | 5*eta0"
14,-463750.827256669,217.307550486392,1,0,0.000967855847348329,1,123,1000,2,"poisson","fixed",0.000193571169469666,5,"5*eta0",0.000967855847348329,0.967855847348329,"fixed | 5*eta0"
15,-464423.116131606,249.417257788143,1,0,0.000967855847348329,1,123,1000,2,"poisson","fixed",0.000193571169469666,5,"5*eta0",0.000967855847348329,0.967855847348329,"fixed | 5*eta0"
16,-464947.563823641,306.081104783093,1,0,0.000967855847348329,1,123,1000,2,"poisson","fixed",0.000193571169469666,5,"5*eta0",0.000967855847348329,0.967855847348329,"fixed | 5*eta0"
17,-466405.074349682,345.866654412042,1,0,0.000967855847348329,1,123,1000,2,"poisson","fixed",0.000193571169469666,5,"5*eta0",0.000967855847348329,0.967855847348329,"fixed | 5*eta0"
18,-467213.802041309,420.315965421026,1,0,0.000967855847348329,1,123,1000,2,"poisson","fixed",0.000193571169469666,5,"5*eta0",0.000967855847348329,0.967855847348329,"fixed | 5*eta0"
19,-470332.9272508,462.917396296057,1,0,0.000967855847348329,1,123,1000,2,"poisson","fixed",0.000193571169469666,5,"5*eta0",0.000967855847348329,0.967855847348329,"fixed | 5*eta0"
20,-471209.126675797,550.673369486282,1,0,0.000967855847348329,1,123,1000,2,"poisson","fixed",0.000193571169469666,5,"5*eta0",0.000967855847348329,0.967855847348329,"fixed | 5*eta0"
21,-477618.012777623,588.048545171484,1,0,0.000967855847348329,1,123,1000,2,"poisson","fixed",0.000193571169469666,5,"5*eta0",0.000967855847348329,0.967855847348329,"fixed | 5*eta0"
22,-477425.828155753,672.529396974894,1,0,0.000967855847348329,1,123,1000,2,"poisson","fixed",0.000193571169469666,5,"5*eta0",0.000967855847348329,0.967855847348329,"fixed | 5*eta0"
23,-489518.317474413,699.427197542187,1,0,0.000967855847348329,1,123,1000,2,"poisson","fixed",0.000193571169469666,5,"5*eta0",0.000967855847348329,0.967855847348329,"fixed | 5*eta0"
24,-485324.643614567,761.373347521982,1,0,0.000967855847348329,1,123,1000,2,"poisson","fixed",0.000193571169469666,5,"5*eta0",0.000967855847348329,0.967855847348329,"fixed | 5*eta0"
25,-505198.636896378,780.129261041328,1,0,0.000967855847348329,1,123,1000,2,"poisson","fixed",0.000193571169469666,5,"5*eta0",0.000967855847348329,0.967855847348329,"fixed | 5*eta0"
26,-492833.912757006,816.452839629493,1,0,0.000967855847348329,1,123,1000,2,"poisson","fixed",0.000193571169469666,5,"5*eta0",0.000967855847348329,0.967855847348329,"fixed | 5*eta0"
27,-520357.241302362,829.40901426796,1,0,0.000967855847348329,1,123,1000,2,"poisson","fixed",0.000193571169469666,5,"5*eta0",0.000967855847348329,0.967855847348329,"fixed | 5*eta0"
28,-497891.151802564,847.506564828346,1,0,0.000967855847348329,1,123,1000,2,"poisson","fixed",0.000193571169469666,5,"5*eta0",0.000967855847348329,0.967855847348329,"fixed | 5*eta0"
29,-530552.488768679,854.776090226972,1,0,0.000967855847348329,1,123,1000,2,"poisson","fixed",0.000193571169469666,5,"5*eta0",0.000967855847348329,0.967855847348329,"fixed | 5*eta0"
30,-500364.52621614,862.038212546433,1,0,0.000967855847348329,1,123,1000,2,"poisson","fixed",0.000193571169469666,5,"5*eta0",0.000967855847348329,0.967855847348329,"fixed | 5*eta0"
31,-535482.314796684,865.380989298681,1,0,0.000967855847348329,1,123,1000,2,"poisson","fixed",0.000193571169469666,5,"5*eta0",0.000967855847348329,0.967855847348329,"fixed | 5*eta0"
32,-501330.629075698,868.040972740949,1,0,0.000967855847348329,1,123,1000,2,"poisson","fixed",0.000193571169469666,5,"5*eta0",0.000967855847348329,0.967855847348329,"fixed | 5*eta0"
33,-537375.18019945,869.241653115717,1,0,0.000967855847348329,1,123,1000,2,"poisson","fixed",0.000193571169469666,5,"5*eta0",0.000967855847348329,0.967855847348329,"fixed | 5*eta0"
34,-501663.535899306,870.1353452092,1,0,0.000967855847348329,1,123,1000,2,"poisson","fixed",0.000193571169469666,5,"5*eta0",0.000967855847348329,0.967855847348329,"fixed | 5*eta0"
35,-538015.076661015,870.502839113712,1,0,0.000967855847348329,1,123,1000,2,"poisson","fixed",0.000193571169469666,5,"5*eta0",0.000967855847348329,0.967855847348329,"fixed | 5*eta0"
36,-501770.78558031,870.895038732809,1,0,0.000967855847348329,1,123,1000,2,"poisson","fixed",0.000193571169469666,5,"5*eta0",0.000967855847348329,0.967855847348329,"fixed | 5*eta0"
37,-538217.119488421,870.939805997684,1,0,0.000967855847348329,1,123,1000,2,"poisson","fixed",0.000193571169469666,5,"5*eta0",0.000967855847348329,0.967855847348329,"fixed | 5*eta0"
38,-501803.917130812,871.077989117568,1,0,0.000967855847348329,1,123,1000,2,"poisson","fixed",0.000193571169469666,5,"5*eta0",0.000967855847348329,0.967855847348329,"fixed | 5*eta0"
39,-538278.294728491,871.069499847176,1,0,0.000967855847348329,1,123,1000,2,"poisson","fixed",0.000193571169469666,5,"5*eta0",0.000967855847348329,0.967855847348329,"fixed | 5*eta0"
40,-501813.799647602,871.165998180114,1,0,0.000967855847348329,1,123,1000,2,"poisson","fixed",0.000193571169469666,5,"5*eta0",0.000967855847348329,0.967855847348329,"fixed | 5*eta0"
41,-538296.122522776,871.130606349299,1,0,0.000967855847348329,1,123,1000,2,"poisson","fixed",0.000193571169469666,5,"5*eta0",0.000967855847348329,0.967855847348329,"fixed | 5*eta0"
42,-501816.644027638,871.156103072021,1,0,0.000967855847348329,1,123,1000,2,"poisson","fixed",0.000193571169469666,5,"5*eta0",0.000967855847348329,0.967855847348329,"fixed | 5*eta0"
43,-538301.102500583,871.142390232538,1,0,0.000967855847348329,1,123,1000,2,"poisson","fixed",0.000193571169469666,5,"5*eta0",0.000967855847348329,0.967855847348329,"fixed | 5*eta0"
44,-501817.431128962,871.175406508326,1,0,0.000967855847348329,1,123,1000,2,"poisson","fixed",0.000193571169469666,5,"5*eta0",0.000967855847348329,0.967855847348329,"fixed | 5*eta0"
45,-538302.426005395,871.1574646436,1,0,0.000967855847348329,1,123,1000,2,"poisson","fixed",0.000193571169469666,5,"5*eta0",0.000967855847348329,0.967855847348329,"fixed | 5*eta0"
46,-501817.632446954,871.159321928248,1,0,0.000967855847348329,1,123,1000,2,"poisson","fixed",0.000193571169469666,5,"5*eta0",0.000967855847348329,0.967855847348329,"fixed | 5*eta0"
47,-538302.727116652,871.156176857964,1,0,0.000967855847348329,1,123,1000,2,"poisson","fixed",0.000193571169469666,5,"5*eta0",0.000967855847348329,0.967855847348329,"fixed | 5*eta0"
48,-501817.681836654,871.170015797326,1,0,0.000967855847348329,1,123,1000,2,"poisson","fixed",0.000193571169469666,5,"5*eta0",0.000967855847348329,0.967855847348329,"fixed | 5*eta0"
49,-538302.793251214,871.162418293923,1,0,0.000967855847348329,1,123,1000,2,"poisson","fixed",0.000193571169469666,5,"5*eta0",0.000967855847348329,0.967855847348329,"fixed | 5*eta0"
50,-501817.688351246,871.159609859463,1,0,0.000967855847348329,1,123,1000,2,"poisson","fixed",0.000193571169469666,5,"5*eta0",0.000967855847348329,0.967855847348329,"fixed | 5*eta0"
51,-538302.784217868,871.160028319921,1,0,0.000967855847348329,1,123,1000,2,"poisson","fixed",0.000193571169469666,5,"5*eta0",0.000967855847348329,0.967855847348329,"fixed | 5*eta0"
52,-501817.689985349,871.166889066447,1,0,0.000967855847348329,1,123,1000,2,"poisson","fixed",0.000193571169469666,5,"5*eta0",0.000967855847348329,0.967855847348329,"fixed | 5*eta0"
53,-538302.783475185,871.163356860189,1,0,0.000967855847348329,1,123,1000,2,"poisson","fixed",0.000193571169469666,5,"5*eta0",0.000967855847348329,0.967855847348329,"fixed | 5*eta0"
54,-501817.687566303,871.160376211483,1,0,0.000967855847348329,1,123,1000,2,"poisson","fixed",0.000193571169469666,5,"5*eta0",0.000967855847348329,0.967855847348329,"fixed | 5*eta0"
55,-538302.770363804,871.161433632214,1,0,0.000967855847348329,1,123,1000,2,"poisson","fixed",0.000193571169469666,5,"5*eta0",0.000967855847348329,0.967855847348329,"fixed | 5*eta0"
56,-501817.687865124,871.165273313477,1,0,0.000967855847348329,1,123,1000,2,"poisson","fixed",0.000193571169469666,5,"5*eta0",0.000967855847348329,0.967855847348329,"fixed | 5*eta0"
57,-538302.771413774,871.1634085906,1,0,0.000967855847348329,1,123,1000,2,"poisson","fixed",0.000193571169469666,5,"5*eta0",0.000967855847348329,0.967855847348329,"fixed | 5*eta0"
58,-501817.686469319,871.161124938988,1,0,0.000967855847348329,1,123,1000,2,"poisson","fixed",0.000193571169469666,5,"5*eta0",0.000967855847348329,0.967855847348329,"fixed | 5*eta0"
59,-538302.764496632,871.16205343767,1,0,0.000967855847348329,1,123,1000,2,"poisson","fixed",0.000193571169469666,5,"5*eta0",0.000967855847348329,0.967855847348329,"fixed | 5*eta0"
60,-501817.686962428,871.164362991691,1,0,0.000967855847348329,1,123,1000,2,"poisson","fixed",0.000193571169469666,5,"5*eta0",0.000967855847348329,0.967855847348329,"fixed | 5*eta0"
61,-538302.766601153,871.163282849022,1,0,0.000967855847348329,1,123,1000,2,"poisson","fixed",0.000193571169469666,5,"5*eta0",0.000967855847348329,0.967855847348329,"fixed | 5*eta0"
62,-501817.686217051,871.161689619642,1,0,0.000967855847348329,1,123,1000,2,"poisson","fixed",0.000193571169469666,5,"5*eta0",0.000967855847348329,0.967855847348329,"fixed | 5*eta0"
63,-538302.762814037,871.162369191229,1,0,0.000967855847348329,1,123,1000,2,"poisson","fixed",0.000193571169469666,5,"5*eta0",0.000967855847348329,0.967855847348329,"fixed | 5*eta0"
64,-501817.686644315,871.163812628853,1,0,0.000967855847348329,1,123,1000,2,"poisson","fixed",0.000193571169469666,5,"5*eta0",0.000967855847348329,0.967855847348329,"fixed | 5*eta0"
65,-538302.76467857,871.163151991738,1,0,0.000967855847348329,1,123,1000,2,"poisson","fixed",0.000193571169469666,5,"5*eta0",0.000967855847348329,0.967855847348329,"fixed | 5*eta0"
66,-501817.686206106,871.162080299099,1,0,0.000967855847348329,1,123,1000,2,"poisson","fixed",0.000193571169469666,5,"5*eta0",0.000967855847348329,0.967855847348329,"fixed | 5*eta0"
67,-538302.762450436,871.162547099006,1,0,0.000967855847348329,1,123,1000,2,"poisson","fixed",0.000193571169469666,5,"5*eta0",0.000967855847348329,0.967855847348329,"fixed | 5*eta0"
68,-501817.686513567,871.163467034902,1,0,0.000967855847348329,1,123,1000,2,"poisson","fixed",0.000193571169469666,5,"5*eta0",0.000967855847348329,0.967855847348329,"fixed | 5*eta0"
69,-538302.763827615,871.163050998143,1,0,0.000967855847348329,1,123,1000,2,"poisson","fixed",0.000193571169469666,5,"5*eta0",0.000967855847348329,0.967855847348329,"fixed | 5*eta0"
70,-501817.686240459,871.162341715162,1,0,0.000967855847348329,1,123,1000,2,"poisson","fixed",0.000193571169469666,5,"5*eta0",0.000967855847348329,0.967855847348329,"fixed | 5*eta0"
71,-538302.762456748,871.162653830599,1,0,0.000967855847348329,1,123,1000,2,"poisson","fixed",0.000193571169469666,5,"5*eta0",0.000967855847348329,0.967855847348329,"fixed | 5*eta0"
72,-501817.68644859,871.163246000355,1,0,0.000967855847348329,1,123,1000,2,"poisson","fixed",0.000193571169469666,5,"5*eta0",0.000967855847348329,0.967855847348329,"fixed | 5*eta0"
73,-538302.763409191,871.162979952997,1,0,0.000967855847348329,1,123,1000,2,"poisson","fixed",0.000193571169469666,5,"5*eta0",0.000967855847348329,0.967855847348329,"fixed | 5*eta0"
74,-501817.686273978,871.162514162145,1,0,0.000967855847348329,1,123,1000,2,"poisson","fixed",0.000193571169469666,5,"5*eta0",0.000967855847348329,0.967855847348329,"fixed | 5*eta0"
75,-538302.762544722,871.162720220634,1,0,0.000967855847348329,1,123,1000,2,"poisson","fixed",0.000193571169469666,5,"5*eta0",0.000967855847348329,0.967855847348329,"fixed | 5*eta0"
76,-501817.686411662,871.16310338021,1,0,0.000967855847348329,1,123,1000,2,"poisson","fixed",0.000193571169469666,5,"5*eta0",0.000967855847348329,0.967855847348329,"fixed | 5*eta0"
77,-538302.763184646,871.162931866635,1,0,0.000967855847348329,1,123,1000,2,"poisson","fixed",0.000193571169469666,5,"5*eta0",0.000967855847348329,0.967855847348329,"fixed | 5*eta0"
78,-501817.6862988,871.162627179408,1,0,0.000967855847348329,1,123,1000,2,"poisson","fixed",0.000193571169469666,5,"5*eta0",0.000967855847348329,0.967855847348329,"fixed | 5*eta0"
79,-538302.762632058,871.162762356491,1,0,0.000967855847348329,1,123,1000,2,"poisson","fixed",0.000193571169469666,5,"5*eta0",0.000967855847348329,0.967855847348329,"fixed | 5*eta0"
80,-501817.686389071,871.163010958086,1,0,0.000967855847348329,1,123,1000,2,"poisson","fixed",0.000193571169469666,5,"5*eta0",0.000967855847348329,0.967855847348329,"fixed | 5*eta0"
81,-538302.763055919,871.162899907393,1,0,0.000967855847348329,1,123,1000,2,"poisson","fixed",0.000193571169469666,5,"5*eta0",0.000967855847348329,0.967855847348329,"fixed | 5*eta0"
82,-501817.686315798,871.162701014712,1,0,0.000967855847348329,1,123,1000,2,"poisson","fixed",0.000193571169469666,5,"5*eta0",0.000967855847348329,0.967855847348329,"fixed | 5*eta0"
83,-538302.762699985,871.162789397264,1,0,0.000967855847348329,1,123,1000,2,"poisson","fixed",0.000193571169469666,5,"5*eta0",0.000967855847348329,0.967855847348329,"fixed | 5*eta0"
84,-501817.686374742,871.16295093531,1,0,0.000967855847348329,1,123,1000,2,"poisson","fixed",0.000193571169469666,5,"5*eta0",0.000967855847348329,0.967855847348329,"fixed | 5*eta0"
85,-538302.76297863,871.162878862064,1,0,0.000967855847348329,1,123,1000,2,"poisson","fixed",0.000193571169469666,5,"5*eta0",0.000967855847348329,0.967855847348329,"fixed | 5*eta0"
86,-501817.686327097,871.162749175389,1,0,0.000967855847348329,1,123,1000,2,"poisson","fixed",0.000193571169469666,5,"5*eta0",0.000967855847348329,0.967855847348329,"fixed | 5*eta0"
87,-538302.762748378,871.162806857832,1,0,0.000967855847348329,1,123,1000,2,"poisson","fixed",0.000193571169469666,5,"5*eta0",0.000967855847348329,0.967855847348329,"fixed | 5*eta0"
88,-501817.686365523,871.162911909959,1,0,0.000967855847348329,1,123,1000,2,"poisson","fixed",0.000193571169469666,5,"5*eta0",0.000967855847348329,0.967855847348329,"fixed | 5*eta0"
89,-538302.7629308,871.162865071596,1,0,0.000967855847348329,1,123,1000,2,"poisson","fixed",0.000193571169469666,5,"5*eta0",0.000967855847348329,0.967855847348329,"fixed | 5*eta0"
90,-501817.686334502,871.162780563173,1,0,0.000967855847348329,1,123,1000,2,"poisson","fixed",0.000193571169469666,5,"5*eta0",0.000967855847348329,0.967855847348329,"fixed | 5*eta0"
91,-538302.762781456,871.162818171357,1,0,0.000967855847348329,1,123,1000,2,"poisson","fixed",0.000193571169469666,5,"5*eta0",0.000967855847348329,0.967855847348329,"fixed | 5*eta0"
92,-501817.686359535,871.162886521345,1,0,0.000967855847348329,1,123,1000,2,"poisson","fixed",0.000193571169469666,5,"5*eta0",0.000967855847348329,0.967855847348329,"fixed | 5*eta0"
93,-538302.762900656,871.162856059495,1,0,0.000967855847348329,1,123,1000,2,"poisson","fixed",0.000193571169469666,5,"5*eta0",0.000967855847348329,0.967855847348329,"fixed | 5*eta0"
94,-501817.686339362,871.162801010444,1,0,0.000967855847348329,1,123,1000,2,"poisson","fixed",0.000193571169469666,5,"5*eta0",0.000967855847348329,0.967855847348329,"fixed | 5*eta0"
95,-538302.762803619,871.162825516372,1,0,0.000967855847348329,1,123,1000,2,"poisson","fixed",0.000193571169469666,5,"5*eta0",0.000967855847348329,0.967855847348329,"fixed | 5*eta0"
96,-501817.686355644,871.162869998902,1,0,0.000967855847348329,1,123,1000,2,"poisson","fixed",0.000193571169469666,5,"5*eta0",0.000967855847348329,0.967855847348329,"fixed | 5*eta0"
97,-538302.762881386,871.162850179068,1,0,0.000967855847348329,1,123,1000,2,"poisson","fixed",0.000193571169469666,5,"5*eta0",0.000967855847348329,0.967855847348329,"fixed | 5*eta0"
98,-501817.686342475,871.162814327358,1,0,0.000967855847348329,1,123,1000,2,"poisson","fixed",0.000193571169469666,5,"5*eta0",0.000967855847348329,0.967855847348329,"fixed | 5*eta0"
99,-538302.762818305,871.162830290371,1,0,0.000967855847348329,1,123,1000,2,"poisson","fixed",0.000193571169469666,5,"5*eta0",0.000967855847348329,0.967855847348329,"fixed | 5*eta0"
100,-501817.6863531,871.162859244428,1,0,0.000967855847348329,1,123,1000,2,"poisson","fixed",0.000193571169469666,5,"5*eta0",0.000967855847348329,0.967855847348329,"fixed | 5*eta0"
101,-538302.762868983,871.162846345462,1,0,0.000967855847348329,1,123,1000,2,"poisson","fixed",0.000193571169469666,5,"5*eta0",0.000967855847348329,0.967855847348329,"fixed | 5*eta0"
102,-501817.686344553,871.16282299922,1,0,0.000967855847348329,1,123,1000,2,"poisson","fixed",0.000193571169469666,5,"5*eta0",0.000967855847348329,0.967855847348329,"fixed | 5*eta0"
103,-538302.762827938,871.162833395377,1,0,0.000967855847348329,1,123,1000,2,"poisson","fixed",0.000193571169469666,5,"5*eta0",0.000967855847348329,0.967855847348329,"fixed | 5*eta0"
104,-501817.686351462,871.162852243595,1,0,0.000967855847348329,1,123,1000,2,"poisson","fixed",0.000193571169469666,5,"5*eta0",0.000967855847348329,0.967855847348329,"fixed | 5*eta0"
105,-538302.762860977,871.162843847528,1,0,0.000967855847348329,1,123,1000,2,"poisson","fixed",0.000193571169469666,5,"5*eta0",0.000967855847348329,0.967855847348329,"fixed | 5*eta0"
106,-501817.686345888,871.162828645819,1,0,0.000967855847348329,1,123,1000,2,"poisson","fixed",0.000193571169469666,5,"5*eta0",0.000967855847348329,0.967855847348329,"fixed | 5*eta0"
107,-538302.762834255,871.162835415676,1,0,0.000967855847348329,1,123,1000,2,"poisson","fixed",0.000193571169469666,5,"5*eta0",0.000967855847348329,0.967855847348329,"fixed | 5*eta0"
108,-501817.686350375,871.162847685998,1,0,0.000967855847348329,1,123,1000,2,"poisson","fixed",0.000193571169469666,5,"5*eta0",0.000967855847348329,0.967855847348329,"fixed | 5*eta0"
109,-538302.762855774,871.162842220408,1,0,0.000967855847348329,1,123,1000,2,"poisson","fixed",0.000193571169469666,5,"5*eta0",0.000967855847348329,0.967855847348329,"fixed | 5*eta0"
110,-501817.686346746,871.162832322375,1,0,0.000967855847348329,1,123,1000,2,"poisson","fixed",0.000193571169469666,5,"5*eta0",0.000967855847348329,0.967855847348329,"fixed | 5*eta0"
111,-538302.762838389,871.162836730514,1,0,0.000967855847348329,1,123,1000,2,"poisson","fixed",0.000193571169469666,5,"5*eta0",0.000967855847348329,0.967855847348329,"fixed | 5*eta0"
112,-501817.686349688,871.162844718854,1,0,0.000967855847348329,1,123,1000,2,"poisson","fixed",0.000193571169469666,5,"5*eta0",0.000967855847348329,0.967855847348329,"fixed | 5*eta0"
113,-538302.762852414,871.162841160721,1,0,0.000967855847348329,1,123,1000,2,"poisson","fixed",0.000193571169469666,5,"5*eta0",0.000967855847348329,0.967855847348329,"fixed | 5*eta0"
114,-501817.686347325,871.162834716158,1,0,0.000967855847348329,1,123,1000,2,"poisson","fixed",0.000193571169469666,5,"5*eta0",0.000967855847348329,0.967855847348329,"fixed | 5*eta0"
115,-538302.762841099,871.162837586358,1,0,0.000967855847348329,1,123,1000,2,"poisson","fixed",0.000193571169469666,5,"5*eta0",0.000967855847348329,0.967855847348329,"fixed | 5*eta0"
116,-501817.686349229,871.162842787112,1,0,0.000967855847348329,1,123,1000,2,"poisson","fixed",0.000193571169469666,5,"5*eta0",0.000967855847348329,0.967855847348329,"fixed | 5*eta0"
117,-538302.762850217,871.162840470666,1,0,0.000967855847348329,1,123,1000,2,"poisson","fixed",0.000193571169469666,5,"5*eta0",0.000967855847348329,0.967855847348329,"fixed | 5*eta0"
118,-501817.686347695,871.162836274711,1,0,0.000967855847348329,1,123,1000,2,"poisson","fixed",0.000193571169469666,5,"5*eta0",0.000967855847348329,0.967855847348329,"fixed | 5*eta0"
119,-538302.762842853,871.162838143486,1,0,0.000967855847348329,1,123,1000,2,"poisson","fixed",0.000193571169469666,5,"5*eta0",0.000967855847348329,0.967855847348329,"fixed | 5*eta0"
120,-501817.686348931,871.162841529444,1,0,0.000967855847348329,1,123,1000,2,"poisson","fixed",0.000193571169469666,5,"5*eta0",0.000967855847348329,0.967855847348329,"fixed | 5*eta0"
121,-538302.762848799,871.162840021338,1,0,0.000967855847348329,1,123,1000,2,"poisson","fixed",0.000193571169469666,5,"5*eta0",0.000967855847348329,0.967855847348329,"fixed | 5*eta0"
122,-501817.686347933,871.162837289444,1,0,0.000967855847348329,1,123,1000,2,"poisson","fixed",0.000193571169469666,5,"5*eta0",0.000967855847348329,0.967855847348329,"fixed | 5*eta0"
123,-538302.762844002,871.162838506177,1,0,0.000967855847348329,1,123,1000,2,"poisson","fixed",0.000193571169469666,5,"5*eta0",0.000967855847348329,0.967855847348329,"fixed | 5*eta0"
124,-501817.686348745,871.162840710633,1,0,0.000967855847348329,1,123,1000,2,"poisson","fixed",0.000193571169469666,5,"5*eta0",0.000967855847348329,0.967855847348329,"fixed | 5*eta0"
125,-538302.76284787,871.162839728777,1,0,0.000967855847348329,1,123,1000,2,"poisson","fixed",0.000193571169469666,5,"5*eta0",0.000967855847348329,0.967855847348329,"fixed | 5*eta0"
126,-501817.686348095,871.162837950111,1,0,0.000967855847348329,1,123,1000,2,"poisson","fixed",0.000193571169469666,5,"5*eta0",0.000967855847348329,0.967855847348329,"fixed | 5*eta0"
127,-538302.762844743,871.162838742299,1,0,0.000967855847348329,1,123,1000,2,"poisson","fixed",0.000193571169469666,5,"5*eta0",0.000967855847348329,0.967855847348329,"fixed | 5*eta0"
128,-501817.686348614,871.162840177534,1,0,0.000967855847348329,1,123,1000,2,"poisson","fixed",0.000193571169469666,5,"5*eta0",0.000967855847348329,0.967855847348329,"fixed | 5*eta0"
129,-538302.762847258,871.16283953829,1,0,0.000967855847348329,1,123,1000,2,"poisson","fixed",0.000193571169469666,5,"5*eta0",0.000967855847348329,0.967855847348329,"fixed | 5*eta0"
130,-501817.686348194,871.162838380251,1,0,0.000967855847348329,1,123,1000,2,"poisson","fixed",0.000193571169469666,5,"5*eta0",0.000967855847348329,0.967855847348329,"fixed | 5*eta0"
131,-538302.762845227,871.162838896024,1,0,0.000967855847348329,1,123,1000,2,"poisson","fixed",0.000193571169469666,5,"5*eta0",0.000967855847348329,0.967855847348329,"fixed | 5*eta0"
132,-501817.686348534,871.162839830451,1,0,0.000967855847348329,1,123,1000,2,"poisson","fixed",0.000193571169469666,5,"5*eta0",0.000967855847348329,0.967855847348329,"fixed | 5*eta0"
133,-538302.762846867,871.162839414264,1,0,0.000967855847348329,1,123,1000,2,"poisson","fixed",0.000193571169469666,5,"5*eta0",0.000967855847348329,0.967855847348329,"fixed | 5*eta0"
134,-501817.686348255,871.162838660302,1,0,0.000967855847348329,1,123,1000,2,"poisson","fixed",0.000193571169469666,5,"5*eta0",0.000967855847348329,0.967855847348329,"fixed | 5*eta0"
135,-538302.762845544,871.162838996108,1,0,0.000967855847348329,1,123,1000,2,"poisson","fixed",0.000193571169469666,5,"5*eta0",0.000967855847348329,0.967855847348329,"fixed | 5*eta0"
136,-501817.68634848,871.162839604482,1,0,0.000967855847348329,1,123,1000,2,"poisson","fixed",0.000193571169469666,5,"5*eta0",0.000967855847348329,0.967855847348329,"fixed | 5*eta0"
137,-538302.762846612,871.162839333517,1,0,0.000967855847348329,1,123,1000,2,"poisson","fixed",0.000193571169469666,5,"5*eta0",0.000967855847348329,0.967855847348329,"fixed | 5*eta0"
138,-501817.686348298,871.162838842634,1,0,0.000967855847348329,1,123,1000,2,"poisson","fixed",0.000193571169469666,5,"5*eta0",0.000967855847348329,0.967855847348329,"fixed | 5*eta0"
139,-538302.762845747,871.162839061267,1,0,0.000967855847348329,1,123,1000,2,"poisson","fixed",0.000193571169469666,5,"5*eta0",0.000967855847348329,0.967855847348329,"fixed | 5*eta0"
140,-501817.686348444,871.16283945736,1,0,0.000967855847348329,1,123,1000,2,"poisson","fixed",0.000193571169469666,5,"5*eta0",0.000967855847348329,0.967855847348329,"fixed | 5*eta0"
141,-538302.762846445,871.162839280944,1,0,0.000967855847348329,1,123,1000,2,"poisson","fixed",0.000193571169469666,5,"5*eta0",0.000967855847348329,0.967855847348329,"fixed | 5*eta0"
142,-501817.686348324,871.162838961343,1,0,0.000967855847348329,1,123,1000,2,"poisson","fixed",0.000193571169469666,5,"5*eta0",0.000967855847348329,0.967855847348329,"fixed | 5*eta0"
143,-538302.76284588,871.16283910369,1,0,0.000967855847348329,1,123,1000,2,"poisson","fixed",0.000193571169469666,5,"5*eta0",0.000967855847348329,0.967855847348329,"fixed | 5*eta0"
144,-501817.686348419,871.162839361575,1,0,0.000967855847348329,1,123,1000,2,"poisson","fixed",0.000193571169469666,5,"5*eta0",0.000967855847348329,0.967855847348329,"fixed | 5*eta0"
145,-538302.762846336,871.162839246714,1,0,0.000967855847348329,1,123,1000,2,"poisson","fixed",0.000193571169469666,5,"5*eta0",0.000967855847348329,0.967855847348329,"fixed | 5*eta0"
146,-501817.686348344,871.162839038629,1,0,0.000967855847348329,1,123,1000,2,"poisson","fixed",0.000193571169469666,5,"5*eta0",0.000967855847348329,0.967855847348329,"fixed | 5*eta0"
147,-538302.762845968,871.162839131309,1,0,0.000967855847348329,1,123,1000,2,"poisson","fixed",0.000193571169469666,5,"5*eta0",0.000967855847348329,0.967855847348329,"fixed | 5*eta0"
148,-501817.686348408,871.162839299215,1,0,0.000967855847348329,1,123,1000,2,"poisson","fixed",0.000193571169469666,5,"5*eta0",0.000967855847348329,0.967855847348329,"fixed | 5*eta0"
149,-538302.762846264,871.16283922443,1,0,0.000967855847348329,1,123,1000,2,"poisson","fixed",0.000193571169469666,5,"5*eta0",0.000967855847348329,0.967855847348329,"fixed | 5*eta0"
150,-501817.686348357,871.16283908895,1,0,0.000967855847348329,1,123,1000,2,"poisson","fixed",0.000193571169469666,5,"5*eta0",0.000967855847348329,0.967855847348329,"fixed | 5*eta0"
151,-538302.762846024,871.162839149292,1,0,0.000967855847348329,1,123,1000,2,"poisson","fixed",0.000193571169469666,5,"5*eta0",0.000967855847348329,0.967855847348329,"fixed | 5*eta0"
152,-501817.686348397,871.162839258609,1,0,0.000967855847348329,1,123,1000,2,"poisson","fixed",0.000193571169469666,5,"5*eta0",0.000967855847348329,0.967855847348329,"fixed | 5*eta0"
153,-538302.762846218,871.162839209919,1,0,0.000967855847348329,1,123,1000,2,"poisson","fixed",0.000193571169469666,5,"5*eta0",0.000967855847348329,0.967855847348329,"fixed | 5*eta0"
154,-501817.686348366,871.162839121713,1,0,0.000967855847348329,1,123,1000,2,"poisson","fixed",0.000193571169469666,5,"5*eta0",0.000967855847348329,0.967855847348329,"fixed | 5*eta0"
155,-538302.762846062,871.162839160999,1,0,0.000967855847348329,1,123,1000,2,"poisson","fixed",0.000193571169469666,5,"5*eta0",0.000967855847348329,0.967855847348329,"fixed | 5*eta0"
156,-501817.68634839,871.162839232169,1,0,0.000967855847348329,1,123,1000,2,"poisson","fixed",0.000193571169469666,5,"5*eta0",0.000967855847348329,0.967855847348329,"fixed | 5*eta0"
157,-538302.762846189,871.16283920047,1,0,0.000967855847348329,1,123,1000,2,"poisson","fixed",0.000193571169469666,5,"5*eta0",0.000967855847348329,0.967855847348329,"fixed | 5*eta0"
158,-501817.686348369,871.162839143043,1,0,0.000967855847348329,1,123,1000,2,"poisson","fixed",0.000193571169469666,5,"5*eta0",0.000967855847348329,0.967855847348329,"fixed | 5*eta0"
159,-538302.762846085,871.162839168621,1,0,0.000967855847348329,1,123,1000,2,"poisson","fixed",0.000193571169469666,5,"5*eta0",0.000967855847348329,0.967855847348329,"fixed | 5*eta0"
160,-501817.686348385,871.16283921496,1,0,0.000967855847348329,1,123,1000,2,"poisson","fixed",0.000193571169469666,5,"5*eta0",0.000967855847348329,0.967855847348329,"fixed | 5*eta0"
161,-538302.762846171,871.162839194322,1,0,0.000967855847348329,1,123,1000,2,"poisson","fixed",0.000193571169469666,5,"5*eta0",0.000967855847348329,0.967855847348329,"fixed | 5*eta0"
162,-501817.686348372,871.162839156932,1,0,0.000967855847348329,1,123,1000,2,"poisson","fixed",0.000193571169469666,5,"5*eta0",0.000967855847348329,0.967855847348329,"fixed | 5*eta0"
163,-538302.7628461,871.162839173584,1,0,0.000967855847348329,1,123,1000,2,"poisson","fixed",0.000193571169469666,5,"5*eta0",0.000967855847348329,0.967855847348329,"fixed | 5*eta0"
164,-501817.686348383,871.162839203751,1,0,0.000967855847348329,1,123,1000,2,"poisson","fixed",0.000193571169469666,5,"5*eta0",0.000967855847348329,0.967855847348329,"fixed | 5*eta0"
165,-538302.762846157,871.162839190316,1,0,0.000967855847348329,1,123,1000,2,"poisson","fixed",0.000193571169469666,5,"5*eta0",0.000967855847348329,0.967855847348329,"fixed | 5*eta0"
166,-501817.686348375,871.162839165978,1,0,0.000967855847348329,1,123,1000,2,"poisson","fixed",0.000193571169469666,5,"5*eta0",0.000967855847348329,0.967855847348329,"fixed | 5*eta0"
167,-538302.762846112,871.162839176818,1,0,0.000967855847348329,1,123,1000,2,"poisson","fixed",0.000193571169469666,5,"5*eta0",0.000967855847348329,0.967855847348329,"fixed | 5*eta0"
168,-501817.686348381,871.162839196454,1,0,0.000967855847348329,1,123,1000,2,"poisson","fixed",0.000193571169469666,5,"5*eta0",0.000967855847348329,0.967855847348329,"fixed | 5*eta0"
169,-538302.762846148,871.162839187707,1,0,0.000967855847348329,1,123,1000,2,"poisson","fixed",0.000193571169469666,5,"5*eta0",0.000967855847348329,0.967855847348329,"fixed | 5*eta0"
170,-501817.686348377,871.162839171863,1,0,0.000967855847348329,1,123,1000,2,"poisson","fixed",0.000193571169469666,5,"5*eta0",0.000967855847348329,0.967855847348329,"fixed | 5*eta0"
171,-538302.762846119,871.16283917892,1,0,0.000967855847348329,1,123,1000,2,"poisson","fixed",0.000193571169469666,5,"5*eta0",0.000967855847348329,0.967855847348329,"fixed | 5*eta0"
172,-501817.68634838,871.162839191706,1,0,0.000967855847348329,1,123,1000,2,"poisson","fixed",0.000193571169469666,5,"5*eta0",0.000967855847348329,0.967855847348329,"fixed | 5*eta0"
173,-538302.762846144,871.162839186013,1,0,0.000967855847348329,1,123,1000,2,"poisson","fixed",0.000193571169469666,5,"5*eta0",0.000967855847348329,0.967855847348329,"fixed | 5*eta0"
174,-501817.686348377,871.162839175696,1,0,0.000967855847348329,1,123,1000,2,"poisson","fixed",0.000193571169469666,5,"5*eta0",0.000967855847348329,0.967855847348329,"fixed | 5*eta0"
175,-538302.762846125,871.162839180291,1,0,0.000967855847348329,1,123,1000,2,"poisson","fixed",0.000193571169469666,5,"5*eta0",0.000967855847348329,0.967855847348329,"fixed | 5*eta0"
176,-501817.686348381,871.162839188615,1,0,0.000967855847348329,1,123,1000,2,"poisson","fixed",0.000193571169469666,5,"5*eta0",0.000967855847348329,0.967855847348329,"fixed | 5*eta0"
177,-538302.762846141,871.162839184908,1,0,0.000967855847348329,1,123,1000,2,"poisson","fixed",0.000193571169469666,5,"5*eta0",0.000967855847348329,0.967855847348329,"fixed | 5*eta0"
178,-501817.686348378,871.162839178191,1,0,0.000967855847348329,1,123,1000,2,"poisson","fixed",0.000193571169469666,5,"5*eta0",0.000967855847348329,0.967855847348329,"fixed | 5*eta0"
179,-538302.762846128,871.162839181182,1,0,0.000967855847348329,1,123,1000,2,"poisson","fixed",0.000193571169469666,5,"5*eta0",0.000967855847348329,0.967855847348329,"fixed | 5*eta0"
180,-501817.68634838,871.162839186598,1,0,0.000967855847348329,1,123,1000,2,"poisson","fixed",0.000193571169469666,5,"5*eta0",0.000967855847348329,0.967855847348329,"fixed | 5*eta0"
181,-538302.762846138,871.162839184188,1,0,0.000967855847348329,1,123,1000,2,"poisson","fixed",0.000193571169469666,5,"5*eta0",0.000967855847348329,0.967855847348329,"fixed | 5*eta0"
182,-501817.686348379,871.16283917982,1,0,0.000967855847348329,1,123,1000,2,"poisson","fixed",0.000193571169469666,5,"5*eta0",0.000967855847348329,0.967855847348329,"fixed | 5*eta0"
183,-538302.76284613,871.162839181764,1,0,0.000967855847348329,1,123,1000,2,"poisson","fixed",0.000193571169469666,5,"5*eta0",0.000967855847348329,0.967855847348329,"fixed | 5*eta0"
184,-501817.68634838,871.162839185284,1,0,0.000967855847348329,1,123,1000,2,"poisson","fixed",0.000193571169469666,5,"5*eta0",0.000967855847348329,0.967855847348329,"fixed | 5*eta0"
185,-538302.762846136,871.162839183716,1,0,0.000967855847348329,1,123,1000,2,"poisson","fixed",0.000193571169469666,5,"5*eta0",0.000967855847348329,0.967855847348329,"fixed | 5*eta0"
186,-501817.686348379,871.162839180875,1,0,0.000967855847348329,1,123,1000,2,"poisson","fixed",0.000193571169469666,5,"5*eta0",0.000967855847348329,0.967855847348329,"fixed | 5*eta0"
187,-538302.762846131,871.162839182141,1,0,0.000967855847348329,1,123,1000,2,"poisson","fixed",0.000193571169469666,5,"5*eta0",0.000967855847348329,0.967855847348329,"fixed | 5*eta0"
188,-501817.68634838,871.162839184435,1,0,0.000967855847348329,1,123,1000,2,"poisson","fixed",0.000193571169469666,5,"5*eta0",0.000967855847348329,0.967855847348329,"fixed | 5*eta0"
189,-538302.762846136,871.162839183414,1,0,0.000967855847348329,1,123,1000,2,"poisson","fixed",0.000193571169469666,5,"5*eta0",0.000967855847348329,0.967855847348329,"fixed | 5*eta0"
190,-501817.686348379,871.162839181563,1,0,0.000967855847348329,1,123,1000,2,"poisson","fixed",0.000193571169469666,5,"5*eta0",0.000967855847348329,0.967855847348329,"fixed | 5*eta0"
191,-538302.762846133,871.162839182388,1,0,0.000967855847348329,1,123,1000,2,"poisson","fixed",0.000193571169469666,5,"5*eta0",0.000967855847348329,0.967855847348329,"fixed | 5*eta0"
192,-501817.68634838,871.162839183882,1,0,0.000967855847348329,1,123,1000,2,"poisson","fixed",0.000193571169469666,5,"5*eta0",0.000967855847348329,0.967855847348329,"fixed | 5*eta0"
193,-538302.762846135,871.162839183215,1,0,0.000967855847348329,1,123,1000,2,"poisson","fixed",0.000193571169469666,5,"5*eta0",0.000967855847348329,0.967855847348329,"fixed | 5*eta0"
194,-501817.686348379,871.162839182008,1,0,0.000967855847348329,1,123,1000,2,"poisson","fixed",0.000193571169469666,5,"5*eta0",0.000967855847348329,0.967855847348329,"fixed | 5*eta0"
195,-538302.762846133,871.162839182545,1,0,0.000967855847348329,1,123,1000,2,"poisson","fixed",0.000193571169469666,5,"5*eta0",0.000967855847348329,0.967855847348329,"fixed | 5*eta0"
196,-501817.68634838,871.16283918352,1,0,0.000967855847348329,1,123,1000,2,"poisson","fixed",0.000193571169469666,5,"5*eta0",0.000967855847348329,0.967855847348329,"fixed | 5*eta0"
197,-538302.762846135,871.162839183088,1,0,0.000967855847348329,1,123,1000,2,"poisson","fixed",0.000193571169469666,5,"5*eta0",0.000967855847348329,0.967855847348329,"fixed | 5*eta0"
198,-501817.686348379,871.162839182303,1,0,0.000967855847348329,1,123,1000,2,"poisson","fixed",0.000193571169469666,5,"5*eta0",0.000967855847348329,0.967855847348329,"fixed | 5*eta0"
199,-538302.762846133,871.162839182652,1,0,0.000967855847348329,1,123,1000,2,"poisson","fixed",0.000193571169469666,5,"5*eta0",0.000967855847348329,0.967855847348329,"fixed | 5*eta0"
200,-501817.68634838,871.162839183283,1,0,0.000967855847348329,1,123,1000,2,"poisson","fixed",0.000193571169469666,5,"5*eta0",0.000967855847348329,0.967855847348329,"fixed | 5*eta0"
201,-538302.762846134,871.162839183,1,0,0.000967855847348329,1,123,1000,2,"poisson","fixed",0.000193571169469666,5,"5*eta0",0.000967855847348329,0.967855847348329,"fixed | 5*eta0"
202,-501817.68634838,871.16283918249,1,0,0.000967855847348329,1,123,1000,2,"poisson","fixed",0.000193571169469666,5,"5*eta0",0.000967855847348329,0.967855847348329,"fixed | 5*eta0"
203,-538302.762846133,871.162839182719,1,0,0.000967855847348329,1,123,1000,2,"poisson","fixed",0.000193571169469666,5,"5*eta0",0.000967855847348329,0.967855847348329,"fixed | 5*eta0"
204,-501817.68634838,871.162839183135,1,0,0.000967855847348329,1,123,1000,2,"poisson","fixed",0.000193571169469666,5,"5*eta0",0.000967855847348329,0.967855847348329,"fixed | 5*eta0"
205,-538302.762846134,871.162839182949,1,0,0.000967855847348329,1,123,1000,2,"poisson","fixed",0.000193571169469666,5,"5*eta0",0.000967855847348329,0.967855847348329,"fixed | 5*eta0"
206,-501817.68634838,871.162839182613,1,0,0.000967855847348329,1,123,1000,2,"poisson","fixed",0.000193571169469666,5,"5*eta0",0.000967855847348329,0.967855847348329,"fixed | 5*eta0"
207,-538302.762846133,871.162839182762,1,0,0.000967855847348329,1,123,1000,2,"poisson","fixed",0.000193571169469666,5,"5*eta0",0.000967855847348329,0.967855847348329,"fixed | 5*eta0"
208,-501817.68634838,871.162839183031,1,0,0.000967855847348329,1,123,1000,2,"poisson","fixed",0.000193571169469666,5,"5*eta0",0.000967855847348329,0.967855847348329,"fixed | 5*eta0"
209,-538302.762846134,871.162839182912,1,0,0.000967855847348329,1,123,1000,2,"poisson","fixed",0.000193571169469666,5,"5*eta0",0.000967855847348329,0.967855847348329,"fixed | 5*eta0"
210,-501817.68634838,871.162839182696,1,0,0.000967855847348329,1,123,1000,2,"poisson","fixed",0.000193571169469666,5,"5*eta0",0.000967855847348329,0.967855847348329,"fixed | 5*eta0"
211,-538302.762846133,871.162839182792,1,0,0.000967855847348329,1,123,1000,2,"poisson","fixed",0.000193571169469666,5,"5*eta0",0.000967855847348329,0.967855847348329,"fixed | 5*eta0"
212,-501817.68634838,871.162839182968,1,0,0.000967855847348329,1,123,1000,2,"poisson","fixed",0.000193571169469666,5,"5*eta0",0.000967855847348329,0.967855847348329,"fixed | 5*eta0"
213,-538302.762846134,871.162839182888,1,0,0.000967855847348329,1,123,1000,2,"poisson","fixed",0.000193571169469666,5,"5*eta0",0.000967855847348329,0.967855847348329,"fixed | 5*eta0"
214,-501817.68634838,871.162839182744,1,0,0.000967855847348329,1,123,1000,2,"poisson","fixed",0.000193571169469666,5,"5*eta0",0.000967855847348329,0.967855847348329,"fixed | 5*eta0"
215,-538302.762846134,871.162839182809,1,0,0.000967855847348329,1,123,1000,2,"poisson","fixed",0.000193571169469666,5,"5*eta0",0.000967855847348329,0.967855847348329,"fixed | 5*eta0"
216,-501817.68634838,871.162839182927,1,0,0.000967855847348329,1,123,1000,2,"poisson","fixed",0.000193571169469666,5,"5*eta0",0.000967855847348329,0.967855847348329,"fixed | 5*eta0"
217,-538302.762846134,871.162839182875,1,0,0.000967855847348329,1,123,1000,2,"poisson","fixed",0.000193571169469666,5,"5*eta0",0.000967855847348329,0.967855847348329,"fixed | 5*eta0"
218,-501817.68634838,871.16283918278,1,0,0.000967855847348329,1,123,1000,2,"poisson","fixed",0.000193571169469666,5,"5*eta0",0.000967855847348329,0.967855847348329,"fixed | 5*eta0"
219,-538302.762846134,871.162839182821,1,0,0.000967855847348329,1,123,1000,2,"poisson","fixed",0.000193571169469666,5,"5*eta0",0.000967855847348329,0.967855847348329,"fixed | 5*eta0"
220,-501817.68634838,871.162839182897,1,0,0.000967855847348329,1,123,1000,2,"poisson","fixed",0.000193571169469666,5,"5*eta0",0.000967855847348329,0.967855847348329,"fixed | 5*eta0"
221,-538302.762846134,871.162839182863,1,0,0.000967855847348329,1,123,1000,2,"poisson","fixed",0.000193571169469666,5,"5*eta0",0.000967855847348329,0.967855847348329,"fixed | 5*eta0"
222,-501817.68634838,871.162839182804,1,0,0.000967855847348329,1,123,1000,2,"poisson","fixed",0.000193571169469666,5,"5*eta0",0.000967855847348329,0.967855847348329,"fixed | 5*eta0"
223,-538302.762846134,871.16283918283,1,0,0.000967855847348329,1,123,1000,2,"poisson","fixed",0.000193571169469666,5,"5*eta0",0.000967855847348329,0.967855847348329,"fixed | 5*eta0"
224,-501817.68634838,871.162839182876,1,0,0.000967855847348329,1,123,1000,2,"poisson","fixed",0.000193571169469666,5,"5*eta0",0.000967855847348329,0.967855847348329,"fixed | 5*eta0"
225,-538302.762846134,871.162839182856,1,0,0.000967855847348329,1,123,1000,2,"poisson","fixed",0.000193571169469666,5,"5*eta0",0.000967855847348329,0.967855847348329,"fixed | 5*eta0"
226,-501817.68634838,871.162839182819,1,0,0.000967855847348329,1,123,1000,2,"poisson","fixed",0.000193571169469666,5,"5*eta0",0.000967855847348329,0.967855847348329,"fixed | 5*eta0"
227,-538302.762846134,871.162839182836,1,0,0.000967855847348329,1,123,1000,2,"poisson","fixed",0.000193571169469666,5,"5*eta0",0.000967855847348329,0.967855847348329,"fixed | 5*eta0"
228,-501817.68634838,871.162839182866,1,0,0.000967855847348329,1,123,1000,2,"poisson","fixed",0.000193571169469666,5,"5*eta0",0.000967855847348329,0.967855847348329,"fixed | 5*eta0"
229,-538302.762846134,871.162839182852,1,0,0.000967855847348329,1,123,1000,2,"poisson","fixed",0.000193571169469666,5,"5*eta0",0.000967855847348329,0.967855847348329,"fixed | 5*eta0"
230,-501817.68634838,871.162839182828,1,0,0.000967855847348329,1,123,1000,2,"poisson","fixed",0.000193571169469666,5,"5*eta0",0.000967855847348329,0.967855847348329,"fixed | 5*eta0"
231,-538302.762846134,871.162839182839,1,0,0.000967855847348329,1,123,1000,2,"poisson","fixed",0.000193571169469666,5,"5*eta0",0.000967855847348329,0.967855847348329,"fixed | 5*eta0"
232,-501817.68634838,871.162839182858,1,0,0.000967855847348329,1,123,1000,2,"poisson","fixed",0.000193571169469666,5,"5*eta0",0.000967855847348329,0.967855847348329,"fixed | 5*eta0"
233,-538302.762846134,871.16283918285,1,0,0.000967855847348329,1,123,1000,2,"poisson","fixed",0.000193571169469666,5,"5*eta0",0.000967855847348329,0.967855847348329,"fixed | 5*eta0"
234,-501817.68634838,871.162839182835,1,0,0.000967855847348329,1,123,1000,2,"poisson","fixed",0.000193571169469666,5,"5*eta0",0.000967855847348329,0.967855847348329,"fixed | 5*eta0"
235,-538302.762846134,871.162839182841,1,0,0.000967855847348329,1,123,1000,2,"poisson","fixed",0.000193571169469666,5,"5*eta0",0.000967855847348329,0.967855847348329,"fixed | 5*eta0"
236,-501817.68634838,871.162839182852,1,0,0.000967855847348329,1,123,1000,2,"poisson","fixed",0.000193571169469666,5,"5*eta0",0.000967855847348329,0.967855847348329,"fixed | 5*eta0"
237,-538302.762846134,871.162839182847,1,0,0.000967855847348329,1,123,1000,2,"poisson","fixed",0.000193571169469666,5,"5*eta0",0.000967855847348329,0.967855847348329,"fixed | 5*eta0"
238,-501817.68634838,871.162839182839,1,0,0.000967855847348329,1,123,1000,2,"poisson","fixed",0.000193571169469666,5,"5*eta0",0.000967855847348329,0.967855847348329,"fixed | 5*eta0"
239,-538302.762846134,871.162839182843,1,0,0.000967855847348329,1,123,1000,2,"poisson","fixed",0.000193571169469666,5,"5*eta0",0.000967855847348329,0.967855847348329,"fixed | 5*eta0"
240,-501817.68634838,871.162839182848,1,0,0.000967855847348329,1,123,1000,2,"poisson","fixed",0.000193571169469666,5,"5*eta0",0.000967855847348329,0.967855847348329,"fixed | 5*eta0"
241,-538302.762846134,871.162839182846,1,0,0.000967855847348329,1,123,1000,2,"poisson","fixed",0.000193571169469666,5,"5*eta0",0.000967855847348329,0.967855847348329,"fixed | 5*eta0"
242,-501817.68634838,871.162839182842,1,0,0.000967855847348329,1,123,1000,2,"poisson","fixed",0.000193571169469666,5,"5*eta0",0.000967855847348329,0.967855847348329,"fixed | 5*eta0"
243,-538302.762846134,871.162839182844,1,0,0.000967855847348329,1,123,1000,2,"poisson","fixed",0.000193571169469666,5,"5*eta0",0.000967855847348329,0.967855847348329,"fixed | 5*eta0"
244,-501817.68634838,871.162839182846,1,0,0.000967855847348329,1,123,1000,2,"poisson","fixed",0.000193571169469666,5,"5*eta0",0.000967855847348329,0.967855847348329,"fixed | 5*eta0"
245,-538302.762846134,871.162839182846,1,0,0.000967855847348329,1,123,1000,2,"poisson","fixed",0.000193571169469666,5,"5*eta0",0.000967855847348329,0.967855847348329,"fixed | 5*eta0"
246,-501817.68634838,871.162839182844,1,0,0.000967855847348329,1,123,1000,2,"poisson","fixed",0.000193571169469666,5,"5*eta0",0.000967855847348329,0.967855847348329,"fixed | 5*eta0"
247,-538302.762846134,871.162839182844,1,0,0.000967855847348329,1,123,1000,2,"poisson","fixed",0.000193571169469666,5,"5*eta0",0.000967855847348329,0.967855847348329,"fixed | 5*eta0"
248,-501817.68634838,871.162839182846,1,0,0.000967855847348329,1,123,1000,2,"poisson","fixed",0.000193571169469666,5,"5*eta0",0.000967855847348329,0.967855847348329,"fixed | 5*eta0"
249,-538302.762846134,871.162839182845,1,0,0.000967855847348329,1,123,1000,2,"poisson","fixed",0.000193571169469666,5,"5*eta0",0.000967855847348329,0.967855847348329,"fixed | 5*eta0"
250,-501817.68634838,871.162839182844,1,0,0.000967855847348329,1,123,1000,2,"poisson","fixed",0.000193571169469666,5,"5*eta0",0.000967855847348329,0.967855847348329,"fixed | 5*eta0"
251,-538302.762846134,871.162839182844,1,0,0.000967855847348329,1,123,1000,2,"poisson","fixed",0.000193571169469666,5,"5*eta0",0.000967855847348329,0.967855847348329,"fixed | 5*eta0"
252,-501817.68634838,871.162839182845,1,0,0.000967855847348329,1,123,1000,2,"poisson","fixed",0.000193571169469666,5,"5*eta0",0.000967855847348329,0.967855847348329,"fixed | 5*eta0"
253,-538302.762846134,871.162839182845,1,0,0.000967855847348329,1,123,1000,2,"poisson","fixed",0.000193571169469666,5,"5*eta0",0.000967855847348329,0.967855847348329,"fixed | 5*eta0"
254,-501817.68634838,871.162839182844,1,0,0.000967855847348329,1,123,1000,2,"poisson","fixed",0.000193571169469666,5,"5*eta0",0.000967855847348329,0.967855847348329,"fixed | 5*eta0"
255,-538302.762846134,871.162839182844,1,0,0.000967855847348329,1,123,1000,2,"poisson","fixed",0.000193571169469666,5,"5*eta0",0.000967855847348329,0.967855847348329,"fixed | 5*eta0"
256,-501817.68634838,871.162839182845,1,0,0.000967855847348329,1,123,1000,2,"poisson","fixed",0.000193571169469666,5,"5*eta0",0.000967855847348329,0.967855847348329,"fixed | 5*eta0"
257,-538302.762846134,871.162839182845,1,0,0.000967855847348329,1,123,1000,2,"poisson","fixed",0.000193571169469666,5,"5*eta0",0.000967855847348329,0.967855847348329,"fixed | 5*eta0"
258,-501817.68634838,871.162839182844,1,0,0.000967855847348329,1,123,1000,2,"poisson","fixed",0.000193571169469666,5,"5*eta0",0.000967855847348329,0.967855847348329,"fixed | 5*eta0"
259,-538302.762846134,871.162839182844,1,0,0.000967855847348329,1,123,1000,2,"poisson","fixed",0.000193571169469666,5,"5*eta0",0.000967855847348329,0.967855847348329,"fixed | 5*eta0"
260,-501817.68634838,871.162839182845,1,0,0.000967855847348329,1,123,1000,2,"poisson","fixed",0.000193571169469666,5,"5*eta0",0.000967855847348329,0.967855847348329,"fixed | 5*eta0"
261,-538302.762846134,871.162839182845,1,0,0.000967855847348329,1,123,1000,2,"poisson","fixed",0.000193571169469666,5,"5*eta0",0.000967855847348329,0.967855847348329,"fixed | 5*eta0"
262,-501817.68634838,871.162839182845,1,0,0.000967855847348329,1,123,1000,2,"poisson","fixed",0.000193571169469666,5,"5*eta0",0.000967855847348329,0.967855847348329,"fixed | 5*eta0"
263,-538302.762846134,871.162839182845,1,0,0.000967855847348329,1,123,1000,2,"poisson","fixed",0.000193571169469666,5,"5*eta0",0.000967855847348329,0.967855847348329,"fixed | 5*eta0"
264,-501817.68634838,871.162839182844,1,0,0.000967855847348329,1,123,1000,2,"poisson","fixed",0.000193571169469666,5,"5*eta0",0.000967855847348329,0.967855847348329,"fixed | 5*eta0"
265,-538302.762846134,871.162839182845,1,0,0.000967855847348329,1,123,1000,2,"poisson","fixed",0.000193571169469666,5,"5*eta0",0.000967855847348329,0.967855847348329,"fixed | 5*eta0"
266,-501817.68634838,871.162839182845,1,0,0.000967855847348329,1,123,1000,2,"poisson","fixed",0.000193571169469666,5,"5*eta0",0.000967855847348329,0.967855847348329,"fixed | 5*eta0"
267,-538302.762846134,871.162839182845,1,0,0.000967855847348329,1,123,1000,2,"poisson","fixed",0.000193571169469666,5,"5*eta0",0.000967855847348329,0.967855847348329,"fixed | 5*eta0"
268,-501817.68634838,871.162839182844,1,0,0.000967855847348329,1,123,1000,2,"poisson","fixed",0.000193571169469666,5,"5*eta0",0.000967855847348329,0.967855847348329,"fixed | 5*eta0"
269,-538302.762846134,871.162839182845,1,0,0.000967855847348329,1,123,1000,2,"poisson","fixed",0.000193571169469666,5,"5*eta0",0.000967855847348329,0.967855847348329,"fixed | 5*eta0"
270,-501817.68634838,871.162839182845,1,0,0.000967855847348329,1,123,1000,2,"poisson","fixed",0.000193571169469666,5,"5*eta0",0.000967855847348329,0.967855847348329,"fixed | 5*eta0"
271,-538302.762846134,871.162839182845,1,0,0.000967855847348329,1,123,1000,2,"poisson","fixed",0.000193571169469666,5,"5*eta0",0.000967855847348329,0.967855847348329,"fixed | 5*eta0"
272,-501817.68634838,871.162839182845,1,0,0.000967855847348329,1,123,1000,2,"poisson","fixed",0.000193571169469666,5,"5*eta0",0.000967855847348329,0.967855847348329,"fixed | 5*eta0"
273,-538302.762846134,871.162839182845,1,0,0.000967855847348329,1,123,1000,2,"poisson","fixed",0.000193571169469666,5,"5*eta0",0.000967855847348329,0.967855847348329,"fixed | 5*eta0"
274,-501817.68634838,871.162839182845,1,0,0.000967855847348329,1,123,1000,2,"poisson","fixed",0.000193571169469666,5,"5*eta0",0.000967855847348329,0.967855847348329,"fixed | 5*eta0"
275,-538302.762846134,871.162839182845,1,0,0.000967855847348329,1,123,1000,2,"poisson","fixed",0.000193571169469666,5,"5*eta0",0.000967855847348329,0.967855847348329,"fixed | 5*eta0"
276,-501817.68634838,871.162839182844,1,0,0.000967855847348329,1,123,1000,2,"poisson","fixed",0.000193571169469666,5,"5*eta0",0.000967855847348329,0.967855847348329,"fixed | 5*eta0"
277,-538302.762846134,871.162839182845,1,0,0.000967855847348329,1,123,1000,2,"poisson","fixed",0.000193571169469666,5,"5*eta0",0.000967855847348329,0.967855847348329,"fixed | 5*eta0"
278,-501817.68634838,871.162839182845,1,0,0.000967855847348329,1,123,1000,2,"poisson","fixed",0.000193571169469666,5,"5*eta0",0.000967855847348329,0.967855847348329,"fixed | 5*eta0"
279,-538302.762846134,871.162839182845,1,0,0.000967855847348329,1,123,1000,2,"poisson","fixed",0.000193571169469666,5,"5*eta0",0.000967855847348329,0.967855847348329,"fixed | 5*eta0"
280,-501817.68634838,871.162839182844,1,0,0.000967855847348329,1,123,1000,2,"poisson","fixed",0.000193571169469666,5,"5*eta0",0.000967855847348329,0.967855847348329,"fixed | 5*eta0"
281,-538302.762846134,871.162839182844,1,0,0.000967855847348329,1,123,1000,2,"poisson","fixed",0.000193571169469666,5,"5*eta0",0.000967855847348329,0.967855847348329,"fixed | 5*eta0"
282,-501817.68634838,871.162839182845,1,0,0.000967855847348329,1,123,1000,2,"poisson","fixed",0.000193571169469666,5,"5*eta0",0.000967855847348329,0.967855847348329,"fixed | 5*eta0"
283,-538302.762846134,871.162839182845,1,0,0.000967855847348329,1,123,1000,2,"poisson","fixed",0.000193571169469666,5,"5*eta0",0.000967855847348329,0.967855847348329,"fixed | 5*eta0"
284,-501817.68634838,871.162839182845,1,0,0.000967855847348329,1,123,1000,2,"poisson","fixed",0.000193571169469666,5,"5*eta0",0.000967855847348329,0.967855847348329,"fixed | 5*eta0"
285,-538302.762846134,871.162839182845,1,0,0.000967855847348329,1,123,1000,2,"poisson","fixed",0.000193571169469666,5,"5*eta0",0.000967855847348329,0.967855847348329,"fixed | 5*eta0"
286,-501817.68634838,871.162839182845,1,0,0.000967855847348329,1,123,1000,2,"poisson","fixed",0.000193571169469666,5,"5*eta0",0.000967855847348329,0.967855847348329,"fixed | 5*eta0"
287,-538302.762846134,871.162839182845,1,0,0.000967855847348329,1,123,1000,2,"poisson","fixed",0.000193571169469666,5,"5*eta0",0.000967855847348329,0.967855847348329,"fixed | 5*eta0"
288,-501817.68634838,871.162839182844,1,0,0.000967855847348329,1,123,1000,2,"poisson","fixed",0.000193571169469666,5,"5*eta0",0.000967855847348329,0.967855847348329,"fixed | 5*eta0"
289,-538302.762846134,871.162839182844,1,0,0.000967855847348329,1,123,1000,2,"poisson","fixed",0.000193571169469666,5,"5*eta0",0.000967855847348329,0.967855847348329,"fixed | 5*eta0"
290,-501817.68634838,871.162839182845,1,0,0.000967855847348329,1,123,1000,2,"poisson","fixed",0.000193571169469666,5,"5*eta0",0.000967855847348329,0.967855847348329,"fixed | 5*eta0"
291,-538302.762846134,871.162839182845,1,0,0.000967855847348329,1,123,1000,2,"poisson","fixed",0.000193571169469666,5,"5*eta0",0.000967855847348329,0.967855847348329,"fixed | 5*eta0"
292,-501817.68634838,871.162839182844,1,0,0.000967855847348329,1,123,1000,2,"poisson","fixed",0.000193571169469666,5,"5*eta0",0.000967855847348329,0.967855847348329,"fixed | 5*eta0"
293,-538302.762846134,871.162839182844,1,0,0.000967855847348329,1,123,1000,2,"poisson","fixed",0.000193571169469666,5,"5*eta0",0.000967855847348329,0.967855847348329,"fixed | 5*eta0"
294,-501817.68634838,871.162839182845,1,0,0.000967855847348329,1,123,1000,2,"poisson","fixed",0.000193571169469666,5,"5*eta0",0.000967855847348329,0.967855847348329,"fixed | 5*eta0"
295,-538302.762846134,871.162839182845,1,0,0.000967855847348329,1,123,1000,2,"poisson","fixed",0.000193571169469666,5,"5*eta0",0.000967855847348329,0.967855847348329,"fixed | 5*eta0"
296,-501817.68634838,871.162839182844,1,0,0.000967855847348329,1,123,1000,2,"poisson","fixed",0.000193571169469666,5,"5*eta0",0.000967855847348329,0.967855847348329,"fixed | 5*eta0"
297,-538302.762846134,871.162839182844,1,0,0.000967855847348329,1,123,1000,2,"poisson","fixed",0.000193571169469666,5,"5*eta0",0.000967855847348329,0.967855847348329,"fixed | 5*eta0"
298,-501817.68634838,871.162839182845,1,0,0.000967855847348329,1,123,1000,2,"poisson","fixed",0.000193571169469666,5,"5*eta0",0.000967855847348329,0.967855847348329,"fixed | 5*eta0"
299,-538302.762846134,871.162839182845,1,0,0.000967855847348329,1,123,1000,2,"poisson","fixed",0.000193571169469666,5,"5*eta0",0.000967855847348329,0.967855847348329,"fixed | 5*eta0"
300,-501817.68634838,871.162839182844,1,0,0.000967855847348329,1,123,1000,2,"poisson","fixed",0.000193571169469666,5,"5*eta0",0.000967855847348329,0.967855847348329,"fixed | 5*eta0"
301,-538302.762846134,871.162839182844,1,0,0.000967855847348329,1,123,1000,2,"poisson","fixed",0.000193571169469666,5,"5*eta0",0.000967855847348329,0.967855847348329,"fixed | 5*eta0"
302,-501817.68634838,871.162839182846,1,0,0.000967855847348329,1,123,1000,2,"poisson","fixed",0.000193571169469666,5,"5*eta0",0.000967855847348329,0.967855847348329,"fixed | 5*eta0"
303,-538302.762846134,871.162839182845,1,0,0.000967855847348329,1,123,1000,2,"poisson","fixed",0.000193571169469666,5,"5*eta0",0.000967855847348329,0.967855847348329,"fixed | 5*eta0"
304,-501817.68634838,871.162839182843,1,0,0.000967855847348329,1,123,1000,2,"poisson","fixed",0.000193571169469666,5,"5*eta0",0.000967855847348329,0.967855847348329,"fixed | 5*eta0"
305,-538302.762846134,871.162839182844,1,0,0.000967855847348329,1,123,1000,2,"poisson","fixed",0.000193571169469666,5,"5*eta0",0.000967855847348329,0.967855847348329,"fixed | 5*eta0"
306,-501817.68634838,871.162839182846,1,0,0.000967855847348329,1,123,1000,2,"poisson","fixed",0.000193571169469666,5,"5*eta0",0.000967855847348329,0.967855847348329,"fixed | 5*eta0"
307,-538302.762846134,871.162839182845,1,0,0.000967855847348329,1,123,1000,2,"poisson","fixed",0.000193571169469666,5,"5*eta0",0.000967855847348329,0.967855847348329,"fixed | 5*eta0"
308,-501817.68634838,871.162839182843,1,0,0.000967855847348329,1,123,1000,2,"poisson","fixed",0.000193571169469666,5,"5*eta0",0.000967855847348329,0.967855847348329,"fixed | 5*eta0"
309,-538302.762846134,871.162839182844,1,0,0.000967855847348329,1,123,1000,2,"poisson","fixed",0.000193571169469666,5,"5*eta0",0.000967855847348329,0.967855847348329,"fixed | 5*eta0"
310,-501817.68634838,871.162839182846,1,0,0.000967855847348329,1,123,1000,2,"poisson","fixed",0.000193571169469666,5,"5*eta0",0.000967855847348329,0.967855847348329,"fixed | 5*eta0"
311,-538302.762846134,871.162839182845,1,0,0.000967855847348329,1,123,1000,2,"poisson","fixed",0.000193571169469666,5,"5*eta0",0.000967855847348329,0.967855847348329,"fixed | 5*eta0"
312,-501817.68634838,871.162839182844,1,0,0.000967855847348329,1,123,1000,2,"poisson","fixed",0.000193571169469666,5,"5*eta0",0.000967855847348329,0.967855847348329,"fixed | 5*eta0"
313,-538302.762846134,871.162839182844,1,0,0.000967855847348329,1,123,1000,2,"poisson","fixed",0.000193571169469666,5,"5*eta0",0.000967855847348329,0.967855847348329,"fixed | 5*eta0"
314,-501817.68634838,871.162839182846,1,0,0.000967855847348329,1,123,1000,2,"poisson","fixed",0.000193571169469666,5,"5*eta0",0.000967855847348329,0.967855847348329,"fixed | 5*eta0"
315,-538302.762846134,871.162839182846,1,0,0.000967855847348329,1,123,1000,2,"poisson","fixed",0.000193571169469666,5,"5*eta0",0.000967855847348329,0.967855847348329,"fixed | 5*eta0"
316,-501817.68634838,871.162839182844,1,0,0.000967855847348329,1,123,1000,2,"poisson","fixed",0.000193571169469666,5,"5*eta0",0.000967855847348329,0.967855847348329,"fixed | 5*eta0"
317,-538302.762846134,871.162839182844,1,0,0.000967855847348329,1,123,1000,2,"poisson","fixed",0.000193571169469666,5,"5*eta0",0.000967855847348329,0.967855847348329,"fixed | 5*eta0"
318,-501817.68634838,871.162839182846,1,0,0.000967855847348329,1,123,1000,2,"poisson","fixed",0.000193571169469666,5,"5*eta0",0.000967855847348329,0.967855847348329,"fixed | 5*eta0"
319,-538302.762846134,871.162839182846,1,0,0.000967855847348329,1,123,1000,2,"poisson","fixed",0.000193571169469666,5,"5*eta0",0.000967855847348329,0.967855847348329,"fixed | 5*eta0"
320,-501817.68634838,871.162839182843,1,0,0.000967855847348329,1,123,1000,2,"poisson","fixed",0.000193571169469666,5,"5*eta0",0.000967855847348329,0.967855847348329,"fixed | 5*eta0"
321,-538302.762846134,871.162839182844,1,0,0.000967855847348329,1,123,1000,2,"poisson","fixed",0.000193571169469666,5,"5*eta0",0.000967855847348329,0.967855847348329,"fixed | 5*eta0"
322,-501817.68634838,871.162839182846,1,0,0.000967855847348329,1,123,1000,2,"poisson","fixed",0.000193571169469666,5,"5*eta0",0.000967855847348329,0.967855847348329,"fixed | 5*eta0"
323,-538302.762846134,871.162839182845,1,0,0.000967855847348329,1,123,1000,2,"poisson","fixed",0.000193571169469666,5,"5*eta0",0.000967855847348329,0.967855847348329,"fixed | 5*eta0"
324,-501817.68634838,871.162839182843,1,0,0.000967855847348329,1,123,1000,2,"poisson","fixed",0.000193571169469666,5,"5*eta0",0.000967855847348329,0.967855847348329,"fixed | 5*eta0"
325,-538302.762846134,871.162839182844,1,0,0.000967855847348329,1,123,1000,2,"poisson","fixed",0.000193571169469666,5,"5*eta0",0.000967855847348329,0.967855847348329,"fixed | 5*eta0"
326,-501817.68634838,871.162839182846,1,0,0.000967855847348329,1,123,1000,2,"poisson","fixed",0.000193571169469666,5,"5*eta0",0.000967855847348329,0.967855847348329,"fixed | 5*eta0"
327,-538302.762846134,871.162839182846,1,0,0.000967855847348329,1,123,1000,2,"poisson","fixed",0.000193571169469666,5,"5*eta0",0.000967855847348329,0.967855847348329,"fixed | 5*eta0"
328,-501817.68634838,871.162839182844,1,0,0.000967855847348329,1,123,1000,2,"poisson","fixed",0.000193571169469666,5,"5*eta0",0.000967855847348329,0.967855847348329,"fixed | 5*eta0"
329,-538302.762846134,871.162839182844,1,0,0.000967855847348329,1,123,1000,2,"poisson","fixed",0.000193571169469666,5,"5*eta0",0.000967855847348329,0.967855847348329,"fixed | 5*eta0"
330,-501817.68634838,871.162839182846,1,0,0.000967855847348329,1,123,1000,2,"poisson","fixed",0.000193571169469666,5,"5*eta0",0.000967855847348329,0.967855847348329,"fixed | 5*eta0"
331,-538302.762846134,871.162839182845,1,0,0.000967855847348329,1,123,1000,2,"poisson","fixed",0.000193571169469666,5,"5*eta0",0.000967855847348329,0.967855847348329,"fixed | 5*eta0"
332,-501817.68634838,871.162839182844,1,0,0.000967855847348329,1,123,1000,2,"poisson","fixed",0.000193571169469666,5,"5*eta0",0.000967855847348329,0.967855847348329,"fixed | 5*eta0"
333,-538302.762846134,871.162839182844,1,0,0.000967855847348329,1,123,1000,2,"poisson","fixed",0.000193571169469666,5,"5*eta0",0.000967855847348329,0.967855847348329,"fixed | 5*eta0"
334,-501817.68634838,871.162839182846,1,0,0.000967855847348329,1,123,1000,2,"poisson","fixed",0.000193571169469666,5,"5*eta0",0.000967855847348329,0.967855847348329,"fixed | 5*eta0"
335,-538302.762846134,871.162839182845,1,0,0.000967855847348329,1,123,1000,2,"poisson","fixed",0.000193571169469666,5,"5*eta0",0.000967855847348329,0.967855847348329,"fixed | 5*eta0"
336,-501817.68634838,871.162839182844,1,0,0.000967855847348329,1,123,1000,2,"poisson","fixed",0.000193571169469666,5,"5*eta0",0.000967855847348329,0.967855847348329,"fixed | 5*eta0"
337,-538302.762846134,871.162839182844,1,0,0.000967855847348329,1,123,1000,2,"poisson","fixed",0.000193571169469666,5,"5*eta0",0.000967855847348329,0.967855847348329,"fixed | 5*eta0"
338,-501817.68634838,871.162839182846,1,0,0.000967855847348329,1,123,1000,2,"poisson","fixed",0.000193571169469666,5,"5*eta0",0.000967855847348329,0.967855847348329,"fixed | 5*eta0"
339,-538302.762846134,871.162839182845,1,0,0.000967855847348329,1,123,1000,2,"poisson","fixed",0.000193571169469666,5,"5*eta0",0.000967855847348329,0.967855847348329,"fixed | 5*eta0"
340,-501817.68634838,871.162839182844,1,0,0.000967855847348329,1,123,1000,2,"poisson","fixed",0.000193571169469666,5,"5*eta0",0.000967855847348329,0.967855847348329,"fixed | 5*eta0"
341,-538302.762846134,871.162839182844,1,0,0.000967855847348329,1,123,1000,2,"poisson","fixed",0.000193571169469666,5,"5*eta0",0.000967855847348329,0.967855847348329,"fixed | 5*eta0"
342,-501817.68634838,871.162839182846,1,0,0.000967855847348329,1,123,1000,2,"poisson","fixed",0.000193571169469666,5,"5*eta0",0.000967855847348329,0.967855847348329,"fixed | 5*eta0"
343,-538302.762846134,871.162839182845,1,0,0.000967855847348329,1,123,1000,2,"poisson","fixed",0.000193571169469666,5,"5*eta0",0.000967855847348329,0.967855847348329,"fixed | 5*eta0"
344,-501817.68634838,871.162839182844,1,0,0.000967855847348329,1,123,1000,2,"poisson","fixed",0.000193571169469666,5,"5*eta0",0.000967855847348329,0.967855847348329,"fixed | 5*eta0"
345,-538302.762846134,871.162839182844,1,0,0.000967855847348329,1,123,1000,2,"poisson","fixed",0.000193571169469666,5,"5*eta0",0.000967855847348329,0.967855847348329,"fixed | 5*eta0"
346,-501817.68634838,871.162839182845,1,0,0.000967855847348329,1,123,1000,2,"poisson","fixed",0.000193571169469666,5,"5*eta0",0.000967855847348329,0.967855847348329,"fixed | 5*eta0"
347,-538302.762846134,871.162839182845,1,0,0.000967855847348329,1,123,1000,2,"poisson","fixed",0.000193571169469666,5,"5*eta0",0.000967855847348329,0.967855847348329,"fixed | 5*eta0"
348,-501817.68634838,871.162839182844,1,0,0.000967855847348329,1,123,1000,2,"poisson","fixed",0.000193571169469666,5,"5*eta0",0.000967855847348329,0.967855847348329,"fixed | 5*eta0"
349,-538302.762846134,871.162839182844,1,0,0.000967855847348329,1,123,1000,2,"poisson","fixed",0.000193571169469666,5,"5*eta0",0.000967855847348329,0.967855847348329,"fixed | 5*eta0"
350,-501817.68634838,871.162839182845,1,0,0.000967855847348329,1,123,1000,2,"poisson","fixed",0.000193571169469666,5,"5*eta0",0.000967855847348329,0.967855847348329,"fixed | 5*eta0"
351,-538302.762846134,871.162839182845,1,0,0.000967855847348329,1,123,1000,2,"poisson","fixed",0.000193571169469666,5,"5*eta0",0.000967855847348329,0.967855847348329,"fixed | 5*eta0"
352,-501817.68634838,871.162839182844,1,0,0.000967855847348329,1,123,1000,2,"poisson","fixed",0.000193571169469666,5,"5*eta0",0.000967855847348329,0.967855847348329,"fixed | 5*eta0"
353,-538302.762846134,871.162839182844,1,0,0.000967855847348329,1,123,1000,2,"poisson","fixed",0.000193571169469666,5,"5*eta0",0.000967855847348329,0.967855847348329,"fixed | 5*eta0"
354,-501817.68634838,871.162839182845,1,0,0.000967855847348329,1,123,1000,2,"poisson","fixed",0.000193571169469666,5,"5*eta0",0.000967855847348329,0.967855847348329,"fixed | 5*eta0"
355,-538302.762846134,871.162839182845,1,0,0.000967855847348329,1,123,1000,2,"poisson","fixed",0.000193571169469666,5,"5*eta0",0.000967855847348329,0.967855847348329,"fixed | 5*eta0"
356,-501817.68634838,871.162839182844,1,0,0.000967855847348329,1,123,1000,2,"poisson","fixed",0.000193571169469666,5,"5*eta0",0.000967855847348329,0.967855847348329,"fixed | 5*eta0"
357,-538302.762846134,871.162839182845,1,0,0.000967855847348329,1,123,1000,2,"poisson","fixed",0.000193571169469666,5,"5*eta0",0.000967855847348329,0.967855847348329,"fixed | 5*eta0"
358,-501817.68634838,871.162839182845,1,0,0.000967855847348329,1,123,1000,2,"poisson","fixed",0.000193571169469666,5,"5*eta0",0.000967855847348329,0.967855847348329,"fixed | 5*eta0"
359,-538302.762846134,871.162839182845,1,0,0.000967855847348329,1,123,1000,2,"poisson","fixed",0.000193571169469666,5,"5*eta0",0.000967855847348329,0.967855847348329,"fixed | 5*eta0"
360,-501817.68634838,871.162839182844,1,0,0.000967855847348329,1,123,1000,2,"poisson","fixed",0.000193571169469666,5,"5*eta0",0.000967855847348329,0.967855847348329,"fixed | 5*eta0"
361,-538302.762846134,871.162839182844,1,0,0.000967855847348329,1,123,1000,2,"poisson","fixed",0.000193571169469666,5,"5*eta0",0.000967855847348329,0.967855847348329,"fixed | 5*eta0"
362,-501817.68634838,871.162839182845,1,0,0.000967855847348329,1,123,1000,2,"poisson","fixed",0.000193571169469666,5,"5*eta0",0.000967855847348329,0.967855847348329,"fixed | 5*eta0"
363,-538302.762846134,871.162839182845,1,0,0.000967855847348329,1,123,1000,2,"poisson","fixed",0.000193571169469666,5,"5*eta0",0.000967855847348329,0.967855847348329,"fixed | 5*eta0"
364,-501817.68634838,871.162839182844,1,0,0.000967855847348329,1,123,1000,2,"poisson","fixed",0.000193571169469666,5,"5*eta0",0.000967855847348329,0.967855847348329,"fixed | 5*eta0"
365,-538302.762846134,871.162839182844,1,0,0.000967855847348329,1,123,1000,2,"poisson","fixed",0.000193571169469666,5,"5*eta0",0.000967855847348329,0.967855847348329,"fixed | 5*eta0"
366,-501817.68634838,871.162839182846,1,0,0.000967855847348329,1,123,1000,2,"poisson","fixed",0.000193571169469666,5,"5*eta0",0.000967855847348329,0.967855847348329,"fixed | 5*eta0"
367,-538302.762846134,871.162839182845,1,0,0.000967855847348329,1,123,1000,2,"poisson","fixed",0.000193571169469666,5,"5*eta0",0.000967855847348329,0.967855847348329,"fixed | 5*eta0"
368,-501817.68634838,871.162839182844,1,0,0.000967855847348329,1,123,1000,2,"poisson","fixed",0.000193571169469666,5,"5*eta0",0.000967855847348329,0.967855847348329,"fixed | 5*eta0"
369,-538302.762846134,871.162839182844,1,0,0.000967855847348329,1,123,1000,2,"poisson","fixed",0.000193571169469666,5,"5*eta0",0.000967855847348329,0.967855847348329,"fixed | 5*eta0"
370,-501817.68634838,871.162839182845,1,0,0.000967855847348329,1,123,1000,2,"poisson","fixed",0.000193571169469666,5,"5*eta0",0.000967855847348329,0.967855847348329,"fixed | 5*eta0"
371,-538302.762846134,871.162839182845,1,0,0.000967855847348329,1,123,1000,2,"poisson","fixed",0.000193571169469666,5,"5*eta0",0.000967855847348329,0.967855847348329,"fixed | 5*eta0"
372,-501817.68634838,871.162839182844,1,0,0.000967855847348329,1,123,1000,2,"poisson","fixed",0.000193571169469666,5,"5*eta0",0.000967855847348329,0.967855847348329,"fixed | 5*eta0"
373,-538302.762846134,871.162839182844,1,0,0.000967855847348329,1,123,1000,2,"poisson","fixed",0.000193571169469666,5,"5*eta0",0.000967855847348329,0.967855847348329,"fixed | 5*eta0"
374,-501817.68634838,871.162839182845,1,0,0.000967855847348329,1,123,1000,2,"poisson","fixed",0.000193571169469666,5,"5*eta0",0.000967855847348329,0.967855847348329,"fixed | 5*eta0"
375,-538302.762846134,871.162839182845,1,0,0.000967855847348329,1,123,1000,2,"poisson","fixed",0.000193571169469666,5,"5*eta0",0.000967855847348329,0.967855847348329,"fixed | 5*eta0"
376,-501817.68634838,871.162839182844,1,0,0.000967855847348329,1,123,1000,2,"poisson","fixed",0.000193571169469666,5,"5*eta0",0.000967855847348329,0.967855847348329,"fixed | 5*eta0"
377,-538302.762846134,871.162839182844,1,0,0.000967855847348329,1,123,1000,2,"poisson","fixed",0.000193571169469666,5,"5*eta0",0.000967855847348329,0.967855847348329,"fixed | 5*eta0"
378,-501817.68634838,871.162839182845,1,0,0.000967855847348329,1,123,1000,2,"poisson","fixed",0.000193571169469666,5,"5*eta0",0.000967855847348329,0.967855847348329,"fixed | 5*eta0"
379,-538302.762846134,871.162839182845,1,0,0.000967855847348329,1,123,1000,2,"poisson","fixed",0.000193571169469666,5,"5*eta0",0.000967855847348329,0.967855847348329,"fixed | 5*eta0"
380,-501817.68634838,871.162839182844,1,0,0.000967855847348329,1,123,1000,2,"poisson","fixed",0.000193571169469666,5,"5*eta0",0.000967855847348329,0.967855847348329,"fixed | 5*eta0"
381,-538302.762846134,871.162839182844,1,0,0.000967855847348329,1,123,1000,2,"poisson","fixed",0.000193571169469666,5,"5*eta0",0.000967855847348329,0.967855847348329,"fixed | 5*eta0"
382,-501817.68634838,871.162839182845,1,0,0.000967855847348329,1,123,1000,2,"poisson","fixed",0.000193571169469666,5,"5*eta0",0.000967855847348329,0.967855847348329,"fixed | 5*eta0"
383,-538302.762846134,871.162839182845,1,0,0.000967855847348329,1,123,1000,2,"poisson","fixed",0.000193571169469666,5,"5*eta0",0.000967855847348329,0.967855847348329,"fixed | 5*eta0"
384,-501817.68634838,871.162839182844,1,0,0.000967855847348329,1,123,1000,2,"poisson","fixed",0.000193571169469666,5,"5*eta0",0.000967855847348329,0.967855847348329,"fixed | 5*eta0"
385,-538302.762846134,871.162839182844,1,0,0.000967855847348329,1,123,1000,2,"poisson","fixed",0.000193571169469666,5,"5*eta0",0.000967855847348329,0.967855847348329,"fixed | 5*eta0"
386,-501817.68634838,871.162839182845,1,0,0.000967855847348329,1,123,1000,2,"poisson","fixed",0.000193571169469666,5,"5*eta0",0.000967855847348329,0.967855847348329,"fixed | 5*eta0"
387,-538302.762846134,871.162839182845,1,0,0.000967855847348329,1,123,1000,2,"poisson","fixed",0.000193571169469666,5,"5*eta0",0.000967855847348329,0.967855847348329,"fixed | 5*eta0"
388,-501817.68634838,871.162839182844,1,0,0.000967855847348329,1,123,1000,2,"poisson","fixed",0.000193571169469666,5,"5*eta0",0.000967855847348329,0.967855847348329,"fixed | 5*eta0"
389,-538302.762846134,871.162839182844,1,0,0.000967855847348329,1,123,1000,2,"poisson","fixed",0.000193571169469666,5,"5*eta0",0.000967855847348329,0.967855847348329,"fixed | 5*eta0"
390,-501817.68634838,871.162839182846,1,0,0.000967855847348329,1,123,1000,2,"poisson","fixed",0.000193571169469666,5,"5*eta0",0.000967855847348329,0.967855847348329,"fixed | 5*eta0"
391,-538302.762846134,871.162839182845,1,0,0.000967855847348329,1,123,1000,2,"poisson","fixed",0.000193571169469666,5,"5*eta0",0.000967855847348329,0.967855847348329,"fixed | 5*eta0"
392,-501817.68634838,871.162839182844,1,0,0.000967855847348329,1,123,1000,2,"poisson","fixed",0.000193571169469666,5,"5*eta0",0.000967855847348329,0.967855847348329,"fixed | 5*eta0"
393,-538302.762846134,871.162839182844,1,0,0.000967855847348329,1,123,1000,2,"poisson","fixed",0.000193571169469666,5,"5*eta0",0.000967855847348329,0.967855847348329,"fixed | 5*eta0"
394,-501817.68634838,871.162839182846,1,0,0.000967855847348329,1,123,1000,2,"poisson","fixed",0.000193571169469666,5,"5*eta0",0.000967855847348329,0.967855847348329,"fixed | 5*eta0"
395,-538302.762846134,871.162839182845,1,0,0.000967855847348329,1,123,1000,2,"poisson","fixed",0.000193571169469666,5,"5*eta0",0.000967855847348329,0.967855847348329,"fixed | 5*eta0"
396,-501817.68634838,871.162839182844,1,0,0.000967855847348329,1,123,1000,2,"poisson","fixed",0.000193571169469666,5,"5*eta0",0.000967855847348329,0.967855847348329,"fixed | 5*eta0"
397,-538302.762846134,871.162839182844,1,0,0.000967855847348329,1,123,1000,2,"poisson","fixed",0.000193571169469666,5,"5*eta0",0.000967855847348329,0.967855847348329,"fixed | 5*eta0"
398,-501817.68634838,871.162839182846,1,0,0.000967855847348329,1,123,1000,2,"poisson","fixed",0.000193571169469666,5,"5*eta0",0.000967855847348329,0.967855847348329,"fixed | 5*eta0"
399,-538302.762846134,871.162839182845,1,0,0.000967855847348329,1,123,1000,2,"poisson","fixed",0.000193571169469666,5,"5*eta0",0.000967855847348329,0.967855847348329,"fixed | 5*eta0"
400,-501817.68634838,871.162839182843,1,0,0.000967855847348329,1,123,1000,2,"poisson","fixed",0.000193571169469666,5,"5*eta0",0.000967855847348329,0.967855847348329,"fixed | 5*eta0"
401,-538302.762846134,871.162839182844,1,0,0.000967855847348329,1,123,1000,2,"poisson","fixed",0.000193571169469666,5,"5*eta0",0.000967855847348329,0.967855847348329,"fixed | 5*eta0"
402,-501817.68634838,871.162839182846,1,0,0.000967855847348329,1,123,1000,2,"poisson","fixed",0.000193571169469666,5,"5*eta0",0.000967855847348329,0.967855847348329,"fixed | 5*eta0"
403,-538302.762846134,871.162839182845,1,0,0.000967855847348329,1,123,1000,2,"poisson","fixed",0.000193571169469666,5,"5*eta0",0.000967855847348329,0.967855847348329,"fixed | 5*eta0"
404,-501817.68634838,871.162839182843,1,0,0.000967855847348329,1,123,1000,2,"poisson","fixed",0.000193571169469666,5,"5*eta0",0.000967855847348329,0.967855847348329,"fixed | 5*eta0"
405,-538302.762846134,871.162839182844,1,0,0.000967855847348329,1,123,1000,2,"poisson","fixed",0.000193571169469666,5,"5*eta0",0.000967855847348329,0.967855847348329,"fixed | 5*eta0"
406,-501817.68634838,871.162839182846,1,0,0.000967855847348329,1,123,1000,2,"poisson","fixed",0.000193571169469666,5,"5*eta0",0.000967855847348329,0.967855847348329,"fixed | 5*eta0"
407,-538302.762846134,871.162839182846,1,0,0.000967855847348329,1,123,1000,2,"poisson","fixed",0.000193571169469666,5,"5*eta0",0.000967855847348329,0.967855847348329,"fixed | 5*eta0"
408,-501817.68634838,871.162839182844,1,0,0.000967855847348329,1,123,1000,2,"poisson","fixed",0.000193571169469666,5,"5*eta0",0.000967855847348329,0.967855847348329,"fixed | 5*eta0"
409,-538302.762846134,871.162839182844,1,0,0.000967855847348329,1,123,1000,2,"poisson","fixed",0.000193571169469666,5,"5*eta0",0.000967855847348329,0.967855847348329,"fixed | 5*eta0"
410,-501817.68634838,871.162839182846,1,0,0.000967855847348329,1,123,1000,2,"poisson","fixed",0.000193571169469666,5,"5*eta0",0.000967855847348329,0.967855847348329,"fixed | 5*eta0"
411,-538302.762846134,871.162839182845,1,0,0.000967855847348329,1,123,1000,2,"poisson","fixed",0.000193571169469666,5,"5*eta0",0.000967855847348329,0.967855847348329,"fixed | 5*eta0"
412,-501817.68634838,871.162839182844,1,0,0.000967855847348329,1,123,1000,2,"poisson","fixed",0.000193571169469666,5,"5*eta0",0.000967855847348329,0.967855847348329,"fixed | 5*eta0"
413,-538302.762846134,871.162839182844,1,0,0.000967855847348329,1,123,1000,2,"poisson","fixed",0.000193571169469666,5,"5*eta0",0.000967855847348329,0.967855847348329,"fixed | 5*eta0"
414,-501817.68634838,871.162839182846,1,0,0.000967855847348329,1,123,1000,2,"poisson","fixed",0.000193571169469666,5,"5*eta0",0.000967855847348329,0.967855847348329,"fixed | 5*eta0"
415,-538302.762846134,871.162839182845,1,0,0.000967855847348329,1,123,1000,2,"poisson","fixed",0.000193571169469666,5,"5*eta0",0.000967855847348329,0.967855847348329,"fixed | 5*eta0"
416,-501817.68634838,871.162839182844,1,0,0.000967855847348329,1,123,1000,2,"poisson","fixed",0.000193571169469666,5,"5*eta0",0.000967855847348329,0.967855847348329,"fixed | 5*eta0"
417,-538302.762846134,871.162839182844,1,0,0.000967855847348329,1,123,1000,2,"poisson","fixed",0.000193571169469666,5,"5*eta0",0.000967855847348329,0.967855847348329,"fixed | 5*eta0"
418,-501817.68634838,871.162839182846,1,0,0.000967855847348329,1,123,1000,2,"poisson","fixed",0.000193571169469666,5,"5*eta0",0.000967855847348329,0.967855847348329,"fixed | 5*eta0"
419,-538302.762846134,871.162839182845,1,0,0.000967855847348329,1,123,1000,2,"poisson","fixed",0.000193571169469666,5,"5*eta0",0.000967855847348329,0.967855847348329,"fixed | 5*eta0"
420,-501817.68634838,871.162839182844,1,0,0.000967855847348329,1,123,1000,2,"poisson","fixed",0.000193571169469666,5,"5*eta0",0.000967855847348329,0.967855847348329,"fixed | 5*eta0"
421,-538302.762846134,871.162839182844,1,0,0.000967855847348329,1,123,1000,2,"poisson","fixed",0.000193571169469666,5,"5*eta0",0.000967855847348329,0.967855847348329,"fixed | 5*eta0"
422,-501817.68634838,871.162839182846,1,0,0.000967855847348329,1,123,1000,2,"poisson","fixed",0.000193571169469666,5,"5*eta0",0.000967855847348329,0.967855847348329,"fixed | 5*eta0"
423,-538302.762846134,871.162839182845,1,0,0.000967855847348329,1,123,1000,2,"poisson","fixed",0.000193571169469666,5,"5*eta0",0.000967855847348329,0.967855847348329,"fixed | 5*eta0"
424,-501817.68634838,871.162839182844,1,0,0.000967855847348329,1,123,1000,2,"poisson","fixed",0.000193571169469666,5,"5*eta0",0.000967855847348329,0.967855847348329,"fixed | 5*eta0"
425,-538302.762846134,871.162839182844,1,0,0.000967855847348329,1,123,1000,2,"poisson","fixed",0.000193571169469666,5,"5*eta0",0.000967855847348329,0.967855847348329,"fixed | 5*eta0"
426,-501817.68634838,871.162839182846,1,0,0.000967855847348329,1,123,1000,2,"poisson","fixed",0.000193571169469666,5,"5*eta0",0.000967855847348329,0.967855847348329,"fixed | 5*eta0"
427,-538302.762846134,871.162839182845,1,0,0.000967855847348329,1,123,1000,2,"poisson","fixed",0.000193571169469666,5,"5*eta0",0.000967855847348329,0.967855847348329,"fixed | 5*eta0"
428,-501817.68634838,871.162839182843,1,0,0.000967855847348329,1,123,1000,2,"poisson","fixed",0.000193571169469666,5,"5*eta0",0.000967855847348329,0.967855847348329,"fixed | 5*eta0"
429,-538302.762846134,871.162839182844,1,0,0.000967855847348329,1,123,1000,2,"poisson","fixed",0.000193571169469666,5,"5*eta0",0.000967855847348329,0.967855847348329,"fixed | 5*eta0"
430,-501817.68634838,871.162839182846,1,0,0.000967855847348329,1,123,1000,2,"poisson","fixed",0.000193571169469666,5,"5*eta0",0.000967855847348329,0.967855847348329,"fixed | 5*eta0"
431,-538302.762846134,871.162839182845,1,0,0.000967855847348329,1,123,1000,2,"poisson","fixed",0.000193571169469666,5,"5*eta0",0.000967855847348329,0.967855847348329,"fixed | 5*eta0"
432,-501817.68634838,871.162839182844,1,0,0.000967855847348329,1,123,1000,2,"poisson","fixed",0.000193571169469666,5,"5*eta0",0.000967855847348329,0.967855847348329,"fixed | 5*eta0"
433,-538302.762846134,871.162839182844,1,0,0.000967855847348329,1,123,1000,2,"poisson","fixed",0.000193571169469666,5,"5*eta0",0.000967855847348329,0.967855847348329,"fixed | 5*eta0"
434,-501817.68634838,871.162839182845,1,0,0.000967855847348329,1,123,1000,2,"poisson","fixed",0.000193571169469666,5,"5*eta0",0.000967855847348329,0.967855847348329,"fixed | 5*eta0"
435,-538302.762846134,871.162839182845,1,0,0.000967855847348329,1,123,1000,2,"poisson","fixed",0.000193571169469666,5,"5*eta0",0.000967855847348329,0.967855847348329,"fixed | 5*eta0"
436,-501817.68634838,871.162839182844,1,0,0.000967855847348329,1,123,1000,2,"poisson","fixed",0.000193571169469666,5,"5*eta0",0.000967855847348329,0.967855847348329,"fixed | 5*eta0"
437,-538302.762846134,871.162839182844,1,0,0.000967855847348329,1,123,1000,2,"poisson","fixed",0.000193571169469666,5,"5*eta0",0.000967855847348329,0.967855847348329,"fixed | 5*eta0"
438,-501817.68634838,871.162839182845,1,0,0.000967855847348329,1,123,1000,2,"poisson","fixed",0.000193571169469666,5,"5*eta0",0.000967855847348329,0.967855847348329,"fixed | 5*eta0"
439,-538302.762846134,871.162839182845,1,0,0.000967855847348329,1,123,1000,2,"poisson","fixed",0.000193571169469666,5,"5*eta0",0.000967855847348329,0.967855847348329,"fixed | 5*eta0"
440,-501817.68634838,871.162839182844,1,0,0.000967855847348329,1,123,1000,2,"poisson","fixed",0.000193571169469666,5,"5*eta0",0.000967855847348329,0.967855847348329,"fixed | 5*eta0"
441,-538302.762846134,871.162839182844,1,0,0.000967855847348329,1,123,1000,2,"poisson","fixed",0.000193571169469666,5,"5*eta0",0.000967855847348329,0.967855847348329,"fixed | 5*eta0"
442,-501817.68634838,871.162839182845,1,0,0.000967855847348329,1,123,1000,2,"poisson","fixed",0.000193571169469666,5,"5*eta0",0.000967855847348329,0.967855847348329,"fixed | 5*eta0"
443,-538302.762846134,871.162839182845,1,0,0.000967855847348329,1,123,1000,2,"poisson","fixed",0.000193571169469666,5,"5*eta0",0.000967855847348329,0.967855847348329,"fixed | 5*eta0"
444,-501817.68634838,871.162839182844,1,0,0.000967855847348329,1,123,1000,2,"poisson","fixed",0.000193571169469666,5,"5*eta0",0.000967855847348329,0.967855847348329,"fixed | 5*eta0"
445,-538302.762846134,871.162839182844,1,0,0.000967855847348329,1,123,1000,2,"poisson","fixed",0.000193571169469666,5,"5*eta0",0.000967855847348329,0.967855847348329,"fixed | 5*eta0"
446,-501817.68634838,871.162839182845,1,0,0.000967855847348329,1,123,1000,2,"poisson","fixed",0.000193571169469666,5,"5*eta0",0.000967855847348329,0.967855847348329,"fixed | 5*eta0"
447,-538302.762846134,871.162839182845,1,0,0.000967855847348329,1,123,1000,2,"poisson","fixed",0.000193571169469666,5,"5*eta0",0.000967855847348329,0.967855847348329,"fixed | 5*eta0"
448,-501817.68634838,871.162839182844,1,0,0.000967855847348329,1,123,1000,2,"poisson","fixed",0.000193571169469666,5,"5*eta0",0.000967855847348329,0.967855847348329,"fixed | 5*eta0"
449,-538302.762846134,871.162839182844,1,0,0.000967855847348329,1,123,1000,2,"poisson","fixed",0.000193571169469666,5,"5*eta0",0.000967855847348329,0.967855847348329,"fixed | 5*eta0"
450,-501817.68634838,871.162839182844,1,0,0.000967855847348329,1,123,1000,2,"poisson","fixed",0.000193571169469666,5,"5*eta0",0.000967855847348329,0.967855847348329,"fixed | 5*eta0"
451,-538302.762846134,871.162839182845,1,0,0.000967855847348329,1,123,1000,2,"poisson","fixed",0.000193571169469666,5,"5*eta0",0.000967855847348329,0.967855847348329,"fixed | 5*eta0"
452,-501817.68634838,871.162839182845,1,0,0.000967855847348329,1,123,1000,2,"poisson","fixed",0.000193571169469666,5,"5*eta0",0.000967855847348329,0.967855847348329,"fixed | 5*eta0"
453,-538302.762846134,871.162839182845,1,0,0.000967855847348329,1,123,1000,2,"poisson","fixed",0.000193571169469666,5,"5*eta0",0.000967855847348329,0.967855847348329,"fixed | 5*eta0"
454,-501817.68634838,871.162839182843,1,0,0.000967855847348329,1,123,1000,2,"poisson","fixed",0.000193571169469666,5,"5*eta0",0.000967855847348329,0.967855847348329,"fixed | 5*eta0"
455,-538302.762846134,871.162839182844,1,0,0.000967855847348329,1,123,1000,2,"poisson","fixed",0.000193571169469666,5,"5*eta0",0.000967855847348329,0.967855847348329,"fixed | 5*eta0"
456,-501817.68634838,871.162839182846,1,0,0.000967855847348329,1,123,1000,2,"poisson","fixed",0.000193571169469666,5,"5*eta0",0.000967855847348329,0.967855847348329,"fixed | 5*eta0"
457,-538302.762846134,871.162839182845,1,0,0.000967855847348329,1,123,1000,2,"poisson","fixed",0.000193571169469666,5,"5*eta0",0.000967855847348329,0.967855847348329,"fixed | 5*eta0"
458,-501817.68634838,871.162839182844,1,0,0.000967855847348329,1,123,1000,2,"poisson","fixed",0.000193571169469666,5,"5*eta0",0.000967855847348329,0.967855847348329,"fixed | 5*eta0"
459,-538302.762846134,871.162839182844,1,0,0.000967855847348329,1,123,1000,2,"poisson","fixed",0.000193571169469666,5,"5*eta0",0.000967855847348329,0.967855847348329,"fixed | 5*eta0"
460,-501817.68634838,871.162839182846,1,0,0.000967855847348329,1,123,1000,2,"poisson","fixed",0.000193571169469666,5,"5*eta0",0.000967855847348329,0.967855847348329,"fixed | 5*eta0"
461,-538302.762846134,871.162839182845,1,0,0.000967855847348329,1,123,1000,2,"poisson","fixed",0.000193571169469666,5,"5*eta0",0.000967855847348329,0.967855847348329,"fixed | 5*eta0"
462,-501817.68634838,871.162839182844,1,0,0.000967855847348329,1,123,1000,2,"poisson","fixed",0.000193571169469666,5,"5*eta0",0.000967855847348329,0.967855847348329,"fixed | 5*eta0"
463,-538302.762846134,871.162839182844,1,0,0.000967855847348329,1,123,1000,2,"poisson","fixed",0.000193571169469666,5,"5*eta0",0.000967855847348329,0.967855847348329,"fixed | 5*eta0"
464,-501817.68634838,871.162839182846,1,0,0.000967855847348329,1,123,1000,2,"poisson","fixed",0.000193571169469666,5,"5*eta0",0.000967855847348329,0.967855847348329,"fixed | 5*eta0"
465,-538302.762846134,871.162839182845,1,0,0.000967855847348329,1,123,1000,2,"poisson","fixed",0.000193571169469666,5,"5*eta0",0.000967855847348329,0.967855847348329,"fixed | 5*eta0"
466,-501817.68634838,871.162839182843,1,0,0.000967855847348329,1,123,1000,2,"poisson","fixed",0.000193571169469666,5,"5*eta0",0.000967855847348329,0.967855847348329,"fixed | 5*eta0"
467,-538302.762846134,871.162839182844,1,0,0.000967855847348329,1,123,1000,2,"poisson","fixed",0.000193571169469666,5,"5*eta0",0.000967855847348329,0.967855847348329,"fixed | 5*eta0"
468,-501817.68634838,871.162839182846,1,0,0.000967855847348329,1,123,1000,2,"poisson","fixed",0.000193571169469666,5,"5*eta0",0.000967855847348329,0.967855847348329,"fixed | 5*eta0"
469,-538302.762846134,871.162839182845,1,0,0.000967855847348329,1,123,1000,2,"poisson","fixed",0.000193571169469666,5,"5*eta0",0.000967855847348329,0.967855847348329,"fixed | 5*eta0"
470,-501817.68634838,871.162839182843,1,0,0.000967855847348329,1,123,1000,2,"poisson","fixed",0.000193571169469666,5,"5*eta0",0.000967855847348329,0.967855847348329,"fixed | 5*eta0"
471,-538302.762846134,871.162839182844,1,0,0.000967855847348329,1,123,1000,2,"poisson","fixed",0.000193571169469666,5,"5*eta0",0.000967855847348329,0.967855847348329,"fixed | 5*eta0"
472,-501817.68634838,871.162839182846,1,0,0.000967855847348329,1,123,1000,2,"poisson","fixed",0.000193571169469666,5,"5*eta0",0.000967855847348329,0.967855847348329,"fixed | 5*eta0"
473,-538302.762846134,871.162839182845,1,0,0.000967855847348329,1,123,1000,2,"poisson","fixed",0.000193571169469666,5,"5*eta0",0.000967855847348329,0.967855847348329,"fixed | 5*eta0"
474,-501817.68634838,871.162839182844,1,0,0.000967855847348329,1,123,1000,2,"poisson","fixed",0.000193571169469666,5,"5*eta0",0.000967855847348329,0.967855847348329,"fixed | 5*eta0"
475,-538302.762846134,871.162839182844,1,0,0.000967855847348329,1,123,1000,2,"poisson","fixed",0.000193571169469666,5,"5*eta0",0.000967855847348329,0.967855847348329,"fixed | 5*eta0"
476,-501817.68634838,871.162839182845,1,0,0.000967855847348329,1,123,1000,2,"poisson","fixed",0.000193571169469666,5,"5*eta0",0.000967855847348329,0.967855847348329,"fixed | 5*eta0"
477,-538302.762846134,871.162839182845,1,0,0.000967855847348329,1,123,1000,2,"poisson","fixed",0.000193571169469666,5,"5*eta0",0.000967855847348329,0.967855847348329,"fixed | 5*eta0"
478,-501817.68634838,871.162839182844,1,0,0.000967855847348329,1,123,1000,2,"poisson","fixed",0.000193571169469666,5,"5*eta0",0.000967855847348329,0.967855847348329,"fixed | 5*eta0"
479,-538302.762846134,871.162839182844,1,0,0.000967855847348329,1,123,1000,2,"poisson","fixed",0.000193571169469666,5,"5*eta0",0.000967855847348329,0.967855847348329,"fixed | 5*eta0"
480,-501817.68634838,871.162839182845,1,0,0.000967855847348329,1,123,1000,2,"poisson","fixed",0.000193571169469666,5,"5*eta0",0.000967855847348329,0.967855847348329,"fixed | 5*eta0"
481,-538302.762846134,871.162839182845,1,0,0.000967855847348329,1,123,1000,2,"poisson","fixed",0.000193571169469666,5,"5*eta0",0.000967855847348329,0.967855847348329,"fixed | 5*eta0"
482,-501817.68634838,871.162839182844,1,0,0.000967855847348329,1,123,1000,2,"poisson","fixed",0.000193571169469666,5,"5*eta0",0.000967855847348329,0.967855847348329,"fixed | 5*eta0"
483,-538302.762846134,871.162839182844,1,0,0.000967855847348329,1,123,1000,2,"poisson","fixed",0.000193571169469666,5,"5*eta0",0.000967855847348329,0.967855847348329,"fixed | 5*eta0"
484,-501817.68634838,871.162839182845,1,0,0.000967855847348329,1,123,1000,2,"poisson","fixed",0.000193571169469666,5,"5*eta0",0.000967855847348329,0.967855847348329,"fixed | 5*eta0"
485,-538302.762846134,871.162839182845,1,0,0.000967855847348329,1,123,1000,2,"poisson","fixed",0.000193571169469666,5,"5*eta0",0.000967855847348329,0.967855847348329,"fixed | 5*eta0"
486,-501817.68634838,871.162839182845,1,0,0.000967855847348329,1,123,1000,2,"poisson","fixed",0.000193571169469666,5,"5*eta0",0.000967855847348329,0.967855847348329,"fixed | 5*eta0"
487,-538302.762846134,871.162839182845,1,0,0.000967855847348329,1,123,1000,2,"poisson","fixed",0.000193571169469666,5,"5*eta0",0.000967855847348329,0.967855847348329,"fixed | 5*eta0"
488,-501817.68634838,871.162839182845,1,0,0.000967855847348329,1,123,1000,2,"poisson","fixed",0.000193571169469666,5,"5*eta0",0.000967855847348329,0.967855847348329,"fixed | 5*eta0"
489,-538302.762846134,871.162839182845,1,0,0.000967855847348329,1,123,1000,2,"poisson","fixed",0.000193571169469666,5,"5*eta0",0.000967855847348329,0.967855847348329,"fixed | 5*eta0"
490,-501817.68634838,871.162839182845,1,0,0.000967855847348329,1,123,1000,2,"poisson","fixed",0.000193571169469666,5,"5*eta0",0.000967855847348329,0.967855847348329,"fixed | 5*eta0"
491,-538302.762846134,871.162839182845,1,0,0.000967855847348329,1,123,1000,2,"poisson","fixed",0.000193571169469666,5,"5*eta0",0.000967855847348329,0.967855847348329,"fixed | 5*eta0"
492,-501817.68634838,871.162839182845,1,0,0.000967855847348329,1,123,1000,2,"poisson","fixed",0.000193571169469666,5,"5*eta0",0.000967855847348329,0.967855847348329,"fixed | 5*eta0"
493,-538302.762846134,871.162839182845,1,0,0.000967855847348329,1,123,1000,2,"poisson","fixed",0.000193571169469666,5,"5*eta0",0.000967855847348329,0.967855847348329,"fixed | 5*eta0"
494,-501817.68634838,871.162839182845,1,0,0.000967855847348329,1,123,1000,2,"poisson","fixed",0.000193571169469666,5,"5*eta0",0.000967855847348329,0.967855847348329,"fixed | 5*eta0"
495,-538302.762846134,871.162839182845,1,0,0.000967855847348329,1,123,1000,2,"poisson","fixed",0.000193571169469666,5,"5*eta0",0.000967855847348329,0.967855847348329,"fixed | 5*eta0"
496,-501817.68634838,871.162839182844,1,0,0.000967855847348329,1,123,1000,2,"poisson","fixed",0.000193571169469666,5,"5*eta0",0.000967855847348329,0.967855847348329,"fixed | 5*eta0"
497,-538302.762846134,871.162839182845,1,0,0.000967855847348329,1,123,1000,2,"poisson","fixed",0.000193571169469666,5,"5*eta0",0.000967855847348329,0.967855847348329,"fixed | 5*eta0"
498,-501817.68634838,871.162839182845,1,0,0.000967855847348329,1,123,1000,2,"poisson","fixed",0.000193571169469666,5,"5*eta0",0.000967855847348329,0.967855847348329,"fixed | 5*eta0"
499,-538302.762846134,871.162839182845,1,0,0.000967855847348329,1,123,1000,2,"poisson","fixed",0.000193571169469666,5,"5*eta0",0.000967855847348329,0.967855847348329,"fixed | 5*eta0"
500,-501817.68634838,871.162839182845,1,0,0.000967855847348329,1,123,1000,2,"poisson","fixed",0.000193571169469666,5,"5*eta0",0.000967855847348329,0.967855847348329,"fixed | 5*eta0"
501,-538302.762846134,871.162839182845,1,0,0.000967855847348329,1,123,1000,2,"poisson","fixed",0.000193571169469666,5,"5*eta0",0.000967855847348329,0.967855847348329,"fixed | 5*eta0"
502,-501817.68634838,871.162839182845,1,0,0.000967855847348329,1,123,1000,2,"poisson","fixed",0.000193571169469666,5,"5*eta0",0.000967855847348329,0.967855847348329,"fixed | 5*eta0"
503,-538302.762846134,871.162839182845,1,0,0.000967855847348329,1,123,1000,2,"poisson","fixed",0.000193571169469666,5,"5*eta0",0.000967855847348329,0.967855847348329,"fixed | 5*eta0"
504,-501817.68634838,871.162839182844,1,0,0.000967855847348329,1,123,1000,2,"poisson","fixed",0.000193571169469666,5,"5*eta0",0.000967855847348329,0.967855847348329,"fixed | 5*eta0"
505,-538302.762846134,871.162839182845,1,0,0.000967855847348329,1,123,1000,2,"poisson","fixed",0.000193571169469666,5,"5*eta0",0.000967855847348329,0.967855847348329,"fixed | 5*eta0"
506,-501817.68634838,871.162839182845,1,0,0.000967855847348329,1,123,1000,2,"poisson","fixed",0.000193571169469666,5,"5*eta0",0.000967855847348329,0.967855847348329,"fixed | 5*eta0"
507,-538302.762846134,871.162839182845,1,0,0.000967855847348329,1,123,1000,2,"poisson","fixed",0.000193571169469666,5,"5*eta0",0.000967855847348329,0.967855847348329,"fixed | 5*eta0"
508,-501817.68634838,871.162839182845,1,0,0.000967855847348329,1,123,1000,2,"poisson","fixed",0.000193571169469666,5,"5*eta0",0.000967855847348329,0.967855847348329,"fixed | 5*eta0"
509,-538302.762846134,871.162839182845,1,0,0.000967855847348329,1,123,1000,2,"poisson","fixed",0.000193571169469666,5,"5*eta0",0.000967855847348329,0.967855847348329,"fixed | 5*eta0"
510,-501817.68634838,871.162839182844,1,0,0.000967855847348329,1,123,1000,2,"poisson","fixed",0.000193571169469666,5,"5*eta0",0.000967855847348329,0.967855847348329,"fixed | 5*eta0"
511,-538302.762846134,871.162839182844,1,0,0.000967855847348329,1,123,1000,2,"poisson","fixed",0.000193571169469666,5,"5*eta0",0.000967855847348329,0.967855847348329,"fixed | 5*eta0"
512,-501817.68634838,871.162839182845,1,0,0.000967855847348329,1,123,1000,2,"poisson","fixed",0.000193571169469666,5,"5*eta0",0.000967855847348329,0.967855847348329,"fixed | 5*eta0"
513,-538302.762846134,871.162839182845,1,0,0.000967855847348329,1,123,1000,2,"poisson","fixed",0.000193571169469666,5,"5*eta0",0.000967855847348329,0.967855847348329,"fixed | 5*eta0"
514,-501817.68634838,871.162839182844,1,0,0.000967855847348329,1,123,1000,2,"poisson","fixed",0.000193571169469666,5,"5*eta0",0.000967855847348329,0.967855847348329,"fixed | 5*eta0"
515,-538302.762846134,871.162839182844,1,0,0.000967855847348329,1,123,1000,2,"poisson","fixed",0.000193571169469666,5,"5*eta0",0.000967855847348329,0.967855847348329,"fixed | 5*eta0"
516,-501817.68634838,871.162839182845,1,0,0.000967855847348329,1,123,1000,2,"poisson","fixed",0.000193571169469666,5,"5*eta0",0.000967855847348329,0.967855847348329,"fixed | 5*eta0"
517,-538302.762846134,871.162839182845,1,0,0.000967855847348329,1,123,1000,2,"poisson","fixed",0.000193571169469666,5,"5*eta0",0.000967855847348329,0.967855847348329,"fixed | 5*eta0"
518,-501817.68634838,871.162839182844,1,0,0.000967855847348329,1,123,1000,2,"poisson","fixed",0.000193571169469666,5,"5*eta0",0.000967855847348329,0.967855847348329,"fixed | 5*eta0"
519,-538302.762846134,871.162839182844,1,0,0.000967855847348329,1,123,1000,2,"poisson","fixed",0.000193571169469666,5,"5*eta0",0.000967855847348329,0.967855847348329,"fixed | 5*eta0"
520,-501817.68634838,871.162839182845,1,0,0.000967855847348329,1,123,1000,2,"poisson","fixed",0.000193571169469666,5,"5*eta0",0.000967855847348329,0.967855847348329,"fixed | 5*eta0"
521,-538302.762846134,871.162839182845,1,0,0.000967855847348329,1,123,1000,2,"poisson","fixed",0.000193571169469666,5,"5*eta0",0.000967855847348329,0.967855847348329,"fixed | 5*eta0"
522,-501817.68634838,871.162839182844,1,0,0.000967855847348329,1,123,1000,2,"poisson","fixed",0.000193571169469666,5,"5*eta0",0.000967855847348329,0.967855847348329,"fixed | 5*eta0"
523,-538302.762846134,871.162839182844,1,0,0.000967855847348329,1,123,1000,2,"poisson","fixed",0.000193571169469666,5,"5*eta0",0.000967855847348329,0.967855847348329,"fixed | 5*eta0"
524,-501817.68634838,871.162839182845,1,0,0.000967855847348329,1,123,1000,2,"poisson","fixed",0.000193571169469666,5,"5*eta0",0.000967855847348329,0.967855847348329,"fixed | 5*eta0"
525,-538302.762846134,871.162839182845,1,0,0.000967855847348329,1,123,1000,2,"poisson","fixed",0.000193571169469666,5,"5*eta0",0.000967855847348329,0.967855847348329,"fixed | 5*eta0"
526,-501817.68634838,871.162839182844,1,0,0.000967855847348329,1,123,1000,2,"poisson","fixed",0.000193571169469666,5,"5*eta0",0.000967855847348329,0.967855847348329,"fixed | 5*eta0"
527,-538302.762846134,871.162839182844,1,0,0.000967855847348329,1,123,1000,2,"poisson","fixed",0.000193571169469666,5,"5*eta0",0.000967855847348329,0.967855847348329,"fixed | 5*eta0"
528,-501817.68634838,871.162839182845,1,0,0.000967855847348329,1,123,1000,2,"poisson","fixed",0.000193571169469666,5,"5*eta0",0.000967855847348329,0.967855847348329,"fixed | 5*eta0"
529,-538302.762846134,871.162839182845,1,0,0.000967855847348329,1,123,1000,2,"poisson","fixed",0.000193571169469666,5,"5*eta0",0.000967855847348329,0.967855847348329,"fixed | 5*eta0"
530,-501817.68634838,871.162839182844,1,0,0.000967855847348329,1,123,1000,2,"poisson","fixed",0.000193571169469666,5,"5*eta0",0.000967855847348329,0.967855847348329,"fixed | 5*eta0"
531,-538302.762846134,871.162839182844,1,0,0.000967855847348329,1,123,1000,2,"poisson","fixed",0.000193571169469666,5,"5*eta0",0.000967855847348329,0.967855847348329,"fixed | 5*eta0"
532,-501817.68634838,871.162839182846,1,0,0.000967855847348329,1,123,1000,2,"poisson","fixed",0.000193571169469666,5,"5*eta0",0.000967855847348329,0.967855847348329,"fixed | 5*eta0"
533,-538302.762846134,871.162839182845,1,0,0.000967855847348329,1,123,1000,2,"poisson","fixed",0.000193571169469666,5,"5*eta0",0.000967855847348329,0.967855847348329,"fixed | 5*eta0"
534,-501817.68634838,871.162839182844,1,0,0.000967855847348329,1,123,1000,2,"poisson","fixed",0.000193571169469666,5,"5*eta0",0.000967855847348329,0.967855847348329,"fixed | 5*eta0"
535,-538302.762846134,871.162839182844,1,0,0.000967855847348329,1,123,1000,2,"poisson","fixed",0.000193571169469666,5,"5*eta0",0.000967855847348329,0.967855847348329,"fixed | 5*eta0"
536,-501817.68634838,871.162839182845,1,0,0.000967855847348329,1,123,1000,2,"poisson","fixed",0.000193571169469666,5,"5*eta0",0.000967855847348329,0.967855847348329,"fixed | 5*eta0"
537,-538302.762846134,871.162839182845,1,0,0.000967855847348329,1,123,1000,2,"poisson","fixed",0.000193571169469666,5,"5*eta0",0.000967855847348329,0.967855847348329,"fixed | 5*eta0"
538,-501817.68634838,871.162839182844,1,0,0.000967855847348329,1,123,1000,2,"poisson","fixed",0.000193571169469666,5,"5*eta0",0.000967855847348329,0.967855847348329,"fixed | 5*eta0"
539,-538302.762846134,871.162839182844,1,0,0.000967855847348329,1,123,1000,2,"poisson","fixed",0.000193571169469666,5,"5*eta0",0.000967855847348329,0.967855847348329,"fixed | 5*eta0"
540,-501817.68634838,871.162839182845,1,0,0.000967855847348329,1,123,1000,2,"poisson","fixed",0.000193571169469666,5,"5*eta0",0.000967855847348329,0.967855847348329,"fixed | 5*eta0"
541,-538302.762846134,871.162839182845,1,0,0.000967855847348329,1,123,1000,2,"poisson","fixed",0.000193571169469666,5,"5*eta0",0.000967855847348329,0.967855847348329,"fixed | 5*eta0"
542,-501817.68634838,871.162839182844,1,0,0.000967855847348329,1,123,1000,2,"poisson","fixed",0.000193571169469666,5,"5*eta0",0.000967855847348329,0.967855847348329,"fixed | 5*eta0"
543,-538302.762846134,871.162839182845,1,0,0.000967855847348329,1,123,1000,2,"poisson","fixed",0.000193571169469666,5,"5*eta0",0.000967855847348329,0.967855847348329,"fixed | 5*eta0"
544,-501817.68634838,871.162839182845,1,0,0.000967855847348329,1,123,1000,2,"poisson","fixed",0.000193571169469666,5,"5*eta0",0.000967855847348329,0.967855847348329,"fixed | 5*eta0"
545,-538302.762846134,871.162839182845,1,0,0.000967855847348329,1,123,1000,2,"poisson","fixed",0.000193571169469666,5,"5*eta0",0.000967855847348329,0.967855847348329,"fixed | 5*eta0"
546,-501817.68634838,871.162839182845,1,0,0.000967855847348329,1,123,1000,2,"poisson","fixed",0.000193571169469666,5,"5*eta0",0.000967855847348329,0.967855847348329,"fixed | 5*eta0"
547,-538302.762846134,871.162839182845,1,0,0.000967855847348329,1,123,1000,2,"poisson","fixed",0.000193571169469666,5,"5*eta0",0.000967855847348329,0.967855847348329,"fixed | 5*eta0"
548,-501817.68634838,871.162839182845,1,0,0.000967855847348329,1,123,1000,2,"poisson","fixed",0.000193571169469666,5,"5*eta0",0.000967855847348329,0.967855847348329,"fixed | 5*eta0"
549,-538302.762846134,871.162839182845,1,0,0.000967855847348329,1,123,1000,2,"poisson","fixed",0.000193571169469666,5,"5*eta0",0.000967855847348329,0.967855847348329,"fixed | 5*eta0"
550,-501817.68634838,871.162839182844,1,0,0.000967855847348329,1,123,1000,2,"poisson","fixed",0.000193571169469666,5,"5*eta0",0.000967855847348329,0.967855847348329,"fixed | 5*eta0"
551,-538302.762846134,871.162839182845,1,0,0.000967855847348329,1,123,1000,2,"poisson","fixed",0.000193571169469666,5,"5*eta0",0.000967855847348329,0.967855847348329,"fixed | 5*eta0"
552,-501817.68634838,871.162839182845,1,0,0.000967855847348329,1,123,1000,2,"poisson","fixed",0.000193571169469666,5,"5*eta0",0.000967855847348329,0.967855847348329,"fixed | 5*eta0"
553,-538302.762846134,871.162839182845,1,0,0.000967855847348329,1,123,1000,2,"poisson","fixed",0.000193571169469666,5,"5*eta0",0.000967855847348329,0.967855847348329,"fixed | 5*eta0"
554,-501817.68634838,871.162839182844,1,0,0.000967855847348329,1,123,1000,2,"poisson","fixed",0.000193571169469666,5,"5*eta0",0.000967855847348329,0.967855847348329,"fixed | 5*eta0"
555,-538302.762846134,871.162839182845,1,0,0.000967855847348329,1,123,1000,2,"poisson","fixed",0.000193571169469666,5,"5*eta0",0.000967855847348329,0.967855847348329,"fixed | 5*eta0"
556,-501817.68634838,871.162839182845,1,0,0.000967855847348329,1,123,1000,2,"poisson","fixed",0.000193571169469666,5,"5*eta0",0.000967855847348329,0.967855847348329,"fixed | 5*eta0"
557,-538302.762846134,871.162839182845,1,0,0.000967855847348329,1,123,1000,2,"poisson","fixed",0.000193571169469666,5,"5*eta0",0.000967855847348329,0.967855847348329,"fixed | 5*eta0"
558,-501817.68634838,871.162839182844,1,0,0.000967855847348329,1,123,1000,2,"poisson","fixed",0.000193571169469666,5,"5*eta0",0.000967855847348329,0.967855847348329,"fixed | 5*eta0"
559,-538302.762846134,871.162839182845,1,0,0.000967855847348329,1,123,1000,2,"poisson","fixed",0.000193571169469666,5,"5*eta0",0.000967855847348329,0.967855847348329,"fixed | 5*eta0"
560,-501817.68634838,871.162839182845,1,0,0.000967855847348329,1,123,1000,2,"poisson","fixed",0.000193571169469666,5,"5*eta0",0.000967855847348329,0.967855847348329,"fixed | 5*eta0"
561,-538302.762846134,871.162839182845,1,0,0.000967855847348329,1,123,1000,2,"poisson","fixed",0.000193571169469666,5,"5*eta0",0.000967855847348329,0.967855847348329,"fixed | 5*eta0"
562,-501817.68634838,871.162839182844,1,0,0.000967855847348329,1,123,1000,2,"poisson","fixed",0.000193571169469666,5,"5*eta0",0.000967855847348329,0.967855847348329,"fixed | 5*eta0"
563,-538302.762846134,871.162839182845,1,0,0.000967855847348329,1,123,1000,2,"poisson","fixed",0.000193571169469666,5,"5*eta0",0.000967855847348329,0.967855847348329,"fixed | 5*eta0"
564,-501817.68634838,871.162839182845,1,0,0.000967855847348329,1,123,1000,2,"poisson","fixed",0.000193571169469666,5,"5*eta0",0.000967855847348329,0.967855847348329,"fixed | 5*eta0"
565,-538302.762846134,871.162839182845,1,0,0.000967855847348329,1,123,1000,2,"poisson","fixed",0.000193571169469666,5,"5*eta0",0.000967855847348329,0.967855847348329,"fixed | 5*eta0"
566,-501817.68634838,871.162839182844,1,0,0.000967855847348329,1,123,1000,2,"poisson","fixed",0.000193571169469666,5,"5*eta0",0.000967855847348329,0.967855847348329,"fixed | 5*eta0"
567,-538302.762846134,871.162839182844,1,0,0.000967855847348329,1,123,1000,2,"poisson","fixed",0.000193571169469666,5,"5*eta0",0.000967855847348329,0.967855847348329,"fixed | 5*eta0"
568,-501817.68634838,871.162839182846,1,0,0.000967855847348329,1,123,1000,2,"poisson","fixed",0.000193571169469666,5,"5*eta0",0.000967855847348329,0.967855847348329,"fixed | 5*eta0"
569,-538302.762846134,871.162839182845,1,0,0.000967855847348329,1,123,1000,2,"poisson","fixed",0.000193571169469666,5,"5*eta0",0.000967855847348329,0.967855847348329,"fixed | 5*eta0"
570,-501817.68634838,871.162839182844,1,0,0.000967855847348329,1,123,1000,2,"poisson","fixed",0.000193571169469666,5,"5*eta0",0.000967855847348329,0.967855847348329,"fixed | 5*eta0"
571,-538302.762846134,871.162839182844,1,0,0.000967855847348329,1,123,1000,2,"poisson","fixed",0.000193571169469666,5,"5*eta0",0.000967855847348329,0.967855847348329,"fixed | 5*eta0"
572,-501817.68634838,871.162839182846,1,0,0.000967855847348329,1,123,1000,2,"poisson","fixed",0.000193571169469666,5,"5*eta0",0.000967855847348329,0.967855847348329,"fixed | 5*eta0"
573,-538302.762846134,871.162839182845,1,0,0.000967855847348329,1,123,1000,2,"poisson","fixed",0.000193571169469666,5,"5*eta0",0.000967855847348329,0.967855847348329,"fixed | 5*eta0"
574,-501817.68634838,871.162839182844,1,0,0.000967855847348329,1,123,1000,2,"poisson","fixed",0.000193571169469666,5,"5*eta0",0.000967855847348329,0.967855847348329,"fixed | 5*eta0"
575,-538302.762846134,871.162839182844,1,0,0.000967855847348329,1,123,1000,2,"poisson","fixed",0.000193571169469666,5,"5*eta0",0.000967855847348329,0.967855847348329,"fixed | 5*eta0"
576,-501817.68634838,871.162839182846,1,0,0.000967855847348329,1,123,1000,2,"poisson","fixed",0.000193571169469666,5,"5*eta0",0.000967855847348329,0.967855847348329,"fixed | 5*eta0"
577,-538302.762846134,871.162839182845,1,0,0.000967855847348329,1,123,1000,2,"poisson","fixed",0.000193571169469666,5,"5*eta0",0.000967855847348329,0.967855847348329,"fixed | 5*eta0"
578,-501817.68634838,871.162839182844,1,0,0.000967855847348329,1,123,1000,2,"poisson","fixed",0.000193571169469666,5,"5*eta0",0.000967855847348329,0.967855847348329,"fixed | 5*eta0"
579,-538302.762846134,871.162839182844,1,0,0.000967855847348329,1,123,1000,2,"poisson","fixed",0.000193571169469666,5,"5*eta0",0.000967855847348329,0.967855847348329,"fixed | 5*eta0"
580,-501817.68634838,871.162839182845,1,0,0.000967855847348329,1,123,1000,2,"poisson","fixed",0.000193571169469666,5,"5*eta0",0.000967855847348329,0.967855847348329,"fixed | 5*eta0"
581,-538302.762846134,871.162839182845,1,0,0.000967855847348329,1,123,1000,2,"poisson","fixed",0.000193571169469666,5,"5*eta0",0.000967855847348329,0.967855847348329,"fixed | 5*eta0"
582,-501817.68634838,871.162839182844,1,0,0.000967855847348329,1,123,1000,2,"poisson","fixed",0.000193571169469666,5,"5*eta0",0.000967855847348329,0.967855847348329,"fixed | 5*eta0"
583,-538302.762846134,871.162839182844,1,0,0.000967855847348329,1,123,1000,2,"poisson","fixed",0.000193571169469666,5,"5*eta0",0.000967855847348329,0.967855847348329,"fixed | 5*eta0"
584,-501817.68634838,871.162839182845,1,0,0.000967855847348329,1,123,1000,2,"poisson","fixed",0.000193571169469666,5,"5*eta0",0.000967855847348329,0.967855847348329,"fixed | 5*eta0"
585,-538302.762846134,871.162839182845,1,0,0.000967855847348329,1,123,1000,2,"poisson","fixed",0.000193571169469666,5,"5*eta0",0.000967855847348329,0.967855847348329,"fixed | 5*eta0"
586,-501817.68634838,871.162839182845,1,0,0.000967855847348329,1,123,1000,2,"poisson","fixed",0.000193571169469666,5,"5*eta0",0.000967855847348329,0.967855847348329,"fixed | 5*eta0"
587,-538302.762846134,871.162839182845,1,0,0.000967855847348329,1,123,1000,2,"poisson","fixed",0.000193571169469666,5,"5*eta0",0.000967855847348329,0.967855847348329,"fixed | 5*eta0"
588,-501817.68634838,871.162839182845,1,0,0.000967855847348329,1,123,1000,2,"poisson","fixed",0.000193571169469666,5,"5*eta0",0.000967855847348329,0.967855847348329,"fixed | 5*eta0"
589,-538302.762846134,871.162839182845,1,0,0.000967855847348329,1,123,1000,2,"poisson","fixed",0.000193571169469666,5,"5*eta0",0.000967855847348329,0.967855847348329,"fixed | 5*eta0"
590,-501817.68634838,871.162839182845,1,0,0.000967855847348329,1,123,1000,2,"poisson","fixed",0.000193571169469666,5,"5*eta0",0.000967855847348329,0.967855847348329,"fixed | 5*eta0"
591,-538302.762846134,871.162839182845,1,0,0.000967855847348329,1,123,1000,2,"poisson","fixed",0.000193571169469666,5,"5*eta0",0.000967855847348329,0.967855847348329,"fixed | 5*eta0"
592,-501817.68634838,871.162839182845,1,0,0.000967855847348329,1,123,1000,2,"poisson","fixed",0.000193571169469666,5,"5*eta0",0.000967855847348329,0.967855847348329,"fixed | 5*eta0"
593,-538302.762846134,871.162839182845,1,0,0.000967855847348329,1,123,1000,2,"poisson","fixed",0.000193571169469666,5,"5*eta0",0.000967855847348329,0.967855847348329,"fixed | 5*eta0"
594,-501817.68634838,871.162839182844,1,0,0.000967855847348329,1,123,1000,2,"poisson","fixed",0.000193571169469666,5,"5*eta0",0.000967855847348329,0.967855847348329,"fixed | 5*eta0"
595,-538302.762846134,871.162839182845,1,0,0.000967855847348329,1,123,1000,2,"poisson","fixed",0.000193571169469666,5,"5*eta0",0.000967855847348329,0.967855847348329,"fixed | 5*eta0"
596,-501817.68634838,871.162839182845,1,0,0.000967855847348329,1,123,1000,2,"poisson","fixed",0.000193571169469666,5,"5*eta0",0.000967855847348329,0.967855847348329,"fixed | 5*eta0"
597,-538302.762846134,871.162839182845,1,0,0.000967855847348329,1,123,1000,2,"poisson","fixed",0.000193571169469666,5,"5*eta0",0.000967855847348329,0.967855847348329,"fixed | 5*eta0"
598,-501817.68634838,871.162839182844,1,0,0.000967855847348329,1,123,1000,2,"poisson","fixed",0.000193571169469666,5,"5*eta0",0.000967855847348329,0.967855847348329,"fixed | 5*eta0"
599,-538302.762846134,871.162839182844,1,0,0.000967855847348329,1,123,1000,2,"poisson","fixed",0.000193571169469666,5,"5*eta0",0.000967855847348329,0.967855847348329,"fixed | 5*eta0"
600,-501817.68634838,871.162839182845,1,0,0.000967855847348329,1,123,1000,2,"poisson","fixed",0.000193571169469666,5,"5*eta0",0.000967855847348329,0.967855847348329,"fixed | 5*eta0"
601,-538302.762846134,871.162839182845,1,0,0.000967855847348329,1,123,1000,2,"poisson","fixed",0.000193571169469666,5,"5*eta0",0.000967855847348329,0.967855847348329,"fixed | 5*eta0"
602,-501817.68634838,871.162839182843,1,0,0.000967855847348329,1,123,1000,2,"poisson","fixed",0.000193571169469666,5,"5*eta0",0.000967855847348329,0.967855847348329,"fixed | 5*eta0"
603,-538302.762846134,871.162839182844,1,0,0.000967855847348329,1,123,1000,2,"poisson","fixed",0.000193571169469666,5,"5*eta0",0.000967855847348329,0.967855847348329,"fixed | 5*eta0"
604,-501817.68634838,871.162839182846,1,0,0.000967855847348329,1,123,1000,2,"poisson","fixed",0.000193571169469666,5,"5*eta0",0.000967855847348329,0.967855847348329,"fixed | 5*eta0"
605,-538302.762846134,871.162839182845,1,0,0.000967855847348329,1,123,1000,2,"poisson","fixed",0.000193571169469666,5,"5*eta0",0.000967855847348329,0.967855847348329,"fixed | 5*eta0"
606,-501817.68634838,871.162839182844,1,0,0.000967855847348329,1,123,1000,2,"poisson","fixed",0.000193571169469666,5,"5*eta0",0.000967855847348329,0.967855847348329,"fixed | 5*eta0"
607,-538302.762846134,871.162839182844,1,0,0.000967855847348329,1,123,1000,2,"poisson","fixed",0.000193571169469666,5,"5*eta0",0.000967855847348329,0.967855847348329,"fixed | 5*eta0"
608,-501817.68634838,871.162839182846,1,0,0.000967855847348329,1,123,1000,2,"poisson","fixed",0.000193571169469666,5,"5*eta0",0.000967855847348329,0.967855847348329,"fixed | 5*eta0"
609,-538302.762846134,871.162839182845,1,0,0.000967855847348329,1,123,1000,2,"poisson","fixed",0.000193571169469666,5,"5*eta0",0.000967855847348329,0.967855847348329,"fixed | 5*eta0"
610,-501817.68634838,871.162839182844,1,0,0.000967855847348329,1,123,1000,2,"poisson","fixed",0.000193571169469666,5,"5*eta0",0.000967855847348329,0.967855847348329,"fixed | 5*eta0"
611,-538302.762846134,871.162839182844,1,0,0.000967855847348329,1,123,1000,2,"poisson","fixed",0.000193571169469666,5,"5*eta0",0.000967855847348329,0.967855847348329,"fixed | 5*eta0"
612,-501817.68634838,871.162839182846,1,0,0.000967855847348329,1,123,1000,2,"poisson","fixed",0.000193571169469666,5,"5*eta0",0.000967855847348329,0.967855847348329,"fixed | 5*eta0"
613,-538302.762846134,871.162839182845,1,0,0.000967855847348329,1,123,1000,2,"poisson","fixed",0.000193571169469666,5,"5*eta0",0.000967855847348329,0.967855847348329,"fixed | 5*eta0"
614,-501817.68634838,871.162839182843,1,0,0.000967855847348329,1,123,1000,2,"poisson","fixed",0.000193571169469666,5,"5*eta0",0.000967855847348329,0.967855847348329,"fixed | 5*eta0"
615,-538302.762846134,871.162839182844,1,0,0.000967855847348329,1,123,1000,2,"poisson","fixed",0.000193571169469666,5,"5*eta0",0.000967855847348329,0.967855847348329,"fixed | 5*eta0"
616,-501817.68634838,871.162839182846,1,0,0.000967855847348329,1,123,1000,2,"poisson","fixed",0.000193571169469666,5,"5*eta0",0.000967855847348329,0.967855847348329,"fixed | 5*eta0"
617,-538302.762846134,871.162839182845,1,0,0.000967855847348329,1,123,1000,2,"poisson","fixed",0.000193571169469666,5,"5*eta0",0.000967855847348329,0.967855847348329,"fixed | 5*eta0"
618,-501817.68634838,871.162839182843,1,0,0.000967855847348329,1,123,1000,2,"poisson","fixed",0.000193571169469666,5,"5*eta0",0.000967855847348329,0.967855847348329,"fixed | 5*eta0"
619,-538302.762846134,871.162839182844,1,0,0.000967855847348329,1,123,1000,2,"poisson","fixed",0.000193571169469666,5,"5*eta0",0.000967855847348329,0.967855847348329,"fixed | 5*eta0"
620,-501817.68634838,871.162839182846,1,0,0.000967855847348329,1,123,1000,2,"poisson","fixed",0.000193571169469666,5,"5*eta0",0.000967855847348329,0.967855847348329,"fixed | 5*eta0"
621,-538302.762846134,871.162839182845,1,0,0.000967855847348329,1,123,1000,2,"poisson","fixed",0.000193571169469666,5,"5*eta0",0.000967855847348329,0.967855847348329,"fixed | 5*eta0"
622,-501817.68634838,871.162839182844,1,0,0.000967855847348329,1,123,1000,2,"poisson","fixed",0.000193571169469666,5,"5*eta0",0.000967855847348329,0.967855847348329,"fixed | 5*eta0"
623,-538302.762846134,871.162839182845,1,0,0.000967855847348329,1,123,1000,2,"poisson","fixed",0.000193571169469666,5,"5*eta0",0.000967855847348329,0.967855847348329,"fixed | 5*eta0"
624,-501817.68634838,871.162839182846,1,0,0.000967855847348329,1,123,1000,2,"poisson","fixed",0.000193571169469666,5,"5*eta0",0.000967855847348329,0.967855847348329,"fixed | 5*eta0"
625,-538302.762846134,871.162839182845,1,0,0.000967855847348329,1,123,1000,2,"poisson","fixed",0.000193571169469666,5,"5*eta0",0.000967855847348329,0.967855847348329,"fixed | 5*eta0"
626,-501817.68634838,871.162839182843,1,0,0.000967855847348329,1,123,1000,2,"poisson","fixed",0.000193571169469666,5,"5*eta0",0.000967855847348329,0.967855847348329,"fixed | 5*eta0"
627,-538302.762846134,871.162839182844,1,0,0.000967855847348329,1,123,1000,2,"poisson","fixed",0.000193571169469666,5,"5*eta0",0.000967855847348329,0.967855847348329,"fixed | 5*eta0"
628,-501817.68634838,871.162839182845,1,0,0.000967855847348329,1,123,1000,2,"poisson","fixed",0.000193571169469666,5,"5*eta0",0.000967855847348329,0.967855847348329,"fixed | 5*eta0"
629,-538302.762846134,871.162839182845,1,0,0.000967855847348329,1,123,1000,2,"poisson","fixed",0.000193571169469666,5,"5*eta0",0.000967855847348329,0.967855847348329,"fixed | 5*eta0"
630,-501817.68634838,871.162839182844,1,0,0.000967855847348329,1,123,1000,2,"poisson","fixed",0.000193571169469666,5,"5*eta0",0.000967855847348329,0.967855847348329,"fixed | 5*eta0"
631,-538302.762846134,871.162839182844,1,0,0.000967855847348329,1,123,1000,2,"poisson","fixed",0.000193571169469666,5,"5*eta0",0.000967855847348329,0.967855847348329,"fixed | 5*eta0"
632,-501817.68634838,871.162839182845,1,0,0.000967855847348329,1,123,1000,2,"poisson","fixed",0.000193571169469666,5,"5*eta0",0.000967855847348329,0.967855847348329,"fixed | 5*eta0"
633,-538302.762846134,871.162839182845,1,0,0.000967855847348329,1,123,1000,2,"poisson","fixed",0.000193571169469666,5,"5*eta0",0.000967855847348329,0.967855847348329,"fixed | 5*eta0"
634,-501817.68634838,871.162839182844,1,0,0.000967855847348329,1,123,1000,2,"poisson","fixed",0.000193571169469666,5,"5*eta0",0.000967855847348329,0.967855847348329,"fixed | 5*eta0"
635,-538302.762846134,871.162839182844,1,0,0.000967855847348329,1,123,1000,2,"poisson","fixed",0.000193571169469666,5,"5*eta0",0.000967855847348329,0.967855847348329,"fixed | 5*eta0"
636,-501817.68634838,871.162839182845,1,0,0.000967855847348329,1,123,1000,2,"poisson","fixed",0.000193571169469666,5,"5*eta0",0.000967855847348329,0.967855847348329,"fixed | 5*eta0"
637,-538302.762846134,871.162839182845,1,0,0.000967855847348329,1,123,1000,2,"poisson","fixed",0.000193571169469666,5,"5*eta0",0.000967855847348329,0.967855847348329,"fixed | 5*eta0"
638,-501817.68634838,871.162839182845,1,0,0.000967855847348329,1,123,1000,2,"poisson","fixed",0.000193571169469666,5,"5*eta0",0.000967855847348329,0.967855847348329,"fixed | 5*eta0"
639,-538302.762846134,871.162839182844,1,0,0.000967855847348329,1,123,1000,2,"poisson","fixed",0.000193571169469666,5,"5*eta0",0.000967855847348329,0.967855847348329,"fixed | 5*eta0"
640,-501817.68634838,871.162839182845,1,0,0.000967855847348329,1,123,1000,2,"poisson","fixed",0.000193571169469666,5,"5*eta0",0.000967855847348329,0.967855847348329,"fixed | 5*eta0"
641,-538302.762846134,871.162839182845,1,0,0.000967855847348329,1,123,1000,2,"poisson","fixed",0.000193571169469666,5,"5*eta0",0.000967855847348329,0.967855847348329,"fixed | 5*eta0"
642,-501817.68634838,871.162839182845,1,0,0.000967855847348329,1,123,1000,2,"poisson","fixed",0.000193571169469666,5,"5*eta0",0.000967855847348329,0.967855847348329,"fixed | 5*eta0"
643,-538302.762846134,871.162839182845,1,0,0.000967855847348329,1,123,1000,2,"poisson","fixed",0.000193571169469666,5,"5*eta0",0.000967855847348329,0.967855847348329,"fixed | 5*eta0"
644,-501817.68634838,871.162839182845,1,0,0.000967855847348329,1,123,1000,2,"poisson","fixed",0.000193571169469666,5,"5*eta0",0.000967855847348329,0.967855847348329,"fixed | 5*eta0"
645,-538302.762846134,871.162839182845,1,0,0.000967855847348329,1,123,1000,2,"poisson","fixed",0.000193571169469666,5,"5*eta0",0.000967855847348329,0.967855847348329,"fixed | 5*eta0"
646,-501817.68634838,871.162839182844,1,0,0.000967855847348329,1,123,1000,2,"poisson","fixed",0.000193571169469666,5,"5*eta0",0.000967855847348329,0.967855847348329,"fixed | 5*eta0"
647,-538302.762846134,871.162839182845,1,0,0.000967855847348329,1,123,1000,2,"poisson","fixed",0.000193571169469666,5,"5*eta0",0.000967855847348329,0.967855847348329,"fixed | 5*eta0"
648,-501817.68634838,871.162839182845,1,0,0.000967855847348329,1,123,1000,2,"poisson","fixed",0.000193571169469666,5,"5*eta0",0.000967855847348329,0.967855847348329,"fixed | 5*eta0"
649,-538302.762846134,871.162839182845,1,0,0.000967855847348329,1,123,1000,2,"poisson","fixed",0.000193571169469666,5,"5*eta0",0.000967855847348329,0.967855847348329,"fixed | 5*eta0"
650,-501817.68634838,871.162839182845,1,0,0.000967855847348329,1,123,1000,2,"poisson","fixed",0.000193571169469666,5,"5*eta0",0.000967855847348329,0.967855847348329,"fixed | 5*eta0"
651,-538302.762846134,871.162839182845,1,0,0.000967855847348329,1,123,1000,2,"poisson","fixed",0.000193571169469666,5,"5*eta0",0.000967855847348329,0.967855847348329,"fixed | 5*eta0"
652,-501817.68634838,871.162839182844,1,0,0.000967855847348329,1,123,1000,2,"poisson","fixed",0.000193571169469666,5,"5*eta0",0.000967855847348329,0.967855847348329,"fixed | 5*eta0"
653,-538302.762846134,871.162839182845,1,0,0.000967855847348329,1,123,1000,2,"poisson","fixed",0.000193571169469666,5,"5*eta0",0.000967855847348329,0.967855847348329,"fixed | 5*eta0"
654,-501817.68634838,871.162839182845,1,0,0.000967855847348329,1,123,1000,2,"poisson","fixed",0.000193571169469666,5,"5*eta0",0.000967855847348329,0.967855847348329,"fixed | 5*eta0"
655,-538302.762846134,871.162839182845,1,0,0.000967855847348329,1,123,1000,2,"poisson","fixed",0.000193571169469666,5,"5*eta0",0.000967855847348329,0.967855847348329,"fixed | 5*eta0"
656,-501817.68634838,871.162839182845,1,0,0.000967855847348329,1,123,1000,2,"poisson","fixed",0.000193571169469666,5,"5*eta0",0.000967855847348329,0.967855847348329,"fixed | 5*eta0"
657,-538302.762846134,871.162839182845,1,0,0.000967855847348329,1,123,1000,2,"poisson","fixed",0.000193571169469666,5,"5*eta0",0.000967855847348329,0.967855847348329,"fixed | 5*eta0"
658,-501817.68634838,871.162839182844,1,0,0.000967855847348329,1,123,1000,2,"poisson","fixed",0.000193571169469666,5,"5*eta0",0.000967855847348329,0.967855847348329,"fixed | 5*eta0"
659,-538302.762846134,871.162839182845,1,0,0.000967855847348329,1,123,1000,2,"poisson","fixed",0.000193571169469666,5,"5*eta0",0.000967855847348329,0.967855847348329,"fixed | 5*eta0"
660,-501817.68634838,871.162839182845,1,0,0.000967855847348329,1,123,1000,2,"poisson","fixed",0.000193571169469666,5,"5*eta0",0.000967855847348329,0.967855847348329,"fixed | 5*eta0"
661,-538302.762846134,871.162839182845,1,0,0.000967855847348329,1,123,1000,2,"poisson","fixed",0.000193571169469666,5,"5*eta0",0.000967855847348329,0.967855847348329,"fixed | 5*eta0"
662,-501817.68634838,871.162839182844,1,0,0.000967855847348329,1,123,1000,2,"poisson","fixed",0.000193571169469666,5,"5*eta0",0.000967855847348329,0.967855847348329,"fixed | 5*eta0"
663,-538302.762846134,871.162839182845,1,0,0.000967855847348329,1,123,1000,2,"poisson","fixed",0.000193571169469666,5,"5*eta0",0.000967855847348329,0.967855847348329,"fixed | 5*eta0"
664,-501817.68634838,871.162839182845,1,0,0.000967855847348329,1,123,1000,2,"poisson","fixed",0.000193571169469666,5,"5*eta0",0.000967855847348329,0.967855847348329,"fixed | 5*eta0"
665,-538302.762846134,871.162839182845,1,0,0.000967855847348329,1,123,1000,2,"poisson","fixed",0.000193571169469666,5,"5*eta0",0.000967855847348329,0.967855847348329,"fixed | 5*eta0"
666,-501817.68634838,871.162839182844,1,0,0.000967855847348329,1,123,1000,2,"poisson","fixed",0.000193571169469666,5,"5*eta0",0.000967855847348329,0.967855847348329,"fixed | 5*eta0"
667,-538302.762846134,871.162839182845,1,0,0.000967855847348329,1,123,1000,2,"poisson","fixed",0.000193571169469666,5,"5*eta0",0.000967855847348329,0.967855847348329,"fixed | 5*eta0"
668,-501817.68634838,871.162839182845,1,0,0.000967855847348329,1,123,1000,2,"poisson","fixed",0.000193571169469666,5,"5*eta0",0.000967855847348329,0.967855847348329,"fixed | 5*eta0"
669,-538302.762846134,871.162839182845,1,0,0.000967855847348329,1,123,1000,2,"poisson","fixed",0.000193571169469666,5,"5*eta0",0.000967855847348329,0.967855847348329,"fixed | 5*eta0"
670,-501817.68634838,871.162839182844,1,0,0.000967855847348329,1,123,1000,2,"poisson","fixed",0.000193571169469666,5,"5*eta0",0.000967855847348329,0.967855847348329,"fixed | 5*eta0"
671,-538302.762846134,871.162839182845,1,0,0.000967855847348329,1,123,1000,2,"poisson","fixed",0.000193571169469666,5,"5*eta0",0.000967855847348329,0.967855847348329,"fixed | 5*eta0"
672,-501817.68634838,871.162839182845,1,0,0.000967855847348329,1,123,1000,2,"poisson","fixed",0.000193571169469666,5,"5*eta0",0.000967855847348329,0.967855847348329,"fixed | 5*eta0"
673,-538302.762846134,871.162839182845,1,0,0.000967855847348329,1,123,1000,2,"poisson","fixed",0.000193571169469666,5,"5*eta0",0.000967855847348329,0.967855847348329,"fixed | 5*eta0"
674,-501817.68634838,871.162839182844,1,0,0.000967855847348329,1,123,1000,2,"poisson","fixed",0.000193571169469666,5,"5*eta0",0.000967855847348329,0.967855847348329,"fixed | 5*eta0"
675,-538302.762846134,871.162839182844,1,0,0.000967855847348329,1,123,1000,2,"poisson","fixed",0.000193571169469666,5,"5*eta0",0.000967855847348329,0.967855847348329,"fixed | 5*eta0"
676,-501817.68634838,871.162839182845,1,0,0.000967855847348329,1,123,1000,2,"poisson","fixed",0.000193571169469666,5,"5*eta0",0.000967855847348329,0.967855847348329,"fixed | 5*eta0"
677,-538302.762846134,871.162839182845,1,0,0.000967855847348329,1,123,1000,2,"poisson","fixed",0.000193571169469666,5,"5*eta0",0.000967855847348329,0.967855847348329,"fixed | 5*eta0"
678,-501817.68634838,871.162839182844,1,0,0.000967855847348329,1,123,1000,2,"poisson","fixed",0.000193571169469666,5,"5*eta0",0.000967855847348329,0.967855847348329,"fixed | 5*eta0"
679,-538302.762846134,871.162839182844,1,0,0.000967855847348329,1,123,1000,2,"poisson","fixed",0.000193571169469666,5,"5*eta0",0.000967855847348329,0.967855847348329,"fixed | 5*eta0"
680,-501817.68634838,871.162839182845,1,0,0.000967855847348329,1,123,1000,2,"poisson","fixed",0.000193571169469666,5,"5*eta0",0.000967855847348329,0.967855847348329,"fixed | 5*eta0"
681,-538302.762846134,871.162839182845,1,0,0.000967855847348329,1,123,1000,2,"poisson","fixed",0.000193571169469666,5,"5*eta0",0.000967855847348329,0.967855847348329,"fixed | 5*eta0"
682,-501817.68634838,871.162839182844,1,0,0.000967855847348329,1,123,1000,2,"poisson","fixed",0.000193571169469666,5,"5*eta0",0.000967855847348329,0.967855847348329,"fixed | 5*eta0"
683,-538302.762846134,871.162839182844,1,0,0.000967855847348329,1,123,1000,2,"poisson","fixed",0.000193571169469666,5,"5*eta0",0.000967855847348329,0.967855847348329,"fixed | 5*eta0"
684,-501817.68634838,871.162839182845,1,0,0.000967855847348329,1,123,1000,2,"poisson","fixed",0.000193571169469666,5,"5*eta0",0.000967855847348329,0.967855847348329,"fixed | 5*eta0"
685,-538302.762846134,871.162839182845,1,0,0.000967855847348329,1,123,1000,2,"poisson","fixed",0.000193571169469666,5,"5*eta0",0.000967855847348329,0.967855847348329,"fixed | 5*eta0"
686,-501817.68634838,871.162839182844,1,0,0.000967855847348329,1,123,1000,2,"poisson","fixed",0.000193571169469666,5,"5*eta0",0.000967855847348329,0.967855847348329,"fixed | 5*eta0"
687,-538302.762846134,871.162839182844,1,0,0.000967855847348329,1,123,1000,2,"poisson","fixed",0.000193571169469666,5,"5*eta0",0.000967855847348329,0.967855847348329,"fixed | 5*eta0"
688,-501817.68634838,871.162839182845,1,0,0.000967855847348329,1,123,1000,2,"poisson","fixed",0.000193571169469666,5,"5*eta0",0.000967855847348329,0.967855847348329,"fixed | 5*eta0"
689,-538302.762846134,871.162839182845,1,0,0.000967855847348329,1,123,1000,2,"poisson","fixed",0.000193571169469666,5,"5*eta0",0.000967855847348329,0.967855847348329,"fixed | 5*eta0"
690,-501817.68634838,871.162839182844,1,0,0.000967855847348329,1,123,1000,2,"poisson","fixed",0.000193571169469666,5,"5*eta0",0.000967855847348329,0.967855847348329,"fixed | 5*eta0"
691,-538302.762846134,871.162839182844,1,0,0.000967855847348329,1,123,1000,2,"poisson","fixed",0.000193571169469666,5,"5*eta0",0.000967855847348329,0.967855847348329,"fixed | 5*eta0"
692,-501817.68634838,871.162839182845,1,0,0.000967855847348329,1,123,1000,2,"poisson","fixed",0.000193571169469666,5,"5*eta0",0.000967855847348329,0.967855847348329,"fixed | 5*eta0"
693,-538302.762846134,871.162839182845,1,0,0.000967855847348329,1,123,1000,2,"poisson","fixed",0.000193571169469666,5,"5*eta0",0.000967855847348329,0.967855847348329,"fixed | 5*eta0"
694,-501817.68634838,871.162839182844,1,0,0.000967855847348329,1,123,1000,2,"poisson","fixed",0.000193571169469666,5,"5*eta0",0.000967855847348329,0.967855847348329,"fixed | 5*eta0"
695,-538302.762846134,871.162839182845,1,0,0.000967855847348329,1,123,1000,2,"poisson","fixed",0.000193571169469666,5,"5*eta0",0.000967855847348329,0.967855847348329,"fixed | 5*eta0"
696,-501817.68634838,871.162839182845,1,0,0.000967855847348329,1,123,1000,2,"poisson","fixed",0.000193571169469666,5,"5*eta0",0.000967855847348329,0.967855847348329,"fixed | 5*eta0"
697,-538302.762846134,871.162839182845,1,0,0.000967855847348329,1,123,1000,2,"poisson","fixed",0.000193571169469666,5,"5*eta0",0.000967855847348329,0.967855847348329,"fixed | 5*eta0"
698,-501817.68634838,871.162839182844,1,0,0.000967855847348329,1,123,1000,2,"poisson","fixed",0.000193571169469666,5,"5*eta0",0.000967855847348329,0.967855847348329,"fixed | 5*eta0"
699,-538302.762846134,871.162839182844,1,0,0.000967855847348329,1,123,1000,2,"poisson","fixed",0.000193571169469666,5,"5*eta0",0.000967855847348329,0.967855847348329,"fixed | 5*eta0"
700,-501817.68634838,871.162839182845,1,0,0.000967855847348329,1,123,1000,2,"poisson","fixed",0.000193571169469666,5,"5*eta0",0.000967855847348329,0.967855847348329,"fixed | 5*eta0"
701,-538302.762846134,871.162839182845,1,0,0.000967855847348329,1,123,1000,2,"poisson","fixed",0.000193571169469666,5,"5*eta0",0.000967855847348329,0.967855847348329,"fixed | 5*eta0"
702,-501817.68634838,871.162839182845,1,0,0.000967855847348329,1,123,1000,2,"poisson","fixed",0.000193571169469666,5,"5*eta0",0.000967855847348329,0.967855847348329,"fixed | 5*eta0"
703,-538302.762846134,871.162839182845,1,0,0.000967855847348329,1,123,1000,2,"poisson","fixed",0.000193571169469666,5,"5*eta0",0.000967855847348329,0.967855847348329,"fixed | 5*eta0"
704,-501817.68634838,871.162839182844,1,0,0.000967855847348329,1,123,1000,2,"poisson","fixed",0.000193571169469666,5,"5*eta0",0.000967855847348329,0.967855847348329,"fixed | 5*eta0"
705,-538302.762846134,871.162839182844,1,0,0.000967855847348329,1,123,1000,2,"poisson","fixed",0.000193571169469666,5,"5*eta0",0.000967855847348329,0.967855847348329,"fixed | 5*eta0"
706,-501817.68634838,871.162839182845,1,0,0.000967855847348329,1,123,1000,2,"poisson","fixed",0.000193571169469666,5,"5*eta0",0.000967855847348329,0.967855847348329,"fixed | 5*eta0"
707,-538302.762846134,871.162839182845,1,0,0.000967855847348329,1,123,1000,2,"poisson","fixed",0.000193571169469666,5,"5*eta0",0.000967855847348329,0.967855847348329,"fixed | 5*eta0"
708,-501817.68634838,871.162839182845,1,0,0.000967855847348329,1,123,1000,2,"poisson","fixed",0.000193571169469666,5,"5*eta0",0.000967855847348329,0.967855847348329,"fixed | 5*eta0"
709,-538302.762846134,871.162839182845,1,0,0.000967855847348329,1,123,1000,2,"poisson","fixed",0.000193571169469666,5,"5*eta0",0.000967855847348329,0.967855847348329,"fixed | 5*eta0"
710,-501817.68634838,871.162839182845,1,0,0.000967855847348329,1,123,1000,2,"poisson","fixed",0.000193571169469666,5,"5*eta0",0.000967855847348329,0.967855847348329,"fixed | 5*eta0"
711,-538302.762846134,871.162839182845,1,0,0.000967855847348329,1,123,1000,2,"poisson","fixed",0.000193571169469666,5,"5*eta0",0.000967855847348329,0.967855847348329,"fixed | 5*eta0"
712,-501817.68634838,871.162839182845,1,0,0.000967855847348329,1,123,1000,2,"poisson","fixed",0.000193571169469666,5,"5*eta0",0.000967855847348329,0.967855847348329,"fixed | 5*eta0"
713,-538302.762846134,871.162839182845,1,0,0.000967855847348329,1,123,1000,2,"poisson","fixed",0.000193571169469666,5,"5*eta0",0.000967855847348329,0.967855847348329,"fixed | 5*eta0"
714,-501817.68634838,871.162839182845,1,0,0.000967855847348329,1,123,1000,2,"poisson","fixed",0.000193571169469666,5,"5*eta0",0.000967855847348329,0.967855847348329,"fixed | 5*eta0"
715,-538302.762846134,871.162839182845,1,0,0.000967855847348329,1,123,1000,2,"poisson","fixed",0.000193571169469666,5,"5*eta0",0.000967855847348329,0.967855847348329,"fixed | 5*eta0"
716,-501817.68634838,871.162839182845,1,0,0.000967855847348329,1,123,1000,2,"poisson","fixed",0.000193571169469666,5,"5*eta0",0.000967855847348329,0.967855847348329,"fixed | 5*eta0"
717,-538302.762846134,871.162839182845,1,0,0.000967855847348329,1,123,1000,2,"poisson","fixed",0.000193571169469666,5,"5*eta0",0.000967855847348329,0.967855847348329,"fixed | 5*eta0"
718,-501817.68634838,871.162839182845,1,0,0.000967855847348329,1,123,1000,2,"poisson","fixed",0.000193571169469666,5,"5*eta0",0.000967855847348329,0.967855847348329,"fixed | 5*eta0"
719,-538302.762846134,871.162839182845,1,0,0.000967855847348329,1,123,1000,2,"poisson","fixed",0.000193571169469666,5,"5*eta0",0.000967855847348329,0.967855847348329,"fixed | 5*eta0"
720,-501817.68634838,871.162839182844,1,0,0.000967855847348329,1,123,1000,2,"poisson","fixed",0.000193571169469666,5,"5*eta0",0.000967855847348329,0.967855847348329,"fixed | 5*eta0"
721,-538302.762846134,871.162839182844,1,0,0.000967855847348329,1,123,1000,2,"poisson","fixed",0.000193571169469666,5,"5*eta0",0.000967855847348329,0.967855847348329,"fixed | 5*eta0"
722,-501817.68634838,871.162839182845,1,0,0.000967855847348329,1,123,1000,2,"poisson","fixed",0.000193571169469666,5,"5*eta0",0.000967855847348329,0.967855847348329,"fixed | 5*eta0"
723,-538302.762846134,871.162839182845,1,0,0.000967855847348329,1,123,1000,2,"poisson","fixed",0.000193571169469666,5,"5*eta0",0.000967855847348329,0.967855847348329,"fixed | 5*eta0"
724,-501817.68634838,871.162839182845,1,0,0.000967855847348329,1,123,1000,2,"poisson","fixed",0.000193571169469666,5,"5*eta0",0.000967855847348329,0.967855847348329,"fixed | 5*eta0"
725,-538302.762846134,871.162839182845,1,0,0.000967855847348329,1,123,1000,2,"poisson","fixed",0.000193571169469666,5,"5*eta0",0.000967855847348329,0.967855847348329,"fixed | 5*eta0"
726,-501817.68634838,871.162839182844,1,0,0.000967855847348329,1,123,1000,2,"poisson","fixed",0.000193571169469666,5,"5*eta0",0.000967855847348329,0.967855847348329,"fixed | 5*eta0"
727,-538302.762846134,871.162839182844,1,0,0.000967855847348329,1,123,1000,2,"poisson","fixed",0.000193571169469666,5,"5*eta0",0.000967855847348329,0.967855847348329,"fixed | 5*eta0"
728,-501817.68634838,871.162839182845,1,0,0.000967855847348329,1,123,1000,2,"poisson","fixed",0.000193571169469666,5,"5*eta0",0.000967855847348329,0.967855847348329,"fixed | 5*eta0"
729,-538302.762846134,871.162839182845,1,0,0.000967855847348329,1,123,1000,2,"poisson","fixed",0.000193571169469666,5,"5*eta0",0.000967855847348329,0.967855847348329,"fixed | 5*eta0"
730,-501817.68634838,871.162839182844,1,0,0.000967855847348329,1,123,1000,2,"poisson","fixed",0.000193571169469666,5,"5*eta0",0.000967855847348329,0.967855847348329,"fixed | 5*eta0"
731,-538302.762846134,871.162839182844,1,0,0.000967855847348329,1,123,1000,2,"poisson","fixed",0.000193571169469666,5,"5*eta0",0.000967855847348329,0.967855847348329,"fixed | 5*eta0"
732,-501817.68634838,871.162839182845,1,0,0.000967855847348329,1,123,1000,2,"poisson","fixed",0.000193571169469666,5,"5*eta0",0.000967855847348329,0.967855847348329,"fixed | 5*eta0"
733,-538302.762846134,871.162839182845,1,0,0.000967855847348329,1,123,1000,2,"poisson","fixed",0.000193571169469666,5,"5*eta0",0.000967855847348329,0.967855847348329,"fixed | 5*eta0"
734,-501817.68634838,871.162839182844,1,0,0.000967855847348329,1,123,1000,2,"poisson","fixed",0.000193571169469666,5,"5*eta0",0.000967855847348329,0.967855847348329,"fixed | 5*eta0"
735,-538302.762846134,871.162839182845,1,0,0.000967855847348329,1,123,1000,2,"poisson","fixed",0.000193571169469666,5,"5*eta0",0.000967855847348329,0.967855847348329,"fixed | 5*eta0"
736,-501817.68634838,871.162839182845,1,0,0.000967855847348329,1,123,1000,2,"poisson","fixed",0.000193571169469666,5,"5*eta0",0.000967855847348329,0.967855847348329,"fixed | 5*eta0"
737,-538302.762846134,871.162839182845,1,0,0.000967855847348329,1,123,1000,2,"poisson","fixed",0.000193571169469666,5,"5*eta0",0.000967855847348329,0.967855847348329,"fixed | 5*eta0"
738,-501817.68634838,871.162839182844,1,0,0.000967855847348329,1,123,1000,2,"poisson","fixed",0.000193571169469666,5,"5*eta0",0.000967855847348329,0.967855847348329,"fixed | 5*eta0"
739,-538302.762846134,871.162839182844,1,0,0.000967855847348329,1,123,1000,2,"poisson","fixed",0.000193571169469666,5,"5*eta0",0.000967855847348329,0.967855847348329,"fixed | 5*eta0"
740,-501817.68634838,871.162839182844,1,0,0.000967855847348329,1,123,1000,2,"poisson","fixed",0.000193571169469666,5,"5*eta0",0.000967855847348329,0.967855847348329,"fixed | 5*eta0"
741,-538302.762846134,871.162839182845,1,0,0.000967855847348329,1,123,1000,2,"poisson","fixed",0.000193571169469666,5,"5*eta0",0.000967855847348329,0.967855847348329,"fixed | 5*eta0"
742,-501817.68634838,871.162839182845,1,0,0.000967855847348329,1,123,1000,2,"poisson","fixed",0.000193571169469666,5,"5*eta0",0.000967855847348329,0.967855847348329,"fixed | 5*eta0"
743,-538302.762846134,871.162839182845,1,0,0.000967855847348329,1,123,1000,2,"poisson","fixed",0.000193571169469666,5,"5*eta0",0.000967855847348329,0.967855847348329,"fixed | 5*eta0"
744,-501817.68634838,871.162839182844,1,0,0.000967855847348329,1,123,1000,2,"poisson","fixed",0.000193571169469666,5,"5*eta0",0.000967855847348329,0.967855847348329,"fixed | 5*eta0"
745,-538302.762846134,871.162839182845,1,0,0.000967855847348329,1,123,1000,2,"poisson","fixed",0.000193571169469666,5,"5*eta0",0.000967855847348329,0.967855847348329,"fixed | 5*eta0"
746,-501817.68634838,871.162839182845,1,0,0.000967855847348329,1,123,1000,2,"poisson","fixed",0.000193571169469666,5,"5*eta0",0.000967855847348329,0.967855847348329,"fixed | 5*eta0"
747,-538302.762846134,871.162839182845,1,0,0.000967855847348329,1,123,1000,2,"poisson","fixed",0.000193571169469666,5,"5*eta0",0.000967855847348329,0.967855847348329,"fixed | 5*eta0"
748,-501817.68634838,871.162839182844,1,0,0.000967855847348329,1,123,1000,2,"poisson","fixed",0.000193571169469666,5,"5*eta0",0.000967855847348329,0.967855847348329,"fixed | 5*eta0"
749,-538302.762846134,871.162839182845,1,0,0.000967855847348329,1,123,1000,2,"poisson","fixed",0.000193571169469666,5,"5*eta0",0.000967855847348329,0.967855847348329,"fixed | 5*eta0"
750,-501817.68634838,871.162839182845,1,0,0.000967855847348329,1,123,1000,2,"poisson","fixed",0.000193571169469666,5,"5*eta0",0.000967855847348329,0.967855847348329,"fixed | 5*eta0"
751,-538302.762846134,871.162839182845,1,0,0.000967855847348329,1,123,1000,2,"poisson","fixed",0.000193571169469666,5,"5*eta0",0.000967855847348329,0.967855847348329,"fixed | 5*eta0"
752,-501817.68634838,871.162839182845,1,0,0.000967855847348329,1,123,1000,2,"poisson","fixed",0.000193571169469666,5,"5*eta0",0.000967855847348329,0.967855847348329,"fixed | 5*eta0"
753,-538302.762846134,871.162839182845,1,0,0.000967855847348329,1,123,1000,2,"poisson","fixed",0.000193571169469666,5,"5*eta0",0.000967855847348329,0.967855847348329,"fixed | 5*eta0"
754,-501817.68634838,871.162839182845,1,0,0.000967855847348329,1,123,1000,2,"poisson","fixed",0.000193571169469666,5,"5*eta0",0.000967855847348329,0.967855847348329,"fixed | 5*eta0"
755,-538302.762846134,871.162839182845,1,0,0.000967855847348329,1,123,1000,2,"poisson","fixed",0.000193571169469666,5,"5*eta0",0.000967855847348329,0.967855847348329,"fixed | 5*eta0"
756,-501817.68634838,871.162839182845,1,0,0.000967855847348329,1,123,1000,2,"poisson","fixed",0.000193571169469666,5,"5*eta0",0.000967855847348329,0.967855847348329,"fixed | 5*eta0"
757,-538302.762846134,871.162839182845,1,0,0.000967855847348329,1,123,1000,2,"poisson","fixed",0.000193571169469666,5,"5*eta0",0.000967855847348329,0.967855847348329,"fixed | 5*eta0"
758,-501817.68634838,871.162839182844,1,0,0.000967855847348329,1,123,1000,2,"poisson","fixed",0.000193571169469666,5,"5*eta0",0.000967855847348329,0.967855847348329,"fixed | 5*eta0"
759,-538302.762846134,871.162839182845,1,0,0.000967855847348329,1,123,1000,2,"poisson","fixed",0.000193571169469666,5,"5*eta0",0.000967855847348329,0.967855847348329,"fixed | 5*eta0"
760,-501817.68634838,871.162839182845,1,0,0.000967855847348329,1,123,1000,2,"poisson","fixed",0.000193571169469666,5,"5*eta0",0.000967855847348329,0.967855847348329,"fixed | 5*eta0"
761,-538302.762846134,871.162839182845,1,0,0.000967855847348329,1,123,1000,2,"poisson","fixed",0.000193571169469666,5,"5*eta0",0.000967855847348329,0.967855847348329,"fixed | 5*eta0"
762,-501817.68634838,871.162839182845,1,0,0.000967855847348329,1,123,1000,2,"poisson","fixed",0.000193571169469666,5,"5*eta0",0.000967855847348329,0.967855847348329,"fixed | 5*eta0"
763,-538302.762846134,871.162839182845,1,0,0.000967855847348329,1,123,1000,2,"poisson","fixed",0.000193571169469666,5,"5*eta0",0.000967855847348329,0.967855847348329,"fixed | 5*eta0"
764,-501817.68634838,871.162839182844,1,0,0.000967855847348329,1,123,1000,2,"poisson","fixed",0.000193571169469666,5,"5*eta0",0.000967855847348329,0.967855847348329,"fixed | 5*eta0"
765,-538302.762846134,871.162839182844,1,0,0.000967855847348329,1,123,1000,2,"poisson","fixed",0.000193571169469666,5,"5*eta0",0.000967855847348329,0.967855847348329,"fixed | 5*eta0"
766,-501817.68634838,871.162839182844,1,0,0.000967855847348329,1,123,1000,2,"poisson","fixed",0.000193571169469666,5,"5*eta0",0.000967855847348329,0.967855847348329,"fixed | 5*eta0"
767,-538302.762846134,871.162839182844,1,0,0.000967855847348329,1,123,1000,2,"poisson","fixed",0.000193571169469666,5,"5*eta0",0.000967855847348329,0.967855847348329,"fixed | 5*eta0"
768,-501817.68634838,871.162839182844,1,0,0.000967855847348329,1,123,1000,2,"poisson","fixed",0.000193571169469666,5,"5*eta0",0.000967855847348329,0.967855847348329,"fixed | 5*eta0"
769,-538302.762846134,871.162839182844,1,0,0.000967855847348329,1,123,1000,2,"poisson","fixed",0.000193571169469666,5,"5*eta0",0.000967855847348329,0.967855847348329,"fixed | 5*eta0"
770,-501817.68634838,871.162839182844,1,0,0.000967855847348329,1,123,1000,2,"poisson","fixed",0.000193571169469666,5,"5*eta0",0.000967855847348329,0.967855847348329,"fixed | 5*eta0"
771,-538302.762846134,871.162839182844,1,0,0.000967855847348329,1,123,1000,2,"poisson","fixed",0.000193571169469666,5,"5*eta0",0.000967855847348329,0.967855847348329,"fixed | 5*eta0"
772,-501817.68634838,871.162839182844,1,0,0.000967855847348329,1,123,1000,2,"poisson","fixed",0.000193571169469666,5,"5*eta0",0.000967855847348329,0.967855847348329,"fixed | 5*eta0"
773,-538302.762846134,871.162839182844,1,0,0.000967855847348329,1,123,1000,2,"poisson","fixed",0.000193571169469666,5,"5*eta0",0.000967855847348329,0.967855847348329,"fixed | 5*eta0"
774,-501817.68634838,871.162839182844,1,0,0.000967855847348329,1,123,1000,2,"poisson","fixed",0.000193571169469666,5,"5*eta0",0.000967855847348329,0.967855847348329,"fixed | 5*eta0"
775,-538302.762846134,871.162839182845,1,0,0.000967855847348329,1,123,1000,2,"poisson","fixed",0.000193571169469666,5,"5*eta0",0.000967855847348329,0.967855847348329,"fixed | 5*eta0"
776,-501817.68634838,871.162839182845,1,0,0.000967855847348329,1,123,1000,2,"poisson","fixed",0.000193571169469666,5,"5*eta0",0.000967855847348329,0.967855847348329,"fixed | 5*eta0"
777,-538302.762846134,871.162839182845,1,0,0.000967855847348329,1,123,1000,2,"poisson","fixed",0.000193571169469666,5,"5*eta0",0.000967855847348329,0.967855847348329,"fixed | 5*eta0"
778,-501817.68634838,871.162839182844,1,0,0.000967855847348329,1,123,1000,2,"poisson","fixed",0.000193571169469666,5,"5*eta0",0.000967855847348329,0.967855847348329,"fixed | 5*eta0"
779,-538302.762846134,871.162839182845,1,0,0.000967855847348329,1,123,1000,2,"poisson","fixed",0.000193571169469666,5,"5*eta0",0.000967855847348329,0.967855847348329,"fixed | 5*eta0"
780,-501817.68634838,871.162839182845,1,0,0.000967855847348329,1,123,1000,2,"poisson","fixed",0.000193571169469666,5,"5*eta0",0.000967855847348329,0.967855847348329,"fixed | 5*eta0"
781,-538302.762846134,871.162839182845,1,0,0.000967855847348329,1,123,1000,2,"poisson","fixed",0.000193571169469666,5,"5*eta0",0.000967855847348329,0.967855847348329,"fixed | 5*eta0"
782,-501817.68634838,871.162839182844,1,0,0.000967855847348329,1,123,1000,2,"poisson","fixed",0.000193571169469666,5,"5*eta0",0.000967855847348329,0.967855847348329,"fixed | 5*eta0"
783,-538302.762846134,871.162839182844,1,0,0.000967855847348329,1,123,1000,2,"poisson","fixed",0.000193571169469666,5,"5*eta0",0.000967855847348329,0.967855847348329,"fixed | 5*eta0"
784,-501817.68634838,871.162839182845,1,0,0.000967855847348329,1,123,1000,2,"poisson","fixed",0.000193571169469666,5,"5*eta0",0.000967855847348329,0.967855847348329,"fixed | 5*eta0"
785,-538302.762846134,871.162839182845,1,0,0.000967855847348329,1,123,1000,2,"poisson","fixed",0.000193571169469666,5,"5*eta0",0.000967855847348329,0.967855847348329,"fixed | 5*eta0"
786,-501817.68634838,871.162839182844,1,0,0.000967855847348329,1,123,1000,2,"poisson","fixed",0.000193571169469666,5,"5*eta0",0.000967855847348329,0.967855847348329,"fixed | 5*eta0"
787,-538302.762846134,871.162839182844,1,0,0.000967855847348329,1,123,1000,2,"poisson","fixed",0.000193571169469666,5,"5*eta0",0.000967855847348329,0.967855847348329,"fixed | 5*eta0"
788,-501817.68634838,871.162839182845,1,0,0.000967855847348329,1,123,1000,2,"poisson","fixed",0.000193571169469666,5,"5*eta0",0.000967855847348329,0.967855847348329,"fixed | 5*eta0"
789,-538302.762846134,871.162839182845,1,0,0.000967855847348329,1,123,1000,2,"poisson","fixed",0.000193571169469666,5,"5*eta0",0.000967855847348329,0.967855847348329,"fixed | 5*eta0"
790,-501817.68634838,871.162839182844,1,0,0.000967855847348329,1,123,1000,2,"poisson","fixed",0.000193571169469666,5,"5*eta0",0.000967855847348329,0.967855847348329,"fixed | 5*eta0"
791,-538302.762846134,871.162839182844,1,0,0.000967855847348329,1,123,1000,2,"poisson","fixed",0.000193571169469666,5,"5*eta0",0.000967855847348329,0.967855847348329,"fixed | 5*eta0"
792,-501817.68634838,871.162839182844,1,0,0.000967855847348329,1,123,1000,2,"poisson","fixed",0.000193571169469666,5,"5*eta0",0.000967855847348329,0.967855847348329,"fixed | 5*eta0"
793,-538302.762846134,871.162839182844,1,0,0.000967855847348329,1,123,1000,2,"poisson","fixed",0.000193571169469666,5,"5*eta0",0.000967855847348329,0.967855847348329,"fixed | 5*eta0"
794,-501817.68634838,871.162839182844,1,0,0.000967855847348329,1,123,1000,2,"poisson","fixed",0.000193571169469666,5,"5*eta0",0.000967855847348329,0.967855847348329,"fixed | 5*eta0"
795,-538302.762846134,871.162839182845,1,0,0.000967855847348329,1,123,1000,2,"poisson","fixed",0.000193571169469666,5,"5*eta0",0.000967855847348329,0.967855847348329,"fixed | 5*eta0"
796,-501817.68634838,871.162839182845,1,0,0.000967855847348329,1,123,1000,2,"poisson","fixed",0.000193571169469666,5,"5*eta0",0.000967855847348329,0.967855847348329,"fixed | 5*eta0"
797,-538302.762846134,871.162839182845,1,0,0.000967855847348329,1,123,1000,2,"poisson","fixed",0.000193571169469666,5,"5*eta0",0.000967855847348329,0.967855847348329,"fixed | 5*eta0"
798,-501817.68634838,871.162839182844,1,0,0.000967855847348329,1,123,1000,2,"poisson","fixed",0.000193571169469666,5,"5*eta0",0.000967855847348329,0.967855847348329,"fixed | 5*eta0"
799,-538302.762846134,871.162839182845,1,0,0.000967855847348329,1,123,1000,2,"poisson","fixed",0.000193571169469666,5,"5*eta0",0.000967855847348329,0.967855847348329,"fixed | 5*eta0"
800,-501817.68634838,871.162839182845,1,0,0.000967855847348329,1,123,1000,2,"poisson","fixed",0.000193571169469666,5,"5*eta0",0.000967855847348329,0.967855847348329,"fixed | 5*eta0"
801,-538302.762846134,871.162839182845,1,0,0.000967855847348329,1,123,1000,2,"poisson","fixed",0.000193571169469666,5,"5*eta0",0.000967855847348329,0.967855847348329,"fixed | 5*eta0"
802,-501817.68634838,871.162839182844,1,0,0.000967855847348329,1,123,1000,2,"poisson","fixed",0.000193571169469666,5,"5*eta0",0.000967855847348329,0.967855847348329,"fixed | 5*eta0"
803,-538302.762846134,871.162839182844,1,0,0.000967855847348329,1,123,1000,2,"poisson","fixed",0.000193571169469666,5,"5*eta0",0.000967855847348329,0.967855847348329,"fixed | 5*eta0"
804,-501817.68634838,871.162839182845,1,0,0.000967855847348329,1,123,1000,2,"poisson","fixed",0.000193571169469666,5,"5*eta0",0.000967855847348329,0.967855847348329,"fixed | 5*eta0"
805,-538302.762846134,871.162839182845,1,0,0.000967855847348329,1,123,1000,2,"poisson","fixed",0.000193571169469666,5,"5*eta0",0.000967855847348329,0.967855847348329,"fixed | 5*eta0"
806,-501817.68634838,871.162839182845,1,0,0.000967855847348329,1,123,1000,2,"poisson","fixed",0.000193571169469666,5,"5*eta0",0.000967855847348329,0.967855847348329,"fixed | 5*eta0"
807,-538302.762846134,871.162839182845,1,0,0.000967855847348329,1,123,1000,2,"poisson","fixed",0.000193571169469666,5,"5*eta0",0.000967855847348329,0.967855847348329,"fixed | 5*eta0"
808,-501817.68634838,871.162839182845,1,0,0.000967855847348329,1,123,1000,2,"poisson","fixed",0.000193571169469666,5,"5*eta0",0.000967855847348329,0.967855847348329,"fixed | 5*eta0"
809,-538302.762846134,871.162839182845,1,0,0.000967855847348329,1,123,1000,2,"poisson","fixed",0.000193571169469666,5,"5*eta0",0.000967855847348329,0.967855847348329,"fixed | 5*eta0"
810,-501817.68634838,871.162839182845,1,0,0.000967855847348329,1,123,1000,2,"poisson","fixed",0.000193571169469666,5,"5*eta0",0.000967855847348329,0.967855847348329,"fixed | 5*eta0"
811,-538302.762846134,871.162839182845,1,0,0.000967855847348329,1,123,1000,2,"poisson","fixed",0.000193571169469666,5,"5*eta0",0.000967855847348329,0.967855847348329,"fixed | 5*eta0"
812,-501817.68634838,871.162839182845,1,0,0.000967855847348329,1,123,1000,2,"poisson","fixed",0.000193571169469666,5,"5*eta0",0.000967855847348329,0.967855847348329,"fixed | 5*eta0"
813,-538302.762846134,871.162839182845,1,0,0.000967855847348329,1,123,1000,2,"poisson","fixed",0.000193571169469666,5,"5*eta0",0.000967855847348329,0.967855847348329,"fixed | 5*eta0"
814,-501817.68634838,871.162839182844,1,0,0.000967855847348329,1,123,1000,2,"poisson","fixed",0.000193571169469666,5,"5*eta0",0.000967855847348329,0.967855847348329,"fixed | 5*eta0"
815,-538302.762846134,871.162839182845,1,0,0.000967855847348329,1,123,1000,2,"poisson","fixed",0.000193571169469666,5,"5*eta0",0.000967855847348329,0.967855847348329,"fixed | 5*eta0"
816,-501817.68634838,871.162839182845,1,0,0.000967855847348329,1,123,1000,2,"poisson","fixed",0.000193571169469666,5,"5*eta0",0.000967855847348329,0.967855847348329,"fixed | 5*eta0"
817,-538302.762846134,871.162839182845,1,0,0.000967855847348329,1,123,1000,2,"poisson","fixed",0.000193571169469666,5,"5*eta0",0.000967855847348329,0.967855847348329,"fixed | 5*eta0"
818,-501817.68634838,871.162839182844,1,0,0.000967855847348329,1,123,1000,2,"poisson","fixed",0.000193571169469666,5,"5*eta0",0.000967855847348329,0.967855847348329,"fixed | 5*eta0"
819,-538302.762846134,871.162839182844,1,0,0.000967855847348329,1,123,1000,2,"poisson","fixed",0.000193571169469666,5,"5*eta0",0.000967855847348329,0.967855847348329,"fixed | 5*eta0"
820,-501817.68634838,871.162839182845,1,0,0.000967855847348329,1,123,1000,2,"poisson","fixed",0.000193571169469666,5,"5*eta0",0.000967855847348329,0.967855847348329,"fixed | 5*eta0"
821,-538302.762846134,871.162839182845,1,0,0.000967855847348329,1,123,1000,2,"poisson","fixed",0.000193571169469666,5,"5*eta0",0.000967855847348329,0.967855847348329,"fixed | 5*eta0"
822,-501817.68634838,871.162839182844,1,0,0.000967855847348329,1,123,1000,2,"poisson","fixed",0.000193571169469666,5,"5*eta0",0.000967855847348329,0.967855847348329,"fixed | 5*eta0"
823,-538302.762846134,871.162839182844,1,0,0.000967855847348329,1,123,1000,2,"poisson","fixed",0.000193571169469666,5,"5*eta0",0.000967855847348329,0.967855847348329,"fixed | 5*eta0"
824,-501817.68634838,871.162839182845,1,0,0.000967855847348329,1,123,1000,2,"poisson","fixed",0.000193571169469666,5,"5*eta0",0.000967855847348329,0.967855847348329,"fixed | 5*eta0"
825,-538302.762846134,871.162839182845,1,0,0.000967855847348329,1,123,1000,2,"poisson","fixed",0.000193571169469666,5,"5*eta0",0.000967855847348329,0.967855847348329,"fixed | 5*eta0"
826,-501817.68634838,871.162839182844,1,0,0.000967855847348329,1,123,1000,2,"poisson","fixed",0.000193571169469666,5,"5*eta0",0.000967855847348329,0.967855847348329,"fixed | 5*eta0"
827,-538302.762846134,871.162839182844,1,0,0.000967855847348329,1,123,1000,2,"poisson","fixed",0.000193571169469666,5,"5*eta0",0.000967855847348329,0.967855847348329,"fixed | 5*eta0"
828,-501817.68634838,871.162839182845,1,0,0.000967855847348329,1,123,1000,2,"poisson","fixed",0.000193571169469666,5,"5*eta0",0.000967855847348329,0.967855847348329,"fixed | 5*eta0"
829,-538302.762846134,871.162839182845,1,0,0.000967855847348329,1,123,1000,2,"poisson","fixed",0.000193571169469666,5,"5*eta0",0.000967855847348329,0.967855847348329,"fixed | 5*eta0"
830,-501817.68634838,871.162839182845,1,0,0.000967855847348329,1,123,1000,2,"poisson","fixed",0.000193571169469666,5,"5*eta0",0.000967855847348329,0.967855847348329,"fixed | 5*eta0"
831,-538302.762846134,871.162839182845,1,0,0.000967855847348329,1,123,1000,2,"poisson","fixed",0.000193571169469666,5,"5*eta0",0.000967855847348329,0.967855847348329,"fixed | 5*eta0"
832,-501817.68634838,871.162839182845,1,0,0.000967855847348329,1,123,1000,2,"poisson","fixed",0.000193571169469666,5,"5*eta0",0.000967855847348329,0.967855847348329,"fixed | 5*eta0"
833,-538302.762846134,871.162839182845,1,0,0.000967855847348329,1,123,1000,2,"poisson","fixed",0.000193571169469666,5,"5*eta0",0.000967855847348329,0.967855847348329,"fixed | 5*eta0"
834,-501817.68634838,871.162839182844,1,0,0.000967855847348329,1,123,1000,2,"poisson","fixed",0.000193571169469666,5,"5*eta0",0.000967855847348329,0.967855847348329,"fixed | 5*eta0"
835,-538302.762846134,871.162839182844,1,0,0.000967855847348329,1,123,1000,2,"poisson","fixed",0.000193571169469666,5,"5*eta0",0.000967855847348329,0.967855847348329,"fixed | 5*eta0"
836,-501817.68634838,871.162839182845,1,0,0.000967855847348329,1,123,1000,2,"poisson","fixed",0.000193571169469666,5,"5*eta0",0.000967855847348329,0.967855847348329,"fixed | 5*eta0"
837,-538302.762846134,871.162839182845,1,0,0.000967855847348329,1,123,1000,2,"poisson","fixed",0.000193571169469666,5,"5*eta0",0.000967855847348329,0.967855847348329,"fixed | 5*eta0"
838,-501817.68634838,871.162839182844,1,0,0.000967855847348329,1,123,1000,2,"poisson","fixed",0.000193571169469666,5,"5*eta0",0.000967855847348329,0.967855847348329,"fixed | 5*eta0"
839,-538302.762846134,871.162839182844,1,0,0.000967855847348329,1,123,1000,2,"poisson","fixed",0.000193571169469666,5,"5*eta0",0.000967855847348329,0.967855847348329,"fixed | 5*eta0"
840,-501817.68634838,871.162839182845,1,0,0.000967855847348329,1,123,1000,2,"poisson","fixed",0.000193571169469666,5,"5*eta0",0.000967855847348329,0.967855847348329,"fixed | 5*eta0"
841,-538302.762846134,871.162839182845,1,0,0.000967855847348329,1,123,1000,2,"poisson","fixed",0.000193571169469666,5,"5*eta0",0.000967855847348329,0.967855847348329,"fixed | 5*eta0"
842,-501817.68634838,871.162839182844,1,0,0.000967855847348329,1,123,1000,2,"poisson","fixed",0.000193571169469666,5,"5*eta0",0.000967855847348329,0.967855847348329,"fixed | 5*eta0"
843,-538302.762846134,871.162839182844,1,0,0.000967855847348329,1,123,1000,2,"poisson","fixed",0.000193571169469666,5,"5*eta0",0.000967855847348329,0.967855847348329,"fixed | 5*eta0"
844,-501817.68634838,871.162839182845,1,0,0.000967855847348329,1,123,1000,2,"poisson","fixed",0.000193571169469666,5,"5*eta0",0.000967855847348329,0.967855847348329,"fixed | 5*eta0"
845,-538302.762846134,871.162839182845,1,0,0.000967855847348329,1,123,1000,2,"poisson","fixed",0.000193571169469666,5,"5*eta0",0.000967855847348329,0.967855847348329,"fixed | 5*eta0"
846,-501817.68634838,871.162839182844,1,0,0.000967855847348329,1,123,1000,2,"poisson","fixed",0.000193571169469666,5,"5*eta0",0.000967855847348329,0.967855847348329,"fixed | 5*eta0"
847,-538302.762846134,871.162839182844,1,0,0.000967855847348329,1,123,1000,2,"poisson","fixed",0.000193571169469666,5,"5*eta0",0.000967855847348329,0.967855847348329,"fixed | 5*eta0"
848,-501817.68634838,871.162839182845,1,0,0.000967855847348329,1,123,1000,2,"poisson","fixed",0.000193571169469666,5,"5*eta0",0.000967855847348329,0.967855847348329,"fixed | 5*eta0"
849,-538302.762846134,871.162839182845,1,0,0.000967855847348329,1,123,1000,2,"poisson","fixed",0.000193571169469666,5,"5*eta0",0.000967855847348329,0.967855847348329,"fixed | 5*eta0"
850,-501817.68634838,871.162839182845,1,0,0.000967855847348329,1,123,1000,2,"poisson","fixed",0.000193571169469666,5,"5*eta0",0.000967855847348329,0.967855847348329,"fixed | 5*eta0"
851,-538302.762846134,871.162839182845,1,0,0.000967855847348329,1,123,1000,2,"poisson","fixed",0.000193571169469666,5,"5*eta0",0.000967855847348329,0.967855847348329,"fixed | 5*eta0"
852,-501817.68634838,871.162839182845,1,0,0.000967855847348329,1,123,1000,2,"poisson","fixed",0.000193571169469666,5,"5*eta0",0.000967855847348329,0.967855847348329,"fixed | 5*eta0"
853,-538302.762846134,871.162839182845,1,0,0.000967855847348329,1,123,1000,2,"poisson","fixed",0.000193571169469666,5,"5*eta0",0.000967855847348329,0.967855847348329,"fixed | 5*eta0"
854,-501817.68634838,871.162839182844,1,0,0.000967855847348329,1,123,1000,2,"poisson","fixed",0.000193571169469666,5,"5*eta0",0.000967855847348329,0.967855847348329,"fixed | 5*eta0"
855,-538302.762846134,871.162839182844,1,0,0.000967855847348329,1,123,1000,2,"poisson","fixed",0.000193571169469666,5,"5*eta0",0.000967855847348329,0.967855847348329,"fixed | 5*eta0"
856,-501817.68634838,871.162839182845,1,0,0.000967855847348329,1,123,1000,2,"poisson","fixed",0.000193571169469666,5,"5*eta0",0.000967855847348329,0.967855847348329,"fixed | 5*eta0"
857,-538302.762846134,871.162839182845,1,0,0.000967855847348329,1,123,1000,2,"poisson","fixed",0.000193571169469666,5,"5*eta0",0.000967855847348329,0.967855847348329,"fixed | 5*eta0"
858,-501817.68634838,871.162839182844,1,0,0.000967855847348329,1,123,1000,2,"poisson","fixed",0.000193571169469666,5,"5*eta0",0.000967855847348329,0.967855847348329,"fixed | 5*eta0"
859,-538302.762846134,871.162839182844,1,0,0.000967855847348329,1,123,1000,2,"poisson","fixed",0.000193571169469666,5,"5*eta0",0.000967855847348329,0.967855847348329,"fixed | 5*eta0"
860,-501817.68634838,871.162839182844,1,0,0.000967855847348329,1,123,1000,2,"poisson","fixed",0.000193571169469666,5,"5*eta0",0.000967855847348329,0.967855847348329,"fixed | 5*eta0"
861,-538302.762846134,871.162839182845,1,0,0.000967855847348329,1,123,1000,2,"poisson","fixed",0.000193571169469666,5,"5*eta0",0.000967855847348329,0.967855847348329,"fixed | 5*eta0"
862,-501817.68634838,871.162839182845,1,0,0.000967855847348329,1,123,1000,2,"poisson","fixed",0.000193571169469666,5,"5*eta0",0.000967855847348329,0.967855847348329,"fixed | 5*eta0"
863,-538302.762846134,871.162839182845,1,0,0.000967855847348329,1,123,1000,2,"poisson","fixed",0.000193571169469666,5,"5*eta0",0.000967855847348329,0.967855847348329,"fixed | 5*eta0"
864,-501817.68634838,871.162839182845,1,0,0.000967855847348329,1,123,1000,2,"poisson","fixed",0.000193571169469666,5,"5*eta0",0.000967855847348329,0.967855847348329,"fixed | 5*eta0"
865,-538302.762846134,871.162839182845,1,0,0.000967855847348329,1,123,1000,2,"poisson","fixed",0.000193571169469666,5,"5*eta0",0.000967855847348329,0.967855847348329,"fixed | 5*eta0"
866,-501817.68634838,871.162839182844,1,0,0.000967855847348329,1,123,1000,2,"poisson","fixed",0.000193571169469666,5,"5*eta0",0.000967855847348329,0.967855847348329,"fixed | 5*eta0"
867,-538302.762846134,871.162839182844,1,0,0.000967855847348329,1,123,1000,2,"poisson","fixed",0.000193571169469666,5,"5*eta0",0.000967855847348329,0.967855847348329,"fixed | 5*eta0"
868,-501817.68634838,871.162839182845,1,0,0.000967855847348329,1,123,1000,2,"poisson","fixed",0.000193571169469666,5,"5*eta0",0.000967855847348329,0.967855847348329,"fixed | 5*eta0"
869,-538302.762846134,871.162839182845,1,0,0.000967855847348329,1,123,1000,2,"poisson","fixed",0.000193571169469666,5,"5*eta0",0.000967855847348329,0.967855847348329,"fixed | 5*eta0"
870,-501817.68634838,871.162839182844,1,0,0.000967855847348329,1,123,1000,2,"poisson","fixed",0.000193571169469666,5,"5*eta0",0.000967855847348329,0.967855847348329,"fixed | 5*eta0"
871,-538302.762846134,871.162839182844,1,0,0.000967855847348329,1,123,1000,2,"poisson","fixed",0.000193571169469666,5,"5*eta0",0.000967855847348329,0.967855847348329,"fixed | 5*eta0"
872,-501817.68634838,871.162839182845,1,0,0.000967855847348329,1,123,1000,2,"poisson","fixed",0.000193571169469666,5,"5*eta0",0.000967855847348329,0.967855847348329,"fixed | 5*eta0"
873,-538302.762846134,871.162839182845,1,0,0.000967855847348329,1,123,1000,2,"poisson","fixed",0.000193571169469666,5,"5*eta0",0.000967855847348329,0.967855847348329,"fixed | 5*eta0"
874,-501817.68634838,871.162839182844,1,0,0.000967855847348329,1,123,1000,2,"poisson","fixed",0.000193571169469666,5,"5*eta0",0.000967855847348329,0.967855847348329,"fixed | 5*eta0"
875,-538302.762846134,871.162839182845,1,0,0.000967855847348329,1,123,1000,2,"poisson","fixed",0.000193571169469666,5,"5*eta0",0.000967855847348329,0.967855847348329,"fixed | 5*eta0"
876,-501817.68634838,871.162839182845,1,0,0.000967855847348329,1,123,1000,2,"poisson","fixed",0.000193571169469666,5,"5*eta0",0.000967855847348329,0.967855847348329,"fixed | 5*eta0"
877,-538302.762846134,871.162839182845,1,0,0.000967855847348329,1,123,1000,2,"poisson","fixed",0.000193571169469666,5,"5*eta0",0.000967855847348329,0.967855847348329,"fixed | 5*eta0"
878,-501817.68634838,871.162839182844,1,0,0.000967855847348329,1,123,1000,2,"poisson","fixed",0.000193571169469666,5,"5*eta0",0.000967855847348329,0.967855847348329,"fixed | 5*eta0"
879,-538302.762846134,871.162839182845,1,0,0.000967855847348329,1,123,1000,2,"poisson","fixed",0.000193571169469666,5,"5*eta0",0.000967855847348329,0.967855847348329,"fixed | 5*eta0"
880,-501817.68634838,871.162839182845,1,0,0.000967855847348329,1,123,1000,2,"poisson","fixed",0.000193571169469666,5,"5*eta0",0.000967855847348329,0.967855847348329,"fixed | 5*eta0"
881,-538302.762846134,871.162839182845,1,0,0.000967855847348329,1,123,1000,2,"poisson","fixed",0.000193571169469666,5,"5*eta0",0.000967855847348329,0.967855847348329,"fixed | 5*eta0"
882,-501817.68634838,871.162839182844,1,0,0.000967855847348329,1,123,1000,2,"poisson","fixed",0.000193571169469666,5,"5*eta0",0.000967855847348329,0.967855847348329,"fixed | 5*eta0"
883,-538302.762846134,871.162839182844,1,0,0.000967855847348329,1,123,1000,2,"poisson","fixed",0.000193571169469666,5,"5*eta0",0.000967855847348329,0.967855847348329,"fixed | 5*eta0"
884,-501817.68634838,871.162839182845,1,0,0.000967855847348329,1,123,1000,2,"poisson","fixed",0.000193571169469666,5,"5*eta0",0.000967855847348329,0.967855847348329,"fixed | 5*eta0"
885,-538302.762846134,871.162839182845,1,0,0.000967855847348329,1,123,1000,2,"poisson","fixed",0.000193571169469666,5,"5*eta0",0.000967855847348329,0.967855847348329,"fixed | 5*eta0"
886,-501817.68634838,871.162839182844,1,0,0.000967855847348329,1,123,1000,2,"poisson","fixed",0.000193571169469666,5,"5*eta0",0.000967855847348329,0.967855847348329,"fixed | 5*eta0"
887,-538302.762846134,871.162839182845,1,0,0.000967855847348329,1,123,1000,2,"poisson","fixed",0.000193571169469666,5,"5*eta0",0.000967855847348329,0.967855847348329,"fixed | 5*eta0"
888,-501817.68634838,871.162839182845,1,0,0.000967855847348329,1,123,1000,2,"poisson","fixed",0.000193571169469666,5,"5*eta0",0.000967855847348329,0.967855847348329,"fixed | 5*eta0"
889,-538302.762846134,871.162839182845,1,0,0.000967855847348329,1,123,1000,2,"poisson","fixed",0.000193571169469666,5,"5*eta0",0.000967855847348329,0.967855847348329,"fixed | 5*eta0"
890,-501817.68634838,871.162839182844,1,0,0.000967855847348329,1,123,1000,2,"poisson","fixed",0.000193571169469666,5,"5*eta0",0.000967855847348329,0.967855847348329,"fixed | 5*eta0"
891,-538302.762846134,871.162839182844,1,0,0.000967855847348329,1,123,1000,2,"poisson","fixed",0.000193571169469666,5,"5*eta0",0.000967855847348329,0.967855847348329,"fixed | 5*eta0"
892,-501817.68634838,871.162839182845,1,0,0.000967855847348329,1,123,1000,2,"poisson","fixed",0.000193571169469666,5,"5*eta0",0.000967855847348329,0.967855847348329,"fixed | 5*eta0"
893,-538302.762846134,871.162839182844,1,0,0.000967855847348329,1,123,1000,2,"poisson","fixed",0.000193571169469666,5,"5*eta0",0.000967855847348329,0.967855847348329,"fixed | 5*eta0"
894,-501817.68634838,871.162839182844,1,0,0.000967855847348329,1,123,1000,2,"poisson","fixed",0.000193571169469666,5,"5*eta0",0.000967855847348329,0.967855847348329,"fixed | 5*eta0"
895,-538302.762846134,871.162839182845,1,0,0.000967855847348329,1,123,1000,2,"poisson","fixed",0.000193571169469666,5,"5*eta0",0.000967855847348329,0.967855847348329,"fixed | 5*eta0"
896,-501817.68634838,871.162839182845,1,0,0.000967855847348329,1,123,1000,2,"poisson","fixed",0.000193571169469666,5,"5*eta0",0.000967855847348329,0.967855847348329,"fixed | 5*eta0"
897,-538302.762846134,871.162839182845,1,0,0.000967855847348329,1,123,1000,2,"poisson","fixed",0.000193571169469666,5,"5*eta0",0.000967855847348329,0.967855847348329,"fixed | 5*eta0"
898,-501817.68634838,871.162839182844,1,0,0.000967855847348329,1,123,1000,2,"poisson","fixed",0.000193571169469666,5,"5*eta0",0.000967855847348329,0.967855847348329,"fixed | 5*eta0"
899,-538302.762846134,871.162839182844,1,0,0.000967855847348329,1,123,1000,2,"poisson","fixed",0.000193571169469666,5,"5*eta0",0.000967855847348329,0.967855847348329,"fixed | 5*eta0"
900,-501817.68634838,871.162839182845,1,0,0.000967855847348329,1,123,1000,2,"poisson","fixed",0.000193571169469666,5,"5*eta0",0.000967855847348329,0.967855847348329,"fixed | 5*eta0"
901,-538302.762846134,871.162839182845,1,0,0.000967855847348329,1,123,1000,2,"poisson","fixed",0.000193571169469666,5,"5*eta0",0.000967855847348329,0.967855847348329,"fixed | 5*eta0"
902,-501817.68634838,871.162839182845,1,0,0.000967855847348329,1,123,1000,2,"poisson","fixed",0.000193571169469666,5,"5*eta0",0.000967855847348329,0.967855847348329,"fixed | 5*eta0"
903,-538302.762846134,871.162839182845,1,0,0.000967855847348329,1,123,1000,2,"poisson","fixed",0.000193571169469666,5,"5*eta0",0.000967855847348329,0.967855847348329,"fixed | 5*eta0"
904,-501817.68634838,871.162839182845,1,0,0.000967855847348329,1,123,1000,2,"poisson","fixed",0.000193571169469666,5,"5*eta0",0.000967855847348329,0.967855847348329,"fixed | 5*eta0"
905,-538302.762846134,871.162839182845,1,0,0.000967855847348329,1,123,1000,2,"poisson","fixed",0.000193571169469666,5,"5*eta0",0.000967855847348329,0.967855847348329,"fixed | 5*eta0"
906,-501817.68634838,871.162839182844,1,0,0.000967855847348329,1,123,1000,2,"poisson","fixed",0.000193571169469666,5,"5*eta0",0.000967855847348329,0.967855847348329,"fixed | 5*eta0"
907,-538302.762846134,871.162839182844,1,0,0.000967855847348329,1,123,1000,2,"poisson","fixed",0.000193571169469666,5,"5*eta0",0.000967855847348329,0.967855847348329,"fixed | 5*eta0"
908,-501817.68634838,871.162839182845,1,0,0.000967855847348329,1,123,1000,2,"poisson","fixed",0.000193571169469666,5,"5*eta0",0.000967855847348329,0.967855847348329,"fixed | 5*eta0"
909,-538302.762846134,871.162839182845,1,0,0.000967855847348329,1,123,1000,2,"poisson","fixed",0.000193571169469666,5,"5*eta0",0.000967855847348329,0.967855847348329,"fixed | 5*eta0"
910,-501817.68634838,871.162839182844,1,0,0.000967855847348329,1,123,1000,2,"poisson","fixed",0.000193571169469666,5,"5*eta0",0.000967855847348329,0.967855847348329,"fixed | 5*eta0"
911,-538302.762846134,871.162839182845,1,0,0.000967855847348329,1,123,1000,2,"poisson","fixed",0.000193571169469666,5,"5*eta0",0.000967855847348329,0.967855847348329,"fixed | 5*eta0"
912,-501817.68634838,871.162839182845,1,0,0.000967855847348329,1,123,1000,2,"poisson","fixed",0.000193571169469666,5,"5*eta0",0.000967855847348329,0.967855847348329,"fixed | 5*eta0"
913,-538302.762846134,871.162839182845,1,0,0.000967855847348329,1,123,1000,2,"poisson","fixed",0.000193571169469666,5,"5*eta0",0.000967855847348329,0.967855847348329,"fixed | 5*eta0"
914,-501817.68634838,871.162839182844,1,0,0.000967855847348329,1,123,1000,2,"poisson","fixed",0.000193571169469666,5,"5*eta0",0.000967855847348329,0.967855847348329,"fixed | 5*eta0"
915,-538302.762846134,871.162839182844,1,0,0.000967855847348329,1,123,1000,2,"poisson","fixed",0.000193571169469666,5,"5*eta0",0.000967855847348329,0.967855847348329,"fixed | 5*eta0"
916,-501817.68634838,871.162839182845,1,0,0.000967855847348329,1,123,1000,2,"poisson","fixed",0.000193571169469666,5,"5*eta0",0.000967855847348329,0.967855847348329,"fixed | 5*eta0"
917,-538302.762846134,871.162839182845,1,0,0.000967855847348329,1,123,1000,2,"poisson","fixed",0.000193571169469666,5,"5*eta0",0.000967855847348329,0.967855847348329,"fixed | 5*eta0"
918,-501817.68634838,871.162839182844,1,0,0.000967855847348329,1,123,1000,2,"poisson","fixed",0.000193571169469666,5,"5*eta0",0.000967855847348329,0.967855847348329,"fixed | 5*eta0"
919,-538302.762846134,871.162839182844,1,0,0.000967855847348329,1,123,1000,2,"poisson","fixed",0.000193571169469666,5,"5*eta0",0.000967855847348329,0.967855847348329,"fixed | 5*eta0"
920,-501817.68634838,871.162839182845,1,0,0.000967855847348329,1,123,1000,2,"poisson","fixed",0.000193571169469666,5,"5*eta0",0.000967855847348329,0.967855847348329,"fixed | 5*eta0"
921,-538302.762846134,871.162839182845,1,0,0.000967855847348329,1,123,1000,2,"poisson","fixed",0.000193571169469666,5,"5*eta0",0.000967855847348329,0.967855847348329,"fixed | 5*eta0"
922,-501817.68634838,871.162839182844,1,0,0.000967855847348329,1,123,1000,2,"poisson","fixed",0.000193571169469666,5,"5*eta0",0.000967855847348329,0.967855847348329,"fixed | 5*eta0"
923,-538302.762846134,871.162839182844,1,0,0.000967855847348329,1,123,1000,2,"poisson","fixed",0.000193571169469666,5,"5*eta0",0.000967855847348329,0.967855847348329,"fixed | 5*eta0"
924,-501817.68634838,871.162839182845,1,0,0.000967855847348329,1,123,1000,2,"poisson","fixed",0.000193571169469666,5,"5*eta0",0.000967855847348329,0.967855847348329,"fixed | 5*eta0"
925,-538302.762846134,871.162839182845,1,0,0.000967855847348329,1,123,1000,2,"poisson","fixed",0.000193571169469666,5,"5*eta0",0.000967855847348329,0.967855847348329,"fixed | 5*eta0"
926,-501817.68634838,871.162839182844,1,0,0.000967855847348329,1,123,1000,2,"poisson","fixed",0.000193571169469666,5,"5*eta0",0.000967855847348329,0.967855847348329,"fixed | 5*eta0"
927,-538302.762846134,871.162839182844,1,0,0.000967855847348329,1,123,1000,2,"poisson","fixed",0.000193571169469666,5,"5*eta0",0.000967855847348329,0.967855847348329,"fixed | 5*eta0"
928,-501817.68634838,871.162839182845,1,0,0.000967855847348329,1,123,1000,2,"poisson","fixed",0.000193571169469666,5,"5*eta0",0.000967855847348329,0.967855847348329,"fixed | 5*eta0"
929,-538302.762846134,871.162839182845,1,0,0.000967855847348329,1,123,1000,2,"poisson","fixed",0.000193571169469666,5,"5*eta0",0.000967855847348329,0.967855847348329,"fixed | 5*eta0"
930,-501817.68634838,871.162839182844,1,0,0.000967855847348329,1,123,1000,2,"poisson","fixed",0.000193571169469666,5,"5*eta0",0.000967855847348329,0.967855847348329,"fixed | 5*eta0"
931,-538302.762846134,871.162839182844,1,0,0.000967855847348329,1,123,1000,2,"poisson","fixed",0.000193571169469666,5,"5*eta0",0.000967855847348329,0.967855847348329,"fixed | 5*eta0"
932,-501817.68634838,871.162839182845,1,0,0.000967855847348329,1,123,1000,2,"poisson","fixed",0.000193571169469666,5,"5*eta0",0.000967855847348329,0.967855847348329,"fixed | 5*eta0"
933,-538302.762846134,871.162839182845,1,0,0.000967855847348329,1,123,1000,2,"poisson","fixed",0.000193571169469666,5,"5*eta0",0.000967855847348329,0.967855847348329,"fixed | 5*eta0"
934,-501817.68634838,871.162839182844,1,0,0.000967855847348329,1,123,1000,2,"poisson","fixed",0.000193571169469666,5,"5*eta0",0.000967855847348329,0.967855847348329,"fixed | 5*eta0"
935,-538302.762846134,871.162839182844,1,0,0.000967855847348329,1,123,1000,2,"poisson","fixed",0.000193571169469666,5,"5*eta0",0.000967855847348329,0.967855847348329,"fixed | 5*eta0"
936,-501817.68634838,871.162839182845,1,0,0.000967855847348329,1,123,1000,2,"poisson","fixed",0.000193571169469666,5,"5*eta0",0.000967855847348329,0.967855847348329,"fixed | 5*eta0"
937,-538302.762846134,871.162839182845,1,0,0.000967855847348329,1,123,1000,2,"poisson","fixed",0.000193571169469666,5,"5*eta0",0.000967855847348329,0.967855847348329,"fixed | 5*eta0"
938,-501817.68634838,871.162839182844,1,0,0.000967855847348329,1,123,1000,2,"poisson","fixed",0.000193571169469666,5,"5*eta0",0.000967855847348329,0.967855847348329,"fixed | 5*eta0"
939,-538302.762846134,871.162839182844,1,0,0.000967855847348329,1,123,1000,2,"poisson","fixed",0.000193571169469666,5,"5*eta0",0.000967855847348329,0.967855847348329,"fixed | 5*eta0"
940,-501817.68634838,871.162839182846,1,0,0.000967855847348329,1,123,1000,2,"poisson","fixed",0.000193571169469666,5,"5*eta0",0.000967855847348329,0.967855847348329,"fixed | 5*eta0"
941,-538302.762846134,871.162839182846,1,0,0.000967855847348329,1,123,1000,2,"poisson","fixed",0.000193571169469666,5,"5*eta0",0.000967855847348329,0.967855847348329,"fixed | 5*eta0"
942,-501817.68634838,871.162839182843,1,0,0.000967855847348329,1,123,1000,2,"poisson","fixed",0.000193571169469666,5,"5*eta0",0.000967855847348329,0.967855847348329,"fixed | 5*eta0"
943,-538302.762846134,871.162839182844,1,0,0.000967855847348329,1,123,1000,2,"poisson","fixed",0.000193571169469666,5,"5*eta0",0.000967855847348329,0.967855847348329,"fixed | 5*eta0"
944,-501817.68634838,871.162839182846,1,0,0.000967855847348329,1,123,1000,2,"poisson","fixed",0.000193571169469666,5,"5*eta0",0.000967855847348329,0.967855847348329,"fixed | 5*eta0"
945,-538302.762846134,871.162839182845,1,0,0.000967855847348329,1,123,1000,2,"poisson","fixed",0.000193571169469666,5,"5*eta0",0.000967855847348329,0.967855847348329,"fixed | 5*eta0"
946,-501817.68634838,871.162839182843,1,0,0.000967855847348329,1,123,1000,2,"poisson","fixed",0.000193571169469666,5,"5*eta0",0.000967855847348329,0.967855847348329,"fixed | 5*eta0"
947,-538302.762846134,871.162839182844,1,0,0.000967855847348329,1,123,1000,2,"poisson","fixed",0.000193571169469666,5,"5*eta0",0.000967855847348329,0.967855847348329,"fixed | 5*eta0"
948,-501817.68634838,871.162839182846,1,0,0.000967855847348329,1,123,1000,2,"poisson","fixed",0.000193571169469666,5,"5*eta0",0.000967855847348329,0.967855847348329,"fixed | 5*eta0"
949,-538302.762846134,871.162839182845,1,0,0.000967855847348329,1,123,1000,2,"poisson","fixed",0.000193571169469666,5,"5*eta0",0.000967855847348329,0.967855847348329,"fixed | 5*eta0"
950,-501817.68634838,871.162839182844,1,0,0.000967855847348329,1,123,1000,2,"poisson","fixed",0.000193571169469666,5,"5*eta0",0.000967855847348329,0.967855847348329,"fixed | 5*eta0"
951,-538302.762846134,871.162839182844,1,0,0.000967855847348329,1,123,1000,2,"poisson","fixed",0.000193571169469666,5,"5*eta0",0.000967855847348329,0.967855847348329,"fixed | 5*eta0"
952,-501817.68634838,871.162839182845,1,0,0.000967855847348329,1,123,1000,2,"poisson","fixed",0.000193571169469666,5,"5*eta0",0.000967855847348329,0.967855847348329,"fixed | 5*eta0"
953,-538302.762846134,871.162839182845,1,0,0.000967855847348329,1,123,1000,2,"poisson","fixed",0.000193571169469666,5,"5*eta0",0.000967855847348329,0.967855847348329,"fixed | 5*eta0"
954,-501817.68634838,871.162839182844,1,0,0.000967855847348329,1,123,1000,2,"poisson","fixed",0.000193571169469666,5,"5*eta0",0.000967855847348329,0.967855847348329,"fixed | 5*eta0"
955,-538302.762846134,871.162839182844,1,0,0.000967855847348329,1,123,1000,2,"poisson","fixed",0.000193571169469666,5,"5*eta0",0.000967855847348329,0.967855847348329,"fixed | 5*eta0"
956,-501817.68634838,871.162839182846,1,0,0.000967855847348329,1,123,1000,2,"poisson","fixed",0.000193571169469666,5,"5*eta0",0.000967855847348329,0.967855847348329,"fixed | 5*eta0"
957,-538302.762846134,871.162839182846,1,0,0.000967855847348329,1,123,1000,2,"poisson","fixed",0.000193571169469666,5,"5*eta0",0.000967855847348329,0.967855847348329,"fixed | 5*eta0"
958,-501817.68634838,871.162839182844,1,0,0.000967855847348329,1,123,1000,2,"poisson","fixed",0.000193571169469666,5,"5*eta0",0.000967855847348329,0.967855847348329,"fixed | 5*eta0"
959,-538302.762846134,871.162839182844,1,0,0.000967855847348329,1,123,1000,2,"poisson","fixed",0.000193571169469666,5,"5*eta0",0.000967855847348329,0.967855847348329,"fixed | 5*eta0"
960,-501817.68634838,871.162839182845,1,0,0.000967855847348329,1,123,1000,2,"poisson","fixed",0.000193571169469666,5,"5*eta0",0.000967855847348329,0.967855847348329,"fixed | 5*eta0"
961,-538302.762846134,871.162839182845,1,0,0.000967855847348329,1,123,1000,2,"poisson","fixed",0.000193571169469666,5,"5*eta0",0.000967855847348329,0.967855847348329,"fixed | 5*eta0"
962,-501817.68634838,871.162839182843,1,0,0.000967855847348329,1,123,1000,2,"poisson","fixed",0.000193571169469666,5,"5*eta0",0.000967855847348329,0.967855847348329,"fixed | 5*eta0"
963,-538302.762846134,871.162839182844,1,0,0.000967855847348329,1,123,1000,2,"poisson","fixed",0.000193571169469666,5,"5*eta0",0.000967855847348329,0.967855847348329,"fixed | 5*eta0"
964,-501817.68634838,871.162839182845,1,0,0.000967855847348329,1,123,1000,2,"poisson","fixed",0.000193571169469666,5,"5*eta0",0.000967855847348329,0.967855847348329,"fixed | 5*eta0"
965,-538302.762846134,871.162839182845,1,0,0.000967855847348329,1,123,1000,2,"poisson","fixed",0.000193571169469666,5,"5*eta0",0.000967855847348329,0.967855847348329,"fixed | 5*eta0"
966,-501817.68634838,871.162839182844,1,0,0.000967855847348329,1,123,1000,2,"poisson","fixed",0.000193571169469666,5,"5*eta0",0.000967855847348329,0.967855847348329,"fixed | 5*eta0"
967,-538302.762846134,871.162839182844,1,0,0.000967855847348329,1,123,1000,2,"poisson","fixed",0.000193571169469666,5,"5*eta0",0.000967855847348329,0.967855847348329,"fixed | 5*eta0"
968,-501817.68634838,871.162839182845,1,0,0.000967855847348329,1,123,1000,2,"poisson","fixed",0.000193571169469666,5,"5*eta0",0.000967855847348329,0.967855847348329,"fixed | 5*eta0"
969,-538302.762846134,871.162839182845,1,0,0.000967855847348329,1,123,1000,2,"poisson","fixed",0.000193571169469666,5,"5*eta0",0.000967855847348329,0.967855847348329,"fixed | 5*eta0"
970,-501817.68634838,871.162839182845,1,0,0.000967855847348329,1,123,1000,2,"poisson","fixed",0.000193571169469666,5,"5*eta0",0.000967855847348329,0.967855847348329,"fixed | 5*eta0"
971,-538302.762846134,871.162839182845,1,0,0.000967855847348329,1,123,1000,2,"poisson","fixed",0.000193571169469666,5,"5*eta0",0.000967855847348329,0.967855847348329,"fixed | 5*eta0"
972,-501817.68634838,871.162839182845,1,0,0.000967855847348329,1,123,1000,2,"poisson","fixed",0.000193571169469666,5,"5*eta0",0.000967855847348329,0.967855847348329,"fixed | 5*eta0"
973,-538302.762846134,871.162839182845,1,0,0.000967855847348329,1,123,1000,2,"poisson","fixed",0.000193571169469666,5,"5*eta0",0.000967855847348329,0.967855847348329,"fixed | 5*eta0"
974,-501817.68634838,871.162839182844,1,0,0.000967855847348329,1,123,1000,2,"poisson","fixed",0.000193571169469666,5,"5*eta0",0.000967855847348329,0.967855847348329,"fixed | 5*eta0"
975,-538302.762846134,871.162839182844,1,0,0.000967855847348329,1,123,1000,2,"poisson","fixed",0.000193571169469666,5,"5*eta0",0.000967855847348329,0.967855847348329,"fixed | 5*eta0"
976,-501817.68634838,871.162839182845,1,0,0.000967855847348329,1,123,1000,2,"poisson","fixed",0.000193571169469666,5,"5*eta0",0.000967855847348329,0.967855847348329,"fixed | 5*eta0"
977,-538302.762846134,871.162839182845,1,0,0.000967855847348329,1,123,1000,2,"poisson","fixed",0.000193571169469666,5,"5*eta0",0.000967855847348329,0.967855847348329,"fixed | 5*eta0"
978,-501817.68634838,871.162839182844,1,0,0.000967855847348329,1,123,1000,2,"poisson","fixed",0.000193571169469666,5,"5*eta0",0.000967855847348329,0.967855847348329,"fixed | 5*eta0"
979,-538302.762846134,871.162839182845,1,0,0.000967855847348329,1,123,1000,2,"poisson","fixed",0.000193571169469666,5,"5*eta0",0.000967855847348329,0.967855847348329,"fixed | 5*eta0"
980,-501817.68634838,871.162839182845,1,0,0.000967855847348329,1,123,1000,2,"poisson","fixed",0.000193571169469666,5,"5*eta0",0.000967855847348329,0.967855847348329,"fixed | 5*eta0"
981,-538302.762846134,871.162839182845,1,0,0.000967855847348329,1,123,1000,2,"poisson","fixed",0.000193571169469666,5,"5*eta0",0.000967855847348329,0.967855847348329,"fixed | 5*eta0"
982,-501817.68634838,871.162839182844,1,0,0.000967855847348329,1,123,1000,2,"poisson","fixed",0.000193571169469666,5,"5*eta0",0.000967855847348329,0.967855847348329,"fixed | 5*eta0"
983,-538302.762846134,871.162839182844,1,0,0.000967855847348329,1,123,1000,2,"poisson","fixed",0.000193571169469666,5,"5*eta0",0.000967855847348329,0.967855847348329,"fixed | 5*eta0"
984,-501817.68634838,871.162839182845,1,0,0.000967855847348329,1,123,1000,2,"poisson","fixed",0.000193571169469666,5,"5*eta0",0.000967855847348329,0.967855847348329,"fixed | 5*eta0"
985,-538302.762846134,871.162839182845,1,0,0.000967855847348329,1,123,1000,2,"poisson","fixed",0.000193571169469666,5,"5*eta0",0.000967855847348329,0.967855847348329,"fixed | 5*eta0"
986,-501817.68634838,871.162839182844,1,0,0.000967855847348329,1,123,1000,2,"poisson","fixed",0.000193571169469666,5,"5*eta0",0.000967855847348329,0.967855847348329,"fixed | 5*eta0"
987,-538302.762846134,871.162839182844,1,0,0.000967855847348329,1,123,1000,2,"poisson","fixed",0.000193571169469666,5,"5*eta0",0.000967855847348329,0.967855847348329,"fixed | 5*eta0"
988,-501817.68634838,871.162839182845,1,0,0.000967855847348329,1,123,1000,2,"poisson","fixed",0.000193571169469666,5,"5*eta0",0.000967855847348329,0.967855847348329,"fixed | 5*eta0"
989,-538302.762846134,871.162839182845,1,0,0.000967855847348329,1,123,1000,2,"poisson","fixed",0.000193571169469666,5,"5*eta0",0.000967855847348329,0.967855847348329,"fixed | 5*eta0"
990,-501817.68634838,871.162839182844,1,0,0.000967855847348329,1,123,1000,2,"poisson","fixed",0.000193571169469666,5,"5*eta0",0.000967855847348329,0.967855847348329,"fixed | 5*eta0"
991,-538302.762846134,871.162839182844,1,0,0.000967855847348329,1,123,1000,2,"poisson","fixed",0.000193571169469666,5,"5*eta0",0.000967855847348329,0.967855847348329,"fixed | 5*eta0"
992,-501817.68634838,871.162839182844,1,0,0.000967855847348329,1,123,1000,2,"poisson","fixed",0.000193571169469666,5,"5*eta0",0.000967855847348329,0.967855847348329,"fixed | 5*eta0"
993,-538302.762846134,871.162839182844,1,0,0.000967855847348329,1,123,1000,2,"poisson","fixed",0.000193571169469666,5,"5*eta0",0.000967855847348329,0.967855847348329,"fixed | 5*eta0"
994,-501817.68634838,871.162839182844,1,0,0.000967855847348329,1,123,1000,2,"poisson","fixed",0.000193571169469666,5,"5*eta0",0.000967855847348329,0.967855847348329,"fixed | 5*eta0"
995,-538302.762846134,871.162839182845,1,0,0.000967855847348329,1,123,1000,2,"poisson","fixed",0.000193571169469666,5,"5*eta0",0.000967855847348329,0.967855847348329,"fixed | 5*eta0"
996,-501817.68634838,871.162839182845,1,0,0.000967855847348329,1,123,1000,2,"poisson","fixed",0.000193571169469666,5,"5*eta0",0.000967855847348329,0.967855847348329,"fixed | 5*eta0"
997,-538302.762846134,871.162839182845,1,0,0.000967855847348329,1,123,1000,2,"poisson","fixed",0.000193571169469666,5,"5*eta0",0.000967855847348329,0.967855847348329,"fixed | 5*eta0"
998,-501817.68634838,871.162839182844,1,0,0.000967855847348329,1,123,1000,2,"poisson","fixed",0.000193571169469666,5,"5*eta0",0.000967855847348329,0.967855847348329,"fixed | 5*eta0"
999,-538302.762846134,871.162839182844,1,0,0.000967855847348329,1,123,1000,2,"poisson","fixed",0.000193571169469666,5,"5*eta0",0.000967855847348329,0.967855847348329,"fixed | 5*eta0"
1000,-501817.68634838,871.162839182845,1,0,0.000967855847348329,1,123,1000,2,"poisson","fixed",0.000193571169469666,5,"5*eta0",0.000967855847348329,0.967855847348329,"fixed | 5*eta0"
1001,-538302.762846134,871.162839182845,1,0,0.000967855847348329,1,123,1000,2,"poisson","fixed",0.000193571169469666,5,"5*eta0",0.000967855847348329,0.967855847348329,"fixed | 5*eta0"
1002,-501817.68634838,871.162839182844,1,0,0.000967855847348329,1,123,1000,2,"poisson","fixed",0.000193571169469666,5,"5*eta0",0.000967855847348329,0.967855847348329,"fixed | 5*eta0"
1003,-538302.762846134,871.162839182844,1,0,0.000967855847348329,1,123,1000,2,"poisson","fixed",0.000193571169469666,5,"5*eta0",0.000967855847348329,0.967855847348329,"fixed | 5*eta0"
1004,-501817.68634838,871.162839182845,1,0,0.000967855847348329,1,123,1000,2,"poisson","fixed",0.000193571169469666,5,"5*eta0",0.000967855847348329,0.967855847348329,"fixed | 5*eta0"
1005,-538302.762846134,871.162839182845,1,0,0.000967855847348329,1,123,1000,2,"poisson","fixed",0.000193571169469666,5,"5*eta0",0.000967855847348329,0.967855847348329,"fixed | 5*eta0"
1006,-501817.68634838,871.162839182844,1,0,0.000967855847348329,1,123,1000,2,"poisson","fixed",0.000193571169469666,5,"5*eta0",0.000967855847348329,0.967855847348329,"fixed | 5*eta0"
1007,-538302.762846134,871.162839182844,1,0,0.000967855847348329,1,123,1000,2,"poisson","fixed",0.000193571169469666,5,"5*eta0",0.000967855847348329,0.967855847348329,"fixed | 5*eta0"
1008,-501817.68634838,871.162839182845,1,0,0.000967855847348329,1,123,1000,2,"poisson","fixed",0.000193571169469666,5,"5*eta0",0.000967855847348329,0.967855847348329,"fixed | 5*eta0"
1009,-538302.762846134,871.162839182845,1,0,0.000967855847348329,1,123,1000,2,"poisson","fixed",0.000193571169469666,5,"5*eta0",0.000967855847348329,0.967855847348329,"fixed | 5*eta0"
1010,-501817.68634838,871.162839182844,1,0,0.000967855847348329,1,123,1000,2,"poisson","fixed",0.000193571169469666,5,"5*eta0",0.000967855847348329,0.967855847348329,"fixed | 5*eta0"
1011,-538302.762846134,871.162839182844,1,0,0.000967855847348329,1,123,1000,2,"poisson","fixed",0.000193571169469666,5,"5*eta0",0.000967855847348329,0.967855847348329,"fixed | 5*eta0"
1012,-501817.68634838,871.162839182845,1,0,0.000967855847348329,1,123,1000,2,"poisson","fixed",0.000193571169469666,5,"5*eta0",0.000967855847348329,0.967855847348329,"fixed | 5*eta0"
1013,-538302.762846134,871.162839182845,1,0,0.000967855847348329,1,123,1000,2,"poisson","fixed",0.000193571169469666,5,"5*eta0",0.000967855847348329,0.967855847348329,"fixed | 5*eta0"
1014,-501817.68634838,871.162839182844,1,0,0.000967855847348329,1,123,1000,2,"poisson","fixed",0.000193571169469666,5,"5*eta0",0.000967855847348329,0.967855847348329,"fixed | 5*eta0"
1015,-538302.762846134,871.162839182844,1,0,0.000967855847348329,1,123,1000,2,"poisson","fixed",0.000193571169469666,5,"5*eta0",0.000967855847348329,0.967855847348329,"fixed | 5*eta0"
1016,-501817.68634838,871.162839182845,1,0,0.000967855847348329,1,123,1000,2,"poisson","fixed",0.000193571169469666,5,"5*eta0",0.000967855847348329,0.967855847348329,"fixed | 5*eta0"
1017,-538302.762846134,871.162839182845,1,0,0.000967855847348329,1,123,1000,2,"poisson","fixed",0.000193571169469666,5,"5*eta0",0.000967855847348329,0.967855847348329,"fixed | 5*eta0"
1018,-501817.68634838,871.162839182844,1,0,0.000967855847348329,1,123,1000,2,"poisson","fixed",0.000193571169469666,5,"5*eta0",0.000967855847348329,0.967855847348329,"fixed | 5*eta0"
1019,-538302.762846134,871.162839182844,1,0,0.000967855847348329,1,123,1000,2,"poisson","fixed",0.000193571169469666,5,"5*eta0",0.000967855847348329,0.967855847348329,"fixed | 5*eta0"
1020,-501817.68634838,871.162839182845,1,0,0.000967855847348329,1,123,1000,2,"poisson","fixed",0.000193571169469666,5,"5*eta0",0.000967855847348329,0.967855847348329,"fixed | 5*eta0"
1021,-538302.762846134,871.162839182845,1,0,0.000967855847348329,1,123,1000,2,"poisson","fixed",0.000193571169469666,5,"5*eta0",0.000967855847348329,0.967855847348329,"fixed | 5*eta0"
1022,-501817.68634838,871.162839182844,1,0,0.000967855847348329,1,123,1000,2,"poisson","fixed",0.000193571169469666,5,"5*eta0",0.000967855847348329,0.967855847348329,"fixed | 5*eta0"
1023,-538302.762846134,871.162839182844,1,0,0.000967855847348329,1,123,1000,2,"poisson","fixed",0.000193571169469666,5,"5*eta0",0.000967855847348329,0.967855847348329,"fixed | 5*eta0"
1024,-501817.68634838,871.162839182846,1,0,0.000967855847348329,1,123,1000,2,"poisson","fixed",0.000193571169469666,5,"5*eta0",0.000967855847348329,0.967855847348329,"fixed | 5*eta0"
1025,-538302.762846134,871.162839182845,1,0,0.000967855847348329,1,123,1000,2,"poisson","fixed",0.000193571169469666,5,"5*eta0",0.000967855847348329,0.967855847348329,"fixed | 5*eta0"
1026,-501817.68634838,871.162839182844,1,0,0.000967855847348329,1,123,1000,2,"poisson","fixed",0.000193571169469666,5,"5*eta0",0.000967855847348329,0.967855847348329,"fixed | 5*eta0"
1027,-538302.762846134,871.162839182844,1,0,0.000967855847348329,1,123,1000,2,"poisson","fixed",0.000193571169469666,5,"5*eta0",0.000967855847348329,0.967855847348329,"fixed | 5*eta0"
1028,-501817.68634838,871.162839182845,1,0,0.000967855847348329,1,123,1000,2,"poisson","fixed",0.000193571169469666,5,"5*eta0",0.000967855847348329,0.967855847348329,"fixed | 5*eta0"
1029,-538302.762846134,871.162839182845,1,0,0.000967855847348329,1,123,1000,2,"poisson","fixed",0.000193571169469666,5,"5*eta0",0.000967855847348329,0.967855847348329,"fixed | 5*eta0"
1030,-501817.68634838,871.162839182844,1,0,0.000967855847348329,1,123,1000,2,"poisson","fixed",0.000193571169469666,5,"5*eta0",0.000967855847348329,0.967855847348329,"fixed | 5*eta0"
1031,-538302.762846134,871.162839182844,1,0,0.000967855847348329,1,123,1000,2,"poisson","fixed",0.000193571169469666,5,"5*eta0",0.000967855847348329,0.967855847348329,"fixed | 5*eta0"
1032,-501817.68634838,871.162839182845,1,0,0.000967855847348329,1,123,1000,2,"poisson","fixed",0.000193571169469666,5,"5*eta0",0.000967855847348329,0.967855847348329,"fixed | 5*eta0"
1033,-538302.762846134,871.162839182845,1,0,0.000967855847348329,1,123,1000,2,"poisson","fixed",0.000193571169469666,5,"5*eta0",0.000967855847348329,0.967855847348329,"fixed | 5*eta0"
1034,-501817.68634838,871.162839182844,1,0,0.000967855847348329,1,123,1000,2,"poisson","fixed",0.000193571169469666,5,"5*eta0",0.000967855847348329,0.967855847348329,"fixed | 5*eta0"
1035,-538302.762846134,871.162839182844,1,0,0.000967855847348329,1,123,1000,2,"poisson","fixed",0.000193571169469666,5,"5*eta0",0.000967855847348329,0.967855847348329,"fixed | 5*eta0"
1036,-501817.68634838,871.162839182845,1,0,0.000967855847348329,1,123,1000,2,"poisson","fixed",0.000193571169469666,5,"5*eta0",0.000967855847348329,0.967855847348329,"fixed | 5*eta0"
1037,-538302.762846134,871.162839182845,1,0,0.000967855847348329,1,123,1000,2,"poisson","fixed",0.000193571169469666,5,"5*eta0",0.000967855847348329,0.967855847348329,"fixed | 5*eta0"
1038,-501817.68634838,871.162839182844,1,0,0.000967855847348329,1,123,1000,2,"poisson","fixed",0.000193571169469666,5,"5*eta0",0.000967855847348329,0.967855847348329,"fixed | 5*eta0"
1039,-538302.762846134,871.162839182844,1,0,0.000967855847348329,1,123,1000,2,"poisson","fixed",0.000193571169469666,5,"5*eta0",0.000967855847348329,0.967855847348329,"fixed | 5*eta0"
1040,-501817.68634838,871.162839182845,1,0,0.000967855847348329,1,123,1000,2,"poisson","fixed",0.000193571169469666,5,"5*eta0",0.000967855847348329,0.967855847348329,"fixed | 5*eta0"
1041,-538302.762846134,871.162839182845,1,0,0.000967855847348329,1,123,1000,2,"poisson","fixed",0.000193571169469666,5,"5*eta0",0.000967855847348329,0.967855847348329,"fixed | 5*eta0"
1042,-501817.68634838,871.162839182845,1,0,0.000967855847348329,1,123,1000,2,"poisson","fixed",0.000193571169469666,5,"5*eta0",0.000967855847348329,0.967855847348329,"fixed | 5*eta0"
1043,-538302.762846134,871.162839182845,1,0,0.000967855847348329,1,123,1000,2,"poisson","fixed",0.000193571169469666,5,"5*eta0",0.000967855847348329,0.967855847348329,"fixed | 5*eta0"
1044,-501817.68634838,871.162839182845,1,0,0.000967855847348329,1,123,1000,2,"poisson","fixed",0.000193571169469666,5,"5*eta0",0.000967855847348329,0.967855847348329,"fixed | 5*eta0"
1045,-538302.762846134,871.162839182845,1,0,0.000967855847348329,1,123,1000,2,"poisson","fixed",0.000193571169469666,5,"5*eta0",0.000967855847348329,0.967855847348329,"fixed | 5*eta0"
1046,-501817.68634838,871.162839182845,1,0,0.000967855847348329,1,123,1000,2,"poisson","fixed",0.000193571169469666,5,"5*eta0",0.000967855847348329,0.967855847348329,"fixed | 5*eta0"
1047,-538302.762846134,871.162839182845,1,0,0.000967855847348329,1,123,1000,2,"poisson","fixed",0.000193571169469666,5,"5*eta0",0.000967855847348329,0.967855847348329,"fixed | 5*eta0"
1048,-501817.68634838,871.162839182844,1,0,0.000967855847348329,1,123,1000,2,"poisson","fixed",0.000193571169469666,5,"5*eta0",0.000967855847348329,0.967855847348329,"fixed | 5*eta0"
1049,-538302.762846134,871.162839182844,1,0,0.000967855847348329,1,123,1000,2,"poisson","fixed",0.000193571169469666,5,"5*eta0",0.000967855847348329,0.967855847348329,"fixed | 5*eta0"
1050,-501817.68634838,871.162839182844,1,0,0.000967855847348329,1,123,1000,2,"poisson","fixed",0.000193571169469666,5,"5*eta0",0.000967855847348329,0.967855847348329,"fixed | 5*eta0"
1051,-538302.762846134,871.162839182844,1,0,0.000967855847348329,1,123,1000,2,"poisson","fixed",0.000193571169469666,5,"5*eta0",0.000967855847348329,0.967855847348329,"fixed | 5*eta0"
1052,-501817.68634838,871.162839182845,1,0,0.000967855847348329,1,123,1000,2,"poisson","fixed",0.000193571169469666,5,"5*eta0",0.000967855847348329,0.967855847348329,"fixed | 5*eta0"
1053,-538302.762846134,871.162839182845,1,0,0.000967855847348329,1,123,1000,2,"poisson","fixed",0.000193571169469666,5,"5*eta0",0.000967855847348329,0.967855847348329,"fixed | 5*eta0"
1054,-501817.68634838,871.162839182844,1,0,0.000967855847348329,1,123,1000,2,"poisson","fixed",0.000193571169469666,5,"5*eta0",0.000967855847348329,0.967855847348329,"fixed | 5*eta0"
1055,-538302.762846134,871.162839182845,1,0,0.000967855847348329,1,123,1000,2,"poisson","fixed",0.000193571169469666,5,"5*eta0",0.000967855847348329,0.967855847348329,"fixed | 5*eta0"
1056,-501817.68634838,871.162839182845,1,0,0.000967855847348329,1,123,1000,2,"poisson","fixed",0.000193571169469666,5,"5*eta0",0.000967855847348329,0.967855847348329,"fixed | 5*eta0"
1057,-538302.762846134,871.162839182845,1,0,0.000967855847348329,1,123,1000,2,"poisson","fixed",0.000193571169469666,5,"5*eta0",0.000967855847348329,0.967855847348329,"fixed | 5*eta0"
1058,-501817.68634838,871.162839182844,1,0,0.000967855847348329,1,123,1000,2,"poisson","fixed",0.000193571169469666,5,"5*eta0",0.000967855847348329,0.967855847348329,"fixed | 5*eta0"
1059,-538302.762846134,871.162839182844,1,0,0.000967855847348329,1,123,1000,2,"poisson","fixed",0.000193571169469666,5,"5*eta0",0.000967855847348329,0.967855847348329,"fixed | 5*eta0"
1060,-501817.68634838,871.162839182845,1,0,0.000967855847348329,1,123,1000,2,"poisson","fixed",0.000193571169469666,5,"5*eta0",0.000967855847348329,0.967855847348329,"fixed | 5*eta0"
1061,-538302.762846134,871.162839182845,1,0,0.000967855847348329,1,123,1000,2,"poisson","fixed",0.000193571169469666,5,"5*eta0",0.000967855847348329,0.967855847348329,"fixed | 5*eta0"
1062,-501817.68634838,871.162839182844,1,0,0.000967855847348329,1,123,1000,2,"poisson","fixed",0.000193571169469666,5,"5*eta0",0.000967855847348329,0.967855847348329,"fixed | 5*eta0"
1063,-538302.762846134,871.162839182844,1,0,0.000967855847348329,1,123,1000,2,"poisson","fixed",0.000193571169469666,5,"5*eta0",0.000967855847348329,0.967855847348329,"fixed | 5*eta0"
1064,-501817.68634838,871.162839182845,1,0,0.000967855847348329,1,123,1000,2,"poisson","fixed",0.000193571169469666,5,"5*eta0",0.000967855847348329,0.967855847348329,"fixed | 5*eta0"
1065,-538302.762846134,871.162839182845,1,0,0.000967855847348329,1,123,1000,2,"poisson","fixed",0.000193571169469666,5,"5*eta0",0.000967855847348329,0.967855847348329,"fixed | 5*eta0"
1066,-501817.68634838,871.162839182845,1,0,0.000967855847348329,1,123,1000,2,"poisson","fixed",0.000193571169469666,5,"5*eta0",0.000967855847348329,0.967855847348329,"fixed | 5*eta0"
1067,-538302.762846134,871.162839182845,1,0,0.000967855847348329,1,123,1000,2,"poisson","fixed",0.000193571169469666,5,"5*eta0",0.000967855847348329,0.967855847348329,"fixed | 5*eta0"
1068,-501817.68634838,871.162839182844,1,0,0.000967855847348329,1,123,1000,2,"poisson","fixed",0.000193571169469666,5,"5*eta0",0.000967855847348329,0.967855847348329,"fixed | 5*eta0"
1069,-538302.762846134,871.162839182844,1,0,0.000967855847348329,1,123,1000,2,"poisson","fixed",0.000193571169469666,5,"5*eta0",0.000967855847348329,0.967855847348329,"fixed | 5*eta0"
1070,-501817.68634838,871.162839182845,1,0,0.000967855847348329,1,123,1000,2,"poisson","fixed",0.000193571169469666,5,"5*eta0",0.000967855847348329,0.967855847348329,"fixed | 5*eta0"
1071,-538302.762846134,871.162839182845,1,0,0.000967855847348329,1,123,1000,2,"poisson","fixed",0.000193571169469666,5,"5*eta0",0.000967855847348329,0.967855847348329,"fixed | 5*eta0"
1072,-501817.68634838,871.162839182844,1,0,0.000967855847348329,1,123,1000,2,"poisson","fixed",0.000193571169469666,5,"5*eta0",0.000967855847348329,0.967855847348329,"fixed | 5*eta0"
1073,-538302.762846134,871.162839182844,1,0,0.000967855847348329,1,123,1000,2,"poisson","fixed",0.000193571169469666,5,"5*eta0",0.000967855847348329,0.967855847348329,"fixed | 5*eta0"
1074,-501817.68634838,871.162839182844,1,0,0.000967855847348329,1,123,1000,2,"poisson","fixed",0.000193571169469666,5,"5*eta0",0.000967855847348329,0.967855847348329,"fixed | 5*eta0"
1075,-538302.762846134,871.162839182845,1,0,0.000967855847348329,1,123,1000,2,"poisson","fixed",0.000193571169469666,5,"5*eta0",0.000967855847348329,0.967855847348329,"fixed | 5*eta0"
1076,-501817.68634838,871.162839182845,1,0,0.000967855847348329,1,123,1000,2,"poisson","fixed",0.000193571169469666,5,"5*eta0",0.000967855847348329,0.967855847348329,"fixed | 5*eta0"
1077,-538302.762846134,871.162839182845,1,0,0.000967855847348329,1,123,1000,2,"poisson","fixed",0.000193571169469666,5,"5*eta0",0.000967855847348329,0.967855847348329,"fixed | 5*eta0"
1078,-501817.68634838,871.162839182844,1,0,0.000967855847348329,1,123,1000,2,"poisson","fixed",0.000193571169469666,5,"5*eta0",0.000967855847348329,0.967855847348329,"fixed | 5*eta0"
1079,-538302.762846134,871.162839182844,1,0,0.000967855847348329,1,123,1000,2,"poisson","fixed",0.000193571169469666,5,"5*eta0",0.000967855847348329,0.967855847348329,"fixed | 5*eta0"
1080,-501817.68634838,871.162839182845,1,0,0.000967855847348329,1,123,1000,2,"poisson","fixed",0.000193571169469666,5,"5*eta0",0.000967855847348329,0.967855847348329,"fixed | 5*eta0"
1081,-538302.762846134,871.162839182845,1,0,0.000967855847348329,1,123,1000,2,"poisson","fixed",0.000193571169469666,5,"5*eta0",0.000967855847348329,0.967855847348329,"fixed | 5*eta0"
1082,-501817.68634838,871.162839182844,1,0,0.000967855847348329,1,123,1000,2,"poisson","fixed",0.000193571169469666,5,"5*eta0",0.000967855847348329,0.967855847348329,"fixed | 5*eta0"
1083,-538302.762846134,871.162839182844,1,0,0.000967855847348329,1,123,1000,2,"poisson","fixed",0.000193571169469666,5,"5*eta0",0.000967855847348329,0.967855847348329,"fixed | 5*eta0"
1084,-501817.68634838,871.162839182845,1,0,0.000967855847348329,1,123,1000,2,"poisson","fixed",0.000193571169469666,5,"5*eta0",0.000967855847348329,0.967855847348329,"fixed | 5*eta0"
1085,-538302.762846134,871.162839182845,1,0,0.000967855847348329,1,123,1000,2,"poisson","fixed",0.000193571169469666,5,"5*eta0",0.000967855847348329,0.967855847348329,"fixed | 5*eta0"
1086,-501817.68634838,871.162839182844,1,0,0.000967855847348329,1,123,1000,2,"poisson","fixed",0.000193571169469666,5,"5*eta0",0.000967855847348329,0.967855847348329,"fixed | 5*eta0"
1087,-538302.762846134,871.162839182845,1,0,0.000967855847348329,1,123,1000,2,"poisson","fixed",0.000193571169469666,5,"5*eta0",0.000967855847348329,0.967855847348329,"fixed | 5*eta0"
1088,-501817.68634838,871.162839182845,1,0,0.000967855847348329,1,123,1000,2,"poisson","fixed",0.000193571169469666,5,"5*eta0",0.000967855847348329,0.967855847348329,"fixed | 5*eta0"
1089,-538302.762846134,871.162839182845,1,0,0.000967855847348329,1,123,1000,2,"poisson","fixed",0.000193571169469666,5,"5*eta0",0.000967855847348329,0.967855847348329,"fixed | 5*eta0"
1090,-501817.68634838,871.162839182844,1,0,0.000967855847348329,1,123,1000,2,"poisson","fixed",0.000193571169469666,5,"5*eta0",0.000967855847348329,0.967855847348329,"fixed | 5*eta0"
1091,-538302.762846134,871.162839182844,1,0,0.000967855847348329,1,123,1000,2,"poisson","fixed",0.000193571169469666,5,"5*eta0",0.000967855847348329,0.967855847348329,"fixed | 5*eta0"
1092,-501817.68634838,871.162839182845,1,0,0.000967855847348329,1,123,1000,2,"poisson","fixed",0.000193571169469666,5,"5*eta0",0.000967855847348329,0.967855847348329,"fixed | 5*eta0"
1093,-538302.762846134,871.162839182845,1,0,0.000967855847348329,1,123,1000,2,"poisson","fixed",0.000193571169469666,5,"5*eta0",0.000967855847348329,0.967855847348329,"fixed | 5*eta0"
1094,-501817.68634838,871.162839182844,1,0,0.000967855847348329,1,123,1000,2,"poisson","fixed",0.000193571169469666,5,"5*eta0",0.000967855847348329,0.967855847348329,"fixed | 5*eta0"
1095,-538302.762846134,871.162839182844,1,0,0.000967855847348329,1,123,1000,2,"poisson","fixed",0.000193571169469666,5,"5*eta0",0.000967855847348329,0.967855847348329,"fixed | 5*eta0"
1096,-501817.68634838,871.162839182844,1,0,0.000967855847348329,1,123,1000,2,"poisson","fixed",0.000193571169469666,5,"5*eta0",0.000967855847348329,0.967855847348329,"fixed | 5*eta0"
1097,-538302.762846134,871.162839182845,1,0,0.000967855847348329,1,123,1000,2,"poisson","fixed",0.000193571169469666,5,"5*eta0",0.000967855847348329,0.967855847348329,"fixed | 5*eta0"
1098,-501817.68634838,871.162839182845,1,0,0.000967855847348329,1,123,1000,2,"poisson","fixed",0.000193571169469666,5,"5*eta0",0.000967855847348329,0.967855847348329,"fixed | 5*eta0"
1099,-538302.762846134,871.162839182845,1,0,0.000967855847348329,1,123,1000,2,"poisson","fixed",0.000193571169469666,5,"5*eta0",0.000967855847348329,0.967855847348329,"fixed | 5*eta0"
1100,-501817.68634838,871.162839182844,1,0,0.000967855847348329,1,123,1000,2,"poisson","fixed",0.000193571169469666,5,"5*eta0",0.000967855847348329,0.967855847348329,"fixed | 5*eta0"
1101,-538302.762846134,871.162839182844,1,0,0.000967855847348329,1,123,1000,2,"poisson","fixed",0.000193571169469666,5,"5*eta0",0.000967855847348329,0.967855847348329,"fixed | 5*eta0"
1102,-501817.68634838,871.162839182845,1,0,0.000967855847348329,1,123,1000,2,"poisson","fixed",0.000193571169469666,5,"5*eta0",0.000967855847348329,0.967855847348329,"fixed | 5*eta0"
1103,-538302.762846134,871.162839182845,1,0,0.000967855847348329,1,123,1000,2,"poisson","fixed",0.000193571169469666,5,"5*eta0",0.000967855847348329,0.967855847348329,"fixed | 5*eta0"
1104,-501817.68634838,871.162839182844,1,0,0.000967855847348329,1,123,1000,2,"poisson","fixed",0.000193571169469666,5,"5*eta0",0.000967855847348329,0.967855847348329,"fixed | 5*eta0"
1105,-538302.762846134,871.162839182844,1,0,0.000967855847348329,1,123,1000,2,"poisson","fixed",0.000193571169469666,5,"5*eta0",0.000967855847348329,0.967855847348329,"fixed | 5*eta0"
1106,-501817.68634838,871.162839182845,1,0,0.000967855847348329,1,123,1000,2,"poisson","fixed",0.000193571169469666,5,"5*eta0",0.000967855847348329,0.967855847348329,"fixed | 5*eta0"
1107,-538302.762846134,871.162839182845,1,0,0.000967855847348329,1,123,1000,2,"poisson","fixed",0.000193571169469666,5,"5*eta0",0.000967855847348329,0.967855847348329,"fixed | 5*eta0"
1108,-501817.68634838,871.162839182844,1,0,0.000967855847348329,1,123,1000,2,"poisson","fixed",0.000193571169469666,5,"5*eta0",0.000967855847348329,0.967855847348329,"fixed | 5*eta0"
1109,-538302.762846134,871.162839182845,1,0,0.000967855847348329,1,123,1000,2,"poisson","fixed",0.000193571169469666,5,"5*eta0",0.000967855847348329,0.967855847348329,"fixed | 5*eta0"
1110,-501817.68634838,871.162839182845,1,0,0.000967855847348329,1,123,1000,2,"poisson","fixed",0.000193571169469666,5,"5*eta0",0.000967855847348329,0.967855847348329,"fixed | 5*eta0"
1111,-538302.762846134,871.162839182845,1,0,0.000967855847348329,1,123,1000,2,"poisson","fixed",0.000193571169469666,5,"5*eta0",0.000967855847348329,0.967855847348329,"fixed | 5*eta0"
1112,-501817.68634838,871.162839182844,1,0,0.000967855847348329,1,123,1000,2,"poisson","fixed",0.000193571169469666,5,"5*eta0",0.000967855847348329,0.967855847348329,"fixed | 5*eta0"
1113,-538302.762846134,871.162839182845,1,0,0.000967855847348329,1,123,1000,2,"poisson","fixed",0.000193571169469666,5,"5*eta0",0.000967855847348329,0.967855847348329,"fixed | 5*eta0"
1114,-501817.68634838,871.162839182845,1,0,0.000967855847348329,1,123,1000,2,"poisson","fixed",0.000193571169469666,5,"5*eta0",0.000967855847348329,0.967855847348329,"fixed | 5*eta0"
1115,-538302.762846134,871.162839182845,1,0,0.000967855847348329,1,123,1000,2,"poisson","fixed",0.000193571169469666,5,"5*eta0",0.000967855847348329,0.967855847348329,"fixed | 5*eta0"
1116,-501817.68634838,871.162839182844,1,0,0.000967855847348329,1,123,1000,2,"poisson","fixed",0.000193571169469666,5,"5*eta0",0.000967855847348329,0.967855847348329,"fixed | 5*eta0"
1117,-538302.762846134,871.162839182844,1,0,0.000967855847348329,1,123,1000,2,"poisson","fixed",0.000193571169469666,5,"5*eta0",0.000967855847348329,0.967855847348329,"fixed | 5*eta0"
1118,-501817.68634838,871.162839182845,1,0,0.000967855847348329,1,123,1000,2,"poisson","fixed",0.000193571169469666,5,"5*eta0",0.000967855847348329,0.967855847348329,"fixed | 5*eta0"
1119,-538302.762846134,871.162839182845,1,0,0.000967855847348329,1,123,1000,2,"poisson","fixed",0.000193571169469666,5,"5*eta0",0.000967855847348329,0.967855847348329,"fixed | 5*eta0"
1120,-501817.68634838,871.162839182844,1,0,0.000967855847348329,1,123,1000,2,"poisson","fixed",0.000193571169469666,5,"5*eta0",0.000967855847348329,0.967855847348329,"fixed | 5*eta0"
1121,-538302.762846134,871.162839182844,1,0,0.000967855847348329,1,123,1000,2,"poisson","fixed",0.000193571169469666,5,"5*eta0",0.000967855847348329,0.967855847348329,"fixed | 5*eta0"
1122,-501817.68634838,871.162839182845,1,0,0.000967855847348329,1,123,1000,2,"poisson","fixed",0.000193571169469666,5,"5*eta0",0.000967855847348329,0.967855847348329,"fixed | 5*eta0"
1123,-538302.762846134,871.162839182845,1,0,0.000967855847348329,1,123,1000,2,"poisson","fixed",0.000193571169469666,5,"5*eta0",0.000967855847348329,0.967855847348329,"fixed | 5*eta0"
1124,-501817.68634838,871.162839182844,1,0,0.000967855847348329,1,123,1000,2,"poisson","fixed",0.000193571169469666,5,"5*eta0",0.000967855847348329,0.967855847348329,"fixed | 5*eta0"
1125,-538302.762846134,871.162839182844,1,0,0.000967855847348329,1,123,1000,2,"poisson","fixed",0.000193571169469666,5,"5*eta0",0.000967855847348329,0.967855847348329,"fixed | 5*eta0"
1126,-501817.68634838,871.162839182846,1,0,0.000967855847348329,1,123,1000,2,"poisson","fixed",0.000193571169469666,5,"5*eta0",0.000967855847348329,0.967855847348329,"fixed | 5*eta0"
1127,-538302.762846134,871.162839182845,1,0,0.000967855847348329,1,123,1000,2,"poisson","fixed",0.000193571169469666,5,"5*eta0",0.000967855847348329,0.967855847348329,"fixed | 5*eta0"
1128,-501817.68634838,871.162839182844,1,0,0.000967855847348329,1,123,1000,2,"poisson","fixed",0.000193571169469666,5,"5*eta0",0.000967855847348329,0.967855847348329,"fixed | 5*eta0"
1129,-538302.762846134,871.162839182844,1,0,0.000967855847348329,1,123,1000,2,"poisson","fixed",0.000193571169469666,5,"5*eta0",0.000967855847348329,0.967855847348329,"fixed | 5*eta0"
1130,-501817.68634838,871.162839182846,1,0,0.000967855847348329,1,123,1000,2,"poisson","fixed",0.000193571169469666,5,"5*eta0",0.000967855847348329,0.967855847348329,"fixed | 5*eta0"
1131,-538302.762846134,871.162839182845,1,0,0.000967855847348329,1,123,1000,2,"poisson","fixed",0.000193571169469666,5,"5*eta0",0.000967855847348329,0.967855847348329,"fixed | 5*eta0"
1132,-501817.68634838,871.162839182843,1,0,0.000967855847348329,1,123,1000,2,"poisson","fixed",0.000193571169469666,5,"5*eta0",0.000967855847348329,0.967855847348329,"fixed | 5*eta0"
1133,-538302.762846134,871.162839182844,1,0,0.000967855847348329,1,123,1000,2,"poisson","fixed",0.000193571169469666,5,"5*eta0",0.000967855847348329,0.967855847348329,"fixed | 5*eta0"
1134,-501817.68634838,871.162839182846,1,0,0.000967855847348329,1,123,1000,2,"poisson","fixed",0.000193571169469666,5,"5*eta0",0.000967855847348329,0.967855847348329,"fixed | 5*eta0"
1135,-538302.762846134,871.162839182845,1,0,0.000967855847348329,1,123,1000,2,"poisson","fixed",0.000193571169469666,5,"5*eta0",0.000967855847348329,0.967855847348329,"fixed | 5*eta0"
1136,-501817.68634838,871.162839182843,1,0,0.000967855847348329,1,123,1000,2,"poisson","fixed",0.000193571169469666,5,"5*eta0",0.000967855847348329,0.967855847348329,"fixed | 5*eta0"
1137,-538302.762846134,871.162839182844,1,0,0.000967855847348329,1,123,1000,2,"poisson","fixed",0.000193571169469666,5,"5*eta0",0.000967855847348329,0.967855847348329,"fixed | 5*eta0"
1138,-501817.68634838,871.162839182846,1,0,0.000967855847348329,1,123,1000,2,"poisson","fixed",0.000193571169469666,5,"5*eta0",0.000967855847348329,0.967855847348329,"fixed | 5*eta0"
1139,-538302.762846134,871.162839182846,1,0,0.000967855847348329,1,123,1000,2,"poisson","fixed",0.000193571169469666,5,"5*eta0",0.000967855847348329,0.967855847348329,"fixed | 5*eta0"
1140,-501817.68634838,871.162839182844,1,0,0.000967855847348329,1,123,1000,2,"poisson","fixed",0.000193571169469666,5,"5*eta0",0.000967855847348329,0.967855847348329,"fixed | 5*eta0"
1141,-538302.762846134,871.162839182844,1,0,0.000967855847348329,1,123,1000,2,"poisson","fixed",0.000193571169469666,5,"5*eta0",0.000967855847348329,0.967855847348329,"fixed | 5*eta0"
1142,-501817.68634838,871.162839182845,1,0,0.000967855847348329,1,123,1000,2,"poisson","fixed",0.000193571169469666,5,"5*eta0",0.000967855847348329,0.967855847348329,"fixed | 5*eta0"
1143,-538302.762846134,871.162839182845,1,0,0.000967855847348329,1,123,1000,2,"poisson","fixed",0.000193571169469666,5,"5*eta0",0.000967855847348329,0.967855847348329,"fixed | 5*eta0"
1144,-501817.68634838,871.162839182844,1,0,0.000967855847348329,1,123,1000,2,"poisson","fixed",0.000193571169469666,5,"5*eta0",0.000967855847348329,0.967855847348329,"fixed | 5*eta0"
1145,-538302.762846134,871.162839182844,1,0,0.000967855847348329,1,123,1000,2,"poisson","fixed",0.000193571169469666,5,"5*eta0",0.000967855847348329,0.967855847348329,"fixed | 5*eta0"
1146,-501817.68634838,871.162839182845,1,0,0.000967855847348329,1,123,1000,2,"poisson","fixed",0.000193571169469666,5,"5*eta0",0.000967855847348329,0.967855847348329,"fixed | 5*eta0"
1147,-538302.762846134,871.162839182845,1,0,0.000967855847348329,1,123,1000,2,"poisson","fixed",0.000193571169469666,5,"5*eta0",0.000967855847348329,0.967855847348329,"fixed | 5*eta0"
1148,-501817.68634838,871.162839182844,1,0,0.000967855847348329,1,123,1000,2,"poisson","fixed",0.000193571169469666,5,"5*eta0",0.000967855847348329,0.967855847348329,"fixed | 5*eta0"
1149,-538302.762846134,871.162839182844,1,0,0.000967855847348329,1,123,1000,2,"poisson","fixed",0.000193571169469666,5,"5*eta0",0.000967855847348329,0.967855847348329,"fixed | 5*eta0"
1150,-501817.68634838,871.162839182846,1,0,0.000967855847348329,1,123,1000,2,"poisson","fixed",0.000193571169469666,5,"5*eta0",0.000967855847348329,0.967855847348329,"fixed | 5*eta0"
1151,-538302.762846134,871.162839182845,1,0,0.000967855847348329,1,123,1000,2,"poisson","fixed",0.000193571169469666,5,"5*eta0",0.000967855847348329,0.967855847348329,"fixed | 5*eta0"
1152,-501817.68634838,871.162839182844,1,0,0.000967855847348329,1,123,1000,2,"poisson","fixed",0.000193571169469666,5,"5*eta0",0.000967855847348329,0.967855847348329,"fixed | 5*eta0"
1153,-538302.762846134,871.162839182844,1,0,0.000967855847348329,1,123,1000,2,"poisson","fixed",0.000193571169469666,5,"5*eta0",0.000967855847348329,0.967855847348329,"fixed | 5*eta0"
1154,-501817.68634838,871.162839182846,1,0,0.000967855847348329,1,123,1000,2,"poisson","fixed",0.000193571169469666,5,"5*eta0",0.000967855847348329,0.967855847348329,"fixed | 5*eta0"
1155,-538302.762846134,871.162839182845,1,0,0.000967855847348329,1,123,1000,2,"poisson","fixed",0.000193571169469666,5,"5*eta0",0.000967855847348329,0.967855847348329,"fixed | 5*eta0"
1156,-501817.68634838,871.162839182844,1,0,0.000967855847348329,1,123,1000,2,"poisson","fixed",0.000193571169469666,5,"5*eta0",0.000967855847348329,0.967855847348329,"fixed | 5*eta0"
1157,-538302.762846134,871.162839182844,1,0,0.000967855847348329,1,123,1000,2,"poisson","fixed",0.000193571169469666,5,"5*eta0",0.000967855847348329,0.967855847348329,"fixed | 5*eta0"
1158,-501817.68634838,871.162839182846,1,0,0.000967855847348329,1,123,1000,2,"poisson","fixed",0.000193571169469666,5,"5*eta0",0.000967855847348329,0.967855847348329,"fixed | 5*eta0"
1159,-538302.762846134,871.162839182845,1,0,0.000967855847348329,1,123,1000,2,"poisson","fixed",0.000193571169469666,5,"5*eta0",0.000967855847348329,0.967855847348329,"fixed | 5*eta0"
1160,-501817.68634838,871.162839182843,1,0,0.000967855847348329,1,123,1000,2,"poisson","fixed",0.000193571169469666,5,"5*eta0",0.000967855847348329,0.967855847348329,"fixed | 5*eta0"
1161,-538302.762846134,871.162839182844,1,0,0.000967855847348329,1,123,1000,2,"poisson","fixed",0.000193571169469666,5,"5*eta0",0.000967855847348329,0.967855847348329,"fixed | 5*eta0"
1162,-501817.68634838,871.162839182846,1,0,0.000967855847348329,1,123,1000,2,"poisson","fixed",0.000193571169469666,5,"5*eta0",0.000967855847348329,0.967855847348329,"fixed | 5*eta0"
1163,-538302.762846134,871.162839182845,1,0,0.000967855847348329,1,123,1000,2,"poisson","fixed",0.000193571169469666,5,"5*eta0",0.000967855847348329,0.967855847348329,"fixed | 5*eta0"
1164,-501817.68634838,871.162839182844,1,0,0.000967855847348329,1,123,1000,2,"poisson","fixed",0.000193571169469666,5,"5*eta0",0.000967855847348329,0.967855847348329,"fixed | 5*eta0"
1165,-538302.762846134,871.162839182844,1,0,0.000967855847348329,1,123,1000,2,"poisson","fixed",0.000193571169469666,5,"5*eta0",0.000967855847348329,0.967855847348329,"fixed | 5*eta0"
1166,-501817.68634838,871.162839182845,1,0,0.000967855847348329,1,123,1000,2,"poisson","fixed",0.000193571169469666,5,"5*eta0",0.000967855847348329,0.967855847348329,"fixed | 5*eta0"
1167,-538302.762846134,871.162839182845,1,0,0.000967855847348329,1,123,1000,2,"poisson","fixed",0.000193571169469666,5,"5*eta0",0.000967855847348329,0.967855847348329,"fixed | 5*eta0"
1168,-501817.68634838,871.162839182844,1,0,0.000967855847348329,1,123,1000,2,"poisson","fixed",0.000193571169469666,5,"5*eta0",0.000967855847348329,0.967855847348329,"fixed | 5*eta0"
1169,-538302.762846134,871.162839182844,1,0,0.000967855847348329,1,123,1000,2,"poisson","fixed",0.000193571169469666,5,"5*eta0",0.000967855847348329,0.967855847348329,"fixed | 5*eta0"
1170,-501817.68634838,871.162839182845,1,0,0.000967855847348329,1,123,1000,2,"poisson","fixed",0.000193571169469666,5,"5*eta0",0.000967855847348329,0.967855847348329,"fixed | 5*eta0"
1171,-538302.762846134,871.162839182845,1,0,0.000967855847348329,1,123,1000,2,"poisson","fixed",0.000193571169469666,5,"5*eta0",0.000967855847348329,0.967855847348329,"fixed | 5*eta0"
1172,-501817.68634838,871.162839182844,1,0,0.000967855847348329,1,123,1000,2,"poisson","fixed",0.000193571169469666,5,"5*eta0",0.000967855847348329,0.967855847348329,"fixed | 5*eta0"
1173,-538302.762846134,871.162839182844,1,0,0.000967855847348329,1,123,1000,2,"poisson","fixed",0.000193571169469666,5,"5*eta0",0.000967855847348329,0.967855847348329,"fixed | 5*eta0"
1174,-501817.68634838,871.162839182845,1,0,0.000967855847348329,1,123,1000,2,"poisson","fixed",0.000193571169469666,5,"5*eta0",0.000967855847348329,0.967855847348329,"fixed | 5*eta0"
1175,-538302.762846134,871.162839182845,1,0,0.000967855847348329,1,123,1000,2,"poisson","fixed",0.000193571169469666,5,"5*eta0",0.000967855847348329,0.967855847348329,"fixed | 5*eta0"
1176,-501817.68634838,871.162839182844,1,0,0.000967855847348329,1,123,1000,2,"poisson","fixed",0.000193571169469666,5,"5*eta0",0.000967855847348329,0.967855847348329,"fixed | 5*eta0"
1177,-538302.762846134,871.162839182844,1,0,0.000967855847348329,1,123,1000,2,"poisson","fixed",0.000193571169469666,5,"5*eta0",0.000967855847348329,0.967855847348329,"fixed | 5*eta0"
1178,-501817.68634838,871.162839182845,1,0,0.000967855847348329,1,123,1000,2,"poisson","fixed",0.000193571169469666,5,"5*eta0",0.000967855847348329,0.967855847348329,"fixed | 5*eta0"
1179,-538302.762846134,871.162839182845,1,0,0.000967855847348329,1,123,1000,2,"poisson","fixed",0.000193571169469666,5,"5*eta0",0.000967855847348329,0.967855847348329,"fixed | 5*eta0"
1180,-501817.68634838,871.162839182844,1,0,0.000967855847348329,1,123,1000,2,"poisson","fixed",0.000193571169469666,5,"5*eta0",0.000967855847348329,0.967855847348329,"fixed | 5*eta0"
1181,-538302.762846134,871.162839182844,1,0,0.000967855847348329,1,123,1000,2,"poisson","fixed",0.000193571169469666,5,"5*eta0",0.000967855847348329,0.967855847348329,"fixed | 5*eta0"
1182,-501817.68634838,871.162839182845,1,0,0.000967855847348329,1,123,1000,2,"poisson","fixed",0.000193571169469666,5,"5*eta0",0.000967855847348329,0.967855847348329,"fixed | 5*eta0"
1183,-538302.762846134,871.162839182845,1,0,0.000967855847348329,1,123,1000,2,"poisson","fixed",0.000193571169469666,5,"5*eta0",0.000967855847348329,0.967855847348329,"fixed | 5*eta0"
1184,-501817.68634838,871.162839182844,1,0,0.000967855847348329,1,123,1000,2,"poisson","fixed",0.000193571169469666,5,"5*eta0",0.000967855847348329,0.967855847348329,"fixed | 5*eta0"
1185,-538302.762846134,871.162839182844,1,0,0.000967855847348329,1,123,1000,2,"poisson","fixed",0.000193571169469666,5,"5*eta0",0.000967855847348329,0.967855847348329,"fixed | 5*eta0"
1186,-501817.68634838,871.162839182845,1,0,0.000967855847348329,1,123,1000,2,"poisson","fixed",0.000193571169469666,5,"5*eta0",0.000967855847348329,0.967855847348329,"fixed | 5*eta0"
1187,-538302.762846134,871.162839182845,1,0,0.000967855847348329,1,123,1000,2,"poisson","fixed",0.000193571169469666,5,"5*eta0",0.000967855847348329,0.967855847348329,"fixed | 5*eta0"
1188,-501817.68634838,871.162839182844,1,0,0.000967855847348329,1,123,1000,2,"poisson","fixed",0.000193571169469666,5,"5*eta0",0.000967855847348329,0.967855847348329,"fixed | 5*eta0"
1189,-538302.762846134,871.162839182844,1,0,0.000967855847348329,1,123,1000,2,"poisson","fixed",0.000193571169469666,5,"5*eta0",0.000967855847348329,0.967855847348329,"fixed | 5*eta0"
1190,-501817.68634838,871.162839182845,1,0,0.000967855847348329,1,123,1000,2,"poisson","fixed",0.000193571169469666,5,"5*eta0",0.000967855847348329,0.967855847348329,"fixed | 5*eta0"
1191,-538302.762846134,871.162839182845,1,0,0.000967855847348329,1,123,1000,2,"poisson","fixed",0.000193571169469666,5,"5*eta0",0.000967855847348329,0.967855847348329,"fixed | 5*eta0"
1192,-501817.68634838,871.162839182844,1,0,0.000967855847348329,1,123,1000,2,"poisson","fixed",0.000193571169469666,5,"5*eta0",0.000967855847348329,0.967855847348329,"fixed | 5*eta0"
1193,-538302.762846134,871.162839182844,1,0,0.000967855847348329,1,123,1000,2,"poisson","fixed",0.000193571169469666,5,"5*eta0",0.000967855847348329,0.967855847348329,"fixed | 5*eta0"
1194,-501817.68634838,871.162839182846,1,0,0.000967855847348329,1,123,1000,2,"poisson","fixed",0.000193571169469666,5,"5*eta0",0.000967855847348329,0.967855847348329,"fixed | 5*eta0"
1195,-538302.762846134,871.162839182845,1,0,0.000967855847348329,1,123,1000,2,"poisson","fixed",0.000193571169469666,5,"5*eta0",0.000967855847348329,0.967855847348329,"fixed | 5*eta0"
1196,-501817.68634838,871.162839182844,1,0,0.000967855847348329,1,123,1000,2,"poisson","fixed",0.000193571169469666,5,"5*eta0",0.000967855847348329,0.967855847348329,"fixed | 5*eta0"
1197,-538302.762846134,871.162839182844,1,0,0.000967855847348329,1,123,1000,2,"poisson","fixed",0.000193571169469666,5,"5*eta0",0.000967855847348329,0.967855847348329,"fixed | 5*eta0"
1198,-501817.68634838,871.162839182845,1,0,0.000967855847348329,1,123,1000,2,"poisson","fixed",0.000193571169469666,5,"5*eta0",0.000967855847348329,0.967855847348329,"fixed | 5*eta0"
1199,-538302.762846134,871.162839182845,1,0,0.000967855847348329,1,123,1000,2,"poisson","fixed",0.000193571169469666,5,"5*eta0",0.000967855847348329,0.967855847348329,"fixed | 5*eta0"
1200,-501817.68634838,871.162839182844,1,0,0.000967855847348329,1,123,1000,2,"poisson","fixed",0.000193571169469666,5,"5*eta0",0.000967855847348329,0.967855847348329,"fixed | 5*eta0"
1201,-538302.762846134,871.162839182844,1,0,0.000967855847348329,1,123,1000,2,"poisson","fixed",0.000193571169469666,5,"5*eta0",0.000967855847348329,0.967855847348329,"fixed | 5*eta0"
1202,-501817.68634838,871.162839182845,1,0,0.000967855847348329,1,123,1000,2,"poisson","fixed",0.000193571169469666,5,"5*eta0",0.000967855847348329,0.967855847348329,"fixed | 5*eta0"
1203,-538302.762846134,871.162839182845,1,0,0.000967855847348329,1,123,1000,2,"poisson","fixed",0.000193571169469666,5,"5*eta0",0.000967855847348329,0.967855847348329,"fixed | 5*eta0"
1204,-501817.68634838,871.162839182844,1,0,0.000967855847348329,1,123,1000,2,"poisson","fixed",0.000193571169469666,5,"5*eta0",0.000967855847348329,0.967855847348329,"fixed | 5*eta0"
1205,-538302.762846134,871.162839182844,1,0,0.000967855847348329,1,123,1000,2,"poisson","fixed",0.000193571169469666,5,"5*eta0",0.000967855847348329,0.967855847348329,"fixed | 5*eta0"
1206,-501817.68634838,871.162839182845,1,0,0.000967855847348329,1,123,1000,2,"poisson","fixed",0.000193571169469666,5,"5*eta0",0.000967855847348329,0.967855847348329,"fixed | 5*eta0"
1207,-538302.762846134,871.162839182845,1,0,0.000967855847348329,1,123,1000,2,"poisson","fixed",0.000193571169469666,5,"5*eta0",0.000967855847348329,0.967855847348329,"fixed | 5*eta0"
1208,-501817.68634838,871.162839182844,1,0,0.000967855847348329,1,123,1000,2,"poisson","fixed",0.000193571169469666,5,"5*eta0",0.000967855847348329,0.967855847348329,"fixed | 5*eta0"
1209,-538302.762846134,871.162839182844,1,0,0.000967855847348329,1,123,1000,2,"poisson","fixed",0.000193571169469666,5,"5*eta0",0.000967855847348329,0.967855847348329,"fixed | 5*eta0"
1210,-501817.68634838,871.162839182846,1,0,0.000967855847348329,1,123,1000,2,"poisson","fixed",0.000193571169469666,5,"5*eta0",0.000967855847348329,0.967855847348329,"fixed | 5*eta0"
1211,-538302.762846134,871.162839182845,1,0,0.000967855847348329,1,123,1000,2,"poisson","fixed",0.000193571169469666,5,"5*eta0",0.000967855847348329,0.967855847348329,"fixed | 5*eta0"
1212,-501817.68634838,871.162839182843,1,0,0.000967855847348329,1,123,1000,2,"poisson","fixed",0.000193571169469666,5,"5*eta0",0.000967855847348329,0.967855847348329,"fixed | 5*eta0"
1213,-538302.762846134,871.162839182844,1,0,0.000967855847348329,1,123,1000,2,"poisson","fixed",0.000193571169469666,5,"5*eta0",0.000967855847348329,0.967855847348329,"fixed | 5*eta0"
1214,-501817.68634838,871.162839182846,1,0,0.000967855847348329,1,123,1000,2,"poisson","fixed",0.000193571169469666,5,"5*eta0",0.000967855847348329,0.967855847348329,"fixed | 5*eta0"
1215,-538302.762846134,871.162839182845,1,0,0.000967855847348329,1,123,1000,2,"poisson","fixed",0.000193571169469666,5,"5*eta0",0.000967855847348329,0.967855847348329,"fixed | 5*eta0"
1216,-501817.68634838,871.162839182844,1,0,0.000967855847348329,1,123,1000,2,"poisson","fixed",0.000193571169469666,5,"5*eta0",0.000967855847348329,0.967855847348329,"fixed | 5*eta0"
1217,-538302.762846134,871.162839182844,1,0,0.000967855847348329,1,123,1000,2,"poisson","fixed",0.000193571169469666,5,"5*eta0",0.000967855847348329,0.967855847348329,"fixed | 5*eta0"
1218,-501817.68634838,871.162839182845,1,0,0.000967855847348329,1,123,1000,2,"poisson","fixed",0.000193571169469666,5,"5*eta0",0.000967855847348329,0.967855847348329,"fixed | 5*eta0"
1219,-538302.762846134,871.162839182845,1,0,0.000967855847348329,1,123,1000,2,"poisson","fixed",0.000193571169469666,5,"5*eta0",0.000967855847348329,0.967855847348329,"fixed | 5*eta0"
1220,-501817.68634838,871.162839182844,1,0,0.000967855847348329,1,123,1000,2,"poisson","fixed",0.000193571169469666,5,"5*eta0",0.000967855847348329,0.967855847348329,"fixed | 5*eta0"
1221,-538302.762846134,871.162839182844,1,0,0.000967855847348329,1,123,1000,2,"poisson","fixed",0.000193571169469666,5,"5*eta0",0.000967855847348329,0.967855847348329,"fixed | 5*eta0"
1222,-501817.68634838,871.162839182846,1,0,0.000967855847348329,1,123,1000,2,"poisson","fixed",0.000193571169469666,5,"5*eta0",0.000967855847348329,0.967855847348329,"fixed | 5*eta0"
1223,-538302.762846134,871.162839182845,1,0,0.000967855847348329,1,123,1000,2,"poisson","fixed",0.000193571169469666,5,"5*eta0",0.000967855847348329,0.967855847348329,"fixed | 5*eta0"
1224,-501817.68634838,871.162839182844,1,0,0.000967855847348329,1,123,1000,2,"poisson","fixed",0.000193571169469666,5,"5*eta0",0.000967855847348329,0.967855847348329,"fixed | 5*eta0"
1225,-538302.762846134,871.162839182844,1,0,0.000967855847348329,1,123,1000,2,"poisson","fixed",0.000193571169469666,5,"5*eta0",0.000967855847348329,0.967855847348329,"fixed | 5*eta0"
1226,-501817.68634838,871.162839182845,1,0,0.000967855847348329,1,123,1000,2,"poisson","fixed",0.000193571169469666,5,"5*eta0",0.000967855847348329,0.967855847348329,"fixed | 5*eta0"
1227,-538302.762846134,871.162839182845,1,0,0.000967855847348329,1,123,1000,2,"poisson","fixed",0.000193571169469666,5,"5*eta0",0.000967855847348329,0.967855847348329,"fixed | 5*eta0"
1228,-501817.68634838,871.162839182844,1,0,0.000967855847348329,1,123,1000,2,"poisson","fixed",0.000193571169469666,5,"5*eta0",0.000967855847348329,0.967855847348329,"fixed | 5*eta0"
1229,-538302.762846134,871.162839182844,1,0,0.000967855847348329,1,123,1000,2,"poisson","fixed",0.000193571169469666,5,"5*eta0",0.000967855847348329,0.967855847348329,"fixed | 5*eta0"
1230,-501817.68634838,871.162839182846,1,0,0.000967855847348329,1,123,1000,2,"poisson","fixed",0.000193571169469666,5,"5*eta0",0.000967855847348329,0.967855847348329,"fixed | 5*eta0"
1231,-538302.762846134,871.162839182845,1,0,0.000967855847348329,1,123,1000,2,"poisson","fixed",0.000193571169469666,5,"5*eta0",0.000967855847348329,0.967855847348329,"fixed | 5*eta0"
1232,-501817.68634838,871.162839182844,1,0,0.000967855847348329,1,123,1000,2,"poisson","fixed",0.000193571169469666,5,"5*eta0",0.000967855847348329,0.967855847348329,"fixed | 5*eta0"
1233,-538302.762846134,871.162839182844,1,0,0.000967855847348329,1,123,1000,2,"poisson","fixed",0.000193571169469666,5,"5*eta0",0.000967855847348329,0.967855847348329,"fixed | 5*eta0"
1234,-501817.68634838,871.162839182846,1,0,0.000967855847348329,1,123,1000,2,"poisson","fixed",0.000193571169469666,5,"5*eta0",0.000967855847348329,0.967855847348329,"fixed | 5*eta0"
1235,-538302.762846134,871.162839182845,1,0,0.000967855847348329,1,123,1000,2,"poisson","fixed",0.000193571169469666,5,"5*eta0",0.000967855847348329,0.967855847348329,"fixed | 5*eta0"
1236,-501817.68634838,871.162839182844,1,0,0.000967855847348329,1,123,1000,2,"poisson","fixed",0.000193571169469666,5,"5*eta0",0.000967855847348329,0.967855847348329,"fixed | 5*eta0"
1237,-538302.762846134,871.162839182844,1,0,0.000967855847348329,1,123,1000,2,"poisson","fixed",0.000193571169469666,5,"5*eta0",0.000967855847348329,0.967855847348329,"fixed | 5*eta0"
1238,-501817.68634838,871.162839182846,1,0,0.000967855847348329,1,123,1000,2,"poisson","fixed",0.000193571169469666,5,"5*eta0",0.000967855847348329,0.967855847348329,"fixed | 5*eta0"
1239,-538302.762846134,871.162839182845,1,0,0.000967855847348329,1,123,1000,2,"poisson","fixed",0.000193571169469666,5,"5*eta0",0.000967855847348329,0.967855847348329,"fixed | 5*eta0"
1240,-501817.68634838,871.162839182844,1,0,0.000967855847348329,1,123,1000,2,"poisson","fixed",0.000193571169469666,5,"5*eta0",0.000967855847348329,0.967855847348329,"fixed | 5*eta0"
1241,-538302.762846134,871.162839182844,1,0,0.000967855847348329,1,123,1000,2,"poisson","fixed",0.000193571169469666,5,"5*eta0",0.000967855847348329,0.967855847348329,"fixed | 5*eta0"
1242,-501817.68634838,871.162839182846,1,0,0.000967855847348329,1,123,1000,2,"poisson","fixed",0.000193571169469666,5,"5*eta0",0.000967855847348329,0.967855847348329,"fixed | 5*eta0"
1243,-538302.762846134,871.162839182845,1,0,0.000967855847348329,1,123,1000,2,"poisson","fixed",0.000193571169469666,5,"5*eta0",0.000967855847348329,0.967855847348329,"fixed | 5*eta0"
1244,-501817.68634838,871.162839182843,1,0,0.000967855847348329,1,123,1000,2,"poisson","fixed",0.000193571169469666,5,"5*eta0",0.000967855847348329,0.967855847348329,"fixed | 5*eta0"
1245,-538302.762846134,871.162839182844,1,0,0.000967855847348329,1,123,1000,2,"poisson","fixed",0.000193571169469666,5,"5*eta0",0.000967855847348329,0.967855847348329,"fixed | 5*eta0"
1246,-501817.68634838,871.162839182846,1,0,0.000967855847348329,1,123,1000,2,"poisson","fixed",0.000193571169469666,5,"5*eta0",0.000967855847348329,0.967855847348329,"fixed | 5*eta0"
1247,-538302.762846134,871.162839182845,1,0,0.000967855847348329,1,123,1000,2,"poisson","fixed",0.000193571169469666,5,"5*eta0",0.000967855847348329,0.967855847348329,"fixed | 5*eta0"
1248,-501817.68634838,871.162839182844,1,0,0.000967855847348329,1,123,1000,2,"poisson","fixed",0.000193571169469666,5,"5*eta0",0.000967855847348329,0.967855847348329,"fixed | 5*eta0"
1249,-538302.762846134,871.162839182844,1,0,0.000967855847348329,1,123,1000,2,"poisson","fixed",0.000193571169469666,5,"5*eta0",0.000967855847348329,0.967855847348329,"fixed | 5*eta0"
1250,-501817.68634838,871.162839182846,1,0,0.000967855847348329,1,123,1000,2,"poisson","fixed",0.000193571169469666,5,"5*eta0",0.000967855847348329,0.967855847348329,"fixed | 5*eta0"
1251,-538302.762846134,871.162839182845,1,0,0.000967855847348329,1,123,1000,2,"poisson","fixed",0.000193571169469666,5,"5*eta0",0.000967855847348329,0.967855847348329,"fixed | 5*eta0"
1252,-501817.68634838,871.162839182843,1,0,0.000967855847348329,1,123,1000,2,"poisson","fixed",0.000193571169469666,5,"5*eta0",0.000967855847348329,0.967855847348329,"fixed | 5*eta0"
1253,-538302.762846134,871.162839182844,1,0,0.000967855847348329,1,123,1000,2,"poisson","fixed",0.000193571169469666,5,"5*eta0",0.000967855847348329,0.967855847348329,"fixed | 5*eta0"
1254,-501817.68634838,871.162839182846,1,0,0.000967855847348329,1,123,1000,2,"poisson","fixed",0.000193571169469666,5,"5*eta0",0.000967855847348329,0.967855847348329,"fixed | 5*eta0"
1255,-538302.762846134,871.162839182845,1,0,0.000967855847348329,1,123,1000,2,"poisson","fixed",0.000193571169469666,5,"5*eta0",0.000967855847348329,0.967855847348329,"fixed | 5*eta0"
1256,-501817.68634838,871.162839182843,1,0,0.000967855847348329,1,123,1000,2,"poisson","fixed",0.000193571169469666,5,"5*eta0",0.000967855847348329,0.967855847348329,"fixed | 5*eta0"
1257,-538302.762846134,871.162839182844,1,0,0.000967855847348329,1,123,1000,2,"poisson","fixed",0.000193571169469666,5,"5*eta0",0.000967855847348329,0.967855847348329,"fixed | 5*eta0"
1258,-501817.68634838,871.162839182846,1,0,0.000967855847348329,1,123,1000,2,"poisson","fixed",0.000193571169469666,5,"5*eta0",0.000967855847348329,0.967855847348329,"fixed | 5*eta0"
1259,-538302.762846134,871.162839182845,1,0,0.000967855847348329,1,123,1000,2,"poisson","fixed",0.000193571169469666,5,"5*eta0",0.000967855847348329,0.967855847348329,"fixed | 5*eta0"
1260,-501817.68634838,871.162839182843,1,0,0.000967855847348329,1,123,1000,2,"poisson","fixed",0.000193571169469666,5,"5*eta0",0.000967855847348329,0.967855847348329,"fixed | 5*eta0"
1261,-538302.762846134,871.162839182844,1,0,0.000967855847348329,1,123,1000,2,"poisson","fixed",0.000193571169469666,5,"5*eta0",0.000967855847348329,0.967855847348329,"fixed | 5*eta0"
1262,-501817.68634838,871.162839182846,1,0,0.000967855847348329,1,123,1000,2,"poisson","fixed",0.000193571169469666,5,"5*eta0",0.000967855847348329,0.967855847348329,"fixed | 5*eta0"
1263,-538302.762846134,871.162839182845,1,0,0.000967855847348329,1,123,1000,2,"poisson","fixed",0.000193571169469666,5,"5*eta0",0.000967855847348329,0.967855847348329,"fixed | 5*eta0"
1264,-501817.68634838,871.162839182843,1,0,0.000967855847348329,1,123,1000,2,"poisson","fixed",0.000193571169469666,5,"5*eta0",0.000967855847348329,0.967855847348329,"fixed | 5*eta0"
1265,-538302.762846134,871.162839182844,1,0,0.000967855847348329,1,123,1000,2,"poisson","fixed",0.000193571169469666,5,"5*eta0",0.000967855847348329,0.967855847348329,"fixed | 5*eta0"
1266,-501817.68634838,871.162839182846,1,0,0.000967855847348329,1,123,1000,2,"poisson","fixed",0.000193571169469666,5,"5*eta0",0.000967855847348329,0.967855847348329,"fixed | 5*eta0"
1267,-538302.762846134,871.162839182845,1,0,0.000967855847348329,1,123,1000,2,"poisson","fixed",0.000193571169469666,5,"5*eta0",0.000967855847348329,0.967855847348329,"fixed | 5*eta0"
1268,-501817.68634838,871.162839182844,1,0,0.000967855847348329,1,123,1000,2,"poisson","fixed",0.000193571169469666,5,"5*eta0",0.000967855847348329,0.967855847348329,"fixed | 5*eta0"
1269,-538302.762846134,871.162839182844,1,0,0.000967855847348329,1,123,1000,2,"poisson","fixed",0.000193571169469666,5,"5*eta0",0.000967855847348329,0.967855847348329,"fixed | 5*eta0"
1270,-501817.68634838,871.162839182846,1,0,0.000967855847348329,1,123,1000,2,"poisson","fixed",0.000193571169469666,5,"5*eta0",0.000967855847348329,0.967855847348329,"fixed | 5*eta0"
1271,-538302.762846134,871.162839182845,1,0,0.000967855847348329,1,123,1000,2,"poisson","fixed",0.000193571169469666,5,"5*eta0",0.000967855847348329,0.967855847348329,"fixed | 5*eta0"
1272,-501817.68634838,871.162839182843,1,0,0.000967855847348329,1,123,1000,2,"poisson","fixed",0.000193571169469666,5,"5*eta0",0.000967855847348329,0.967855847348329,"fixed | 5*eta0"
1273,-538302.762846134,871.162839182844,1,0,0.000967855847348329,1,123,1000,2,"poisson","fixed",0.000193571169469666,5,"5*eta0",0.000967855847348329,0.967855847348329,"fixed | 5*eta0"
1274,-501817.68634838,871.162839182846,1,0,0.000967855847348329,1,123,1000,2,"poisson","fixed",0.000193571169469666,5,"5*eta0",0.000967855847348329,0.967855847348329,"fixed | 5*eta0"
1275,-538302.762846134,871.162839182845,1,0,0.000967855847348329,1,123,1000,2,"poisson","fixed",0.000193571169469666,5,"5*eta0",0.000967855847348329,0.967855847348329,"fixed | 5*eta0"
1276,-501817.68634838,871.162839182843,1,0,0.000967855847348329,1,123,1000,2,"poisson","fixed",0.000193571169469666,5,"5*eta0",0.000967855847348329,0.967855847348329,"fixed | 5*eta0"
1277,-538302.762846134,871.162839182844,1,0,0.000967855847348329,1,123,1000,2,"poisson","fixed",0.000193571169469666,5,"5*eta0",0.000967855847348329,0.967855847348329,"fixed | 5*eta0"
1278,-501817.68634838,871.162839182846,1,0,0.000967855847348329,1,123,1000,2,"poisson","fixed",0.000193571169469666,5,"5*eta0",0.000967855847348329,0.967855847348329,"fixed | 5*eta0"
1279,-538302.762846134,871.162839182845,1,0,0.000967855847348329,1,123,1000,2,"poisson","fixed",0.000193571169469666,5,"5*eta0",0.000967855847348329,0.967855847348329,"fixed | 5*eta0"
1280,-501817.68634838,871.162839182844,1,0,0.000967855847348329,1,123,1000,2,"poisson","fixed",0.000193571169469666,5,"5*eta0",0.000967855847348329,0.967855847348329,"fixed | 5*eta0"
1281,-538302.762846134,871.162839182844,1,0,0.000967855847348329,1,123,1000,2,"poisson","fixed",0.000193571169469666,5,"5*eta0",0.000967855847348329,0.967855847348329,"fixed | 5*eta0"
1282,-501817.68634838,871.162839182845,1,0,0.000967855847348329,1,123,1000,2,"poisson","fixed",0.000193571169469666,5,"5*eta0",0.000967855847348329,0.967855847348329,"fixed | 5*eta0"
1283,-538302.762846134,871.162839182845,1,0,0.000967855847348329,1,123,1000,2,"poisson","fixed",0.000193571169469666,5,"5*eta0",0.000967855847348329,0.967855847348329,"fixed | 5*eta0"
1284,-501817.68634838,871.162839182844,1,0,0.000967855847348329,1,123,1000,2,"poisson","fixed",0.000193571169469666,5,"5*eta0",0.000967855847348329,0.967855847348329,"fixed | 5*eta0"
1285,-538302.762846134,871.162839182844,1,0,0.000967855847348329,1,123,1000,2,"poisson","fixed",0.000193571169469666,5,"5*eta0",0.000967855847348329,0.967855847348329,"fixed | 5*eta0"
1286,-501817.68634838,871.162839182846,1,0,0.000967855847348329,1,123,1000,2,"poisson","fixed",0.000193571169469666,5,"5*eta0",0.000967855847348329,0.967855847348329,"fixed | 5*eta0"
1287,-538302.762846134,871.162839182845,1,0,0.000967855847348329,1,123,1000,2,"poisson","fixed",0.000193571169469666,5,"5*eta0",0.000967855847348329,0.967855847348329,"fixed | 5*eta0"
1288,-501817.68634838,871.162839182844,1,0,0.000967855847348329,1,123,1000,2,"poisson","fixed",0.000193571169469666,5,"5*eta0",0.000967855847348329,0.967855847348329,"fixed | 5*eta0"
1289,-538302.762846134,871.162839182844,1,0,0.000967855847348329,1,123,1000,2,"poisson","fixed",0.000193571169469666,5,"5*eta0",0.000967855847348329,0.967855847348329,"fixed | 5*eta0"
1290,-501817.68634838,871.162839182846,1,0,0.000967855847348329,1,123,1000,2,"poisson","fixed",0.000193571169469666,5,"5*eta0",0.000967855847348329,0.967855847348329,"fixed | 5*eta0"
1291,-538302.762846134,871.162839182845,1,0,0.000967855847348329,1,123,1000,2,"poisson","fixed",0.000193571169469666,5,"5*eta0",0.000967855847348329,0.967855847348329,"fixed | 5*eta0"
1292,-501817.68634838,871.162839182844,1,0,0.000967855847348329,1,123,1000,2,"poisson","fixed",0.000193571169469666,5,"5*eta0",0.000967855847348329,0.967855847348329,"fixed | 5*eta0"
1293,-538302.762846134,871.162839182844,1,0,0.000967855847348329,1,123,1000,2,"poisson","fixed",0.000193571169469666,5,"5*eta0",0.000967855847348329,0.967855847348329,"fixed | 5*eta0"
1294,-501817.68634838,871.162839182845,1,0,0.000967855847348329,1,123,1000,2,"poisson","fixed",0.000193571169469666,5,"5*eta0",0.000967855847348329,0.967855847348329,"fixed | 5*eta0"
1295,-538302.762846134,871.162839182845,1,0,0.000967855847348329,1,123,1000,2,"poisson","fixed",0.000193571169469666,5,"5*eta0",0.000967855847348329,0.967855847348329,"fixed | 5*eta0"
1296,-501817.68634838,871.162839182844,1,0,0.000967855847348329,1,123,1000,2,"poisson","fixed",0.000193571169469666,5,"5*eta0",0.000967855847348329,0.967855847348329,"fixed | 5*eta0"
1297,-538302.762846134,871.162839182844,1,0,0.000967855847348329,1,123,1000,2,"poisson","fixed",0.000193571169469666,5,"5*eta0",0.000967855847348329,0.967855847348329,"fixed | 5*eta0"
1298,-501817.68634838,871.162839182846,1,0,0.000967855847348329,1,123,1000,2,"poisson","fixed",0.000193571169469666,5,"5*eta0",0.000967855847348329,0.967855847348329,"fixed | 5*eta0"
1299,-538302.762846134,871.162839182845,1,0,0.000967855847348329,1,123,1000,2,"poisson","fixed",0.000193571169469666,5,"5*eta0",0.000967855847348329,0.967855847348329,"fixed | 5*eta0"
1300,-501817.68634838,871.162839182843,1,0,0.000967855847348329,1,123,1000,2,"poisson","fixed",0.000193571169469666,5,"5*eta0",0.000967855847348329,0.967855847348329,"fixed | 5*eta0"
1301,-538302.762846134,871.162839182844,1,0,0.000967855847348329,1,123,1000,2,"poisson","fixed",0.000193571169469666,5,"5*eta0",0.000967855847348329,0.967855847348329,"fixed | 5*eta0"
1302,-501817.68634838,871.162839182846,1,0,0.000967855847348329,1,123,1000,2,"poisson","fixed",0.000193571169469666,5,"5*eta0",0.000967855847348329,0.967855847348329,"fixed | 5*eta0"
1303,-538302.762846134,871.162839182845,1,0,0.000967855847348329,1,123,1000,2,"poisson","fixed",0.000193571169469666,5,"5*eta0",0.000967855847348329,0.967855847348329,"fixed | 5*eta0"
1304,-501817.68634838,871.162839182843,1,0,0.000967855847348329,1,123,1000,2,"poisson","fixed",0.000193571169469666,5,"5*eta0",0.000967855847348329,0.967855847348329,"fixed | 5*eta0"
1305,-538302.762846134,871.162839182844,1,0,0.000967855847348329,1,123,1000,2,"poisson","fixed",0.000193571169469666,5,"5*eta0",0.000967855847348329,0.967855847348329,"fixed | 5*eta0"
1306,-501817.68634838,871.162839182846,1,0,0.000967855847348329,1,123,1000,2,"poisson","fixed",0.000193571169469666,5,"5*eta0",0.000967855847348329,0.967855847348329,"fixed | 5*eta0"
1307,-538302.762846134,871.162839182845,1,0,0.000967855847348329,1,123,1000,2,"poisson","fixed",0.000193571169469666,5,"5*eta0",0.000967855847348329,0.967855847348329,"fixed | 5*eta0"
1308,-501817.68634838,871.162839182844,1,0,0.000967855847348329,1,123,1000,2,"poisson","fixed",0.000193571169469666,5,"5*eta0",0.000967855847348329,0.967855847348329,"fixed | 5*eta0"
1309,-538302.762846134,871.162839182844,1,0,0.000967855847348329,1,123,1000,2,"poisson","fixed",0.000193571169469666,5,"5*eta0",0.000967855847348329,0.967855847348329,"fixed | 5*eta0"
1310,-501817.68634838,871.162839182846,1,0,0.000967855847348329,1,123,1000,2,"poisson","fixed",0.000193571169469666,5,"5*eta0",0.000967855847348329,0.967855847348329,"fixed | 5*eta0"
1311,-538302.762846134,871.162839182845,1,0,0.000967855847348329,1,123,1000,2,"poisson","fixed",0.000193571169469666,5,"5*eta0",0.000967855847348329,0.967855847348329,"fixed | 5*eta0"
1312,-501817.68634838,871.162839182843,1,0,0.000967855847348329,1,123,1000,2,"poisson","fixed",0.000193571169469666,5,"5*eta0",0.000967855847348329,0.967855847348329,"fixed | 5*eta0"
1313,-538302.762846134,871.162839182844,1,0,0.000967855847348329,1,123,1000,2,"poisson","fixed",0.000193571169469666,5,"5*eta0",0.000967855847348329,0.967855847348329,"fixed | 5*eta0"
1314,-501817.68634838,871.162839182846,1,0,0.000967855847348329,1,123,1000,2,"poisson","fixed",0.000193571169469666,5,"5*eta0",0.000967855847348329,0.967855847348329,"fixed | 5*eta0"
1315,-538302.762846134,871.162839182845,1,0,0.000967855847348329,1,123,1000,2,"poisson","fixed",0.000193571169469666,5,"5*eta0",0.000967855847348329,0.967855847348329,"fixed | 5*eta0"
1316,-501817.68634838,871.162839182844,1,0,0.000967855847348329,1,123,1000,2,"poisson","fixed",0.000193571169469666,5,"5*eta0",0.000967855847348329,0.967855847348329,"fixed | 5*eta0"
1317,-538302.762846134,871.162839182844,1,0,0.000967855847348329,1,123,1000,2,"poisson","fixed",0.000193571169469666,5,"5*eta0",0.000967855847348329,0.967855847348329,"fixed | 5*eta0"
1318,-501817.68634838,871.162839182845,1,0,0.000967855847348329,1,123,1000,2,"poisson","fixed",0.000193571169469666,5,"5*eta0",0.000967855847348329,0.967855847348329,"fixed | 5*eta0"
1319,-538302.762846134,871.162839182845,1,0,0.000967855847348329,1,123,1000,2,"poisson","fixed",0.000193571169469666,5,"5*eta0",0.000967855847348329,0.967855847348329,"fixed | 5*eta0"
1320,-501817.68634838,871.162839182844,1,0,0.000967855847348329,1,123,1000,2,"poisson","fixed",0.000193571169469666,5,"5*eta0",0.000967855847348329,0.967855847348329,"fixed | 5*eta0"
1321,-538302.762846134,871.162839182844,1,0,0.000967855847348329,1,123,1000,2,"poisson","fixed",0.000193571169469666,5,"5*eta0",0.000967855847348329,0.967855847348329,"fixed | 5*eta0"
1322,-501817.68634838,871.162839182846,1,0,0.000967855847348329,1,123,1000,2,"poisson","fixed",0.000193571169469666,5,"5*eta0",0.000967855847348329,0.967855847348329,"fixed | 5*eta0"
1323,-538302.762846134,871.162839182845,1,0,0.000967855847348329,1,123,1000,2,"poisson","fixed",0.000193571169469666,5,"5*eta0",0.000967855847348329,0.967855847348329,"fixed | 5*eta0"
1324,-501817.68634838,871.162839182843,1,0,0.000967855847348329,1,123,1000,2,"poisson","fixed",0.000193571169469666,5,"5*eta0",0.000967855847348329,0.967855847348329,"fixed | 5*eta0"
1325,-538302.762846134,871.162839182844,1,0,0.000967855847348329,1,123,1000,2,"poisson","fixed",0.000193571169469666,5,"5*eta0",0.000967855847348329,0.967855847348329,"fixed | 5*eta0"
1326,-501817.68634838,871.162839182846,1,0,0.000967855847348329,1,123,1000,2,"poisson","fixed",0.000193571169469666,5,"5*eta0",0.000967855847348329,0.967855847348329,"fixed | 5*eta0"
1327,-538302.762846134,871.162839182845,1,0,0.000967855847348329,1,123,1000,2,"poisson","fixed",0.000193571169469666,5,"5*eta0",0.000967855847348329,0.967855847348329,"fixed | 5*eta0"
1328,-501817.68634838,871.162839182843,1,0,0.000967855847348329,1,123,1000,2,"poisson","fixed",0.000193571169469666,5,"5*eta0",0.000967855847348329,0.967855847348329,"fixed | 5*eta0"
1329,-538302.762846134,871.162839182844,1,0,0.000967855847348329,1,123,1000,2,"poisson","fixed",0.000193571169469666,5,"5*eta0",0.000967855847348329,0.967855847348329,"fixed | 5*eta0"
1330,-501817.68634838,871.162839182846,1,0,0.000967855847348329,1,123,1000,2,"poisson","fixed",0.000193571169469666,5,"5*eta0",0.000967855847348329,0.967855847348329,"fixed | 5*eta0"
1331,-538302.762846134,871.162839182845,1,0,0.000967855847348329,1,123,1000,2,"poisson","fixed",0.000193571169469666,5,"5*eta0",0.000967855847348329,0.967855847348329,"fixed | 5*eta0"
1332,-501817.68634838,871.162839182844,1,0,0.000967855847348329,1,123,1000,2,"poisson","fixed",0.000193571169469666,5,"5*eta0",0.000967855847348329,0.967855847348329,"fixed | 5*eta0"
1333,-538302.762846134,871.162839182844,1,0,0.000967855847348329,1,123,1000,2,"poisson","fixed",0.000193571169469666,5,"5*eta0",0.000967855847348329,0.967855847348329,"fixed | 5*eta0"
1334,-501817.68634838,871.162839182846,1,0,0.000967855847348329,1,123,1000,2,"poisson","fixed",0.000193571169469666,5,"5*eta0",0.000967855847348329,0.967855847348329,"fixed | 5*eta0"
1335,-538302.762846134,871.162839182845,1,0,0.000967855847348329,1,123,1000,2,"poisson","fixed",0.000193571169469666,5,"5*eta0",0.000967855847348329,0.967855847348329,"fixed | 5*eta0"
1336,-501817.68634838,871.162839182844,1,0,0.000967855847348329,1,123,1000,2,"poisson","fixed",0.000193571169469666,5,"5*eta0",0.000967855847348329,0.967855847348329,"fixed | 5*eta0"
1337,-538302.762846134,871.162839182844,1,0,0.000967855847348329,1,123,1000,2,"poisson","fixed",0.000193571169469666,5,"5*eta0",0.000967855847348329,0.967855847348329,"fixed | 5*eta0"
1338,-501817.68634838,871.162839182846,1,0,0.000967855847348329,1,123,1000,2,"poisson","fixed",0.000193571169469666,5,"5*eta0",0.000967855847348329,0.967855847348329,"fixed | 5*eta0"
1339,-538302.762846134,871.162839182845,1,0,0.000967855847348329,1,123,1000,2,"poisson","fixed",0.000193571169469666,5,"5*eta0",0.000967855847348329,0.967855847348329,"fixed | 5*eta0"
1340,-501817.68634838,871.162839182843,1,0,0.000967855847348329,1,123,1000,2,"poisson","fixed",0.000193571169469666,5,"5*eta0",0.000967855847348329,0.967855847348329,"fixed | 5*eta0"
1341,-538302.762846134,871.162839182844,1,0,0.000967855847348329,1,123,1000,2,"poisson","fixed",0.000193571169469666,5,"5*eta0",0.000967855847348329,0.967855847348329,"fixed | 5*eta0"
1342,-501817.68634838,871.162839182846,1,0,0.000967855847348329,1,123,1000,2,"poisson","fixed",0.000193571169469666,5,"5*eta0",0.000967855847348329,0.967855847348329,"fixed | 5*eta0"
1343,-538302.762846134,871.162839182845,1,0,0.000967855847348329,1,123,1000,2,"poisson","fixed",0.000193571169469666,5,"5*eta0",0.000967855847348329,0.967855847348329,"fixed | 5*eta0"
1344,-501817.68634838,871.162839182843,1,0,0.000967855847348329,1,123,1000,2,"poisson","fixed",0.000193571169469666,5,"5*eta0",0.000967855847348329,0.967855847348329,"fixed | 5*eta0"
1345,-538302.762846134,871.162839182844,1,0,0.000967855847348329,1,123,1000,2,"poisson","fixed",0.000193571169469666,5,"5*eta0",0.000967855847348329,0.967855847348329,"fixed | 5*eta0"
1346,-501817.68634838,871.162839182846,1,0,0.000967855847348329,1,123,1000,2,"poisson","fixed",0.000193571169469666,5,"5*eta0",0.000967855847348329,0.967855847348329,"fixed | 5*eta0"
1347,-538302.762846134,871.162839182845,1,0,0.000967855847348329,1,123,1000,2,"poisson","fixed",0.000193571169469666,5,"5*eta0",0.000967855847348329,0.967855847348329,"fixed | 5*eta0"
1348,-501817.68634838,871.162839182844,1,0,0.000967855847348329,1,123,1000,2,"poisson","fixed",0.000193571169469666,5,"5*eta0",0.000967855847348329,0.967855847348329,"fixed | 5*eta0"
1349,-538302.762846134,871.162839182844,1,0,0.000967855847348329,1,123,1000,2,"poisson","fixed",0.000193571169469666,5,"5*eta0",0.000967855847348329,0.967855847348329,"fixed | 5*eta0"
1350,-501817.68634838,871.162839182846,1,0,0.000967855847348329,1,123,1000,2,"poisson","fixed",0.000193571169469666,5,"5*eta0",0.000967855847348329,0.967855847348329,"fixed | 5*eta0"
1351,-538302.762846134,871.162839182845,1,0,0.000967855847348329,1,123,1000,2,"poisson","fixed",0.000193571169469666,5,"5*eta0",0.000967855847348329,0.967855847348329,"fixed | 5*eta0"
1352,-501817.68634838,871.162839182843,1,0,0.000967855847348329,1,123,1000,2,"poisson","fixed",0.000193571169469666,5,"5*eta0",0.000967855847348329,0.967855847348329,"fixed | 5*eta0"
1353,-538302.762846134,871.162839182844,1,0,0.000967855847348329,1,123,1000,2,"poisson","fixed",0.000193571169469666,5,"5*eta0",0.000967855847348329,0.967855847348329,"fixed | 5*eta0"
1354,-501817.68634838,871.162839182846,1,0,0.000967855847348329,1,123,1000,2,"poisson","fixed",0.000193571169469666,5,"5*eta0",0.000967855847348329,0.967855847348329,"fixed | 5*eta0"
1355,-538302.762846134,871.162839182845,1,0,0.000967855847348329,1,123,1000,2,"poisson","fixed",0.000193571169469666,5,"5*eta0",0.000967855847348329,0.967855847348329,"fixed | 5*eta0"
1356,-501817.68634838,871.162839182843,1,0,0.000967855847348329,1,123,1000,2,"poisson","fixed",0.000193571169469666,5,"5*eta0",0.000967855847348329,0.967855847348329,"fixed | 5*eta0"
1357,-538302.762846134,871.162839182844,1,0,0.000967855847348329,1,123,1000,2,"poisson","fixed",0.000193571169469666,5,"5*eta0",0.000967855847348329,0.967855847348329,"fixed | 5*eta0"
1358,-501817.68634838,871.162839182846,1,0,0.000967855847348329,1,123,1000,2,"poisson","fixed",0.000193571169469666,5,"5*eta0",0.000967855847348329,0.967855847348329,"fixed | 5*eta0"
1359,-538302.762846134,871.162839182845,1,0,0.000967855847348329,1,123,1000,2,"poisson","fixed",0.000193571169469666,5,"5*eta0",0.000967855847348329,0.967855847348329,"fixed | 5*eta0"
1360,-501817.68634838,871.162839182843,1,0,0.000967855847348329,1,123,1000,2,"poisson","fixed",0.000193571169469666,5,"5*eta0",0.000967855847348329,0.967855847348329,"fixed | 5*eta0"
1361,-538302.762846134,871.162839182844,1,0,0.000967855847348329,1,123,1000,2,"poisson","fixed",0.000193571169469666,5,"5*eta0",0.000967855847348329,0.967855847348329,"fixed | 5*eta0"
1362,-501817.68634838,871.162839182846,1,0,0.000967855847348329,1,123,1000,2,"poisson","fixed",0.000193571169469666,5,"5*eta0",0.000967855847348329,0.967855847348329,"fixed | 5*eta0"
1363,-538302.762846134,871.162839182845,1,0,0.000967855847348329,1,123,1000,2,"poisson","fixed",0.000193571169469666,5,"5*eta0",0.000967855847348329,0.967855847348329,"fixed | 5*eta0"
1364,-501817.68634838,871.162839182843,1,0,0.000967855847348329,1,123,1000,2,"poisson","fixed",0.000193571169469666,5,"5*eta0",0.000967855847348329,0.967855847348329,"fixed | 5*eta0"
1365,-538302.762846134,871.162839182844,1,0,0.000967855847348329,1,123,1000,2,"poisson","fixed",0.000193571169469666,5,"5*eta0",0.000967855847348329,0.967855847348329,"fixed | 5*eta0"
1366,-501817.68634838,871.162839182846,1,0,0.000967855847348329,1,123,1000,2,"poisson","fixed",0.000193571169469666,5,"5*eta0",0.000967855847348329,0.967855847348329,"fixed | 5*eta0"
1367,-538302.762846134,871.162839182846,1,0,0.000967855847348329,1,123,1000,2,"poisson","fixed",0.000193571169469666,5,"5*eta0",0.000967855847348329,0.967855847348329,"fixed | 5*eta0"
1368,-501817.68634838,871.162839182844,1,0,0.000967855847348329,1,123,1000,2,"poisson","fixed",0.000193571169469666,5,"5*eta0",0.000967855847348329,0.967855847348329,"fixed | 5*eta0"
1369,-538302.762846134,871.162839182844,1,0,0.000967855847348329,1,123,1000,2,"poisson","fixed",0.000193571169469666,5,"5*eta0",0.000967855847348329,0.967855847348329,"fixed | 5*eta0"
1370,-501817.68634838,871.162839182846,1,0,0.000967855847348329,1,123,1000,2,"poisson","fixed",0.000193571169469666,5,"5*eta0",0.000967855847348329,0.967855847348329,"fixed | 5*eta0"
1371,-538302.762846134,871.162839182846,1,0,0.000967855847348329,1,123,1000,2,"poisson","fixed",0.000193571169469666,5,"5*eta0",0.000967855847348329,0.967855847348329,"fixed | 5*eta0"
1372,-501817.68634838,871.162839182843,1,0,0.000967855847348329,1,123,1000,2,"poisson","fixed",0.000193571169469666,5,"5*eta0",0.000967855847348329,0.967855847348329,"fixed | 5*eta0"
1373,-538302.762846134,871.162839182844,1,0,0.000967855847348329,1,123,1000,2,"poisson","fixed",0.000193571169469666,5,"5*eta0",0.000967855847348329,0.967855847348329,"fixed | 5*eta0"
1374,-501817.68634838,871.162839182846,1,0,0.000967855847348329,1,123,1000,2,"poisson","fixed",0.000193571169469666,5,"5*eta0",0.000967855847348329,0.967855847348329,"fixed | 5*eta0"
1375,-538302.762846134,871.162839182845,1,0,0.000967855847348329,1,123,1000,2,"poisson","fixed",0.000193571169469666,5,"5*eta0",0.000967855847348329,0.967855847348329,"fixed | 5*eta0"
1376,-501817.68634838,871.162839182844,1,0,0.000967855847348329,1,123,1000,2,"poisson","fixed",0.000193571169469666,5,"5*eta0",0.000967855847348329,0.967855847348329,"fixed | 5*eta0"
1377,-538302.762846134,871.162839182844,1,0,0.000967855847348329,1,123,1000,2,"poisson","fixed",0.000193571169469666,5,"5*eta0",0.000967855847348329,0.967855847348329,"fixed | 5*eta0"
1378,-501817.68634838,871.162839182846,1,0,0.000967855847348329,1,123,1000,2,"poisson","fixed",0.000193571169469666,5,"5*eta0",0.000967855847348329,0.967855847348329,"fixed | 5*eta0"
1379,-538302.762846134,871.162839182846,1,0,0.000967855847348329,1,123,1000,2,"poisson","fixed",0.000193571169469666,5,"5*eta0",0.000967855847348329,0.967855847348329,"fixed | 5*eta0"
1380,-501817.68634838,871.162839182844,1,0,0.000967855847348329,1,123,1000,2,"poisson","fixed",0.000193571169469666,5,"5*eta0",0.000967855847348329,0.967855847348329,"fixed | 5*eta0"
1381,-538302.762846134,871.162839182844,1,0,0.000967855847348329,1,123,1000,2,"poisson","fixed",0.000193571169469666,5,"5*eta0",0.000967855847348329,0.967855847348329,"fixed | 5*eta0"
1382,-501817.68634838,871.162839182846,1,0,0.000967855847348329,1,123,1000,2,"poisson","fixed",0.000193571169469666,5,"5*eta0",0.000967855847348329,0.967855847348329,"fixed | 5*eta0"
1383,-538302.762846134,871.162839182845,1,0,0.000967855847348329,1,123,1000,2,"poisson","fixed",0.000193571169469666,5,"5*eta0",0.000967855847348329,0.967855847348329,"fixed | 5*eta0"
1384,-501817.68634838,871.162839182843,1,0,0.000967855847348329,1,123,1000,2,"poisson","fixed",0.000193571169469666,5,"5*eta0",0.000967855847348329,0.967855847348329,"fixed | 5*eta0"
1385,-538302.762846134,871.162839182844,1,0,0.000967855847348329,1,123,1000,2,"poisson","fixed",0.000193571169469666,5,"5*eta0",0.000967855847348329,0.967855847348329,"fixed | 5*eta0"
1386,-501817.68634838,871.162839182846,1,0,0.000967855847348329,1,123,1000,2,"poisson","fixed",0.000193571169469666,5,"5*eta0",0.000967855847348329,0.967855847348329,"fixed | 5*eta0"
1387,-538302.762846134,871.162839182845,1,0,0.000967855847348329,1,123,1000,2,"poisson","fixed",0.000193571169469666,5,"5*eta0",0.000967855847348329,0.967855847348329,"fixed | 5*eta0"
1388,-501817.68634838,871.162839182843,1,0,0.000967855847348329,1,123,1000,2,"poisson","fixed",0.000193571169469666,5,"5*eta0",0.000967855847348329,0.967855847348329,"fixed | 5*eta0"
1389,-538302.762846134,871.162839182844,1,0,0.000967855847348329,1,123,1000,2,"poisson","fixed",0.000193571169469666,5,"5*eta0",0.000967855847348329,0.967855847348329,"fixed | 5*eta0"
1390,-501817.68634838,871.162839182846,1,0,0.000967855847348329,1,123,1000,2,"poisson","fixed",0.000193571169469666,5,"5*eta0",0.000967855847348329,0.967855847348329,"fixed | 5*eta0"
1391,-538302.762846134,871.162839182845,1,0,0.000967855847348329,1,123,1000,2,"poisson","fixed",0.000193571169469666,5,"5*eta0",0.000967855847348329,0.967855847348329,"fixed | 5*eta0"
1392,-501817.68634838,871.162839182843,1,0,0.000967855847348329,1,123,1000,2,"poisson","fixed",0.000193571169469666,5,"5*eta0",0.000967855847348329,0.967855847348329,"fixed | 5*eta0"
1393,-538302.762846134,871.162839182844,1,0,0.000967855847348329,1,123,1000,2,"poisson","fixed",0.000193571169469666,5,"5*eta0",0.000967855847348329,0.967855847348329,"fixed | 5*eta0"
1394,-501817.68634838,871.162839182846,1,0,0.000967855847348329,1,123,1000,2,"poisson","fixed",0.000193571169469666,5,"5*eta0",0.000967855847348329,0.967855847348329,"fixed | 5*eta0"
1395,-538302.762846134,871.162839182845,1,0,0.000967855847348329,1,123,1000,2,"poisson","fixed",0.000193571169469666,5,"5*eta0",0.000967855847348329,0.967855847348329,"fixed | 5*eta0"
1396,-501817.68634838,871.162839182843,1,0,0.000967855847348329,1,123,1000,2,"poisson","fixed",0.000193571169469666,5,"5*eta0",0.000967855847348329,0.967855847348329,"fixed | 5*eta0"
1397,-538302.762846134,871.162839182844,1,0,0.000967855847348329,1,123,1000,2,"poisson","fixed",0.000193571169469666,5,"5*eta0",0.000967855847348329,0.967855847348329,"fixed | 5*eta0"
1398,-501817.68634838,871.162839182846,1,0,0.000967855847348329,1,123,1000,2,"poisson","fixed",0.000193571169469666,5,"5*eta0",0.000967855847348329,0.967855847348329,"fixed | 5*eta0"
1399,-538302.762846134,871.162839182845,1,0,0.000967855847348329,1,123,1000,2,"poisson","fixed",0.000193571169469666,5,"5*eta0",0.000967855847348329,0.967855847348329,"fixed | 5*eta0"
1400,-501817.68634838,871.162839182843,1,0,0.000967855847348329,1,123,1000,2,"poisson","fixed",0.000193571169469666,5,"5*eta0",0.000967855847348329,0.967855847348329,"fixed | 5*eta0"
1401,-538302.762846134,871.162839182844,1,0,0.000967855847348329,1,123,1000,2,"poisson","fixed",0.000193571169469666,5,"5*eta0",0.000967855847348329,0.967855847348329,"fixed | 5*eta0"
1402,-501817.68634838,871.162839182846,1,0,0.000967855847348329,1,123,1000,2,"poisson","fixed",0.000193571169469666,5,"5*eta0",0.000967855847348329,0.967855847348329,"fixed | 5*eta0"
1403,-538302.762846134,871.162839182845,1,0,0.000967855847348329,1,123,1000,2,"poisson","fixed",0.000193571169469666,5,"5*eta0",0.000967855847348329,0.967855847348329,"fixed | 5*eta0"
1404,-501817.68634838,871.162839182843,1,0,0.000967855847348329,1,123,1000,2,"poisson","fixed",0.000193571169469666,5,"5*eta0",0.000967855847348329,0.967855847348329,"fixed | 5*eta0"
1405,-538302.762846134,871.162839182844,1,0,0.000967855847348329,1,123,1000,2,"poisson","fixed",0.000193571169469666,5,"5*eta0",0.000967855847348329,0.967855847348329,"fixed | 5*eta0"
1406,-501817.68634838,871.162839182846,1,0,0.000967855847348329,1,123,1000,2,"poisson","fixed",0.000193571169469666,5,"5*eta0",0.000967855847348329,0.967855847348329,"fixed | 5*eta0"
1407,-538302.762846134,871.162839182845,1,0,0.000967855847348329,1,123,1000,2,"poisson","fixed",0.000193571169469666,5,"5*eta0",0.000967855847348329,0.967855847348329,"fixed | 5*eta0"
1408,-501817.68634838,871.162839182843,1,0,0.000967855847348329,1,123,1000,2,"poisson","fixed",0.000193571169469666,5,"5*eta0",0.000967855847348329,0.967855847348329,"fixed | 5*eta0"
1409,-538302.762846134,871.162839182844,1,0,0.000967855847348329,1,123,1000,2,"poisson","fixed",0.000193571169469666,5,"5*eta0",0.000967855847348329,0.967855847348329,"fixed | 5*eta0"
1410,-501817.68634838,871.162839182846,1,0,0.000967855847348329,1,123,1000,2,"poisson","fixed",0.000193571169469666,5,"5*eta0",0.000967855847348329,0.967855847348329,"fixed | 5*eta0"
1411,-538302.762846134,871.162839182845,1,0,0.000967855847348329,1,123,1000,2,"poisson","fixed",0.000193571169469666,5,"5*eta0",0.000967855847348329,0.967855847348329,"fixed | 5*eta0"
1412,-501817.68634838,871.162839182844,1,0,0.000967855847348329,1,123,1000,2,"poisson","fixed",0.000193571169469666,5,"5*eta0",0.000967855847348329,0.967855847348329,"fixed | 5*eta0"
1413,-538302.762846134,871.162839182844,1,0,0.000967855847348329,1,123,1000,2,"poisson","fixed",0.000193571169469666,5,"5*eta0",0.000967855847348329,0.967855847348329,"fixed | 5*eta0"
1414,-501817.68634838,871.162839182846,1,0,0.000967855847348329,1,123,1000,2,"poisson","fixed",0.000193571169469666,5,"5*eta0",0.000967855847348329,0.967855847348329,"fixed | 5*eta0"
1415,-538302.762846134,871.162839182845,1,0,0.000967855847348329,1,123,1000,2,"poisson","fixed",0.000193571169469666,5,"5*eta0",0.000967855847348329,0.967855847348329,"fixed | 5*eta0"
1416,-501817.68634838,871.162839182844,1,0,0.000967855847348329,1,123,1000,2,"poisson","fixed",0.000193571169469666,5,"5*eta0",0.000967855847348329,0.967855847348329,"fixed | 5*eta0"
1417,-538302.762846134,871.162839182844,1,0,0.000967855847348329,1,123,1000,2,"poisson","fixed",0.000193571169469666,5,"5*eta0",0.000967855847348329,0.967855847348329,"fixed | 5*eta0"
1418,-501817.68634838,871.162839182845,1,0,0.000967855847348329,1,123,1000,2,"poisson","fixed",0.000193571169469666,5,"5*eta0",0.000967855847348329,0.967855847348329,"fixed | 5*eta0"
1419,-538302.762846134,871.162839182845,1,0,0.000967855847348329,1,123,1000,2,"poisson","fixed",0.000193571169469666,5,"5*eta0",0.000967855847348329,0.967855847348329,"fixed | 5*eta0"
1420,-501817.68634838,871.162839182844,1,0,0.000967855847348329,1,123,1000,2,"poisson","fixed",0.000193571169469666,5,"5*eta0",0.000967855847348329,0.967855847348329,"fixed | 5*eta0"
1421,-538302.762846134,871.162839182844,1,0,0.000967855847348329,1,123,1000,2,"poisson","fixed",0.000193571169469666,5,"5*eta0",0.000967855847348329,0.967855847348329,"fixed | 5*eta0"
1422,-501817.68634838,871.162839182846,1,0,0.000967855847348329,1,123,1000,2,"poisson","fixed",0.000193571169469666,5,"5*eta0",0.000967855847348329,0.967855847348329,"fixed | 5*eta0"
1423,-538302.762846134,871.162839182845,1,0,0.000967855847348329,1,123,1000,2,"poisson","fixed",0.000193571169469666,5,"5*eta0",0.000967855847348329,0.967855847348329,"fixed | 5*eta0"
1424,-501817.68634838,871.162839182844,1,0,0.000967855847348329,1,123,1000,2,"poisson","fixed",0.000193571169469666,5,"5*eta0",0.000967855847348329,0.967855847348329,"fixed | 5*eta0"
1425,-538302.762846134,871.162839182844,1,0,0.000967855847348329,1,123,1000,2,"poisson","fixed",0.000193571169469666,5,"5*eta0",0.000967855847348329,0.967855847348329,"fixed | 5*eta0"
1426,-501817.68634838,871.162839182845,1,0,0.000967855847348329,1,123,1000,2,"poisson","fixed",0.000193571169469666,5,"5*eta0",0.000967855847348329,0.967855847348329,"fixed | 5*eta0"
1427,-538302.762846134,871.162839182845,1,0,0.000967855847348329,1,123,1000,2,"poisson","fixed",0.000193571169469666,5,"5*eta0",0.000967855847348329,0.967855847348329,"fixed | 5*eta0"
1428,-501817.68634838,871.162839182844,1,0,0.000967855847348329,1,123,1000,2,"poisson","fixed",0.000193571169469666,5,"5*eta0",0.000967855847348329,0.967855847348329,"fixed | 5*eta0"
1429,-538302.762846134,871.162839182844,1,0,0.000967855847348329,1,123,1000,2,"poisson","fixed",0.000193571169469666,5,"5*eta0",0.000967855847348329,0.967855847348329,"fixed | 5*eta0"
1430,-501817.68634838,871.162839182845,1,0,0.000967855847348329,1,123,1000,2,"poisson","fixed",0.000193571169469666,5,"5*eta0",0.000967855847348329,0.967855847348329,"fixed | 5*eta0"
1431,-538302.762846134,871.162839182845,1,0,0.000967855847348329,1,123,1000,2,"poisson","fixed",0.000193571169469666,5,"5*eta0",0.000967855847348329,0.967855847348329,"fixed | 5*eta0"
1432,-501817.68634838,871.162839182844,1,0,0.000967855847348329,1,123,1000,2,"poisson","fixed",0.000193571169469666,5,"5*eta0",0.000967855847348329,0.967855847348329,"fixed | 5*eta0"
1433,-538302.762846134,871.162839182844,1,0,0.000967855847348329,1,123,1000,2,"poisson","fixed",0.000193571169469666,5,"5*eta0",0.000967855847348329,0.967855847348329,"fixed | 5*eta0"
1434,-501817.68634838,871.162839182845,1,0,0.000967855847348329,1,123,1000,2,"poisson","fixed",0.000193571169469666,5,"5*eta0",0.000967855847348329,0.967855847348329,"fixed | 5*eta0"
1435,-538302.762846134,871.162839182845,1,0,0.000967855847348329,1,123,1000,2,"poisson","fixed",0.000193571169469666,5,"5*eta0",0.000967855847348329,0.967855847348329,"fixed | 5*eta0"
1436,-501817.68634838,871.162839182844,1,0,0.000967855847348329,1,123,1000,2,"poisson","fixed",0.000193571169469666,5,"5*eta0",0.000967855847348329,0.967855847348329,"fixed | 5*eta0"
1437,-538302.762846134,871.162839182844,1,0,0.000967855847348329,1,123,1000,2,"poisson","fixed",0.000193571169469666,5,"5*eta0",0.000967855847348329,0.967855847348329,"fixed | 5*eta0"
1438,-501817.68634838,871.162839182845,1,0,0.000967855847348329,1,123,1000,2,"poisson","fixed",0.000193571169469666,5,"5*eta0",0.000967855847348329,0.967855847348329,"fixed | 5*eta0"
1439,-538302.762846134,871.162839182845,1,0,0.000967855847348329,1,123,1000,2,"poisson","fixed",0.000193571169469666,5,"5*eta0",0.000967855847348329,0.967855847348329,"fixed | 5*eta0"
1440,-501817.68634838,871.162839182844,1,0,0.000967855847348329,1,123,1000,2,"poisson","fixed",0.000193571169469666,5,"5*eta0",0.000967855847348329,0.967855847348329,"fixed | 5*eta0"
1441,-538302.762846134,871.162839182844,1,0,0.000967855847348329,1,123,1000,2,"poisson","fixed",0.000193571169469666,5,"5*eta0",0.000967855847348329,0.967855847348329,"fixed | 5*eta0"
1442,-501817.68634838,871.162839182846,1,0,0.000967855847348329,1,123,1000,2,"poisson","fixed",0.000193571169469666,5,"5*eta0",0.000967855847348329,0.967855847348329,"fixed | 5*eta0"
1443,-538302.762846134,871.162839182845,1,0,0.000967855847348329,1,123,1000,2,"poisson","fixed",0.000193571169469666,5,"5*eta0",0.000967855847348329,0.967855847348329,"fixed | 5*eta0"
1444,-501817.68634838,871.162839182843,1,0,0.000967855847348329,1,123,1000,2,"poisson","fixed",0.000193571169469666,5,"5*eta0",0.000967855847348329,0.967855847348329,"fixed | 5*eta0"
1445,-538302.762846134,871.162839182844,1,0,0.000967855847348329,1,123,1000,2,"poisson","fixed",0.000193571169469666,5,"5*eta0",0.000967855847348329,0.967855847348329,"fixed | 5*eta0"
1446,-501817.68634838,871.162839182846,1,0,0.000967855847348329,1,123,1000,2,"poisson","fixed",0.000193571169469666,5,"5*eta0",0.000967855847348329,0.967855847348329,"fixed | 5*eta0"
1447,-538302.762846134,871.162839182845,1,0,0.000967855847348329,1,123,1000,2,"poisson","fixed",0.000193571169469666,5,"5*eta0",0.000967855847348329,0.967855847348329,"fixed | 5*eta0"
1448,-501817.68634838,871.162839182843,1,0,0.000967855847348329,1,123,1000,2,"poisson","fixed",0.000193571169469666,5,"5*eta0",0.000967855847348329,0.967855847348329,"fixed | 5*eta0"
1449,-538302.762846134,871.162839182844,1,0,0.000967855847348329,1,123,1000,2,"poisson","fixed",0.000193571169469666,5,"5*eta0",0.000967855847348329,0.967855847348329,"fixed | 5*eta0"
1450,-501817.68634838,871.162839182846,1,0,0.000967855847348329,1,123,1000,2,"poisson","fixed",0.000193571169469666,5,"5*eta0",0.000967855847348329,0.967855847348329,"fixed | 5*eta0"
1451,-538302.762846134,871.162839182845,1,0,0.000967855847348329,1,123,1000,2,"poisson","fixed",0.000193571169469666,5,"5*eta0",0.000967855847348329,0.967855847348329,"fixed | 5*eta0"
1452,-501817.68634838,871.162839182843,1,0,0.000967855847348329,1,123,1000,2,"poisson","fixed",0.000193571169469666,5,"5*eta0",0.000967855847348329,0.967855847348329,"fixed | 5*eta0"
1453,-538302.762846134,871.162839182844,1,0,0.000967855847348329,1,123,1000,2,"poisson","fixed",0.000193571169469666,5,"5*eta0",0.000967855847348329,0.967855847348329,"fixed | 5*eta0"
1454,-501817.68634838,871.162839182846,1,0,0.000967855847348329,1,123,1000,2,"poisson","fixed",0.000193571169469666,5,"5*eta0",0.000967855847348329,0.967855847348329,"fixed | 5*eta0"
1455,-538302.762846134,871.162839182845,1,0,0.000967855847348329,1,123,1000,2,"poisson","fixed",0.000193571169469666,5,"5*eta0",0.000967855847348329,0.967855847348329,"fixed | 5*eta0"
1456,-501817.68634838,871.162839182844,1,0,0.000967855847348329,1,123,1000,2,"poisson","fixed",0.000193571169469666,5,"5*eta0",0.000967855847348329,0.967855847348329,"fixed | 5*eta0"
1457,-538302.762846134,871.162839182844,1,0,0.000967855847348329,1,123,1000,2,"poisson","fixed",0.000193571169469666,5,"5*eta0",0.000967855847348329,0.967855847348329,"fixed | 5*eta0"
1458,-501817.68634838,871.162839182845,1,0,0.000967855847348329,1,123,1000,2,"poisson","fixed",0.000193571169469666,5,"5*eta0",0.000967855847348329,0.967855847348329,"fixed | 5*eta0"
1459,-538302.762846134,871.162839182845,1,0,0.000967855847348329,1,123,1000,2,"poisson","fixed",0.000193571169469666,5,"5*eta0",0.000967855847348329,0.967855847348329,"fixed | 5*eta0"
1460,-501817.68634838,871.162839182844,1,0,0.000967855847348329,1,123,1000,2,"poisson","fixed",0.000193571169469666,5,"5*eta0",0.000967855847348329,0.967855847348329,"fixed | 5*eta0"
1461,-538302.762846134,871.162839182844,1,0,0.000967855847348329,1,123,1000,2,"poisson","fixed",0.000193571169469666,5,"5*eta0",0.000967855847348329,0.967855847348329,"fixed | 5*eta0"
1462,-501817.68634838,871.162839182845,1,0,0.000967855847348329,1,123,1000,2,"poisson","fixed",0.000193571169469666,5,"5*eta0",0.000967855847348329,0.967855847348329,"fixed | 5*eta0"
1463,-538302.762846134,871.162839182845,1,0,0.000967855847348329,1,123,1000,2,"poisson","fixed",0.000193571169469666,5,"5*eta0",0.000967855847348329,0.967855847348329,"fixed | 5*eta0"
1464,-501817.68634838,871.162839182844,1,0,0.000967855847348329,1,123,1000,2,"poisson","fixed",0.000193571169469666,5,"5*eta0",0.000967855847348329,0.967855847348329,"fixed | 5*eta0"
1465,-538302.762846134,871.162839182844,1,0,0.000967855847348329,1,123,1000,2,"poisson","fixed",0.000193571169469666,5,"5*eta0",0.000967855847348329,0.967855847348329,"fixed | 5*eta0"
1466,-501817.68634838,871.162839182846,1,0,0.000967855847348329,1,123,1000,2,"poisson","fixed",0.000193571169469666,5,"5*eta0",0.000967855847348329,0.967855847348329,"fixed | 5*eta0"
1467,-538302.762846134,871.162839182845,1,0,0.000967855847348329,1,123,1000,2,"poisson","fixed",0.000193571169469666,5,"5*eta0",0.000967855847348329,0.967855847348329,"fixed | 5*eta0"
1468,-501817.68634838,871.162839182843,1,0,0.000967855847348329,1,123,1000,2,"poisson","fixed",0.000193571169469666,5,"5*eta0",0.000967855847348329,0.967855847348329,"fixed | 5*eta0"
1469,-538302.762846134,871.162839182844,1,0,0.000967855847348329,1,123,1000,2,"poisson","fixed",0.000193571169469666,5,"5*eta0",0.000967855847348329,0.967855847348329,"fixed | 5*eta0"
1470,-501817.68634838,871.162839182846,1,0,0.000967855847348329,1,123,1000,2,"poisson","fixed",0.000193571169469666,5,"5*eta0",0.000967855847348329,0.967855847348329,"fixed | 5*eta0"
1471,-538302.762846134,871.162839182845,1,0,0.000967855847348329,1,123,1000,2,"poisson","fixed",0.000193571169469666,5,"5*eta0",0.000967855847348329,0.967855847348329,"fixed | 5*eta0"
1472,-501817.68634838,871.162839182844,1,0,0.000967855847348329,1,123,1000,2,"poisson","fixed",0.000193571169469666,5,"5*eta0",0.000967855847348329,0.967855847348329,"fixed | 5*eta0"
1473,-538302.762846134,871.162839182844,1,0,0.000967855847348329,1,123,1000,2,"poisson","fixed",0.000193571169469666,5,"5*eta0",0.000967855847348329,0.967855847348329,"fixed | 5*eta0"
1474,-501817.68634838,871.162839182845,1,0,0.000967855847348329,1,123,1000,2,"poisson","fixed",0.000193571169469666,5,"5*eta0",0.000967855847348329,0.967855847348329,"fixed | 5*eta0"
1475,-538302.762846134,871.162839182845,1,0,0.000967855847348329,1,123,1000,2,"poisson","fixed",0.000193571169469666,5,"5*eta0",0.000967855847348329,0.967855847348329,"fixed | 5*eta0"
1476,-501817.68634838,871.162839182844,1,0,0.000967855847348329,1,123,1000,2,"poisson","fixed",0.000193571169469666,5,"5*eta0",0.000967855847348329,0.967855847348329,"fixed | 5*eta0"
1477,-538302.762846134,871.162839182844,1,0,0.000967855847348329,1,123,1000,2,"poisson","fixed",0.000193571169469666,5,"5*eta0",0.000967855847348329,0.967855847348329,"fixed | 5*eta0"
1478,-501817.68634838,871.162839182845,1,0,0.000967855847348329,1,123,1000,2,"poisson","fixed",0.000193571169469666,5,"5*eta0",0.000967855847348329,0.967855847348329,"fixed | 5*eta0"
1479,-538302.762846134,871.162839182845,1,0,0.000967855847348329,1,123,1000,2,"poisson","fixed",0.000193571169469666,5,"5*eta0",0.000967855847348329,0.967855847348329,"fixed | 5*eta0"
1480,-501817.68634838,871.162839182844,1,0,0.000967855847348329,1,123,1000,2,"poisson","fixed",0.000193571169469666,5,"5*eta0",0.000967855847348329,0.967855847348329,"fixed | 5*eta0"
1481,-538302.762846134,871.162839182844,1,0,0.000967855847348329,1,123,1000,2,"poisson","fixed",0.000193571169469666,5,"5*eta0",0.000967855847348329,0.967855847348329,"fixed | 5*eta0"
1482,-501817.68634838,871.162839182846,1,0,0.000967855847348329,1,123,1000,2,"poisson","fixed",0.000193571169469666,5,"5*eta0",0.000967855847348329,0.967855847348329,"fixed | 5*eta0"
1483,-538302.762846134,871.162839182845,1,0,0.000967855847348329,1,123,1000,2,"poisson","fixed",0.000193571169469666,5,"5*eta0",0.000967855847348329,0.967855847348329,"fixed | 5*eta0"
1484,-501817.68634838,871.162839182844,1,0,0.000967855847348329,1,123,1000,2,"poisson","fixed",0.000193571169469666,5,"5*eta0",0.000967855847348329,0.967855847348329,"fixed | 5*eta0"
1485,-538302.762846134,871.162839182844,1,0,0.000967855847348329,1,123,1000,2,"poisson","fixed",0.000193571169469666,5,"5*eta0",0.000967855847348329,0.967855847348329,"fixed | 5*eta0"
1486,-501817.68634838,871.162839182846,1,0,0.000967855847348329,1,123,1000,2,"poisson","fixed",0.000193571169469666,5,"5*eta0",0.000967855847348329,0.967855847348329,"fixed | 5*eta0"
1487,-538302.762846134,871.162839182845,1,0,0.000967855847348329,1,123,1000,2,"poisson","fixed",0.000193571169469666,5,"5*eta0",0.000967855847348329,0.967855847348329,"fixed | 5*eta0"
1488,-501817.68634838,871.162839182844,1,0,0.000967855847348329,1,123,1000,2,"poisson","fixed",0.000193571169469666,5,"5*eta0",0.000967855847348329,0.967855847348329,"fixed | 5*eta0"
1489,-538302.762846134,871.162839182844,1,0,0.000967855847348329,1,123,1000,2,"poisson","fixed",0.000193571169469666,5,"5*eta0",0.000967855847348329,0.967855847348329,"fixed | 5*eta0"
1490,-501817.68634838,871.162839182846,1,0,0.000967855847348329,1,123,1000,2,"poisson","fixed",0.000193571169469666,5,"5*eta0",0.000967855847348329,0.967855847348329,"fixed | 5*eta0"
1491,-538302.762846134,871.162839182846,1,0,0.000967855847348329,1,123,1000,2,"poisson","fixed",0.000193571169469666,5,"5*eta0",0.000967855847348329,0.967855847348329,"fixed | 5*eta0"
1492,-501817.68634838,871.162839182844,1,0,0.000967855847348329,1,123,1000,2,"poisson","fixed",0.000193571169469666,5,"5*eta0",0.000967855847348329,0.967855847348329,"fixed | 5*eta0"
1493,-538302.762846134,871.162839182844,1,0,0.000967855847348329,1,123,1000,2,"poisson","fixed",0.000193571169469666,5,"5*eta0",0.000967855847348329,0.967855847348329,"fixed | 5*eta0"
1494,-501817.68634838,871.162839182845,1,0,0.000967855847348329,1,123,1000,2,"poisson","fixed",0.000193571169469666,5,"5*eta0",0.000967855847348329,0.967855847348329,"fixed | 5*eta0"
1495,-538302.762846134,871.162839182845,1,0,0.000967855847348329,1,123,1000,2,"poisson","fixed",0.000193571169469666,5,"5*eta0",0.000967855847348329,0.967855847348329,"fixed | 5*eta0"
1496,-501817.68634838,871.162839182844,1,0,0.000967855847348329,1,123,1000,2,"poisson","fixed",0.000193571169469666,5,"5*eta0",0.000967855847348329,0.967855847348329,"fixed | 5*eta0"
1497,-538302.762846134,871.162839182844,1,0,0.000967855847348329,1,123,1000,2,"poisson","fixed",0.000193571169469666,5,"5*eta0",0.000967855847348329,0.967855847348329,"fixed | 5*eta0"
1498,-501817.68634838,871.162839182846,1,0,0.000967855847348329,1,123,1000,2,"poisson","fixed",0.000193571169469666,5,"5*eta0",0.000967855847348329,0.967855847348329,"fixed | 5*eta0"
1499,-538302.762846134,871.162839182845,1,0,0.000967855847348329,1,123,1000,2,"poisson","fixed",0.000193571169469666,5,"5*eta0",0.000967855847348329,0.967855847348329,"fixed | 5*eta0"
1500,-501817.68634838,871.162839182844,1,0,0.000967855847348329,1,123,1000,2,"poisson","fixed",0.000193571169469666,5,"5*eta0",0.000967855847348329,0.967855847348329,"fixed | 5*eta0"
1501,-538302.762846134,871.162839182844,1,0,0.000967855847348329,1,123,1000,2,"poisson","fixed",0.000193571169469666,5,"5*eta0",0.000967855847348329,0.967855847348329,"fixed | 5*eta0"
1502,-501817.68634838,871.162839182846,1,0,0.000967855847348329,1,123,1000,2,"poisson","fixed",0.000193571169469666,5,"5*eta0",0.000967855847348329,0.967855847348329,"fixed | 5*eta0"
1503,-538302.762846134,871.162839182845,1,0,0.000967855847348329,1,123,1000,2,"poisson","fixed",0.000193571169469666,5,"5*eta0",0.000967855847348329,0.967855847348329,"fixed | 5*eta0"
1504,-501817.68634838,871.162839182844,1,0,0.000967855847348329,1,123,1000,2,"poisson","fixed",0.000193571169469666,5,"5*eta0",0.000967855847348329,0.967855847348329,"fixed | 5*eta0"
1505,-538302.762846134,871.162839182844,1,0,0.000967855847348329,1,123,1000,2,"poisson","fixed",0.000193571169469666,5,"5*eta0",0.000967855847348329,0.967855847348329,"fixed | 5*eta0"
1506,-501817.68634838,871.162839182846,1,0,0.000967855847348329,1,123,1000,2,"poisson","fixed",0.000193571169469666,5,"5*eta0",0.000967855847348329,0.967855847348329,"fixed | 5*eta0"
1507,-538302.762846134,871.162839182845,1,0,0.000967855847348329,1,123,1000,2,"poisson","fixed",0.000193571169469666,5,"5*eta0",0.000967855847348329,0.967855847348329,"fixed | 5*eta0"
1508,-501817.68634838,871.162839182844,1,0,0.000967855847348329,1,123,1000,2,"poisson","fixed",0.000193571169469666,5,"5*eta0",0.000967855847348329,0.967855847348329,"fixed | 5*eta0"
1509,-538302.762846134,871.162839182844,1,0,0.000967855847348329,1,123,1000,2,"poisson","fixed",0.000193571169469666,5,"5*eta0",0.000967855847348329,0.967855847348329,"fixed | 5*eta0"
1510,-501817.68634838,871.162839182846,1,0,0.000967855847348329,1,123,1000,2,"poisson","fixed",0.000193571169469666,5,"5*eta0",0.000967855847348329,0.967855847348329,"fixed | 5*eta0"
1511,-538302.762846134,871.162839182845,1,0,0.000967855847348329,1,123,1000,2,"poisson","fixed",0.000193571169469666,5,"5*eta0",0.000967855847348329,0.967855847348329,"fixed | 5*eta0"
1512,-501817.68634838,871.162839182844,1,0,0.000967855847348329,1,123,1000,2,"poisson","fixed",0.000193571169469666,5,"5*eta0",0.000967855847348329,0.967855847348329,"fixed | 5*eta0"
1513,-538302.762846134,871.162839182844,1,0,0.000967855847348329,1,123,1000,2,"poisson","fixed",0.000193571169469666,5,"5*eta0",0.000967855847348329,0.967855847348329,"fixed | 5*eta0"
1514,-501817.68634838,871.162839182846,1,0,0.000967855847348329,1,123,1000,2,"poisson","fixed",0.000193571169469666,5,"5*eta0",0.000967855847348329,0.967855847348329,"fixed | 5*eta0"
1515,-538302.762846134,871.162839182845,1,0,0.000967855847348329,1,123,1000,2,"poisson","fixed",0.000193571169469666,5,"5*eta0",0.000967855847348329,0.967855847348329,"fixed | 5*eta0"
1516,-501817.68634838,871.162839182844,1,0,0.000967855847348329,1,123,1000,2,"poisson","fixed",0.000193571169469666,5,"5*eta0",0.000967855847348329,0.967855847348329,"fixed | 5*eta0"
1517,-538302.762846134,871.162839182844,1,0,0.000967855847348329,1,123,1000,2,"poisson","fixed",0.000193571169469666,5,"5*eta0",0.000967855847348329,0.967855847348329,"fixed | 5*eta0"
1518,-501817.68634838,871.162839182845,1,0,0.000967855847348329,1,123,1000,2,"poisson","fixed",0.000193571169469666,5,"5*eta0",0.000967855847348329,0.967855847348329,"fixed | 5*eta0"
1519,-538302.762846134,871.162839182845,1,0,0.000967855847348329,1,123,1000,2,"poisson","fixed",0.000193571169469666,5,"5*eta0",0.000967855847348329,0.967855847348329,"fixed | 5*eta0"
1520,-501817.68634838,871.162839182844,1,0,0.000967855847348329,1,123,1000,2,"poisson","fixed",0.000193571169469666,5,"5*eta0",0.000967855847348329,0.967855847348329,"fixed | 5*eta0"
1521,-538302.762846134,871.162839182844,1,0,0.000967855847348329,1,123,1000,2,"poisson","fixed",0.000193571169469666,5,"5*eta0",0.000967855847348329,0.967855847348329,"fixed | 5*eta0"
1522,-501817.68634838,871.162839182846,1,0,0.000967855847348329,1,123,1000,2,"poisson","fixed",0.000193571169469666,5,"5*eta0",0.000967855847348329,0.967855847348329,"fixed | 5*eta0"
1523,-538302.762846134,871.162839182845,1,0,0.000967855847348329,1,123,1000,2,"poisson","fixed",0.000193571169469666,5,"5*eta0",0.000967855847348329,0.967855847348329,"fixed | 5*eta0"
1524,-501817.68634838,871.162839182843,1,0,0.000967855847348329,1,123,1000,2,"poisson","fixed",0.000193571169469666,5,"5*eta0",0.000967855847348329,0.967855847348329,"fixed | 5*eta0"
1525,-538302.762846134,871.162839182844,1,0,0.000967855847348329,1,123,1000,2,"poisson","fixed",0.000193571169469666,5,"5*eta0",0.000967855847348329,0.967855847348329,"fixed | 5*eta0"
1526,-501817.68634838,871.162839182846,1,0,0.000967855847348329,1,123,1000,2,"poisson","fixed",0.000193571169469666,5,"5*eta0",0.000967855847348329,0.967855847348329,"fixed | 5*eta0"
1527,-538302.762846134,871.162839182845,1,0,0.000967855847348329,1,123,1000,2,"poisson","fixed",0.000193571169469666,5,"5*eta0",0.000967855847348329,0.967855847348329,"fixed | 5*eta0"
1528,-501817.68634838,871.162839182843,1,0,0.000967855847348329,1,123,1000,2,"poisson","fixed",0.000193571169469666,5,"5*eta0",0.000967855847348329,0.967855847348329,"fixed | 5*eta0"
1529,-538302.762846134,871.162839182844,1,0,0.000967855847348329,1,123,1000,2,"poisson","fixed",0.000193571169469666,5,"5*eta0",0.000967855847348329,0.967855847348329,"fixed | 5*eta0"
1530,-501817.68634838,871.162839182846,1,0,0.000967855847348329,1,123,1000,2,"poisson","fixed",0.000193571169469666,5,"5*eta0",0.000967855847348329,0.967855847348329,"fixed | 5*eta0"
1531,-538302.762846134,871.162839182845,1,0,0.000967855847348329,1,123,1000,2,"poisson","fixed",0.000193571169469666,5,"5*eta0",0.000967855847348329,0.967855847348329,"fixed | 5*eta0"
1532,-501817.68634838,871.162839182843,1,0,0.000967855847348329,1,123,1000,2,"poisson","fixed",0.000193571169469666,5,"5*eta0",0.000967855847348329,0.967855847348329,"fixed | 5*eta0"
1533,-538302.762846134,871.162839182844,1,0,0.000967855847348329,1,123,1000,2,"poisson","fixed",0.000193571169469666,5,"5*eta0",0.000967855847348329,0.967855847348329,"fixed | 5*eta0"
1534,-501817.68634838,871.162839182846,1,0,0.000967855847348329,1,123,1000,2,"poisson","fixed",0.000193571169469666,5,"5*eta0",0.000967855847348329,0.967855847348329,"fixed | 5*eta0"
1535,-538302.762846134,871.162839182845,1,0,0.000967855847348329,1,123,1000,2,"poisson","fixed",0.000193571169469666,5,"5*eta0",0.000967855847348329,0.967855847348329,"fixed | 5*eta0"
1536,-501817.68634838,871.162839182844,1,0,0.000967855847348329,1,123,1000,2,"poisson","fixed",0.000193571169469666,5,"5*eta0",0.000967855847348329,0.967855847348329,"fixed | 5*eta0"
1537,-538302.762846134,871.162839182844,1,0,0.000967855847348329,1,123,1000,2,"poisson","fixed",0.000193571169469666,5,"5*eta0",0.000967855847348329,0.967855847348329,"fixed | 5*eta0"
1538,-501817.68634838,871.162839182845,1,0,0.000967855847348329,1,123,1000,2,"poisson","fixed",0.000193571169469666,5,"5*eta0",0.000967855847348329,0.967855847348329,"fixed | 5*eta0"
1539,-538302.762846134,871.162839182845,1,0,0.000967855847348329,1,123,1000,2,"poisson","fixed",0.000193571169469666,5,"5*eta0",0.000967855847348329,0.967855847348329,"fixed | 5*eta0"
1540,-501817.68634838,871.162839182844,1,0,0.000967855847348329,1,123,1000,2,"poisson","fixed",0.000193571169469666,5,"5*eta0",0.000967855847348329,0.967855847348329,"fixed | 5*eta0"
1541,-538302.762846134,871.162839182844,1,0,0.000967855847348329,1,123,1000,2,"poisson","fixed",0.000193571169469666,5,"5*eta0",0.000967855847348329,0.967855847348329,"fixed | 5*eta0"
1542,-501817.68634838,871.162839182845,1,0,0.000967855847348329,1,123,1000,2,"poisson","fixed",0.000193571169469666,5,"5*eta0",0.000967855847348329,0.967855847348329,"fixed | 5*eta0"
1543,-538302.762846134,871.162839182845,1,0,0.000967855847348329,1,123,1000,2,"poisson","fixed",0.000193571169469666,5,"5*eta0",0.000967855847348329,0.967855847348329,"fixed | 5*eta0"
1544,-501817.68634838,871.162839182844,1,0,0.000967855847348329,1,123,1000,2,"poisson","fixed",0.000193571169469666,5,"5*eta0",0.000967855847348329,0.967855847348329,"fixed | 5*eta0"
1545,-538302.762846134,871.162839182844,1,0,0.000967855847348329,1,123,1000,2,"poisson","fixed",0.000193571169469666,5,"5*eta0",0.000967855847348329,0.967855847348329,"fixed | 5*eta0"
1546,-501817.68634838,871.162839182845,1,0,0.000967855847348329,1,123,1000,2,"poisson","fixed",0.000193571169469666,5,"5*eta0",0.000967855847348329,0.967855847348329,"fixed | 5*eta0"
1547,-538302.762846134,871.162839182845,1,0,0.000967855847348329,1,123,1000,2,"poisson","fixed",0.000193571169469666,5,"5*eta0",0.000967855847348329,0.967855847348329,"fixed | 5*eta0"
1548,-501817.68634838,871.162839182844,1,0,0.000967855847348329,1,123,1000,2,"poisson","fixed",0.000193571169469666,5,"5*eta0",0.000967855847348329,0.967855847348329,"fixed | 5*eta0"
1549,-538302.762846134,871.162839182844,1,0,0.000967855847348329,1,123,1000,2,"poisson","fixed",0.000193571169469666,5,"5*eta0",0.000967855847348329,0.967855847348329,"fixed | 5*eta0"
1550,-501817.68634838,871.162839182846,1,0,0.000967855847348329,1,123,1000,2,"poisson","fixed",0.000193571169469666,5,"5*eta0",0.000967855847348329,0.967855847348329,"fixed | 5*eta0"
1551,-538302.762846134,871.162839182845,1,0,0.000967855847348329,1,123,1000,2,"poisson","fixed",0.000193571169469666,5,"5*eta0",0.000967855847348329,0.967855847348329,"fixed | 5*eta0"
1552,-501817.68634838,871.162839182844,1,0,0.000967855847348329,1,123,1000,2,"poisson","fixed",0.000193571169469666,5,"5*eta0",0.000967855847348329,0.967855847348329,"fixed | 5*eta0"
1553,-538302.762846134,871.162839182844,1,0,0.000967855847348329,1,123,1000,2,"poisson","fixed",0.000193571169469666,5,"5*eta0",0.000967855847348329,0.967855847348329,"fixed | 5*eta0"
1554,-501817.68634838,871.162839182846,1,0,0.000967855847348329,1,123,1000,2,"poisson","fixed",0.000193571169469666,5,"5*eta0",0.000967855847348329,0.967855847348329,"fixed | 5*eta0"
1555,-538302.762846134,871.162839182845,1,0,0.000967855847348329,1,123,1000,2,"poisson","fixed",0.000193571169469666,5,"5*eta0",0.000967855847348329,0.967855847348329,"fixed | 5*eta0"
1556,-501817.68634838,871.162839182843,1,0,0.000967855847348329,1,123,1000,2,"poisson","fixed",0.000193571169469666,5,"5*eta0",0.000967855847348329,0.967855847348329,"fixed | 5*eta0"
1557,-538302.762846134,871.162839182844,1,0,0.000967855847348329,1,123,1000,2,"poisson","fixed",0.000193571169469666,5,"5*eta0",0.000967855847348329,0.967855847348329,"fixed | 5*eta0"
1558,-501817.68634838,871.162839182846,1,0,0.000967855847348329,1,123,1000,2,"poisson","fixed",0.000193571169469666,5,"5*eta0",0.000967855847348329,0.967855847348329,"fixed | 5*eta0"
1559,-538302.762846134,871.162839182845,1,0,0.000967855847348329,1,123,1000,2,"poisson","fixed",0.000193571169469666,5,"5*eta0",0.000967855847348329,0.967855847348329,"fixed | 5*eta0"
1560,-501817.68634838,871.162839182843,1,0,0.000967855847348329,1,123,1000,2,"poisson","fixed",0.000193571169469666,5,"5*eta0",0.000967855847348329,0.967855847348329,"fixed | 5*eta0"
1561,-538302.762846134,871.162839182844,1,0,0.000967855847348329,1,123,1000,2,"poisson","fixed",0.000193571169469666,5,"5*eta0",0.000967855847348329,0.967855847348329,"fixed | 5*eta0"
1562,-501817.68634838,871.162839182846,1,0,0.000967855847348329,1,123,1000,2,"poisson","fixed",0.000193571169469666,5,"5*eta0",0.000967855847348329,0.967855847348329,"fixed | 5*eta0"
1563,-538302.762846134,871.162839182845,1,0,0.000967855847348329,1,123,1000,2,"poisson","fixed",0.000193571169469666,5,"5*eta0",0.000967855847348329,0.967855847348329,"fixed | 5*eta0"
1564,-501817.68634838,871.162839182844,1,0,0.000967855847348329,1,123,1000,2,"poisson","fixed",0.000193571169469666,5,"5*eta0",0.000967855847348329,0.967855847348329,"fixed | 5*eta0"
1565,-538302.762846134,871.162839182844,1,0,0.000967855847348329,1,123,1000,2,"poisson","fixed",0.000193571169469666,5,"5*eta0",0.000967855847348329,0.967855847348329,"fixed | 5*eta0"
1566,-501817.68634838,871.162839182846,1,0,0.000967855847348329,1,123,1000,2,"poisson","fixed",0.000193571169469666,5,"5*eta0",0.000967855847348329,0.967855847348329,"fixed | 5*eta0"
1567,-538302.762846134,871.162839182845,1,0,0.000967855847348329,1,123,1000,2,"poisson","fixed",0.000193571169469666,5,"5*eta0",0.000967855847348329,0.967855847348329,"fixed | 5*eta0"
1568,-501817.68634838,871.162839182843,1,0,0.000967855847348329,1,123,1000,2,"poisson","fixed",0.000193571169469666,5,"5*eta0",0.000967855847348329,0.967855847348329,"fixed | 5*eta0"
1569,-538302.762846134,871.162839182844,1,0,0.000967855847348329,1,123,1000,2,"poisson","fixed",0.000193571169469666,5,"5*eta0",0.000967855847348329,0.967855847348329,"fixed | 5*eta0"
1570,-501817.68634838,871.162839182846,1,0,0.000967855847348329,1,123,1000,2,"poisson","fixed",0.000193571169469666,5,"5*eta0",0.000967855847348329,0.967855847348329,"fixed | 5*eta0"
1571,-538302.762846134,871.162839182845,1,0,0.000967855847348329,1,123,1000,2,"poisson","fixed",0.000193571169469666,5,"5*eta0",0.000967855847348329,0.967855847348329,"fixed | 5*eta0"
1572,-501817.68634838,871.162839182843,1,0,0.000967855847348329,1,123,1000,2,"poisson","fixed",0.000193571169469666,5,"5*eta0",0.000967855847348329,0.967855847348329,"fixed | 5*eta0"
1573,-538302.762846134,871.162839182844,1,0,0.000967855847348329,1,123,1000,2,"poisson","fixed",0.000193571169469666,5,"5*eta0",0.000967855847348329,0.967855847348329,"fixed | 5*eta0"
1574,-501817.68634838,871.162839182846,1,0,0.000967855847348329,1,123,1000,2,"poisson","fixed",0.000193571169469666,5,"5*eta0",0.000967855847348329,0.967855847348329,"fixed | 5*eta0"
1575,-538302.762846134,871.162839182845,1,0,0.000967855847348329,1,123,1000,2,"poisson","fixed",0.000193571169469666,5,"5*eta0",0.000967855847348329,0.967855847348329,"fixed | 5*eta0"
1576,-501817.68634838,871.162839182844,1,0,0.000967855847348329,1,123,1000,2,"poisson","fixed",0.000193571169469666,5,"5*eta0",0.000967855847348329,0.967855847348329,"fixed | 5*eta0"
1577,-538302.762846134,871.162839182844,1,0,0.000967855847348329,1,123,1000,2,"poisson","fixed",0.000193571169469666,5,"5*eta0",0.000967855847348329,0.967855847348329,"fixed | 5*eta0"
1578,-501817.68634838,871.162839182846,1,0,0.000967855847348329,1,123,1000,2,"poisson","fixed",0.000193571169469666,5,"5*eta0",0.000967855847348329,0.967855847348329,"fixed | 5*eta0"
1579,-538302.762846134,871.162839182845,1,0,0.000967855847348329,1,123,1000,2,"poisson","fixed",0.000193571169469666,5,"5*eta0",0.000967855847348329,0.967855847348329,"fixed | 5*eta0"
1580,-501817.68634838,871.162839182844,1,0,0.000967855847348329,1,123,1000,2,"poisson","fixed",0.000193571169469666,5,"5*eta0",0.000967855847348329,0.967855847348329,"fixed | 5*eta0"
1581,-538302.762846134,871.162839182844,1,0,0.000967855847348329,1,123,1000,2,"poisson","fixed",0.000193571169469666,5,"5*eta0",0.000967855847348329,0.967855847348329,"fixed | 5*eta0"
1582,-501817.68634838,871.162839182845,1,0,0.000967855847348329,1,123,1000,2,"poisson","fixed",0.000193571169469666,5,"5*eta0",0.000967855847348329,0.967855847348329,"fixed | 5*eta0"
1583,-538302.762846134,871.162839182845,1,0,0.000967855847348329,1,123,1000,2,"poisson","fixed",0.000193571169469666,5,"5*eta0",0.000967855847348329,0.967855847348329,"fixed | 5*eta0"
1584,-501817.68634838,871.162839182844,1,0,0.000967855847348329,1,123,1000,2,"poisson","fixed",0.000193571169469666,5,"5*eta0",0.000967855847348329,0.967855847348329,"fixed | 5*eta0"
1585,-538302.762846134,871.162839182844,1,0,0.000967855847348329,1,123,1000,2,"poisson","fixed",0.000193571169469666,5,"5*eta0",0.000967855847348329,0.967855847348329,"fixed | 5*eta0"
1586,-501817.68634838,871.162839182845,1,0,0.000967855847348329,1,123,1000,2,"poisson","fixed",0.000193571169469666,5,"5*eta0",0.000967855847348329,0.967855847348329,"fixed | 5*eta0"
1587,-538302.762846134,871.162839182845,1,0,0.000967855847348329,1,123,1000,2,"poisson","fixed",0.000193571169469666,5,"5*eta0",0.000967855847348329,0.967855847348329,"fixed | 5*eta0"
1588,-501817.68634838,871.162839182844,1,0,0.000967855847348329,1,123,1000,2,"poisson","fixed",0.000193571169469666,5,"5*eta0",0.000967855847348329,0.967855847348329,"fixed | 5*eta0"
1589,-538302.762846134,871.162839182844,1,0,0.000967855847348329,1,123,1000,2,"poisson","fixed",0.000193571169469666,5,"5*eta0",0.000967855847348329,0.967855847348329,"fixed | 5*eta0"
1590,-501817.68634838,871.162839182846,1,0,0.000967855847348329,1,123,1000,2,"poisson","fixed",0.000193571169469666,5,"5*eta0",0.000967855847348329,0.967855847348329,"fixed | 5*eta0"
1591,-538302.762846134,871.162839182845,1,0,0.000967855847348329,1,123,1000,2,"poisson","fixed",0.000193571169469666,5,"5*eta0",0.000967855847348329,0.967855847348329,"fixed | 5*eta0"
1592,-501817.68634838,871.162839182844,1,0,0.000967855847348329,1,123,1000,2,"poisson","fixed",0.000193571169469666,5,"5*eta0",0.000967855847348329,0.967855847348329,"fixed | 5*eta0"
1593,-538302.762846134,871.162839182844,1,0,0.000967855847348329,1,123,1000,2,"poisson","fixed",0.000193571169469666,5,"5*eta0",0.000967855847348329,0.967855847348329,"fixed | 5*eta0"
1594,-501817.68634838,871.162839182846,1,0,0.000967855847348329,1,123,1000,2,"poisson","fixed",0.000193571169469666,5,"5*eta0",0.000967855847348329,0.967855847348329,"fixed | 5*eta0"
1595,-538302.762846134,871.162839182845,1,0,0.000967855847348329,1,123,1000,2,"poisson","fixed",0.000193571169469666,5,"5*eta0",0.000967855847348329,0.967855847348329,"fixed | 5*eta0"
1596,-501817.68634838,871.162839182843,1,0,0.000967855847348329,1,123,1000,2,"poisson","fixed",0.000193571169469666,5,"5*eta0",0.000967855847348329,0.967855847348329,"fixed | 5*eta0"
1597,-538302.762846134,871.162839182844,1,0,0.000967855847348329,1,123,1000,2,"poisson","fixed",0.000193571169469666,5,"5*eta0",0.000967855847348329,0.967855847348329,"fixed | 5*eta0"
1598,-501817.68634838,871.162839182846,1,0,0.000967855847348329,1,123,1000,2,"poisson","fixed",0.000193571169469666,5,"5*eta0",0.000967855847348329,0.967855847348329,"fixed | 5*eta0"
1599,-538302.762846134,871.162839182845,1,0,0.000967855847348329,1,123,1000,2,"poisson","fixed",0.000193571169469666,5,"5*eta0",0.000967855847348329,0.967855847348329,"fixed | 5*eta0"
1600,-501817.68634838,871.162839182844,1,0,0.000967855847348329,1,123,1000,2,"poisson","fixed",0.000193571169469666,5,"5*eta0",0.000967855847348329,0.967855847348329,"fixed | 5*eta0"
1601,-538302.762846134,871.162839182844,1,0,0.000967855847348329,1,123,1000,2,"poisson","fixed",0.000193571169469666,5,"5*eta0",0.000967855847348329,0.967855847348329,"fixed | 5*eta0"
1602,-501817.68634838,871.162839182846,1,0,0.000967855847348329,1,123,1000,2,"poisson","fixed",0.000193571169469666,5,"5*eta0",0.000967855847348329,0.967855847348329,"fixed | 5*eta0"
1603,-538302.762846134,871.162839182845,1,0,0.000967855847348329,1,123,1000,2,"poisson","fixed",0.000193571169469666,5,"5*eta0",0.000967855847348329,0.967855847348329,"fixed | 5*eta0"
1604,-501817.68634838,871.162839182844,1,0,0.000967855847348329,1,123,1000,2,"poisson","fixed",0.000193571169469666,5,"5*eta0",0.000967855847348329,0.967855847348329,"fixed | 5*eta0"
1605,-538302.762846134,871.162839182844,1,0,0.000967855847348329,1,123,1000,2,"poisson","fixed",0.000193571169469666,5,"5*eta0",0.000967855847348329,0.967855847348329,"fixed | 5*eta0"
1606,-501817.68634838,871.162839182845,1,0,0.000967855847348329,1,123,1000,2,"poisson","fixed",0.000193571169469666,5,"5*eta0",0.000967855847348329,0.967855847348329,"fixed | 5*eta0"
1607,-538302.762846134,871.162839182845,1,0,0.000967855847348329,1,123,1000,2,"poisson","fixed",0.000193571169469666,5,"5*eta0",0.000967855847348329,0.967855847348329,"fixed | 5*eta0"
1608,-501817.68634838,871.162839182844,1,0,0.000967855847348329,1,123,1000,2,"poisson","fixed",0.000193571169469666,5,"5*eta0",0.000967855847348329,0.967855847348329,"fixed | 5*eta0"
1609,-538302.762846134,871.162839182844,1,0,0.000967855847348329,1,123,1000,2,"poisson","fixed",0.000193571169469666,5,"5*eta0",0.000967855847348329,0.967855847348329,"fixed | 5*eta0"
1610,-501817.68634838,871.162839182845,1,0,0.000967855847348329,1,123,1000,2,"poisson","fixed",0.000193571169469666,5,"5*eta0",0.000967855847348329,0.967855847348329,"fixed | 5*eta0"
1611,-538302.762846134,871.162839182845,1,0,0.000967855847348329,1,123,1000,2,"poisson","fixed",0.000193571169469666,5,"5*eta0",0.000967855847348329,0.967855847348329,"fixed | 5*eta0"
1612,-501817.68634838,871.162839182844,1,0,0.000967855847348329,1,123,1000,2,"poisson","fixed",0.000193571169469666,5,"5*eta0",0.000967855847348329,0.967855847348329,"fixed | 5*eta0"
1613,-538302.762846134,871.162839182844,1,0,0.000967855847348329,1,123,1000,2,"poisson","fixed",0.000193571169469666,5,"5*eta0",0.000967855847348329,0.967855847348329,"fixed | 5*eta0"
1614,-501817.68634838,871.162839182845,1,0,0.000967855847348329,1,123,1000,2,"poisson","fixed",0.000193571169469666,5,"5*eta0",0.000967855847348329,0.967855847348329,"fixed | 5*eta0"
1615,-538302.762846134,871.162839182845,1,0,0.000967855847348329,1,123,1000,2,"poisson","fixed",0.000193571169469666,5,"5*eta0",0.000967855847348329,0.967855847348329,"fixed | 5*eta0"
1616,-501817.68634838,871.162839182844,1,0,0.000967855847348329,1,123,1000,2,"poisson","fixed",0.000193571169469666,5,"5*eta0",0.000967855847348329,0.967855847348329,"fixed | 5*eta0"
1617,-538302.762846134,871.162839182844,1,0,0.000967855847348329,1,123,1000,2,"poisson","fixed",0.000193571169469666,5,"5*eta0",0.000967855847348329,0.967855847348329,"fixed | 5*eta0"
1618,-501817.68634838,871.162839182845,1,0,0.000967855847348329,1,123,1000,2,"poisson","fixed",0.000193571169469666,5,"5*eta0",0.000967855847348329,0.967855847348329,"fixed | 5*eta0"
1619,-538302.762846134,871.162839182845,1,0,0.000967855847348329,1,123,1000,2,"poisson","fixed",0.000193571169469666,5,"5*eta0",0.000967855847348329,0.967855847348329,"fixed | 5*eta0"
1620,-501817.68634838,871.162839182844,1,0,0.000967855847348329,1,123,1000,2,"poisson","fixed",0.000193571169469666,5,"5*eta0",0.000967855847348329,0.967855847348329,"fixed | 5*eta0"
1621,-538302.762846134,871.162839182844,1,0,0.000967855847348329,1,123,1000,2,"poisson","fixed",0.000193571169469666,5,"5*eta0",0.000967855847348329,0.967855847348329,"fixed | 5*eta0"
1622,-501817.68634838,871.162839182845,1,0,0.000967855847348329,1,123,1000,2,"poisson","fixed",0.000193571169469666,5,"5*eta0",0.000967855847348329,0.967855847348329,"fixed | 5*eta0"
1623,-538302.762846134,871.162839182845,1,0,0.000967855847348329,1,123,1000,2,"poisson","fixed",0.000193571169469666,5,"5*eta0",0.000967855847348329,0.967855847348329,"fixed | 5*eta0"
1624,-501817.68634838,871.162839182844,1,0,0.000967855847348329,1,123,1000,2,"poisson","fixed",0.000193571169469666,5,"5*eta0",0.000967855847348329,0.967855847348329,"fixed | 5*eta0"
1625,-538302.762846134,871.162839182844,1,0,0.000967855847348329,1,123,1000,2,"poisson","fixed",0.000193571169469666,5,"5*eta0",0.000967855847348329,0.967855847348329,"fixed | 5*eta0"
1626,-501817.68634838,871.162839182846,1,0,0.000967855847348329,1,123,1000,2,"poisson","fixed",0.000193571169469666,5,"5*eta0",0.000967855847348329,0.967855847348329,"fixed | 5*eta0"
1627,-538302.762846134,871.162839182845,1,0,0.000967855847348329,1,123,1000,2,"poisson","fixed",0.000193571169469666,5,"5*eta0",0.000967855847348329,0.967855847348329,"fixed | 5*eta0"
1628,-501817.68634838,871.162839182844,1,0,0.000967855847348329,1,123,1000,2,"poisson","fixed",0.000193571169469666,5,"5*eta0",0.000967855847348329,0.967855847348329,"fixed | 5*eta0"
1629,-538302.762846134,871.162839182844,1,0,0.000967855847348329,1,123,1000,2,"poisson","fixed",0.000193571169469666,5,"5*eta0",0.000967855847348329,0.967855847348329,"fixed | 5*eta0"
1630,-501817.68634838,871.162839182845,1,0,0.000967855847348329,1,123,1000,2,"poisson","fixed",0.000193571169469666,5,"5*eta0",0.000967855847348329,0.967855847348329,"fixed | 5*eta0"
1631,-538302.762846134,871.162839182845,1,0,0.000967855847348329,1,123,1000,2,"poisson","fixed",0.000193571169469666,5,"5*eta0",0.000967855847348329,0.967855847348329,"fixed | 5*eta0"
1632,-501817.68634838,871.162839182844,1,0,0.000967855847348329,1,123,1000,2,"poisson","fixed",0.000193571169469666,5,"5*eta0",0.000967855847348329,0.967855847348329,"fixed | 5*eta0"
1633,-538302.762846134,871.162839182844,1,0,0.000967855847348329,1,123,1000,2,"poisson","fixed",0.000193571169469666,5,"5*eta0",0.000967855847348329,0.967855847348329,"fixed | 5*eta0"
1634,-501817.68634838,871.162839182845,1,0,0.000967855847348329,1,123,1000,2,"poisson","fixed",0.000193571169469666,5,"5*eta0",0.000967855847348329,0.967855847348329,"fixed | 5*eta0"
1635,-538302.762846134,871.162839182845,1,0,0.000967855847348329,1,123,1000,2,"poisson","fixed",0.000193571169469666,5,"5*eta0",0.000967855847348329,0.967855847348329,"fixed | 5*eta0"
1636,-501817.68634838,871.162839182844,1,0,0.000967855847348329,1,123,1000,2,"poisson","fixed",0.000193571169469666,5,"5*eta0",0.000967855847348329,0.967855847348329,"fixed | 5*eta0"
1637,-538302.762846134,871.162839182844,1,0,0.000967855847348329,1,123,1000,2,"poisson","fixed",0.000193571169469666,5,"5*eta0",0.000967855847348329,0.967855847348329,"fixed | 5*eta0"
1638,-501817.68634838,871.162839182846,1,0,0.000967855847348329,1,123,1000,2,"poisson","fixed",0.000193571169469666,5,"5*eta0",0.000967855847348329,0.967855847348329,"fixed | 5*eta0"
1639,-538302.762846134,871.162839182845,1,0,0.000967855847348329,1,123,1000,2,"poisson","fixed",0.000193571169469666,5,"5*eta0",0.000967855847348329,0.967855847348329,"fixed | 5*eta0"
1640,-501817.68634838,871.162839182844,1,0,0.000967855847348329,1,123,1000,2,"poisson","fixed",0.000193571169469666,5,"5*eta0",0.000967855847348329,0.967855847348329,"fixed | 5*eta0"
1641,-538302.762846134,871.162839182844,1,0,0.000967855847348329,1,123,1000,2,"poisson","fixed",0.000193571169469666,5,"5*eta0",0.000967855847348329,0.967855847348329,"fixed | 5*eta0"
1642,-501817.68634838,871.162839182845,1,0,0.000967855847348329,1,123,1000,2,"poisson","fixed",0.000193571169469666,5,"5*eta0",0.000967855847348329,0.967855847348329,"fixed | 5*eta0"
1643,-538302.762846134,871.162839182845,1,0,0.000967855847348329,1,123,1000,2,"poisson","fixed",0.000193571169469666,5,"5*eta0",0.000967855847348329,0.967855847348329,"fixed | 5*eta0"
1644,-501817.68634838,871.162839182844,1,0,0.000967855847348329,1,123,1000,2,"poisson","fixed",0.000193571169469666,5,"5*eta0",0.000967855847348329,0.967855847348329,"fixed | 5*eta0"
1645,-538302.762846134,871.162839182844,1,0,0.000967855847348329,1,123,1000,2,"poisson","fixed",0.000193571169469666,5,"5*eta0",0.000967855847348329,0.967855847348329,"fixed | 5*eta0"
1646,-501817.68634838,871.162839182846,1,0,0.000967855847348329,1,123,1000,2,"poisson","fixed",0.000193571169469666,5,"5*eta0",0.000967855847348329,0.967855847348329,"fixed | 5*eta0"
1647,-538302.762846134,871.162839182845,1,0,0.000967855847348329,1,123,1000,2,"poisson","fixed",0.000193571169469666,5,"5*eta0",0.000967855847348329,0.967855847348329,"fixed | 5*eta0"
1648,-501817.68634838,871.162839182843,1,0,0.000967855847348329,1,123,1000,2,"poisson","fixed",0.000193571169469666,5,"5*eta0",0.000967855847348329,0.967855847348329,"fixed | 5*eta0"
1649,-538302.762846134,871.162839182844,1,0,0.000967855847348329,1,123,1000,2,"poisson","fixed",0.000193571169469666,5,"5*eta0",0.000967855847348329,0.967855847348329,"fixed | 5*eta0"
1650,-501817.68634838,871.162839182846,1,0,0.000967855847348329,1,123,1000,2,"poisson","fixed",0.000193571169469666,5,"5*eta0",0.000967855847348329,0.967855847348329,"fixed | 5*eta0"
1651,-538302.762846134,871.162839182845,1,0,0.000967855847348329,1,123,1000,2,"poisson","fixed",0.000193571169469666,5,"5*eta0",0.000967855847348329,0.967855847348329,"fixed | 5*eta0"
1652,-501817.68634838,871.162839182843,1,0,0.000967855847348329,1,123,1000,2,"poisson","fixed",0.000193571169469666,5,"5*eta0",0.000967855847348329,0.967855847348329,"fixed | 5*eta0"
1653,-538302.762846134,871.162839182844,1,0,0.000967855847348329,1,123,1000,2,"poisson","fixed",0.000193571169469666,5,"5*eta0",0.000967855847348329,0.967855847348329,"fixed | 5*eta0"
1654,-501817.68634838,871.162839182846,1,0,0.000967855847348329,1,123,1000,2,"poisson","fixed",0.000193571169469666,5,"5*eta0",0.000967855847348329,0.967855847348329,"fixed | 5*eta0"
1655,-538302.762846134,871.162839182846,1,0,0.000967855847348329,1,123,1000,2,"poisson","fixed",0.000193571169469666,5,"5*eta0",0.000967855847348329,0.967855847348329,"fixed | 5*eta0"
1656,-501817.68634838,871.162839182843,1,0,0.000967855847348329,1,123,1000,2,"poisson","fixed",0.000193571169469666,5,"5*eta0",0.000967855847348329,0.967855847348329,"fixed | 5*eta0"
1657,-538302.762846134,871.162839182844,1,0,0.000967855847348329,1,123,1000,2,"poisson","fixed",0.000193571169469666,5,"5*eta0",0.000967855847348329,0.967855847348329,"fixed | 5*eta0"
1658,-501817.68634838,871.162839182846,1,0,0.000967855847348329,1,123,1000,2,"poisson","fixed",0.000193571169469666,5,"5*eta0",0.000967855847348329,0.967855847348329,"fixed | 5*eta0"
1659,-538302.762846134,871.162839182845,1,0,0.000967855847348329,1,123,1000,2,"poisson","fixed",0.000193571169469666,5,"5*eta0",0.000967855847348329,0.967855847348329,"fixed | 5*eta0"
1660,-501817.68634838,871.162839182843,1,0,0.000967855847348329,1,123,1000,2,"poisson","fixed",0.000193571169469666,5,"5*eta0",0.000967855847348329,0.967855847348329,"fixed | 5*eta0"
1661,-538302.762846134,871.162839182844,1,0,0.000967855847348329,1,123,1000,2,"poisson","fixed",0.000193571169469666,5,"5*eta0",0.000967855847348329,0.967855847348329,"fixed | 5*eta0"
1662,-501817.68634838,871.162839182846,1,0,0.000967855847348329,1,123,1000,2,"poisson","fixed",0.000193571169469666,5,"5*eta0",0.000967855847348329,0.967855847348329,"fixed | 5*eta0"
1663,-538302.762846134,871.162839182845,1,0,0.000967855847348329,1,123,1000,2,"poisson","fixed",0.000193571169469666,5,"5*eta0",0.000967855847348329,0.967855847348329,"fixed | 5*eta0"
1664,-501817.68634838,871.162839182843,1,0,0.000967855847348329,1,123,1000,2,"poisson","fixed",0.000193571169469666,5,"5*eta0",0.000967855847348329,0.967855847348329,"fixed | 5*eta0"
1665,-538302.762846134,871.162839182844,1,0,0.000967855847348329,1,123,1000,2,"poisson","fixed",0.000193571169469666,5,"5*eta0",0.000967855847348329,0.967855847348329,"fixed | 5*eta0"
1666,-501817.68634838,871.162839182846,1,0,0.000967855847348329,1,123,1000,2,"poisson","fixed",0.000193571169469666,5,"5*eta0",0.000967855847348329,0.967855847348329,"fixed | 5*eta0"
1667,-538302.762846134,871.162839182845,1,0,0.000967855847348329,1,123,1000,2,"poisson","fixed",0.000193571169469666,5,"5*eta0",0.000967855847348329,0.967855847348329,"fixed | 5*eta0"
1668,-501817.68634838,871.162839182844,1,0,0.000967855847348329,1,123,1000,2,"poisson","fixed",0.000193571169469666,5,"5*eta0",0.000967855847348329,0.967855847348329,"fixed | 5*eta0"
1669,-538302.762846134,871.162839182844,1,0,0.000967855847348329,1,123,1000,2,"poisson","fixed",0.000193571169469666,5,"5*eta0",0.000967855847348329,0.967855847348329,"fixed | 5*eta0"
1670,-501817.68634838,871.162839182846,1,0,0.000967855847348329,1,123,1000,2,"poisson","fixed",0.000193571169469666,5,"5*eta0",0.000967855847348329,0.967855847348329,"fixed | 5*eta0"
1671,-538302.762846134,871.162839182845,1,0,0.000967855847348329,1,123,1000,2,"poisson","fixed",0.000193571169469666,5,"5*eta0",0.000967855847348329,0.967855847348329,"fixed | 5*eta0"
1672,-501817.68634838,871.162839182844,1,0,0.000967855847348329,1,123,1000,2,"poisson","fixed",0.000193571169469666,5,"5*eta0",0.000967855847348329,0.967855847348329,"fixed | 5*eta0"
1673,-538302.762846134,871.162839182844,1,0,0.000967855847348329,1,123,1000,2,"poisson","fixed",0.000193571169469666,5,"5*eta0",0.000967855847348329,0.967855847348329,"fixed | 5*eta0"
1674,-501817.68634838,871.162839182845,1,0,0.000967855847348329,1,123,1000,2,"poisson","fixed",0.000193571169469666,5,"5*eta0",0.000967855847348329,0.967855847348329,"fixed | 5*eta0"
1675,-538302.762846134,871.162839182845,1,0,0.000967855847348329,1,123,1000,2,"poisson","fixed",0.000193571169469666,5,"5*eta0",0.000967855847348329,0.967855847348329,"fixed | 5*eta0"
1676,-501817.68634838,871.162839182844,1,0,0.000967855847348329,1,123,1000,2,"poisson","fixed",0.000193571169469666,5,"5*eta0",0.000967855847348329,0.967855847348329,"fixed | 5*eta0"
1677,-538302.762846134,871.162839182844,1,0,0.000967855847348329,1,123,1000,2,"poisson","fixed",0.000193571169469666,5,"5*eta0",0.000967855847348329,0.967855847348329,"fixed | 5*eta0"
1678,-501817.68634838,871.162839182845,1,0,0.000967855847348329,1,123,1000,2,"poisson","fixed",0.000193571169469666,5,"5*eta0",0.000967855847348329,0.967855847348329,"fixed | 5*eta0"
1679,-538302.762846134,871.162839182845,1,0,0.000967855847348329,1,123,1000,2,"poisson","fixed",0.000193571169469666,5,"5*eta0",0.000967855847348329,0.967855847348329,"fixed | 5*eta0"
1680,-501817.68634838,871.162839182844,1,0,0.000967855847348329,1,123,1000,2,"poisson","fixed",0.000193571169469666,5,"5*eta0",0.000967855847348329,0.967855847348329,"fixed | 5*eta0"
1681,-538302.762846134,871.162839182844,1,0,0.000967855847348329,1,123,1000,2,"poisson","fixed",0.000193571169469666,5,"5*eta0",0.000967855847348329,0.967855847348329,"fixed | 5*eta0"
1682,-501817.68634838,871.162839182845,1,0,0.000967855847348329,1,123,1000,2,"poisson","fixed",0.000193571169469666,5,"5*eta0",0.000967855847348329,0.967855847348329,"fixed | 5*eta0"
1683,-538302.762846134,871.162839182845,1,0,0.000967855847348329,1,123,1000,2,"poisson","fixed",0.000193571169469666,5,"5*eta0",0.000967855847348329,0.967855847348329,"fixed | 5*eta0"
1684,-501817.68634838,871.162839182844,1,0,0.000967855847348329,1,123,1000,2,"poisson","fixed",0.000193571169469666,5,"5*eta0",0.000967855847348329,0.967855847348329,"fixed | 5*eta0"
1685,-538302.762846134,871.162839182844,1,0,0.000967855847348329,1,123,1000,2,"poisson","fixed",0.000193571169469666,5,"5*eta0",0.000967855847348329,0.967855847348329,"fixed | 5*eta0"
1686,-501817.68634838,871.162839182845,1,0,0.000967855847348329,1,123,1000,2,"poisson","fixed",0.000193571169469666,5,"5*eta0",0.000967855847348329,0.967855847348329,"fixed | 5*eta0"
1687,-538302.762846134,871.162839182845,1,0,0.000967855847348329,1,123,1000,2,"poisson","fixed",0.000193571169469666,5,"5*eta0",0.000967855847348329,0.967855847348329,"fixed | 5*eta0"
1688,-501817.68634838,871.162839182844,1,0,0.000967855847348329,1,123,1000,2,"poisson","fixed",0.000193571169469666,5,"5*eta0",0.000967855847348329,0.967855847348329,"fixed | 5*eta0"
1689,-538302.762846134,871.162839182844,1,0,0.000967855847348329,1,123,1000,2,"poisson","fixed",0.000193571169469666,5,"5*eta0",0.000967855847348329,0.967855847348329,"fixed | 5*eta0"
1690,-501817.68634838,871.162839182846,1,0,0.000967855847348329,1,123,1000,2,"poisson","fixed",0.000193571169469666,5,"5*eta0",0.000967855847348329,0.967855847348329,"fixed | 5*eta0"
1691,-538302.762846134,871.162839182845,1,0,0.000967855847348329,1,123,1000,2,"poisson","fixed",0.000193571169469666,5,"5*eta0",0.000967855847348329,0.967855847348329,"fixed | 5*eta0"
1692,-501817.68634838,871.162839182844,1,0,0.000967855847348329,1,123,1000,2,"poisson","fixed",0.000193571169469666,5,"5*eta0",0.000967855847348329,0.967855847348329,"fixed | 5*eta0"
1693,-538302.762846134,871.162839182844,1,0,0.000967855847348329,1,123,1000,2,"poisson","fixed",0.000193571169469666,5,"5*eta0",0.000967855847348329,0.967855847348329,"fixed | 5*eta0"
1694,-501817.68634838,871.162839182845,1,0,0.000967855847348329,1,123,1000,2,"poisson","fixed",0.000193571169469666,5,"5*eta0",0.000967855847348329,0.967855847348329,"fixed | 5*eta0"
1695,-538302.762846134,871.162839182845,1,0,0.000967855847348329,1,123,1000,2,"poisson","fixed",0.000193571169469666,5,"5*eta0",0.000967855847348329,0.967855847348329,"fixed | 5*eta0"
1696,-501817.68634838,871.162839182844,1,0,0.000967855847348329,1,123,1000,2,"poisson","fixed",0.000193571169469666,5,"5*eta0",0.000967855847348329,0.967855847348329,"fixed | 5*eta0"
1697,-538302.762846134,871.162839182844,1,0,0.000967855847348329,1,123,1000,2,"poisson","fixed",0.000193571169469666,5,"5*eta0",0.000967855847348329,0.967855847348329,"fixed | 5*eta0"
1698,-501817.68634838,871.162839182845,1,0,0.000967855847348329,1,123,1000,2,"poisson","fixed",0.000193571169469666,5,"5*eta0",0.000967855847348329,0.967855847348329,"fixed | 5*eta0"
1699,-538302.762846134,871.162839182845,1,0,0.000967855847348329,1,123,1000,2,"poisson","fixed",0.000193571169469666,5,"5*eta0",0.000967855847348329,0.967855847348329,"fixed | 5*eta0"
1700,-501817.68634838,871.162839182844,1,0,0.000967855847348329,1,123,1000,2,"poisson","fixed",0.000193571169469666,5,"5*eta0",0.000967855847348329,0.967855847348329,"fixed | 5*eta0"
1701,-538302.762846134,871.162839182844,1,0,0.000967855847348329,1,123,1000,2,"poisson","fixed",0.000193571169469666,5,"5*eta0",0.000967855847348329,0.967855847348329,"fixed | 5*eta0"
1702,-501817.68634838,871.162839182845,1,0,0.000967855847348329,1,123,1000,2,"poisson","fixed",0.000193571169469666,5,"5*eta0",0.000967855847348329,0.967855847348329,"fixed | 5*eta0"
1703,-538302.762846134,871.162839182845,1,0,0.000967855847348329,1,123,1000,2,"poisson","fixed",0.000193571169469666,5,"5*eta0",0.000967855847348329,0.967855847348329,"fixed | 5*eta0"
1704,-501817.68634838,871.162839182844,1,0,0.000967855847348329,1,123,1000,2,"poisson","fixed",0.000193571169469666,5,"5*eta0",0.000967855847348329,0.967855847348329,"fixed | 5*eta0"
1705,-538302.762846134,871.162839182844,1,0,0.000967855847348329,1,123,1000,2,"poisson","fixed",0.000193571169469666,5,"5*eta0",0.000967855847348329,0.967855847348329,"fixed | 5*eta0"
1706,-501817.68634838,871.162839182845,1,0,0.000967855847348329,1,123,1000,2,"poisson","fixed",0.000193571169469666,5,"5*eta0",0.000967855847348329,0.967855847348329,"fixed | 5*eta0"
1707,-538302.762846134,871.162839182845,1,0,0.000967855847348329,1,123,1000,2,"poisson","fixed",0.000193571169469666,5,"5*eta0",0.000967855847348329,0.967855847348329,"fixed | 5*eta0"
1708,-501817.68634838,871.162839182844,1,0,0.000967855847348329,1,123,1000,2,"poisson","fixed",0.000193571169469666,5,"5*eta0",0.000967855847348329,0.967855847348329,"fixed | 5*eta0"
1709,-538302.762846134,871.162839182844,1,0,0.000967855847348329,1,123,1000,2,"poisson","fixed",0.000193571169469666,5,"5*eta0",0.000967855847348329,0.967855847348329,"fixed | 5*eta0"
1710,-501817.68634838,871.162839182845,1,0,0.000967855847348329,1,123,1000,2,"poisson","fixed",0.000193571169469666,5,"5*eta0",0.000967855847348329,0.967855847348329,"fixed | 5*eta0"
1711,-538302.762846134,871.162839182845,1,0,0.000967855847348329,1,123,1000,2,"poisson","fixed",0.000193571169469666,5,"5*eta0",0.000967855847348329,0.967855847348329,"fixed | 5*eta0"
1712,-501817.68634838,871.162839182844,1,0,0.000967855847348329,1,123,1000,2,"poisson","fixed",0.000193571169469666,5,"5*eta0",0.000967855847348329,0.967855847348329,"fixed | 5*eta0"
1713,-538302.762846134,871.162839182844,1,0,0.000967855847348329,1,123,1000,2,"poisson","fixed",0.000193571169469666,5,"5*eta0",0.000967855847348329,0.967855847348329,"fixed | 5*eta0"
1714,-501817.68634838,871.162839182845,1,0,0.000967855847348329,1,123,1000,2,"poisson","fixed",0.000193571169469666,5,"5*eta0",0.000967855847348329,0.967855847348329,"fixed | 5*eta0"
1715,-538302.762846134,871.162839182845,1,0,0.000967855847348329,1,123,1000,2,"poisson","fixed",0.000193571169469666,5,"5*eta0",0.000967855847348329,0.967855847348329,"fixed | 5*eta0"
1716,-501817.68634838,871.162839182844,1,0,0.000967855847348329,1,123,1000,2,"poisson","fixed",0.000193571169469666,5,"5*eta0",0.000967855847348329,0.967855847348329,"fixed | 5*eta0"
1717,-538302.762846134,871.162839182844,1,0,0.000967855847348329,1,123,1000,2,"poisson","fixed",0.000193571169469666,5,"5*eta0",0.000967855847348329,0.967855847348329,"fixed | 5*eta0"
1718,-501817.68634838,871.162839182845,1,0,0.000967855847348329,1,123,1000,2,"poisson","fixed",0.000193571169469666,5,"5*eta0",0.000967855847348329,0.967855847348329,"fixed | 5*eta0"
1719,-538302.762846134,871.162839182845,1,0,0.000967855847348329,1,123,1000,2,"poisson","fixed",0.000193571169469666,5,"5*eta0",0.000967855847348329,0.967855847348329,"fixed | 5*eta0"
1720,-501817.68634838,871.162839182844,1,0,0.000967855847348329,1,123,1000,2,"poisson","fixed",0.000193571169469666,5,"5*eta0",0.000967855847348329,0.967855847348329,"fixed | 5*eta0"
1721,-538302.762846134,871.162839182845,1,0,0.000967855847348329,1,123,1000,2,"poisson","fixed",0.000193571169469666,5,"5*eta0",0.000967855847348329,0.967855847348329,"fixed | 5*eta0"
1722,-501817.68634838,871.162839182845,1,0,0.000967855847348329,1,123,1000,2,"poisson","fixed",0.000193571169469666,5,"5*eta0",0.000967855847348329,0.967855847348329,"fixed | 5*eta0"
1723,-538302.762846134,871.162839182845,1,0,0.000967855847348329,1,123,1000,2,"poisson","fixed",0.000193571169469666,5,"5*eta0",0.000967855847348329,0.967855847348329,"fixed | 5*eta0"
1724,-501817.68634838,871.162839182844,1,0,0.000967855847348329,1,123,1000,2,"poisson","fixed",0.000193571169469666,5,"5*eta0",0.000967855847348329,0.967855847348329,"fixed | 5*eta0"
1725,-538302.762846134,871.162839182845,1,0,0.000967855847348329,1,123,1000,2,"poisson","fixed",0.000193571169469666,5,"5*eta0",0.000967855847348329,0.967855847348329,"fixed | 5*eta0"
1726,-501817.68634838,871.162839182845,1,0,0.000967855847348329,1,123,1000,2,"poisson","fixed",0.000193571169469666,5,"5*eta0",0.000967855847348329,0.967855847348329,"fixed | 5*eta0"
1727,-538302.762846134,871.162839182844,1,0,0.000967855847348329,1,123,1000,2,"poisson","fixed",0.000193571169469666,5,"5*eta0",0.000967855847348329,0.967855847348329,"fixed | 5*eta0"
1728,-501817.68634838,871.162839182845,1,0,0.000967855847348329,1,123,1000,2,"poisson","fixed",0.000193571169469666,5,"5*eta0",0.000967855847348329,0.967855847348329,"fixed | 5*eta0"
1729,-538302.762846134,871.162839182845,1,0,0.000967855847348329,1,123,1000,2,"poisson","fixed",0.000193571169469666,5,"5*eta0",0.000967855847348329,0.967855847348329,"fixed | 5*eta0"
1730,-501817.68634838,871.162839182844,1,0,0.000967855847348329,1,123,1000,2,"poisson","fixed",0.000193571169469666,5,"5*eta0",0.000967855847348329,0.967855847348329,"fixed | 5*eta0"
1731,-538302.762846134,871.162839182844,1,0,0.000967855847348329,1,123,1000,2,"poisson","fixed",0.000193571169469666,5,"5*eta0",0.000967855847348329,0.967855847348329,"fixed | 5*eta0"
1732,-501817.68634838,871.162839182845,1,0,0.000967855847348329,1,123,1000,2,"poisson","fixed",0.000193571169469666,5,"5*eta0",0.000967855847348329,0.967855847348329,"fixed | 5*eta0"
1733,-538302.762846134,871.162839182845,1,0,0.000967855847348329,1,123,1000,2,"poisson","fixed",0.000193571169469666,5,"5*eta0",0.000967855847348329,0.967855847348329,"fixed | 5*eta0"
1734,-501817.68634838,871.162839182844,1,0,0.000967855847348329,1,123,1000,2,"poisson","fixed",0.000193571169469666,5,"5*eta0",0.000967855847348329,0.967855847348329,"fixed | 5*eta0"
1735,-538302.762846134,871.162839182844,1,0,0.000967855847348329,1,123,1000,2,"poisson","fixed",0.000193571169469666,5,"5*eta0",0.000967855847348329,0.967855847348329,"fixed | 5*eta0"
1736,-501817.68634838,871.162839182845,1,0,0.000967855847348329,1,123,1000,2,"poisson","fixed",0.000193571169469666,5,"5*eta0",0.000967855847348329,0.967855847348329,"fixed | 5*eta0"
1737,-538302.762846134,871.162839182845,1,0,0.000967855847348329,1,123,1000,2,"poisson","fixed",0.000193571169469666,5,"5*eta0",0.000967855847348329,0.967855847348329,"fixed | 5*eta0"
1738,-501817.68634838,871.162839182844,1,0,0.000967855847348329,1,123,1000,2,"poisson","fixed",0.000193571169469666,5,"5*eta0",0.000967855847348329,0.967855847348329,"fixed | 5*eta0"
1739,-538302.762846134,871.162839182844,1,0,0.000967855847348329,1,123,1000,2,"poisson","fixed",0.000193571169469666,5,"5*eta0",0.000967855847348329,0.967855847348329,"fixed | 5*eta0"
1740,-501817.68634838,871.162839182844,1,0,0.000967855847348329,1,123,1000,2,"poisson","fixed",0.000193571169469666,5,"5*eta0",0.000967855847348329,0.967855847348329,"fixed | 5*eta0"
1741,-538302.762846134,871.162839182845,1,0,0.000967855847348329,1,123,1000,2,"poisson","fixed",0.000193571169469666,5,"5*eta0",0.000967855847348329,0.967855847348329,"fixed | 5*eta0"
1742,-501817.68634838,871.162839182845,1,0,0.000967855847348329,1,123,1000,2,"poisson","fixed",0.000193571169469666,5,"5*eta0",0.000967855847348329,0.967855847348329,"fixed | 5*eta0"
1743,-538302.762846134,871.162839182845,1,0,0.000967855847348329,1,123,1000,2,"poisson","fixed",0.000193571169469666,5,"5*eta0",0.000967855847348329,0.967855847348329,"fixed | 5*eta0"
1744,-501817.68634838,871.162839182844,1,0,0.000967855847348329,1,123,1000,2,"poisson","fixed",0.000193571169469666,5,"5*eta0",0.000967855847348329,0.967855847348329,"fixed | 5*eta0"
1745,-538302.762846134,871.162839182844,1,0,0.000967855847348329,1,123,1000,2,"poisson","fixed",0.000193571169469666,5,"5*eta0",0.000967855847348329,0.967855847348329,"fixed | 5*eta0"
1746,-501817.68634838,871.162839182845,1,0,0.000967855847348329,1,123,1000,2,"poisson","fixed",0.000193571169469666,5,"5*eta0",0.000967855847348329,0.967855847348329,"fixed | 5*eta0"
1747,-538302.762846134,871.162839182845,1,0,0.000967855847348329,1,123,1000,2,"poisson","fixed",0.000193571169469666,5,"5*eta0",0.000967855847348329,0.967855847348329,"fixed | 5*eta0"
1748,-501817.68634838,871.162839182844,1,0,0.000967855847348329,1,123,1000,2,"poisson","fixed",0.000193571169469666,5,"5*eta0",0.000967855847348329,0.967855847348329,"fixed | 5*eta0"
1749,-538302.762846134,871.162839182844,1,0,0.000967855847348329,1,123,1000,2,"poisson","fixed",0.000193571169469666,5,"5*eta0",0.000967855847348329,0.967855847348329,"fixed | 5*eta0"
1750,-501817.68634838,871.162839182845,1,0,0.000967855847348329,1,123,1000,2,"poisson","fixed",0.000193571169469666,5,"5*eta0",0.000967855847348329,0.967855847348329,"fixed | 5*eta0"
1751,-538302.762846134,871.162839182845,1,0,0.000967855847348329,1,123,1000,2,"poisson","fixed",0.000193571169469666,5,"5*eta0",0.000967855847348329,0.967855847348329,"fixed | 5*eta0"
1752,-501817.68634838,871.162839182844,1,0,0.000967855847348329,1,123,1000,2,"poisson","fixed",0.000193571169469666,5,"5*eta0",0.000967855847348329,0.967855847348329,"fixed | 5*eta0"
1753,-538302.762846134,871.162839182844,1,0,0.000967855847348329,1,123,1000,2,"poisson","fixed",0.000193571169469666,5,"5*eta0",0.000967855847348329,0.967855847348329,"fixed | 5*eta0"
1754,-501817.68634838,871.162839182844,1,0,0.000967855847348329,1,123,1000,2,"poisson","fixed",0.000193571169469666,5,"5*eta0",0.000967855847348329,0.967855847348329,"fixed | 5*eta0"
1755,-538302.762846134,871.162839182845,1,0,0.000967855847348329,1,123,1000,2,"poisson","fixed",0.000193571169469666,5,"5*eta0",0.000967855847348329,0.967855847348329,"fixed | 5*eta0"
1756,-501817.68634838,871.162839182845,1,0,0.000967855847348329,1,123,1000,2,"poisson","fixed",0.000193571169469666,5,"5*eta0",0.000967855847348329,0.967855847348329,"fixed | 5*eta0"
1757,-538302.762846134,871.162839182845,1,0,0.000967855847348329,1,123,1000,2,"poisson","fixed",0.000193571169469666,5,"5*eta0",0.000967855847348329,0.967855847348329,"fixed | 5*eta0"
1758,-501817.68634838,871.162839182845,1,0,0.000967855847348329,1,123,1000,2,"poisson","fixed",0.000193571169469666,5,"5*eta0",0.000967855847348329,0.967855847348329,"fixed | 5*eta0"
1759,-538302.762846134,871.162839182844,1,0,0.000967855847348329,1,123,1000,2,"poisson","fixed",0.000193571169469666,5,"5*eta0",0.000967855847348329,0.967855847348329,"fixed | 5*eta0"
1760,-501817.68634838,871.162839182845,1,0,0.000967855847348329,1,123,1000,2,"poisson","fixed",0.000193571169469666,5,"5*eta0",0.000967855847348329,0.967855847348329,"fixed | 5*eta0"
1761,-538302.762846134,871.162839182845,1,0,0.000967855847348329,1,123,1000,2,"poisson","fixed",0.000193571169469666,5,"5*eta0",0.000967855847348329,0.967855847348329,"fixed | 5*eta0"
1762,-501817.68634838,871.162839182844,1,0,0.000967855847348329,1,123,1000,2,"poisson","fixed",0.000193571169469666,5,"5*eta0",0.000967855847348329,0.967855847348329,"fixed | 5*eta0"
1763,-538302.762846134,871.162839182844,1,0,0.000967855847348329,1,123,1000,2,"poisson","fixed",0.000193571169469666,5,"5*eta0",0.000967855847348329,0.967855847348329,"fixed | 5*eta0"
1764,-501817.68634838,871.162839182845,1,0,0.000967855847348329,1,123,1000,2,"poisson","fixed",0.000193571169469666,5,"5*eta0",0.000967855847348329,0.967855847348329,"fixed | 5*eta0"
1765,-538302.762846134,871.162839182845,1,0,0.000967855847348329,1,123,1000,2,"poisson","fixed",0.000193571169469666,5,"5*eta0",0.000967855847348329,0.967855847348329,"fixed | 5*eta0"
1766,-501817.68634838,871.162839182845,1,0,0.000967855847348329,1,123,1000,2,"poisson","fixed",0.000193571169469666,5,"5*eta0",0.000967855847348329,0.967855847348329,"fixed | 5*eta0"
1767,-538302.762846134,871.162839182845,1,0,0.000967855847348329,1,123,1000,2,"poisson","fixed",0.000193571169469666,5,"5*eta0",0.000967855847348329,0.967855847348329,"fixed | 5*eta0"
1768,-501817.68634838,871.162839182844,1,0,0.000967855847348329,1,123,1000,2,"poisson","fixed",0.000193571169469666,5,"5*eta0",0.000967855847348329,0.967855847348329,"fixed | 5*eta0"
1769,-538302.762846134,871.162839182844,1,0,0.000967855847348329,1,123,1000,2,"poisson","fixed",0.000193571169469666,5,"5*eta0",0.000967855847348329,0.967855847348329,"fixed | 5*eta0"
1770,-501817.68634838,871.162839182844,1,0,0.000967855847348329,1,123,1000,2,"poisson","fixed",0.000193571169469666,5,"5*eta0",0.000967855847348329,0.967855847348329,"fixed | 5*eta0"
1771,-538302.762846134,871.162839182844,1,0,0.000967855847348329,1,123,1000,2,"poisson","fixed",0.000193571169469666,5,"5*eta0",0.000967855847348329,0.967855847348329,"fixed | 5*eta0"
1772,-501817.68634838,871.162839182845,1,0,0.000967855847348329,1,123,1000,2,"poisson","fixed",0.000193571169469666,5,"5*eta0",0.000967855847348329,0.967855847348329,"fixed | 5*eta0"
1773,-538302.762846134,871.162839182845,1,0,0.000967855847348329,1,123,1000,2,"poisson","fixed",0.000193571169469666,5,"5*eta0",0.000967855847348329,0.967855847348329,"fixed | 5*eta0"
1774,-501817.68634838,871.162839182844,1,0,0.000967855847348329,1,123,1000,2,"poisson","fixed",0.000193571169469666,5,"5*eta0",0.000967855847348329,0.967855847348329,"fixed | 5*eta0"
1775,-538302.762846134,871.162839182844,1,0,0.000967855847348329,1,123,1000,2,"poisson","fixed",0.000193571169469666,5,"5*eta0",0.000967855847348329,0.967855847348329,"fixed | 5*eta0"
1776,-501817.68634838,871.162839182845,1,0,0.000967855847348329,1,123,1000,2,"poisson","fixed",0.000193571169469666,5,"5*eta0",0.000967855847348329,0.967855847348329,"fixed | 5*eta0"
1777,-538302.762846134,871.162839182845,1,0,0.000967855847348329,1,123,1000,2,"poisson","fixed",0.000193571169469666,5,"5*eta0",0.000967855847348329,0.967855847348329,"fixed | 5*eta0"
1778,-501817.68634838,871.162839182844,1,0,0.000967855847348329,1,123,1000,2,"poisson","fixed",0.000193571169469666,5,"5*eta0",0.000967855847348329,0.967855847348329,"fixed | 5*eta0"
1779,-538302.762846134,871.162839182844,1,0,0.000967855847348329,1,123,1000,2,"poisson","fixed",0.000193571169469666,5,"5*eta0",0.000967855847348329,0.967855847348329,"fixed | 5*eta0"
1780,-501817.68634838,871.162839182844,1,0,0.000967855847348329,1,123,1000,2,"poisson","fixed",0.000193571169469666,5,"5*eta0",0.000967855847348329,0.967855847348329,"fixed | 5*eta0"
1781,-538302.762846134,871.162839182845,1,0,0.000967855847348329,1,123,1000,2,"poisson","fixed",0.000193571169469666,5,"5*eta0",0.000967855847348329,0.967855847348329,"fixed | 5*eta0"
1782,-501817.68634838,871.162839182845,1,0,0.000967855847348329,1,123,1000,2,"poisson","fixed",0.000193571169469666,5,"5*eta0",0.000967855847348329,0.967855847348329,"fixed | 5*eta0"
1783,-538302.762846134,871.162839182845,1,0,0.000967855847348329,1,123,1000,2,"poisson","fixed",0.000193571169469666,5,"5*eta0",0.000967855847348329,0.967855847348329,"fixed | 5*eta0"
1784,-501817.68634838,871.162839182844,1,0,0.000967855847348329,1,123,1000,2,"poisson","fixed",0.000193571169469666,5,"5*eta0",0.000967855847348329,0.967855847348329,"fixed | 5*eta0"
1785,-538302.762846134,871.162839182844,1,0,0.000967855847348329,1,123,1000,2,"poisson","fixed",0.000193571169469666,5,"5*eta0",0.000967855847348329,0.967855847348329,"fixed | 5*eta0"
1786,-501817.68634838,871.162839182845,1,0,0.000967855847348329,1,123,1000,2,"poisson","fixed",0.000193571169469666,5,"5*eta0",0.000967855847348329,0.967855847348329,"fixed | 5*eta0"
1787,-538302.762846134,871.162839182845,1,0,0.000967855847348329,1,123,1000,2,"poisson","fixed",0.000193571169469666,5,"5*eta0",0.000967855847348329,0.967855847348329,"fixed | 5*eta0"
1788,-501817.68634838,871.162839182844,1,0,0.000967855847348329,1,123,1000,2,"poisson","fixed",0.000193571169469666,5,"5*eta0",0.000967855847348329,0.967855847348329,"fixed | 5*eta0"
1789,-538302.762846134,871.162839182844,1,0,0.000967855847348329,1,123,1000,2,"poisson","fixed",0.000193571169469666,5,"5*eta0",0.000967855847348329,0.967855847348329,"fixed | 5*eta0"
1790,-501817.68634838,871.162839182845,1,0,0.000967855847348329,1,123,1000,2,"poisson","fixed",0.000193571169469666,5,"5*eta0",0.000967855847348329,0.967855847348329,"fixed | 5*eta0"
1791,-538302.762846134,871.162839182845,1,0,0.000967855847348329,1,123,1000,2,"poisson","fixed",0.000193571169469666,5,"5*eta0",0.000967855847348329,0.967855847348329,"fixed | 5*eta0"
1792,-501817.68634838,871.162839182844,1,0,0.000967855847348329,1,123,1000,2,"poisson","fixed",0.000193571169469666,5,"5*eta0",0.000967855847348329,0.967855847348329,"fixed | 5*eta0"
1793,-538302.762846134,871.162839182844,1,0,0.000967855847348329,1,123,1000,2,"poisson","fixed",0.000193571169469666,5,"5*eta0",0.000967855847348329,0.967855847348329,"fixed | 5*eta0"
1794,-501817.68634838,871.162839182845,1,0,0.000967855847348329,1,123,1000,2,"poisson","fixed",0.000193571169469666,5,"5*eta0",0.000967855847348329,0.967855847348329,"fixed | 5*eta0"
1795,-538302.762846134,871.162839182845,1,0,0.000967855847348329,1,123,1000,2,"poisson","fixed",0.000193571169469666,5,"5*eta0",0.000967855847348329,0.967855847348329,"fixed | 5*eta0"
1796,-501817.68634838,871.162839182844,1,0,0.000967855847348329,1,123,1000,2,"poisson","fixed",0.000193571169469666,5,"5*eta0",0.000967855847348329,0.967855847348329,"fixed | 5*eta0"
1797,-538302.762846134,871.162839182844,1,0,0.000967855847348329,1,123,1000,2,"poisson","fixed",0.000193571169469666,5,"5*eta0",0.000967855847348329,0.967855847348329,"fixed | 5*eta0"
1798,-501817.68634838,871.162839182845,1,0,0.000967855847348329,1,123,1000,2,"poisson","fixed",0.000193571169469666,5,"5*eta0",0.000967855847348329,0.967855847348329,"fixed | 5*eta0"
1799,-538302.762846134,871.162839182845,1,0,0.000967855847348329,1,123,1000,2,"poisson","fixed",0.000193571169469666,5,"5*eta0",0.000967855847348329,0.967855847348329,"fixed | 5*eta0"
1800,-501817.68634838,871.162839182844,1,0,0.000967855847348329,1,123,1000,2,"poisson","fixed",0.000193571169469666,5,"5*eta0",0.000967855847348329,0.967855847348329,"fixed | 5*eta0"
1801,-538302.762846134,871.162839182844,1,0,0.000967855847348329,1,123,1000,2,"poisson","fixed",0.000193571169469666,5,"5*eta0",0.000967855847348329,0.967855847348329,"fixed | 5*eta0"
1802,-501817.68634838,871.162839182845,1,0,0.000967855847348329,1,123,1000,2,"poisson","fixed",0.000193571169469666,5,"5*eta0",0.000967855847348329,0.967855847348329,"fixed | 5*eta0"
1803,-538302.762846134,871.162839182845,1,0,0.000967855847348329,1,123,1000,2,"poisson","fixed",0.000193571169469666,5,"5*eta0",0.000967855847348329,0.967855847348329,"fixed | 5*eta0"
1804,-501817.68634838,871.162839182844,1,0,0.000967855847348329,1,123,1000,2,"poisson","fixed",0.000193571169469666,5,"5*eta0",0.000967855847348329,0.967855847348329,"fixed | 5*eta0"
1805,-538302.762846134,871.162839182844,1,0,0.000967855847348329,1,123,1000,2,"poisson","fixed",0.000193571169469666,5,"5*eta0",0.000967855847348329,0.967855847348329,"fixed | 5*eta0"
1806,-501817.68634838,871.162839182845,1,0,0.000967855847348329,1,123,1000,2,"poisson","fixed",0.000193571169469666,5,"5*eta0",0.000967855847348329,0.967855847348329,"fixed | 5*eta0"
1807,-538302.762846134,871.162839182845,1,0,0.000967855847348329,1,123,1000,2,"poisson","fixed",0.000193571169469666,5,"5*eta0",0.000967855847348329,0.967855847348329,"fixed | 5*eta0"
1808,-501817.68634838,871.162839182844,1,0,0.000967855847348329,1,123,1000,2,"poisson","fixed",0.000193571169469666,5,"5*eta0",0.000967855847348329,0.967855847348329,"fixed | 5*eta0"
1809,-538302.762846134,871.162839182844,1,0,0.000967855847348329,1,123,1000,2,"poisson","fixed",0.000193571169469666,5,"5*eta0",0.000967855847348329,0.967855847348329,"fixed | 5*eta0"
1810,-501817.68634838,871.162839182844,1,0,0.000967855847348329,1,123,1000,2,"poisson","fixed",0.000193571169469666,5,"5*eta0",0.000967855847348329,0.967855847348329,"fixed | 5*eta0"
1811,-538302.762846134,871.162839182845,1,0,0.000967855847348329,1,123,1000,2,"poisson","fixed",0.000193571169469666,5,"5*eta0",0.000967855847348329,0.967855847348329,"fixed | 5*eta0"
1812,-501817.68634838,871.162839182845,1,0,0.000967855847348329,1,123,1000,2,"poisson","fixed",0.000193571169469666,5,"5*eta0",0.000967855847348329,0.967855847348329,"fixed | 5*eta0"
1813,-538302.762846134,871.162839182845,1,0,0.000967855847348329,1,123,1000,2,"poisson","fixed",0.000193571169469666,5,"5*eta0",0.000967855847348329,0.967855847348329,"fixed | 5*eta0"
1814,-501817.68634838,871.162839182844,1,0,0.000967855847348329,1,123,1000,2,"poisson","fixed",0.000193571169469666,5,"5*eta0",0.000967855847348329,0.967855847348329,"fixed | 5*eta0"
1815,-538302.762846134,871.162839182844,1,0,0.000967855847348329,1,123,1000,2,"poisson","fixed",0.000193571169469666,5,"5*eta0",0.000967855847348329,0.967855847348329,"fixed | 5*eta0"
1816,-501817.68634838,871.162839182844,1,0,0.000967855847348329,1,123,1000,2,"poisson","fixed",0.000193571169469666,5,"5*eta0",0.000967855847348329,0.967855847348329,"fixed | 5*eta0"
1817,-538302.762846134,871.162839182845,1,0,0.000967855847348329,1,123,1000,2,"poisson","fixed",0.000193571169469666,5,"5*eta0",0.000967855847348329,0.967855847348329,"fixed | 5*eta0"
1818,-501817.68634838,871.162839182845,1,0,0.000967855847348329,1,123,1000,2,"poisson","fixed",0.000193571169469666,5,"5*eta0",0.000967855847348329,0.967855847348329,"fixed | 5*eta0"
1819,-538302.762846134,871.162839182845,1,0,0.000967855847348329,1,123,1000,2,"poisson","fixed",0.000193571169469666,5,"5*eta0",0.000967855847348329,0.967855847348329,"fixed | 5*eta0"
1820,-501817.68634838,871.162839182844,1,0,0.000967855847348329,1,123,1000,2,"poisson","fixed",0.000193571169469666,5,"5*eta0",0.000967855847348329,0.967855847348329,"fixed | 5*eta0"
1821,-538302.762846134,871.162839182844,1,0,0.000967855847348329,1,123,1000,2,"poisson","fixed",0.000193571169469666,5,"5*eta0",0.000967855847348329,0.967855847348329,"fixed | 5*eta0"
1822,-501817.68634838,871.162839182845,1,0,0.000967855847348329,1,123,1000,2,"poisson","fixed",0.000193571169469666,5,"5*eta0",0.000967855847348329,0.967855847348329,"fixed | 5*eta0"
1823,-538302.762846134,871.162839182845,1,0,0.000967855847348329,1,123,1000,2,"poisson","fixed",0.000193571169469666,5,"5*eta0",0.000967855847348329,0.967855847348329,"fixed | 5*eta0"
1824,-501817.68634838,871.162839182844,1,0,0.000967855847348329,1,123,1000,2,"poisson","fixed",0.000193571169469666,5,"5*eta0",0.000967855847348329,0.967855847348329,"fixed | 5*eta0"
1825,-538302.762846134,871.162839182844,1,0,0.000967855847348329,1,123,1000,2,"poisson","fixed",0.000193571169469666,5,"5*eta0",0.000967855847348329,0.967855847348329,"fixed | 5*eta0"
1826,-501817.68634838,871.162839182844,1,0,0.000967855847348329,1,123,1000,2,"poisson","fixed",0.000193571169469666,5,"5*eta0",0.000967855847348329,0.967855847348329,"fixed | 5*eta0"
1827,-538302.762846134,871.162839182844,1,0,0.000967855847348329,1,123,1000,2,"poisson","fixed",0.000193571169469666,5,"5*eta0",0.000967855847348329,0.967855847348329,"fixed | 5*eta0"
1828,-501817.68634838,871.162839182845,1,0,0.000967855847348329,1,123,1000,2,"poisson","fixed",0.000193571169469666,5,"5*eta0",0.000967855847348329,0.967855847348329,"fixed | 5*eta0"
1829,-538302.762846134,871.162839182845,1,0,0.000967855847348329,1,123,1000,2,"poisson","fixed",0.000193571169469666,5,"5*eta0",0.000967855847348329,0.967855847348329,"fixed | 5*eta0"
1830,-501817.68634838,871.162839182844,1,0,0.000967855847348329,1,123,1000,2,"poisson","fixed",0.000193571169469666,5,"5*eta0",0.000967855847348329,0.967855847348329,"fixed | 5*eta0"
1831,-538302.762846134,871.162839182844,1,0,0.000967855847348329,1,123,1000,2,"poisson","fixed",0.000193571169469666,5,"5*eta0",0.000967855847348329,0.967855847348329,"fixed | 5*eta0"
1832,-501817.68634838,871.162839182845,1,0,0.000967855847348329,1,123,1000,2,"poisson","fixed",0.000193571169469666,5,"5*eta0",0.000967855847348329,0.967855847348329,"fixed | 5*eta0"
1833,-538302.762846134,871.162839182845,1,0,0.000967855847348329,1,123,1000,2,"poisson","fixed",0.000193571169469666,5,"5*eta0",0.000967855847348329,0.967855847348329,"fixed | 5*eta0"
1834,-501817.68634838,871.162839182844,1,0,0.000967855847348329,1,123,1000,2,"poisson","fixed",0.000193571169469666,5,"5*eta0",0.000967855847348329,0.967855847348329,"fixed | 5*eta0"
1835,-538302.762846134,871.162839182844,1,0,0.000967855847348329,1,123,1000,2,"poisson","fixed",0.000193571169469666,5,"5*eta0",0.000967855847348329,0.967855847348329,"fixed | 5*eta0"
1836,-501817.68634838,871.162839182844,1,0,0.000967855847348329,1,123,1000,2,"poisson","fixed",0.000193571169469666,5,"5*eta0",0.000967855847348329,0.967855847348329,"fixed | 5*eta0"
1837,-538302.762846134,871.162839182845,1,0,0.000967855847348329,1,123,1000,2,"poisson","fixed",0.000193571169469666,5,"5*eta0",0.000967855847348329,0.967855847348329,"fixed | 5*eta0"
1838,-501817.68634838,871.162839182845,1,0,0.000967855847348329,1,123,1000,2,"poisson","fixed",0.000193571169469666,5,"5*eta0",0.000967855847348329,0.967855847348329,"fixed | 5*eta0"
1839,-538302.762846134,871.162839182845,1,0,0.000967855847348329,1,123,1000,2,"poisson","fixed",0.000193571169469666,5,"5*eta0",0.000967855847348329,0.967855847348329,"fixed | 5*eta0"
1840,-501817.68634838,871.162839182844,1,0,0.000967855847348329,1,123,1000,2,"poisson","fixed",0.000193571169469666,5,"5*eta0",0.000967855847348329,0.967855847348329,"fixed | 5*eta0"
1841,-538302.762846134,871.162839182844,1,0,0.000967855847348329,1,123,1000,2,"poisson","fixed",0.000193571169469666,5,"5*eta0",0.000967855847348329,0.967855847348329,"fixed | 5*eta0"
1842,-501817.68634838,871.162839182845,1,0,0.000967855847348329,1,123,1000,2,"poisson","fixed",0.000193571169469666,5,"5*eta0",0.000967855847348329,0.967855847348329,"fixed | 5*eta0"
1843,-538302.762846134,871.162839182845,1,0,0.000967855847348329,1,123,1000,2,"poisson","fixed",0.000193571169469666,5,"5*eta0",0.000967855847348329,0.967855847348329,"fixed | 5*eta0"
1844,-501817.68634838,871.162839182844,1,0,0.000967855847348329,1,123,1000,2,"poisson","fixed",0.000193571169469666,5,"5*eta0",0.000967855847348329,0.967855847348329,"fixed | 5*eta0"
1845,-538302.762846134,871.162839182844,1,0,0.000967855847348329,1,123,1000,2,"poisson","fixed",0.000193571169469666,5,"5*eta0",0.000967855847348329,0.967855847348329,"fixed | 5*eta0"
1846,-501817.68634838,871.162839182845,1,0,0.000967855847348329,1,123,1000,2,"poisson","fixed",0.000193571169469666,5,"5*eta0",0.000967855847348329,0.967855847348329,"fixed | 5*eta0"
1847,-538302.762846134,871.162839182845,1,0,0.000967855847348329,1,123,1000,2,"poisson","fixed",0.000193571169469666,5,"5*eta0",0.000967855847348329,0.967855847348329,"fixed | 5*eta0"
1848,-501817.68634838,871.162839182844,1,0,0.000967855847348329,1,123,1000,2,"poisson","fixed",0.000193571169469666,5,"5*eta0",0.000967855847348329,0.967855847348329,"fixed | 5*eta0"
1849,-538302.762846134,871.162839182844,1,0,0.000967855847348329,1,123,1000,2,"poisson","fixed",0.000193571169469666,5,"5*eta0",0.000967855847348329,0.967855847348329,"fixed | 5*eta0"
1850,-501817.68634838,871.162839182845,1,0,0.000967855847348329,1,123,1000,2,"poisson","fixed",0.000193571169469666,5,"5*eta0",0.000967855847348329,0.967855847348329,"fixed | 5*eta0"
1851,-538302.762846134,871.162839182845,1,0,0.000967855847348329,1,123,1000,2,"poisson","fixed",0.000193571169469666,5,"5*eta0",0.000967855847348329,0.967855847348329,"fixed | 5*eta0"
1852,-501817.68634838,871.162839182844,1,0,0.000967855847348329,1,123,1000,2,"poisson","fixed",0.000193571169469666,5,"5*eta0",0.000967855847348329,0.967855847348329,"fixed | 5*eta0"
1853,-538302.762846134,871.162839182844,1,0,0.000967855847348329,1,123,1000,2,"poisson","fixed",0.000193571169469666,5,"5*eta0",0.000967855847348329,0.967855847348329,"fixed | 5*eta0"
1854,-501817.68634838,871.162839182845,1,0,0.000967855847348329,1,123,1000,2,"poisson","fixed",0.000193571169469666,5,"5*eta0",0.000967855847348329,0.967855847348329,"fixed | 5*eta0"
1855,-538302.762846134,871.162839182845,1,0,0.000967855847348329,1,123,1000,2,"poisson","fixed",0.000193571169469666,5,"5*eta0",0.000967855847348329,0.967855847348329,"fixed | 5*eta0"
1856,-501817.68634838,871.162839182844,1,0,0.000967855847348329,1,123,1000,2,"poisson","fixed",0.000193571169469666,5,"5*eta0",0.000967855847348329,0.967855847348329,"fixed | 5*eta0"
1857,-538302.762846134,871.162839182844,1,0,0.000967855847348329,1,123,1000,2,"poisson","fixed",0.000193571169469666,5,"5*eta0",0.000967855847348329,0.967855847348329,"fixed | 5*eta0"
1858,-501817.68634838,871.162839182845,1,0,0.000967855847348329,1,123,1000,2,"poisson","fixed",0.000193571169469666,5,"5*eta0",0.000967855847348329,0.967855847348329,"fixed | 5*eta0"
1859,-538302.762846134,871.162839182845,1,0,0.000967855847348329,1,123,1000,2,"poisson","fixed",0.000193571169469666,5,"5*eta0",0.000967855847348329,0.967855847348329,"fixed | 5*eta0"
1860,-501817.68634838,871.162839182844,1,0,0.000967855847348329,1,123,1000,2,"poisson","fixed",0.000193571169469666,5,"5*eta0",0.000967855847348329,0.967855847348329,"fixed | 5*eta0"
1861,-538302.762846134,871.162839182844,1,0,0.000967855847348329,1,123,1000,2,"poisson","fixed",0.000193571169469666,5,"5*eta0",0.000967855847348329,0.967855847348329,"fixed | 5*eta0"
1862,-501817.68634838,871.162839182845,1,0,0.000967855847348329,1,123,1000,2,"poisson","fixed",0.000193571169469666,5,"5*eta0",0.000967855847348329,0.967855847348329,"fixed | 5*eta0"
1863,-538302.762846134,871.162839182845,1,0,0.000967855847348329,1,123,1000,2,"poisson","fixed",0.000193571169469666,5,"5*eta0",0.000967855847348329,0.967855847348329,"fixed | 5*eta0"
1864,-501817.68634838,871.162839182844,1,0,0.000967855847348329,1,123,1000,2,"poisson","fixed",0.000193571169469666,5,"5*eta0",0.000967855847348329,0.967855847348329,"fixed | 5*eta0"
1865,-538302.762846134,871.162839182844,1,0,0.000967855847348329,1,123,1000,2,"poisson","fixed",0.000193571169469666,5,"5*eta0",0.000967855847348329,0.967855847348329,"fixed | 5*eta0"
1866,-501817.68634838,871.162839182846,1,0,0.000967855847348329,1,123,1000,2,"poisson","fixed",0.000193571169469666,5,"5*eta0",0.000967855847348329,0.967855847348329,"fixed | 5*eta0"
1867,-538302.762846134,871.162839182845,1,0,0.000967855847348329,1,123,1000,2,"poisson","fixed",0.000193571169469666,5,"5*eta0",0.000967855847348329,0.967855847348329,"fixed | 5*eta0"
1868,-501817.68634838,871.162839182844,1,0,0.000967855847348329,1,123,1000,2,"poisson","fixed",0.000193571169469666,5,"5*eta0",0.000967855847348329,0.967855847348329,"fixed | 5*eta0"
1869,-538302.762846134,871.162839182844,1,0,0.000967855847348329,1,123,1000,2,"poisson","fixed",0.000193571169469666,5,"5*eta0",0.000967855847348329,0.967855847348329,"fixed | 5*eta0"
1870,-501817.68634838,871.162839182846,1,0,0.000967855847348329,1,123,1000,2,"poisson","fixed",0.000193571169469666,5,"5*eta0",0.000967855847348329,0.967855847348329,"fixed | 5*eta0"
1871,-538302.762846134,871.162839182845,1,0,0.000967855847348329,1,123,1000,2,"poisson","fixed",0.000193571169469666,5,"5*eta0",0.000967855847348329,0.967855847348329,"fixed | 5*eta0"
1872,-501817.68634838,871.162839182843,1,0,0.000967855847348329,1,123,1000,2,"poisson","fixed",0.000193571169469666,5,"5*eta0",0.000967855847348329,0.967855847348329,"fixed | 5*eta0"
1873,-538302.762846134,871.162839182844,1,0,0.000967855847348329,1,123,1000,2,"poisson","fixed",0.000193571169469666,5,"5*eta0",0.000967855847348329,0.967855847348329,"fixed | 5*eta0"
1874,-501817.68634838,871.162839182846,1,0,0.000967855847348329,1,123,1000,2,"poisson","fixed",0.000193571169469666,5,"5*eta0",0.000967855847348329,0.967855847348329,"fixed | 5*eta0"
1875,-538302.762846134,871.162839182845,1,0,0.000967855847348329,1,123,1000,2,"poisson","fixed",0.000193571169469666,5,"5*eta0",0.000967855847348329,0.967855847348329,"fixed | 5*eta0"
1876,-501817.68634838,871.162839182843,1,0,0.000967855847348329,1,123,1000,2,"poisson","fixed",0.000193571169469666,5,"5*eta0",0.000967855847348329,0.967855847348329,"fixed | 5*eta0"
1877,-538302.762846134,871.162839182844,1,0,0.000967855847348329,1,123,1000,2,"poisson","fixed",0.000193571169469666,5,"5*eta0",0.000967855847348329,0.967855847348329,"fixed | 5*eta0"
1878,-501817.68634838,871.162839182846,1,0,0.000967855847348329,1,123,1000,2,"poisson","fixed",0.000193571169469666,5,"5*eta0",0.000967855847348329,0.967855847348329,"fixed | 5*eta0"
1879,-538302.762846134,871.162839182845,1,0,0.000967855847348329,1,123,1000,2,"poisson","fixed",0.000193571169469666,5,"5*eta0",0.000967855847348329,0.967855847348329,"fixed | 5*eta0"
1880,-501817.68634838,871.162839182844,1,0,0.000967855847348329,1,123,1000,2,"poisson","fixed",0.000193571169469666,5,"5*eta0",0.000967855847348329,0.967855847348329,"fixed | 5*eta0"
1881,-538302.762846134,871.162839182844,1,0,0.000967855847348329,1,123,1000,2,"poisson","fixed",0.000193571169469666,5,"5*eta0",0.000967855847348329,0.967855847348329,"fixed | 5*eta0"
1882,-501817.68634838,871.162839182846,1,0,0.000967855847348329,1,123,1000,2,"poisson","fixed",0.000193571169469666,5,"5*eta0",0.000967855847348329,0.967855847348329,"fixed | 5*eta0"
1883,-538302.762846134,871.162839182845,1,0,0.000967855847348329,1,123,1000,2,"poisson","fixed",0.000193571169469666,5,"5*eta0",0.000967855847348329,0.967855847348329,"fixed | 5*eta0"
1884,-501817.68634838,871.162839182844,1,0,0.000967855847348329,1,123,1000,2,"poisson","fixed",0.000193571169469666,5,"5*eta0",0.000967855847348329,0.967855847348329,"fixed | 5*eta0"
1885,-538302.762846134,871.162839182844,1,0,0.000967855847348329,1,123,1000,2,"poisson","fixed",0.000193571169469666,5,"5*eta0",0.000967855847348329,0.967855847348329,"fixed | 5*eta0"
1886,-501817.68634838,871.162839182846,1,0,0.000967855847348329,1,123,1000,2,"poisson","fixed",0.000193571169469666,5,"5*eta0",0.000967855847348329,0.967855847348329,"fixed | 5*eta0"
1887,-538302.762846134,871.162839182845,1,0,0.000967855847348329,1,123,1000,2,"poisson","fixed",0.000193571169469666,5,"5*eta0",0.000967855847348329,0.967855847348329,"fixed | 5*eta0"
1888,-501817.68634838,871.162839182844,1,0,0.000967855847348329,1,123,1000,2,"poisson","fixed",0.000193571169469666,5,"5*eta0",0.000967855847348329,0.967855847348329,"fixed | 5*eta0"
1889,-538302.762846134,871.162839182844,1,0,0.000967855847348329,1,123,1000,2,"poisson","fixed",0.000193571169469666,5,"5*eta0",0.000967855847348329,0.967855847348329,"fixed | 5*eta0"
1890,-501817.68634838,871.162839182845,1,0,0.000967855847348329,1,123,1000,2,"poisson","fixed",0.000193571169469666,5,"5*eta0",0.000967855847348329,0.967855847348329,"fixed | 5*eta0"
1891,-538302.762846134,871.162839182845,1,0,0.000967855847348329,1,123,1000,2,"poisson","fixed",0.000193571169469666,5,"5*eta0",0.000967855847348329,0.967855847348329,"fixed | 5*eta0"
1892,-501817.68634838,871.162839182844,1,0,0.000967855847348329,1,123,1000,2,"poisson","fixed",0.000193571169469666,5,"5*eta0",0.000967855847348329,0.967855847348329,"fixed | 5*eta0"
1893,-538302.762846134,871.162839182845,1,0,0.000967855847348329,1,123,1000,2,"poisson","fixed",0.000193571169469666,5,"5*eta0",0.000967855847348329,0.967855847348329,"fixed | 5*eta0"
1894,-501817.68634838,871.162839182845,1,0,0.000967855847348329,1,123,1000,2,"poisson","fixed",0.000193571169469666,5,"5*eta0",0.000967855847348329,0.967855847348329,"fixed | 5*eta0"
1895,-538302.762846134,871.162839182845,1,0,0.000967855847348329,1,123,1000,2,"poisson","fixed",0.000193571169469666,5,"5*eta0",0.000967855847348329,0.967855847348329,"fixed | 5*eta0"
1896,-501817.68634838,871.162839182844,1,0,0.000967855847348329,1,123,1000,2,"poisson","fixed",0.000193571169469666,5,"5*eta0",0.000967855847348329,0.967855847348329,"fixed | 5*eta0"
1897,-538302.762846134,871.162839182844,1,0,0.000967855847348329,1,123,1000,2,"poisson","fixed",0.000193571169469666,5,"5*eta0",0.000967855847348329,0.967855847348329,"fixed | 5*eta0"
1898,-501817.68634838,871.162839182845,1,0,0.000967855847348329,1,123,1000,2,"poisson","fixed",0.000193571169469666,5,"5*eta0",0.000967855847348329,0.967855847348329,"fixed | 5*eta0"
1899,-538302.762846134,871.162839182845,1,0,0.000967855847348329,1,123,1000,2,"poisson","fixed",0.000193571169469666,5,"5*eta0",0.000967855847348329,0.967855847348329,"fixed | 5*eta0"
1900,-501817.68634838,871.162839182845,1,0,0.000967855847348329,1,123,1000,2,"poisson","fixed",0.000193571169469666,5,"5*eta0",0.000967855847348329,0.967855847348329,"fixed | 5*eta0"
1901,-538302.762846134,871.162839182845,1,0,0.000967855847348329,1,123,1000,2,"poisson","fixed",0.000193571169469666,5,"5*eta0",0.000967855847348329,0.967855847348329,"fixed | 5*eta0"
1902,-501817.68634838,871.162839182845,1,0,0.000967855847348329,1,123,1000,2,"poisson","fixed",0.000193571169469666,5,"5*eta0",0.000967855847348329,0.967855847348329,"fixed | 5*eta0"
1903,-538302.762846134,871.162839182845,1,0,0.000967855847348329,1,123,1000,2,"poisson","fixed",0.000193571169469666,5,"5*eta0",0.000967855847348329,0.967855847348329,"fixed | 5*eta0"
1904,-501817.68634838,871.162839182845,1,0,0.000967855847348329,1,123,1000,2,"poisson","fixed",0.000193571169469666,5,"5*eta0",0.000967855847348329,0.967855847348329,"fixed | 5*eta0"
1905,-538302.762846134,871.162839182845,1,0,0.000967855847348329,1,123,1000,2,"poisson","fixed",0.000193571169469666,5,"5*eta0",0.000967855847348329,0.967855847348329,"fixed | 5*eta0"
1906,-501817.68634838,871.162839182844,1,0,0.000967855847348329,1,123,1000,2,"poisson","fixed",0.000193571169469666,5,"5*eta0",0.000967855847348329,0.967855847348329,"fixed | 5*eta0"
1907,-538302.762846134,871.162839182844,1,0,0.000967855847348329,1,123,1000,2,"poisson","fixed",0.000193571169469666,5,"5*eta0",0.000967855847348329,0.967855847348329,"fixed | 5*eta0"
1908,-501817.68634838,871.162839182844,1,0,0.000967855847348329,1,123,1000,2,"poisson","fixed",0.000193571169469666,5,"5*eta0",0.000967855847348329,0.967855847348329,"fixed | 5*eta0"
1909,-538302.762846134,871.162839182845,1,0,0.000967855847348329,1,123,1000,2,"poisson","fixed",0.000193571169469666,5,"5*eta0",0.000967855847348329,0.967855847348329,"fixed | 5*eta0"
1910,-501817.68634838,871.162839182845,1,0,0.000967855847348329,1,123,1000,2,"poisson","fixed",0.000193571169469666,5,"5*eta0",0.000967855847348329,0.967855847348329,"fixed | 5*eta0"
1911,-538302.762846134,871.162839182845,1,0,0.000967855847348329,1,123,1000,2,"poisson","fixed",0.000193571169469666,5,"5*eta0",0.000967855847348329,0.967855847348329,"fixed | 5*eta0"
1912,-501817.68634838,871.162839182844,1,0,0.000967855847348329,1,123,1000,2,"poisson","fixed",0.000193571169469666,5,"5*eta0",0.000967855847348329,0.967855847348329,"fixed | 5*eta0"
1913,-538302.762846134,871.162839182844,1,0,0.000967855847348329,1,123,1000,2,"poisson","fixed",0.000193571169469666,5,"5*eta0",0.000967855847348329,0.967855847348329,"fixed | 5*eta0"
1914,-501817.68634838,871.162839182845,1,0,0.000967855847348329,1,123,1000,2,"poisson","fixed",0.000193571169469666,5,"5*eta0",0.000967855847348329,0.967855847348329,"fixed | 5*eta0"
1915,-538302.762846134,871.162839182845,1,0,0.000967855847348329,1,123,1000,2,"poisson","fixed",0.000193571169469666,5,"5*eta0",0.000967855847348329,0.967855847348329,"fixed | 5*eta0"
1916,-501817.68634838,871.162839182845,1,0,0.000967855847348329,1,123,1000,2,"poisson","fixed",0.000193571169469666,5,"5*eta0",0.000967855847348329,0.967855847348329,"fixed | 5*eta0"
1917,-538302.762846134,871.162839182845,1,0,0.000967855847348329,1,123,1000,2,"poisson","fixed",0.000193571169469666,5,"5*eta0",0.000967855847348329,0.967855847348329,"fixed | 5*eta0"
1918,-501817.68634838,871.162839182844,1,0,0.000967855847348329,1,123,1000,2,"poisson","fixed",0.000193571169469666,5,"5*eta0",0.000967855847348329,0.967855847348329,"fixed | 5*eta0"
1919,-538302.762846134,871.162839182845,1,0,0.000967855847348329,1,123,1000,2,"poisson","fixed",0.000193571169469666,5,"5*eta0",0.000967855847348329,0.967855847348329,"fixed | 5*eta0"
1920,-501817.68634838,871.162839182845,1,0,0.000967855847348329,1,123,1000,2,"poisson","fixed",0.000193571169469666,5,"5*eta0",0.000967855847348329,0.967855847348329,"fixed | 5*eta0"
1921,-538302.762846134,871.162839182845,1,0,0.000967855847348329,1,123,1000,2,"poisson","fixed",0.000193571169469666,5,"5*eta0",0.000967855847348329,0.967855847348329,"fixed | 5*eta0"
1922,-501817.68634838,871.162839182844,1,0,0.000967855847348329,1,123,1000,2,"poisson","fixed",0.000193571169469666,5,"5*eta0",0.000967855847348329,0.967855847348329,"fixed | 5*eta0"
1923,-538302.762846134,871.162839182844,1,0,0.000967855847348329,1,123,1000,2,"poisson","fixed",0.000193571169469666,5,"5*eta0",0.000967855847348329,0.967855847348329,"fixed | 5*eta0"
1924,-501817.68634838,871.162839182845,1,0,0.000967855847348329,1,123,1000,2,"poisson","fixed",0.000193571169469666,5,"5*eta0",0.000967855847348329,0.967855847348329,"fixed | 5*eta0"
1925,-538302.762846134,871.162839182845,1,0,0.000967855847348329,1,123,1000,2,"poisson","fixed",0.000193571169469666,5,"5*eta0",0.000967855847348329,0.967855847348329,"fixed | 5*eta0"
1926,-501817.68634838,871.162839182844,1,0,0.000967855847348329,1,123,1000,2,"poisson","fixed",0.000193571169469666,5,"5*eta0",0.000967855847348329,0.967855847348329,"fixed | 5*eta0"
1927,-538302.762846134,871.162839182844,1,0,0.000967855847348329,1,123,1000,2,"poisson","fixed",0.000193571169469666,5,"5*eta0",0.000967855847348329,0.967855847348329,"fixed | 5*eta0"
1928,-501817.68634838,871.162839182844,1,0,0.000967855847348329,1,123,1000,2,"poisson","fixed",0.000193571169469666,5,"5*eta0",0.000967855847348329,0.967855847348329,"fixed | 5*eta0"
1929,-538302.762846134,871.162839182844,1,0,0.000967855847348329,1,123,1000,2,"poisson","fixed",0.000193571169469666,5,"5*eta0",0.000967855847348329,0.967855847348329,"fixed | 5*eta0"
1930,-501817.68634838,871.162839182845,1,0,0.000967855847348329,1,123,1000,2,"poisson","fixed",0.000193571169469666,5,"5*eta0",0.000967855847348329,0.967855847348329,"fixed | 5*eta0"
1931,-538302.762846134,871.162839182845,1,0,0.000967855847348329,1,123,1000,2,"poisson","fixed",0.000193571169469666,5,"5*eta0",0.000967855847348329,0.967855847348329,"fixed | 5*eta0"
1932,-501817.68634838,871.162839182844,1,0,0.000967855847348329,1,123,1000,2,"poisson","fixed",0.000193571169469666,5,"5*eta0",0.000967855847348329,0.967855847348329,"fixed | 5*eta0"
1933,-538302.762846134,871.162839182844,1,0,0.000967855847348329,1,123,1000,2,"poisson","fixed",0.000193571169469666,5,"5*eta0",0.000967855847348329,0.967855847348329,"fixed | 5*eta0"
1934,-501817.68634838,871.162839182845,1,0,0.000967855847348329,1,123,1000,2,"poisson","fixed",0.000193571169469666,5,"5*eta0",0.000967855847348329,0.967855847348329,"fixed | 5*eta0"
1935,-538302.762846134,871.162839182845,1,0,0.000967855847348329,1,123,1000,2,"poisson","fixed",0.000193571169469666,5,"5*eta0",0.000967855847348329,0.967855847348329,"fixed | 5*eta0"
1936,-501817.68634838,871.162839182844,1,0,0.000967855847348329,1,123,1000,2,"poisson","fixed",0.000193571169469666,5,"5*eta0",0.000967855847348329,0.967855847348329,"fixed | 5*eta0"
1937,-538302.762846134,871.162839182844,1,0,0.000967855847348329,1,123,1000,2,"poisson","fixed",0.000193571169469666,5,"5*eta0",0.000967855847348329,0.967855847348329,"fixed | 5*eta0"
1938,-501817.68634838,871.162839182846,1,0,0.000967855847348329,1,123,1000,2,"poisson","fixed",0.000193571169469666,5,"5*eta0",0.000967855847348329,0.967855847348329,"fixed | 5*eta0"
1939,-538302.762846134,871.162839182845,1,0,0.000967855847348329,1,123,1000,2,"poisson","fixed",0.000193571169469666,5,"5*eta0",0.000967855847348329,0.967855847348329,"fixed | 5*eta0"
1940,-501817.68634838,871.162839182843,1,0,0.000967855847348329,1,123,1000,2,"poisson","fixed",0.000193571169469666,5,"5*eta0",0.000967855847348329,0.967855847348329,"fixed | 5*eta0"
1941,-538302.762846134,871.162839182844,1,0,0.000967855847348329,1,123,1000,2,"poisson","fixed",0.000193571169469666,5,"5*eta0",0.000967855847348329,0.967855847348329,"fixed | 5*eta0"
1942,-501817.68634838,871.162839182846,1,0,0.000967855847348329,1,123,1000,2,"poisson","fixed",0.000193571169469666,5,"5*eta0",0.000967855847348329,0.967855847348329,"fixed | 5*eta0"
1943,-538302.762846134,871.162839182845,1,0,0.000967855847348329,1,123,1000,2,"poisson","fixed",0.000193571169469666,5,"5*eta0",0.000967855847348329,0.967855847348329,"fixed | 5*eta0"
1944,-501817.68634838,871.162839182843,1,0,0.000967855847348329,1,123,1000,2,"poisson","fixed",0.000193571169469666,5,"5*eta0",0.000967855847348329,0.967855847348329,"fixed | 5*eta0"
1945,-538302.762846134,871.162839182844,1,0,0.000967855847348329,1,123,1000,2,"poisson","fixed",0.000193571169469666,5,"5*eta0",0.000967855847348329,0.967855847348329,"fixed | 5*eta0"
1946,-501817.68634838,871.162839182846,1,0,0.000967855847348329,1,123,1000,2,"poisson","fixed",0.000193571169469666,5,"5*eta0",0.000967855847348329,0.967855847348329,"fixed | 5*eta0"
1947,-538302.762846134,871.162839182845,1,0,0.000967855847348329,1,123,1000,2,"poisson","fixed",0.000193571169469666,5,"5*eta0",0.000967855847348329,0.967855847348329,"fixed | 5*eta0"
1948,-501817.68634838,871.162839182844,1,0,0.000967855847348329,1,123,1000,2,"poisson","fixed",0.000193571169469666,5,"5*eta0",0.000967855847348329,0.967855847348329,"fixed | 5*eta0"
1949,-538302.762846134,871.162839182844,1,0,0.000967855847348329,1,123,1000,2,"poisson","fixed",0.000193571169469666,5,"5*eta0",0.000967855847348329,0.967855847348329,"fixed | 5*eta0"
1950,-501817.68634838,871.162839182846,1,0,0.000967855847348329,1,123,1000,2,"poisson","fixed",0.000193571169469666,5,"5*eta0",0.000967855847348329,0.967855847348329,"fixed | 5*eta0"
1951,-538302.762846134,871.162839182845,1,0,0.000967855847348329,1,123,1000,2,"poisson","fixed",0.000193571169469666,5,"5*eta0",0.000967855847348329,0.967855847348329,"fixed | 5*eta0"
1952,-501817.68634838,871.162839182843,1,0,0.000967855847348329,1,123,1000,2,"poisson","fixed",0.000193571169469666,5,"5*eta0",0.000967855847348329,0.967855847348329,"fixed | 5*eta0"
1953,-538302.762846134,871.162839182844,1,0,0.000967855847348329,1,123,1000,2,"poisson","fixed",0.000193571169469666,5,"5*eta0",0.000967855847348329,0.967855847348329,"fixed | 5*eta0"
1954,-501817.68634838,871.162839182846,1,0,0.000967855847348329,1,123,1000,2,"poisson","fixed",0.000193571169469666,5,"5*eta0",0.000967855847348329,0.967855847348329,"fixed | 5*eta0"
1955,-538302.762846134,871.162839182846,1,0,0.000967855847348329,1,123,1000,2,"poisson","fixed",0.000193571169469666,5,"5*eta0",0.000967855847348329,0.967855847348329,"fixed | 5*eta0"
1956,-501817.68634838,871.162839182843,1,0,0.000967855847348329,1,123,1000,2,"poisson","fixed",0.000193571169469666,5,"5*eta0",0.000967855847348329,0.967855847348329,"fixed | 5*eta0"
1957,-538302.762846134,871.162839182844,1,0,0.000967855847348329,1,123,1000,2,"poisson","fixed",0.000193571169469666,5,"5*eta0",0.000967855847348329,0.967855847348329,"fixed | 5*eta0"
1958,-501817.68634838,871.162839182846,1,0,0.000967855847348329,1,123,1000,2,"poisson","fixed",0.000193571169469666,5,"5*eta0",0.000967855847348329,0.967855847348329,"fixed | 5*eta0"
1959,-538302.762846134,871.162839182845,1,0,0.000967855847348329,1,123,1000,2,"poisson","fixed",0.000193571169469666,5,"5*eta0",0.000967855847348329,0.967855847348329,"fixed | 5*eta0"
1960,-501817.68634838,871.162839182843,1,0,0.000967855847348329,1,123,1000,2,"poisson","fixed",0.000193571169469666,5,"5*eta0",0.000967855847348329,0.967855847348329,"fixed | 5*eta0"
1961,-538302.762846134,871.162839182844,1,0,0.000967855847348329,1,123,1000,2,"poisson","fixed",0.000193571169469666,5,"5*eta0",0.000967855847348329,0.967855847348329,"fixed | 5*eta0"
1962,-501817.68634838,871.162839182846,1,0,0.000967855847348329,1,123,1000,2,"poisson","fixed",0.000193571169469666,5,"5*eta0",0.000967855847348329,0.967855847348329,"fixed | 5*eta0"
1963,-538302.762846134,871.162839182845,1,0,0.000967855847348329,1,123,1000,2,"poisson","fixed",0.000193571169469666,5,"5*eta0",0.000967855847348329,0.967855847348329,"fixed | 5*eta0"
1964,-501817.68634838,871.162839182844,1,0,0.000967855847348329,1,123,1000,2,"poisson","fixed",0.000193571169469666,5,"5*eta0",0.000967855847348329,0.967855847348329,"fixed | 5*eta0"
1965,-538302.762846134,871.162839182844,1,0,0.000967855847348329,1,123,1000,2,"poisson","fixed",0.000193571169469666,5,"5*eta0",0.000967855847348329,0.967855847348329,"fixed | 5*eta0"
1966,-501817.68634838,871.162839182846,1,0,0.000967855847348329,1,123,1000,2,"poisson","fixed",0.000193571169469666,5,"5*eta0",0.000967855847348329,0.967855847348329,"fixed | 5*eta0"
1967,-538302.762846134,871.162839182845,1,0,0.000967855847348329,1,123,1000,2,"poisson","fixed",0.000193571169469666,5,"5*eta0",0.000967855847348329,0.967855847348329,"fixed | 5*eta0"
1968,-501817.68634838,871.162839182844,1,0,0.000967855847348329,1,123,1000,2,"poisson","fixed",0.000193571169469666,5,"5*eta0",0.000967855847348329,0.967855847348329,"fixed | 5*eta0"
1969,-538302.762846134,871.162839182844,1,0,0.000967855847348329,1,123,1000,2,"poisson","fixed",0.000193571169469666,5,"5*eta0",0.000967855847348329,0.967855847348329,"fixed | 5*eta0"
1970,-501817.68634838,871.162839182845,1,0,0.000967855847348329,1,123,1000,2,"poisson","fixed",0.000193571169469666,5,"5*eta0",0.000967855847348329,0.967855847348329,"fixed | 5*eta0"
1971,-538302.762846134,871.162839182845,1,0,0.000967855847348329,1,123,1000,2,"poisson","fixed",0.000193571169469666,5,"5*eta0",0.000967855847348329,0.967855847348329,"fixed | 5*eta0"
1972,-501817.68634838,871.162839182844,1,0,0.000967855847348329,1,123,1000,2,"poisson","fixed",0.000193571169469666,5,"5*eta0",0.000967855847348329,0.967855847348329,"fixed | 5*eta0"
1973,-538302.762846134,871.162839182844,1,0,0.000967855847348329,1,123,1000,2,"poisson","fixed",0.000193571169469666,5,"5*eta0",0.000967855847348329,0.967855847348329,"fixed | 5*eta0"
1974,-501817.68634838,871.162839182845,1,0,0.000967855847348329,1,123,1000,2,"poisson","fixed",0.000193571169469666,5,"5*eta0",0.000967855847348329,0.967855847348329,"fixed | 5*eta0"
1975,-538302.762846134,871.162839182845,1,0,0.000967855847348329,1,123,1000,2,"poisson","fixed",0.000193571169469666,5,"5*eta0",0.000967855847348329,0.967855847348329,"fixed | 5*eta0"
1976,-501817.68634838,871.162839182844,1,0,0.000967855847348329,1,123,1000,2,"poisson","fixed",0.000193571169469666,5,"5*eta0",0.000967855847348329,0.967855847348329,"fixed | 5*eta0"
1977,-538302.762846134,871.162839182844,1,0,0.000967855847348329,1,123,1000,2,"poisson","fixed",0.000193571169469666,5,"5*eta0",0.000967855847348329,0.967855847348329,"fixed | 5*eta0"
1978,-501817.68634838,871.162839182845,1,0,0.000967855847348329,1,123,1000,2,"poisson","fixed",0.000193571169469666,5,"5*eta0",0.000967855847348329,0.967855847348329,"fixed | 5*eta0"
1979,-538302.762846134,871.162839182845,1,0,0.000967855847348329,1,123,1000,2,"poisson","fixed",0.000193571169469666,5,"5*eta0",0.000967855847348329,0.967855847348329,"fixed | 5*eta0"
1980,-501817.68634838,871.162839182844,1,0,0.000967855847348329,1,123,1000,2,"poisson","fixed",0.000193571169469666,5,"5*eta0",0.000967855847348329,0.967855847348329,"fixed | 5*eta0"
1981,-538302.762846134,871.162839182844,1,0,0.000967855847348329,1,123,1000,2,"poisson","fixed",0.000193571169469666,5,"5*eta0",0.000967855847348329,0.967855847348329,"fixed | 5*eta0"
1982,-501817.68634838,871.162839182845,1,0,0.000967855847348329,1,123,1000,2,"poisson","fixed",0.000193571169469666,5,"5*eta0",0.000967855847348329,0.967855847348329,"fixed | 5*eta0"
1983,-538302.762846134,871.162839182845,1,0,0.000967855847348329,1,123,1000,2,"poisson","fixed",0.000193571169469666,5,"5*eta0",0.000967855847348329,0.967855847348329,"fixed | 5*eta0"
1984,-501817.68634838,871.162839182844,1,0,0.000967855847348329,1,123,1000,2,"poisson","fixed",0.000193571169469666,5,"5*eta0",0.000967855847348329,0.967855847348329,"fixed | 5*eta0"
1985,-538302.762846134,871.162839182845,1,0,0.000967855847348329,1,123,1000,2,"poisson","fixed",0.000193571169469666,5,"5*eta0",0.000967855847348329,0.967855847348329,"fixed | 5*eta0"
1986,-501817.68634838,871.162839182845,1,0,0.000967855847348329,1,123,1000,2,"poisson","fixed",0.000193571169469666,5,"5*eta0",0.000967855847348329,0.967855847348329,"fixed | 5*eta0"
1987,-538302.762846134,871.162839182845,1,0,0.000967855847348329,1,123,1000,2,"poisson","fixed",0.000193571169469666,5,"5*eta0",0.000967855847348329,0.967855847348329,"fixed | 5*eta0"
1988,-501817.68634838,871.162839182844,1,0,0.000967855847348329,1,123,1000,2,"poisson","fixed",0.000193571169469666,5,"5*eta0",0.000967855847348329,0.967855847348329,"fixed | 5*eta0"
1989,-538302.762846134,871.162839182844,1,0,0.000967855847348329,1,123,1000,2,"poisson","fixed",0.000193571169469666,5,"5*eta0",0.000967855847348329,0.967855847348329,"fixed | 5*eta0"
1990,-501817.68634838,871.162839182844,1,0,0.000967855847348329,1,123,1000,2,"poisson","fixed",0.000193571169469666,5,"5*eta0",0.000967855847348329,0.967855847348329,"fixed | 5*eta0"
1991,-538302.762846134,871.162839182845,1,0,0.000967855847348329,1,123,1000,2,"poisson","fixed",0.000193571169469666,5,"5*eta0",0.000967855847348329,0.967855847348329,"fixed | 5*eta0"
1992,-501817.68634838,871.162839182845,1,0,0.000967855847348329,1,123,1000,2,"poisson","fixed",0.000193571169469666,5,"5*eta0",0.000967855847348329,0.967855847348329,"fixed | 5*eta0"
1993,-538302.762846134,871.162839182845,1,0,0.000967855847348329,1,123,1000,2,"poisson","fixed",0.000193571169469666,5,"5*eta0",0.000967855847348329,0.967855847348329,"fixed | 5*eta0"
1994,-501817.68634838,871.162839182844,1,0,0.000967855847348329,1,123,1000,2,"poisson","fixed",0.000193571169469666,5,"5*eta0",0.000967855847348329,0.967855847348329,"fixed | 5*eta0"
1995,-538302.762846134,871.162839182844,1,0,0.000967855847348329,1,123,1000,2,"poisson","fixed",0.000193571169469666,5,"5*eta0",0.000967855847348329,0.967855847348329,"fixed | 5*eta0"
1996,-501817.68634838,871.162839182844,1,0,0.000967855847348329,1,123,1000,2,"poisson","fixed",0.000193571169469666,5,"5*eta0",0.000967855847348329,0.967855847348329,"fixed | 5*eta0"
1997,-538302.762846134,871.162839182844,1,0,0.000967855847348329,1,123,1000,2,"poisson","fixed",0.000193571169469666,5,"5*eta0",0.000967855847348329,0.967855847348329,"fixed | 5*eta0"
1998,-501817.68634838,871.162839182844,1,0,0.000967855847348329,1,123,1000,2,"poisson","fixed",0.000193571169469666,5,"5*eta0",0.000967855847348329,0.967855847348329,"fixed | 5*eta0"
1999,-538302.762846134,871.162839182845,1,0,0.000967855847348329,1,123,1000,2,"poisson","fixed",0.000193571169469666,5,"5*eta0",0.000967855847348329,0.967855847348329,"fixed | 5*eta0"
2000,-501817.68634838,871.162839182845,1,0,0.000967855847348329,1,123,1000,2,"poisson","fixed",0.000193571169469666,5,"5*eta0",0.000967855847348329,0.967855847348329,"fixed | 5*eta0"
1,-463074.625300115,197.347612285315,1,NA,NA,NA,123,1000,2,"poisson","linesearch",0.000193571169469666,5,"5*eta0",0.000967855847348329,0.967855847348329,"linesearch | 5*eta0"
2,-462900.470289328,136.400009597089,1,1,0.000483927923674164,1,123,1000,2,"poisson","linesearch",0.000193571169469666,5,"5*eta0",0.000967855847348329,0.967855847348329,"linesearch | 5*eta0"
3,-462806.672549719,106.519899063819,1,1,0.000483927923674164,1,123,1000,2,"poisson","linesearch",0.000193571169469666,5,"5*eta0",0.000967855847348329,0.967855847348329,"linesearch | 5*eta0"
4,-462741.013115955,87.856942622545,1,1,0.000483927923674164,1,123,1000,2,"poisson","linesearch",0.000193571169469666,5,"5*eta0",0.000967855847348329,0.967855847348329,"linesearch | 5*eta0"
5,-462692.893981779,74.1506366409167,1,1,0.000483927923674164,1,123,1000,2,"poisson","linesearch",0.000193571169469666,5,"5*eta0",0.000967855847348329,0.967855847348329,"linesearch | 5*eta0"
6,-462657.267626575,63.0708574725069,1,1,0.000483927923674164,1,123,1000,2,"poisson","linesearch",0.000193571169469666,5,"5*eta0",0.000967855847348329,0.967855847348329,"linesearch | 5*eta0"
7,-462630.789321019,53.8162703135091,1,1,0.000483927923674164,1,123,1000,2,"poisson","linesearch",0.000193571169469666,5,"5*eta0",0.000967855847348329,0.967855847348329,"linesearch | 5*eta0"
8,-462611.058572648,45.9993220201228,1,1,0.000483927923674164,1,123,1000,2,"poisson","linesearch",0.000193571169469666,5,"5*eta0",0.000967855847348329,0.967855847348329,"linesearch | 5*eta0"
9,-462596.321562834,39.3685709337342,1,1,0.000483927923674164,1,123,1000,2,"poisson","linesearch",0.000193571169469666,5,"5*eta0",0.000967855847348329,0.967855847348329,"linesearch | 5*eta0"
10,-462585.289763387,33.7315377038834,1,1,0.000483927923674164,1,123,1000,2,"poisson","linesearch",0.000193571169469666,5,"5*eta0",0.000967855847348329,0.967855847348329,"linesearch | 5*eta0"
11,-462577.01358779,28.9317270651742,1,1,0.000483927923674164,1,123,1000,2,"poisson","linesearch",0.000193571169469666,5,"5*eta0",0.000967855847348329,0.967855847348329,"linesearch | 5*eta0"
12,-462570.79147664,24.8393116510605,1,1,0.000483927923674164,1,123,1000,2,"poisson","linesearch",0.000193571169469666,5,"5*eta0",0.000967855847348329,0.967855847348329,"linesearch | 5*eta0"
13,-462566.103886647,21.3457850107272,1,1,0.000483927923674164,1,123,1000,2,"poisson","linesearch",0.000193571169469666,5,"5*eta0",0.000967855847348329,0.967855847348329,"linesearch | 5*eta0"
14,-462562.565177928,18.3601240810047,1,1,0.000483927923674164,1,123,1000,2,"poisson","linesearch",0.000193571169469666,5,"5*eta0",0.000967855847348329,0.967855847348329,"linesearch | 5*eta0"
15,-462559.888453775,15.8057776097315,1,1,0.000483927923674164,1,123,1000,2,"poisson","linesearch",0.000193571169469666,5,"5*eta0",0.000967855847348329,0.967855847348329,"linesearch | 5*eta0"
16,-462557.859803686,13.6182297821227,1,1,0.000483927923674164,1,123,1000,2,"poisson","linesearch",0.000193571169469666,5,"5*eta0",0.000967855847348329,0.967855847348329,"linesearch | 5*eta0"
17,-462556.31938964,11.7430067711413,1,1,0.000483927923674164,1,123,1000,2,"poisson","linesearch",0.000193571169469666,5,"5*eta0",0.000967855847348329,0.967855847348329,"linesearch | 5*eta0"
18,-462555.147524514,10.1340362349435,1,1,0.000483927923674164,1,123,1000,2,"poisson","linesearch",0.000193571169469666,5,"5*eta0",0.000967855847348329,0.967855847348329,"linesearch | 5*eta0"
19,-462554.254401047,8.75229168514414,1,1,0.000483927923674164,1,123,1000,2,"poisson","linesearch",0.000193571169469666,5,"5*eta0",0.000967855847348329,0.967855847348329,"linesearch | 5*eta0"
20,-462553.57249607,7.56466833249948,1,1,0.000483927923674164,1,123,1000,2,"poisson","linesearch",0.000193571169469666,5,"5*eta0",0.000967855847348329,0.967855847348329,"linesearch | 5*eta0"
21,-462553.050941186,6.54304797245393,1,1,0.000483927923674164,1,123,1000,2,"poisson","linesearch",0.000193571169469666,5,"5*eta0",0.000967855847348329,0.967855847348329,"linesearch | 5*eta0"
22,-462552.651340708,5.66351893621779,1,1,0.000483927923674164,1,123,1000,2,"poisson","linesearch",0.000193571169469666,5,"5*eta0",0.000967855847348329,0.967855847348329,"linesearch | 5*eta0"
23,-462552.344658739,4.9057237513614,1,1,0.000483927923674164,1,123,1000,2,"poisson","linesearch",0.000193571169469666,5,"5*eta0",0.000967855847348329,0.967855847348329,"linesearch | 5*eta0"
24,-462552.108896909,4.2523123672058,1,1,0.000483927923674164,1,123,1000,2,"poisson","linesearch",0.000193571169469666,5,"5*eta0",0.000967855847348329,0.967855847348329,"linesearch | 5*eta0"
25,-462551.927358434,3.68848292846626,1,1,0.000483927923674164,1,123,1000,2,"poisson","linesearch",0.000193571169469666,5,"5*eta0",0.000967855847348329,0.967855847348329,"linesearch | 5*eta0"
26,-462551.78734775,3.20159537051189,1,1,0.000483927923674164,1,123,1000,2,"poisson","linesearch",0.000193571169469666,5,"5*eta0",0.000967855847348329,0.967855847348329,"linesearch | 5*eta0"
27,-462551.679194891,2.78084574716121,1,1,0.000483927923674164,1,123,1000,2,"poisson","linesearch",0.000193571169469666,5,"5*eta0",0.000967855847348329,0.967855847348329,"linesearch | 5*eta0"
28,-462551.595521685,2.41699132868616,1,1,0.000483927923674164,1,123,1000,2,"poisson","linesearch",0.000193571169469666,5,"5*eta0",0.000967855847348329,0.967855847348329,"linesearch | 5*eta0"
29,-462551.530689008,2.11050022818258,1,1,0.000483927923674164,1,123,1000,2,"poisson","linesearch",0.000193571169469666,5,"5*eta0",0.000967855847348329,0.967855847348329,"linesearch | 5*eta0"
30,-462551.480379878,1.86046161912832,1,1,0.000483927923674164,1,123,1000,2,"poisson","linesearch",0.000193571169469666,5,"5*eta0",0.000967855847348329,0.967855847348329,"linesearch | 5*eta0"
31,-462551.441283812,1.64086379304238,1,1,0.000483927923674164,1,123,1000,2,"poisson","linesearch",0.000193571169469666,5,"5*eta0",0.000967855847348329,0.967855847348329,"linesearch | 5*eta0"
32,-462551.410858253,1.44788951451884,1,1,0.000483927923674164,1,123,1000,2,"poisson","linesearch",0.000193571169469666,5,"5*eta0",0.000967855847348329,0.967855847348329,"linesearch | 5*eta0"
33,-462551.387147222,1.27821559523932,1,1,0.000483927923674164,1,123,1000,2,"poisson","linesearch",0.000193571169469666,5,"5*eta0",0.000967855847348329,0.967855847348329,"linesearch | 5*eta0"
34,-462551.368643655,1.12894679767463,1,1,0.000483927923674164,1,123,1000,2,"poisson","linesearch",0.000193571169469666,5,"5*eta0",0.000967855847348329,0.967855847348329,"linesearch | 5*eta0"
35,-462551.354184637,0.997558886408926,1,1,0.000483927923674164,1,123,1000,2,"poisson","linesearch",0.000193571169469666,5,"5*eta0",0.000967855847348329,0.967855847348329,"linesearch | 5*eta0"
36,-462551.342871385,0.881849517778185,1,1,0.000483927923674164,1,123,1000,2,"poisson","linesearch",0.000193571169469666,5,"5*eta0",0.000967855847348329,0.967855847348329,"linesearch | 5*eta0"
37,-462551.334008206,0.779895852038863,1,1,0.000483927923674164,1,123,1000,2,"poisson","linesearch",0.000193571169469666,5,"5*eta0",0.000967855847348329,0.967855847348329,"linesearch | 5*eta0"
38,-462551.327055945,0.69001793633976,1,1,0.000483927923674164,1,123,1000,2,"poisson","linesearch",0.000193571169469666,5,"5*eta0",0.000967855847348329,0.967855847348329,"linesearch | 5*eta0"
39,-462551.321595987,0.610747045973486,1,1,0.000483927923674164,1,123,1000,2,"poisson","linesearch",0.000193571169469666,5,"5*eta0",0.000967855847348329,0.967855847348329,"linesearch | 5*eta0"
40,-462551.317302975,0.540798289599894,1,1,0.000483927923674164,1,123,1000,2,"poisson","linesearch",0.000193571169469666,5,"5*eta0",0.000967855847348329,0.967855847348329,"linesearch | 5*eta0"
41,-462551.313923669,0.479046884617917,1,1,0.000483927923674164,1,123,1000,2,"poisson","linesearch",0.000193571169469666,5,"5*eta0",0.000967855847348329,0.967855847348329,"linesearch | 5*eta0"
42,-462551.311260636,0.424507594340825,1,1,0.000483927923674164,1,123,1000,2,"poisson","linesearch",0.000193571169469666,5,"5*eta0",0.000967855847348329,0.967855847348329,"linesearch | 5*eta0"
43,-462551.309159814,0.376316891414982,1,1,0.000483927923674164,1,123,1000,2,"poisson","linesearch",0.000193571169469666,5,"5*eta0",0.000967855847348329,0.967855847348329,"linesearch | 5*eta0"
44,-462551.307500738,0.333717473949152,1,1,0.000483927923674164,1,123,1000,2,"poisson","linesearch",0.000193571169469666,5,"5*eta0",0.000967855847348329,0.967855847348329,"linesearch | 5*eta0"
45,-462551.306189201,0.296044813724512,1,1,0.000483927923674164,1,123,1000,2,"poisson","linesearch",0.000193571169469666,5,"5*eta0",0.000967855847348329,0.967855847348329,"linesearch | 5*eta0"
46,-462551.305151422,0.262715461024885,1,1,0.000483927923674164,1,123,1000,2,"poisson","linesearch",0.000193571169469666,5,"5*eta0",0.000967855847348329,0.967855847348329,"linesearch | 5*eta0"
47,-462551.304329443,0.233216869217755,1,1,0.000483927923674164,1,123,1000,2,"poisson","linesearch",0.000193571169469666,5,"5*eta0",0.000967855847348329,0.967855847348329,"linesearch | 5*eta0"
48,-462551.303677764,0.207098535225208,1,1,0.000483927923674164,1,123,1000,2,"poisson","linesearch",0.000193571169469666,5,"5*eta0",0.000967855847348329,0.967855847348329,"linesearch | 5*eta0"
49,-462551.30316068,0.183964280276872,1,1,0.000483927923674164,1,123,1000,2,"poisson","linesearch",0.000193571169469666,5,"5*eta0",0.000967855847348329,0.967855847348329,"linesearch | 5*eta0"
50,-462551.302750031,0.163465519546408,1,1,0.000483927923674164,1,123,1000,2,"poisson","linesearch",0.000193571169469666,5,"5*eta0",0.000967855847348329,0.967855847348329,"linesearch | 5*eta0"
51,-462551.302423644,0.145295390031338,1,1,0.000483927923674164,1,123,1000,2,"poisson","linesearch",0.000193571169469666,5,"5*eta0",0.000967855847348329,0.967855847348329,"linesearch | 5*eta0"
52,-462551.302163971,0.129183623857042,1,1,0.000483927923674164,1,123,1000,2,"poisson","linesearch",0.000193571169469666,5,"5*eta0",0.000967855847348329,0.967855847348329,"linesearch | 5*eta0"
53,-462551.30195727,0.114892069490001,1,1,0.000483927923674164,1,123,1000,2,"poisson","linesearch",0.000193571169469666,5,"5*eta0",0.000967855847348329,0.967855847348329,"linesearch | 5*eta0"
54,-462551.301792583,0.10221077651163,1,1,0.000483927923674164,1,123,1000,2,"poisson","linesearch",0.000193571169469666,5,"5*eta0",0.000967855847348329,0.967855847348329,"linesearch | 5*eta0"
55,-462551.301661277,0.0909545709286263,1,1,0.000483927923674164,1,123,1000,2,"poisson","linesearch",0.000193571169469666,5,"5*eta0",0.000967855847348329,0.967855847348329,"linesearch | 5*eta0"
56,-462551.301556522,0.0809600577546526,1,1,0.000483927923674164,1,123,1000,2,"poisson","linesearch",0.000193571169469666,5,"5*eta0",0.000967855847348329,0.967855847348329,"linesearch | 5*eta0"
57,-462551.301472874,0.0720829960079356,1,1,0.000483927923674164,1,123,1000,2,"poisson","linesearch",0.000193571169469666,5,"5*eta0",0.000967855847348329,0.967855847348329,"linesearch | 5*eta0"
58,-462551.30140605,0.0641959985276399,1,1,0.000483927923674164,1,123,1000,2,"poisson","linesearch",0.000193571169469666,5,"5*eta0",0.000967855847348329,0.967855847348329,"linesearch | 5*eta0"
59,-462551.301352612,0.057344075994468,1,1,0.000483927923674164,1,123,1000,2,"poisson","linesearch",0.000193571169469666,5,"5*eta0",0.000967855847348329,0.967855847348329,"linesearch | 5*eta0"
60,-462551.301309894,0.0512923883723844,1,1,0.000483927923674164,1,123,1000,2,"poisson","linesearch",0.000193571169469666,5,"5*eta0",0.000967855847348329,0.967855847348329,"linesearch | 5*eta0"
61,-462551.3012757,0.0458865257764647,1,1,0.000483927923674164,1,123,1000,2,"poisson","linesearch",0.000193571169469666,5,"5*eta0",0.000967855847348329,0.967855847348329,"linesearch | 5*eta0"
62,-462551.301248305,0.0410566959121642,1,1,0.000483927923674164,1,123,1000,2,"poisson","linesearch",0.000193571169469666,5,"5*eta0",0.000967855847348329,0.967855847348329,"linesearch | 5*eta0"
63,-462551.301226352,0.036740756330625,1,1,0.000483927923674164,1,123,1000,2,"poisson","linesearch",0.000193571169469666,5,"5*eta0",0.000967855847348329,0.967855847348329,"linesearch | 5*eta0"
64,-462551.301208744,0.0328833623583522,1,1,0.000483927923674164,1,123,1000,2,"poisson","linesearch",0.000193571169469666,5,"5*eta0",0.000967855847348329,0.967855847348329,"linesearch | 5*eta0"
65,-462551.301194628,0.0294352116930911,1,1,0.000483927923674164,1,123,1000,2,"poisson","linesearch",0.000193571169469666,5,"5*eta0",0.000967855847348329,0.967855847348329,"linesearch | 5*eta0"
66,-462551.301183306,0.026352374463754,1,1,0.000483927923674164,1,123,1000,2,"poisson","linesearch",0.000193571169469666,5,"5*eta0",0.000967855847348329,0.967855847348329,"linesearch | 5*eta0"
67,-462551.301174182,0.0235956988835637,1,1,0.000483927923674164,1,123,1000,2,"poisson","linesearch",0.000193571169469666,5,"5*eta0",0.000967855847348329,0.967855847348329,"linesearch | 5*eta0"
68,-462551.30116689,0.0211302837936457,1,1,0.000483927923674164,1,123,1000,2,"poisson","linesearch",0.000193571169469666,5,"5*eta0",0.000967855847348329,0.967855847348329,"linesearch | 5*eta0"
69,-462551.301161032,0.0189250104192557,1,1,0.000483927923674164,1,123,1000,2,"poisson","linesearch",0.000193571169469666,5,"5*eta0",0.000967855847348329,0.967855847348329,"linesearch | 5*eta0"
70,-462551.301156301,0.0169521265627405,1,1,0.000483927923674164,1,123,1000,2,"poisson","linesearch",0.000193571169469666,5,"5*eta0",0.000967855847348329,0.967855847348329,"linesearch | 5*eta0"
71,-462551.301152492,0.0151868772492733,1,1,0.000483927923674164,1,123,1000,2,"poisson","linesearch",0.000193571169469666,5,"5*eta0",0.000967855847348329,0.967855847348329,"linesearch | 5*eta0"
72,-462551.301149433,0.013607176541655,1,1,0.000483927923674164,1,123,1000,2,"poisson","linesearch",0.000193571169469666,5,"5*eta0",0.000967855847348329,0.967855847348329,"linesearch | 5*eta0"
73,-462551.301146987,0.0121933158496071,1,1,0.000483927923674164,1,123,1000,2,"poisson","linesearch",0.000193571169469666,5,"5*eta0",0.000967855847348329,0.967855847348329,"linesearch | 5*eta0"
74,-462551.301144993,0.0109277046066786,1,1,0.000483927923674164,1,123,1000,2,"poisson","linesearch",0.000193571169469666,5,"5*eta0",0.000967855847348329,0.967855847348329,"linesearch | 5*eta0"
75,-462551.301143396,0.00979463965805938,1,1,0.000483927923674164,1,123,1000,2,"poisson","linesearch",0.000193571169469666,5,"5*eta0",0.000967855847348329,0.967855847348329,"linesearch | 5*eta0"
