"iter","loglik","score_max_abs","finite_score","bt","eta_used","ls_ok","seed","n","k","family","method","eta0","eta_mult","eta_label","eta_init","eta_times_n","case"
1,-337517.190512481,22.6305657430881,1,NA,NA,NA,123,1000,2,"bernoulli","fixed",0.000800000000000004,10,"10*eta0",0.00800000000000004,8.00000000000004,"fixed | 10*eta0"
2,-337334.665137976,11.5209267611534,1,0,0.00800000000000004,1,123,1000,2,"bernoulli","fixed",0.000800000000000004,10,"10*eta0",0.00800000000000004,8.00000000000004,"fixed | 10*eta0"
3,-337312.310293484,10.3890593589592,1,0,0.00800000000000004,1,123,1000,2,"bernoulli","fixed",0.000800000000000004,10,"10*eta0",0.00800000000000004,8.00000000000004,"fixed | 10*eta0"
4,-337428.16518243,16.4115504154011,1,0,0.00800000000000004,1,123,1000,2,"bernoulli","fixed",0.000800000000000004,10,"10*eta0",0.00800000000000004,8.00000000000004,"fixed | 10*eta0"
5,-338478.633658951,37.2401116012073,1,0,0.00800000000000004,1,123,1000,2,"bernoulli","fixed",0.000800000000000004,10,"10*eta0",0.00800000000000004,8.00000000000004,"fixed | 10*eta0"
6,-347031.418318649,103.100450219061,1,0,0.00800000000000004,1,123,1000,2,"bernoulli","fixed",0.000800000000000004,10,"10*eta0",0.00800000000000004,8.00000000000004,"fixed | 10*eta0"
7,-411277.584089374,269.098354560187,1,0,0.00800000000000004,1,123,1000,2,"bernoulli","fixed",0.000800000000000004,10,"10*eta0",0.00800000000000004,8.00000000000004,"fixed | 10*eta0"
8,-720495.025350605,473.347187885758,1,0,0.00800000000000004,1,123,1000,2,"bernoulli","fixed",0.000800000000000004,10,"10*eta0",0.00800000000000004,8.00000000000004,"fixed | 10*eta0"
9,-1009636.7630495,524.591758073268,1,0,0.00800000000000004,1,123,1000,2,"bernoulli","fixed",0.000800000000000004,10,"10*eta0",0.00800000000000004,8.00000000000004,"fixed | 10*eta0"
10,-839295.508094174,476.965959704124,1,0,0.00800000000000004,1,123,1000,2,"bernoulli","fixed",0.000800000000000004,10,"10*eta0",0.00800000000000004,8.00000000000004,"fixed | 10*eta0"
11,-795837.735378372,473.511719606258,1,0,0.00800000000000004,1,123,1000,2,"bernoulli","fixed",0.000800000000000004,10,"10*eta0",0.00800000000000004,8.00000000000004,"fixed | 10*eta0"
12,-813119.041756019,469.499699618789,1,0,0.00800000000000004,1,123,1000,2,"bernoulli","fixed",0.000800000000000004,10,"10*eta0",0.00800000000000004,8.00000000000004,"fixed | 10*eta0"
13,-878484.952044547,478.570754279877,1,0,0.00800000000000004,1,123,1000,2,"bernoulli","fixed",0.000800000000000004,10,"10*eta0",0.00800000000000004,8.00000000000004,"fixed | 10*eta0"
14,-810479.212707028,468.920533965724,1,0,0.00800000000000004,1,123,1000,2,"bernoulli","fixed",0.000800000000000004,10,"10*eta0",0.00800000000000004,8.00000000000004,"fixed | 10*eta0"
15,-751464.205785516,465.795881051966,1,0,0.00800000000000004,1,123,1000,2,"bernoulli","fixed",0.000800000000000004,10,"10*eta0",0.00800000000000004,8.00000000000004,"fixed | 10*eta0"
16,-878487.171771709,475.679046320275,1,0,0.00800000000000004,1,123,1000,2,"bernoulli","fixed",0.000800000000000004,10,"10*eta0",0.00800000000000004,8.00000000000004,"fixed | 10*eta0"
17,-862880.030624736,474.597132829874,1,0,0.00800000000000004,1,123,1000,2,"bernoulli","fixed",0.000800000000000004,10,"10*eta0",0.00800000000000004,8.00000000000004,"fixed | 10*eta0"
18,-751616.89557224,462.985208855505,1,0,0.00800000000000004,1,123,1000,2,"bernoulli","fixed",0.000800000000000004,10,"10*eta0",0.00800000000000004,8.00000000000004,"fixed | 10*eta0"
19,-810329.850304409,469.547275226664,1,0,0.00800000000000004,1,123,1000,2,"bernoulli","fixed",0.000800000000000004,10,"10*eta0",0.00800000000000004,8.00000000000004,"fixed | 10*eta0"
20,-896378.758528495,477.443630234032,1,0,0.00800000000000004,1,123,1000,2,"bernoulli","fixed",0.000800000000000004,10,"10*eta0",0.00800000000000004,8.00000000000004,"fixed | 10*eta0"
21,-819545.804728552,470.133100647177,1,0,0.00800000000000004,1,123,1000,2,"bernoulli","fixed",0.000800000000000004,10,"10*eta0",0.00800000000000004,8.00000000000004,"fixed | 10*eta0"
22,-720814.831234615,460.688711124774,1,0,0.00800000000000004,1,123,1000,2,"bernoulli","fixed",0.000800000000000004,10,"10*eta0",0.00800000000000004,8.00000000000004,"fixed | 10*eta0"
23,-895018.867357827,487.623186727023,1,0,0.00800000000000004,1,123,1000,2,"bernoulli","fixed",0.000800000000000004,10,"10*eta0",0.00800000000000004,8.00000000000004,"fixed | 10*eta0"
24,-876255.235214241,477.197044721333,1,0,0.00800000000000004,1,123,1000,2,"bernoulli","fixed",0.000800000000000004,10,"10*eta0",0.00800000000000004,8.00000000000004,"fixed | 10*eta0"
25,-756695.808650824,464.168731934445,1,0,0.00800000000000004,1,123,1000,2,"bernoulli","fixed",0.000800000000000004,10,"10*eta0",0.00800000000000004,8.00000000000004,"fixed | 10*eta0"
26,-789732.2724389,467.863705579619,1,0,0.00800000000000004,1,123,1000,2,"bernoulli","fixed",0.000800000000000004,10,"10*eta0",0.00800000000000004,8.00000000000004,"fixed | 10*eta0"
27,-904164.094691533,484.622350262793,1,0,0.00800000000000004,1,123,1000,2,"bernoulli","fixed",0.000800000000000004,10,"10*eta0",0.00800000000000004,8.00000000000004,"fixed | 10*eta0"
28,-837446.778227672,471.853473071198,1,0,0.00800000000000004,1,123,1000,2,"bernoulli","fixed",0.000800000000000004,10,"10*eta0",0.00800000000000004,8.00000000000004,"fixed | 10*eta0"
29,-710838.717854126,461.647238217602,1,0,0.00800000000000004,1,123,1000,2,"bernoulli","fixed",0.000800000000000004,10,"10*eta0",0.00800000000000004,8.00000000000004,"fixed | 10*eta0"
30,-883761.274103352,483.905518942888,1,0,0.00800000000000004,1,123,1000,2,"bernoulli","fixed",0.000800000000000004,10,"10*eta0",0.00800000000000004,8.00000000000004,"fixed | 10*eta0"
31,-883750.513275789,476.249650622135,1,0,0.00800000000000004,1,123,1000,2,"bernoulli","fixed",0.000800000000000004,10,"10*eta0",0.00800000000000004,8.00000000000004,"fixed | 10*eta0"
32,-776050.722526167,464.600454505618,1,0,0.00800000000000004,1,123,1000,2,"bernoulli","fixed",0.000800000000000004,10,"10*eta0",0.00800000000000004,8.00000000000004,"fixed | 10*eta0"
33,-762233.605194374,466.124992031482,1,0,0.00800000000000004,1,123,1000,2,"bernoulli","fixed",0.000800000000000004,10,"10*eta0",0.00800000000000004,8.00000000000004,"fixed | 10*eta0"
34,-907913.027566334,489.686703829557,1,0,0.00800000000000004,1,123,1000,2,"bernoulli","fixed",0.000800000000000004,10,"10*eta0",0.00800000000000004,8.00000000000004,"fixed | 10*eta0"
35,-849912.430150405,472.875541741777,1,0,0.00800000000000004,1,123,1000,2,"bernoulli","fixed",0.000800000000000004,10,"10*eta0",0.00800000000000004,8.00000000000004,"fixed | 10*eta0"
36,-718796.895846457,459.292290105985,1,0,0.00800000000000004,1,123,1000,2,"bernoulli","fixed",0.000800000000000004,10,"10*eta0",0.00800000000000004,8.00000000000004,"fixed | 10*eta0"
37,-859932.49771372,477.908950791136,1,0,0.00800000000000004,1,123,1000,2,"bernoulli","fixed",0.000800000000000004,10,"10*eta0",0.00800000000000004,8.00000000000004,"fixed | 10*eta0"
38,-892582.506529689,478.18246531626,1,0,0.00800000000000004,1,123,1000,2,"bernoulli","fixed",0.000800000000000004,10,"10*eta0",0.00800000000000004,8.00000000000004,"fixed | 10*eta0"
39,-790178.641201955,466.799430527766,1,0,0.00800000000000004,1,123,1000,2,"bernoulli","fixed",0.000800000000000004,10,"10*eta0",0.00800000000000004,8.00000000000004,"fixed | 10*eta0"
40,-739920.387596146,463.221911106386,1,0,0.00800000000000004,1,123,1000,2,"bernoulli","fixed",0.000800000000000004,10,"10*eta0",0.00800000000000004,8.00000000000004,"fixed | 10*eta0"
41,-910295.790941592,489.807445800463,1,0,0.00800000000000004,1,123,1000,2,"bernoulli","fixed",0.000800000000000004,10,"10*eta0",0.00800000000000004,8.00000000000004,"fixed | 10*eta0"
42,-863039.627183961,475.398579238546,1,0,0.00800000000000004,1,123,1000,2,"bernoulli","fixed",0.000800000000000004,10,"10*eta0",0.00800000000000004,8.00000000000004,"fixed | 10*eta0"
43,-730255.799815257,462.584018349285,1,0,0.00800000000000004,1,123,1000,2,"bernoulli","fixed",0.000800000000000004,10,"10*eta0",0.00800000000000004,8.00000000000004,"fixed | 10*eta0"
44,-833102.182987257,470.796331679187,1,0,0.00800000000000004,1,123,1000,2,"bernoulli","fixed",0.000800000000000004,10,"10*eta0",0.00800000000000004,8.00000000000004,"fixed | 10*eta0"
45,-897528.845432668,479.543409227686,1,0,0.00800000000000004,1,123,1000,2,"bernoulli","fixed",0.000800000000000004,10,"10*eta0",0.00800000000000004,8.00000000000004,"fixed | 10*eta0"
46,-810689.434026641,468.669449205622,1,0,0.00800000000000004,1,123,1000,2,"bernoulli","fixed",0.000800000000000004,10,"10*eta0",0.00800000000000004,8.00000000000004,"fixed | 10*eta0"
47,-720446.309712271,462.501427492204,1,0,0.00800000000000004,1,123,1000,2,"bernoulli","fixed",0.000800000000000004,10,"10*eta0",0.00800000000000004,8.00000000000004,"fixed | 10*eta0"
48,-906342.333248804,492.51258541301,1,0,0.00800000000000004,1,123,1000,2,"bernoulli","fixed",0.000800000000000004,10,"10*eta0",0.00800000000000004,8.00000000000004,"fixed | 10*eta0"
49,-870613.258297477,474.922575614577,1,0,0.00800000000000004,1,123,1000,2,"bernoulli","fixed",0.000800000000000004,10,"10*eta0",0.00800000000000004,8.00000000000004,"fixed | 10*eta0"
50,-749678.205174567,461.878676709506,1,0,0.00800000000000004,1,123,1000,2,"bernoulli","fixed",0.000800000000000004,10,"10*eta0",0.00800000000000004,8.00000000000004,"fixed | 10*eta0"
51,-803831.241292009,469.009540590866,1,0,0.00800000000000004,1,123,1000,2,"bernoulli","fixed",0.000800000000000004,10,"10*eta0",0.00800000000000004,8.00000000000004,"fixed | 10*eta0"
52,-902484.602436022,480.977534433974,1,0,0.00800000000000004,1,123,1000,2,"bernoulli","fixed",0.000800000000000004,10,"10*eta0",0.00800000000000004,8.00000000000004,"fixed | 10*eta0"
53,-825939.094587482,470.393301692183,1,0,0.00800000000000004,1,123,1000,2,"bernoulli","fixed",0.000800000000000004,10,"10*eta0",0.00800000000000004,8.00000000000004,"fixed | 10*eta0"
54,-713125.678419494,459.48770638271,1,0,0.00800000000000004,1,123,1000,2,"bernoulli","fixed",0.000800000000000004,10,"10*eta0",0.00800000000000004,8.00000000000004,"fixed | 10*eta0"
55,-894548.418015042,489.536092531093,1,0,0.00800000000000004,1,123,1000,2,"bernoulli","fixed",0.000800000000000004,10,"10*eta0",0.00800000000000004,8.00000000000004,"fixed | 10*eta0"
56,-880315.491989447,477.666393805184,1,0,0.00800000000000004,1,123,1000,2,"bernoulli","fixed",0.000800000000000004,10,"10*eta0",0.00800000000000004,8.00000000000004,"fixed | 10*eta0"
57,-763901.644442613,464.589569588016,1,0,0.00800000000000004,1,123,1000,2,"bernoulli","fixed",0.000800000000000004,10,"10*eta0",0.00800000000000004,8.00000000000004,"fixed | 10*eta0"
58,-778579.098750657,467.024914775669,1,0,0.00800000000000004,1,123,1000,2,"bernoulli","fixed",0.000800000000000004,10,"10*eta0",0.00800000000000004,8.00000000000004,"fixed | 10*eta0"
59,-905422.159514086,485.234137542788,1,0,0.00800000000000004,1,123,1000,2,"bernoulli","fixed",0.000800000000000004,10,"10*eta0",0.00800000000000004,8.00000000000004,"fixed | 10*eta0"
60,-843940.234282905,472.597884633935,1,0,0.00800000000000004,1,123,1000,2,"bernoulli","fixed",0.000800000000000004,10,"10*eta0",0.00800000000000004,8.00000000000004,"fixed | 10*eta0"
61,-712372.337734595,461.670994924905,1,0,0.00800000000000004,1,123,1000,2,"bernoulli","fixed",0.000800000000000004,10,"10*eta0",0.00800000000000004,8.00000000000004,"fixed | 10*eta0"
62,-874392.372672868,480.358065914292,1,0,0.00800000000000004,1,123,1000,2,"bernoulli","fixed",0.000800000000000004,10,"10*eta0",0.00800000000000004,8.00000000000004,"fixed | 10*eta0"
63,-887123.569269229,476.560386891673,1,0,0.00800000000000004,1,123,1000,2,"bernoulli","fixed",0.000800000000000004,10,"10*eta0",0.00800000000000004,8.00000000000004,"fixed | 10*eta0"
64,-783186.552746778,465.402453721169,1,0,0.00800000000000004,1,123,1000,2,"bernoulli","fixed",0.000800000000000004,10,"10*eta0",0.00800000000000004,8.00000000000004,"fixed | 10*eta0"
65,-751655.966902369,465.20158729585,1,0,0.00800000000000004,1,123,1000,2,"bernoulli","fixed",0.000800000000000004,10,"10*eta0",0.00800000000000004,8.00000000000004,"fixed | 10*eta0"
66,-909169.224852015,491.354333350615,1,0,0.00800000000000004,1,123,1000,2,"bernoulli","fixed",0.000800000000000004,10,"10*eta0",0.00800000000000004,8.00000000000004,"fixed | 10*eta0"
67,-855157.649280203,473.399211584036,1,0,0.00800000000000004,1,123,1000,2,"bernoulli","fixed",0.000800000000000004,10,"10*eta0",0.00800000000000004,8.00000000000004,"fixed | 10*eta0"
68,-723905.045835402,459.648399021301,1,0,0.00800000000000004,1,123,1000,2,"bernoulli","fixed",0.000800000000000004,10,"10*eta0",0.00800000000000004,8.00000000000004,"fixed | 10*eta0"
69,-848361.805679346,472.75504535394,1,0,0.00800000000000004,1,123,1000,2,"bernoulli","fixed",0.000800000000000004,10,"10*eta0",0.00800000000000004,8.00000000000004,"fixed | 10*eta0"
70,-895408.920294728,478.123801586874,1,0,0.00800000000000004,1,123,1000,2,"bernoulli","fixed",0.000800000000000004,10,"10*eta0",0.00800000000000004,8.00000000000004,"fixed | 10*eta0"
71,-797747.886764021,467.530361357828,1,0,0.00800000000000004,1,123,1000,2,"bernoulli","fixed",0.000800000000000004,10,"10*eta0",0.00800000000000004,8.00000000000004,"fixed | 10*eta0"
72,-731191.159330963,462.185715172176,1,0,0.00800000000000004,1,123,1000,2,"bernoulli","fixed",0.000800000000000004,10,"10*eta0",0.00800000000000004,8.00000000000004,"fixed | 10*eta0"
73,-909839.554282329,490.487451115814,1,0,0.00800000000000004,1,123,1000,2,"bernoulli","fixed",0.000800000000000004,10,"10*eta0",0.00800000000000004,8.00000000000004,"fixed | 10*eta0"
74,-867099.215622957,476.055450529226,1,0,0.00800000000000004,1,123,1000,2,"bernoulli","fixed",0.000800000000000004,10,"10*eta0",0.00800000000000004,8.00000000000004,"fixed | 10*eta0"
75,-737432.496677334,462.987493634341,1,0,0.00800000000000004,1,123,1000,2,"bernoulli","fixed",0.000800000000000004,10,"10*eta0",0.00800000000000004,8.00000000000004,"fixed | 10*eta0"
76,-821027.440202547,470.082206006497,1,0,0.00800000000000004,1,123,1000,2,"bernoulli","fixed",0.000800000000000004,10,"10*eta0",0.00800000000000004,8.00000000000004,"fixed | 10*eta0"
77,-899418.286248519,480.889767035829,1,0,0.00800000000000004,1,123,1000,2,"bernoulli","fixed",0.000800000000000004,10,"10*eta0",0.00800000000000004,8.00000000000004,"fixed | 10*eta0"
78,-818290.49756958,469.586905805665,1,0,0.00800000000000004,1,123,1000,2,"bernoulli","fixed",0.000800000000000004,10,"10*eta0",0.00800000000000004,8.00000000000004,"fixed | 10*eta0"
79,-715509.460615918,462.121821479145,1,0,0.00800000000000004,1,123,1000,2,"bernoulli","fixed",0.000800000000000004,10,"10*eta0",0.00800000000000004,8.00000000000004,"fixed | 10*eta0"
80,-902195.772920388,491.119884537265,1,0,0.00800000000000004,1,123,1000,2,"bernoulli","fixed",0.000800000000000004,10,"10*eta0",0.00800000000000004,8.00000000000004,"fixed | 10*eta0"
81,-874211.389645353,475.206420676397,1,0,0.00800000000000004,1,123,1000,2,"bernoulli","fixed",0.000800000000000004,10,"10*eta0",0.00800000000000004,8.00000000000004,"fixed | 10*eta0"
82,-756972.602471637,462.591044587285,1,0,0.00800000000000004,1,123,1000,2,"bernoulli","fixed",0.000800000000000004,10,"10*eta0",0.00800000000000004,8.00000000000004,"fixed | 10*eta0"
83,-792226.195835094,468.283412764242,1,0,0.00800000000000004,1,123,1000,2,"bernoulli","fixed",0.000800000000000004,10,"10*eta0",0.00800000000000004,8.00000000000004,"fixed | 10*eta0"
84,-903928.433909234,483.627991205806,1,0,0.00800000000000004,1,123,1000,2,"bernoulli","fixed",0.000800000000000004,10,"10*eta0",0.00800000000000004,8.00000000000004,"fixed | 10*eta0"
85,-833054.170646492,471.119819005617,1,0,0.00800000000000004,1,123,1000,2,"bernoulli","fixed",0.000800000000000004,10,"10*eta0",0.00800000000000004,8.00000000000004,"fixed | 10*eta0"
86,-712447.749545637,459.18775018384,1,0,0.00800000000000004,1,123,1000,2,"bernoulli","fixed",0.000800000000000004,10,"10*eta0",0.00800000000000004,8.00000000000004,"fixed | 10*eta0"
87,-886743.795244937,487.471624716731,1,0,0.00800000000000004,1,123,1000,2,"bernoulli","fixed",0.000800000000000004,10,"10*eta0",0.00800000000000004,8.00000000000004,"fixed | 10*eta0"
88,-883762.271997972,477.913593772413,1,0,0.00800000000000004,1,123,1000,2,"bernoulli","fixed",0.000800000000000004,10,"10*eta0",0.00800000000000004,8.00000000000004,"fixed | 10*eta0"
89,-770818.515038905,465.04529765839,1,0,0.00800000000000004,1,123,1000,2,"bernoulli","fixed",0.000800000000000004,10,"10*eta0",0.00800000000000004,8.00000000000004,"fixed | 10*eta0"
90,-767605.219645227,466.055311996529,1,0,0.00800000000000004,1,123,1000,2,"bernoulli","fixed",0.000800000000000004,10,"10*eta0",0.00800000000000004,8.00000000000004,"fixed | 10*eta0"
91,-907181.853146763,486.309439088216,1,0,0.00800000000000004,1,123,1000,2,"bernoulli","fixed",0.000800000000000004,10,"10*eta0",0.00800000000000004,8.00000000000004,"fixed | 10*eta0"
92,-849828.407338294,473.277528730739,1,0,0.00800000000000004,1,123,1000,2,"bernoulli","fixed",0.000800000000000004,10,"10*eta0",0.00800000000000004,8.00000000000004,"fixed | 10*eta0"
93,-715330.803759841,461.79637349265,1,0,0.00800000000000004,1,123,1000,2,"bernoulli","fixed",0.000800000000000004,10,"10*eta0",0.00800000000000004,8.00000000000004,"fixed | 10*eta0"
94,-864208.696568006,476.418668155632,1,0,0.00800000000000004,1,123,1000,2,"bernoulli","fixed",0.000800000000000004,10,"10*eta0",0.00800000000000004,8.00000000000004,"fixed | 10*eta0"
95,-890394.104321539,476.770480275808,1,0,0.00800000000000004,1,123,1000,2,"bernoulli","fixed",0.000800000000000004,10,"10*eta0",0.00800000000000004,8.00000000000004,"fixed | 10*eta0"
96,-790443.178006106,466.240578495254,1,0,0.00800000000000004,1,123,1000,2,"bernoulli","fixed",0.000800000000000004,10,"10*eta0",0.00800000000000004,8.00000000000004,"fixed | 10*eta0"
97,-741699.966596187,464.296082334928,1,0,0.00800000000000004,1,123,1000,2,"bernoulli","fixed",0.000800000000000004,10,"10*eta0",0.00800000000000004,8.00000000000004,"fixed | 10*eta0"
98,-909865.443304737,492.52920878915,1,0,0.00800000000000004,1,123,1000,2,"bernoulli","fixed",0.000800000000000004,10,"10*eta0",0.00800000000000004,8.00000000000004,"fixed | 10*eta0"
99,-859879.597969627,473.889916251882,1,0,0.00800000000000004,1,123,1000,2,"bernoulli","fixed",0.000800000000000004,10,"10*eta0",0.00800000000000004,8.00000000000004,"fixed | 10*eta0"
100,-730163.652208782,460.140389215886,1,0,0.00800000000000004,1,123,1000,2,"bernoulli","fixed",0.000800000000000004,10,"10*eta0",0.00800000000000004,8.00000000000004,"fixed | 10*eta0"
101,-836311.471833802,470.772597670364,1,0,0.00800000000000004,1,123,1000,2,"bernoulli","fixed",0.000800000000000004,10,"10*eta0",0.00800000000000004,8.00000000000004,"fixed | 10*eta0"
102,-897825.810713829,477.979398928982,1,0,0.00800000000000004,1,123,1000,2,"bernoulli","fixed",0.000800000000000004,10,"10*eta0",0.00800000000000004,8.00000000000004,"fixed | 10*eta0"
103,-805463.140653846,468.303395038406,1,0,0.00800000000000004,1,123,1000,2,"bernoulli","fixed",0.000800000000000004,10,"10*eta0",0.00800000000000004,8.00000000000004,"fixed | 10*eta0"
104,-723893.544394233,461.237651455463,1,0,0.00800000000000004,1,123,1000,2,"bernoulli","fixed",0.000800000000000004,10,"10*eta0",0.00800000000000004,8.00000000000004,"fixed | 10*eta0"
105,-907941.251001892,491.363884381047,1,0,0.00800000000000004,1,123,1000,2,"bernoulli","fixed",0.000800000000000004,10,"10*eta0",0.00800000000000004,8.00000000000004,"fixed | 10*eta0"
106,-870858.163742012,476.612836303345,1,0,0.00800000000000004,1,123,1000,2,"bernoulli","fixed",0.000800000000000004,10,"10*eta0",0.00800000000000004,8.00000000000004,"fixed | 10*eta0"
107,-744808.430148613,463.413540398552,1,0,0.00800000000000004,1,123,1000,2,"bernoulli","fixed",0.000800000000000004,10,"10*eta0",0.00800000000000004,8.00000000000004,"fixed | 10*eta0"
108,-809136.502954873,469.324810743278,1,0,0.00800000000000004,1,123,1000,2,"bernoulli","fixed",0.000800000000000004,10,"10*eta0",0.00800000000000004,8.00000000000004,"fixed | 10*eta0"
109,-901038.857521447,482.076412649799,1,0,0.00800000000000004,1,123,1000,2,"bernoulli","fixed",0.000800000000000004,10,"10*eta0",0.00800000000000004,8.00000000000004,"fixed | 10*eta0"
110,-825726.13238129,470.475304265053,1,0,0.00800000000000004,1,123,1000,2,"bernoulli","fixed",0.000800000000000004,10,"10*eta0",0.00800000000000004,8.00000000000004,"fixed | 10*eta0"
111,-712387.100264877,461.852434530837,1,0,0.00800000000000004,1,123,1000,2,"bernoulli","fixed",0.000800000000000004,10,"10*eta0",0.00800000000000004,8.00000000000004,"fixed | 10*eta0"
112,-896432.858455108,488.976789214348,1,0,0.00800000000000004,1,123,1000,2,"bernoulli","fixed",0.000800000000000004,10,"10*eta0",0.00800000000000004,8.00000000000004,"fixed | 10*eta0"
113,-877752.539172624,475.446345076097,1,0,0.00800000000000004,1,123,1000,2,"bernoulli","fixed",0.000800000000000004,10,"10*eta0",0.00800000000000004,8.00000000000004,"fixed | 10*eta0"
114,-764112.801337916,463.320608668553,1,0,0.00800000000000004,1,123,1000,2,"bernoulli","fixed",0.000800000000000004,10,"10*eta0",0.00800000000000004,8.00000000000004,"fixed | 10*eta0"
115,-780874.387009288,467.509773213767,1,0,0.00800000000000004,1,123,1000,2,"bernoulli","fixed",0.000800000000000004,10,"10*eta0",0.00800000000000004,8.00000000000004,"fixed | 10*eta0"
116,-905420.861748951,486.097208298154,1,0,0.00800000000000004,1,123,1000,2,"bernoulli","fixed",0.000800000000000004,10,"10*eta0",0.00800000000000004,8.00000000000004,"fixed | 10*eta0"
117,-839744.137580074,471.80377649353,1,0,0.00800000000000004,1,123,1000,2,"bernoulli","fixed",0.000800000000000004,10,"10*eta0",0.00800000000000004,8.00000000000004,"fixed | 10*eta0"
118,-713444.841646925,459.074828926909,1,0,0.00800000000000004,1,123,1000,2,"bernoulli","fixed",0.000800000000000004,10,"10*eta0",0.00800000000000004,8.00000000000004,"fixed | 10*eta0"
119,-877682.938942214,484.622366984078,1,0,0.00800000000000004,1,123,1000,2,"bernoulli","fixed",0.000800000000000004,10,"10*eta0",0.00800000000000004,8.00000000000004,"fixed | 10*eta0"
120,-887165.71608893,478.085319581201,1,0,0.00800000000000004,1,123,1000,2,"bernoulli","fixed",0.000800000000000004,10,"10*eta0",0.00800000000000004,8.00000000000004,"fixed | 10*eta0"
121,-777843.082504357,465.6216291331,1,0,0.00800000000000004,1,123,1000,2,"bernoulli","fixed",0.000800000000000004,10,"10*eta0",0.00800000000000004,8.00000000000004,"fixed | 10*eta0"
122,-756872.483953095,465.027884643715,1,0,0.00800000000000004,1,123,1000,2,"bernoulli","fixed",0.000800000000000004,10,"10*eta0",0.00800000000000004,8.00000000000004,"fixed | 10*eta0"
123,-908789.155354678,487.740648030028,1,0,0.00800000000000004,1,123,1000,2,"bernoulli","fixed",0.000800000000000004,10,"10*eta0",0.00800000000000004,8.00000000000004,"fixed | 10*eta0"
124,-855180.455982032,474.065190742778,1,0,0.00800000000000004,1,123,1000,2,"bernoulli","fixed",0.000800000000000004,10,"10*eta0",0.00800000000000004,8.00000000000004,"fixed | 10*eta0"
125,-719822.328389638,462.020407139566,1,0,0.00800000000000004,1,123,1000,2,"bernoulli","fixed",0.000800000000000004,10,"10*eta0",0.00800000000000004,8.00000000000004,"fixed | 10*eta0"
126,-853137.847930236,471.909786130268,1,0,0.00800000000000004,1,123,1000,2,"bernoulli","fixed",0.000800000000000004,10,"10*eta0",0.00800000000000004,8.00000000000004,"fixed | 10*eta0"
127,-893385.731065944,476.833565193955,1,0,0.00800000000000004,1,123,1000,2,"bernoulli","fixed",0.000800000000000004,10,"10*eta0",0.00800000000000004,8.00000000000004,"fixed | 10*eta0"
128,-797859.2566055,467.119207486212,1,0,0.00800000000000004,1,123,1000,2,"bernoulli","fixed",0.000800000000000004,10,"10*eta0",0.00800000000000004,8.00000000000004,"fixed | 10*eta0"
129,-732657.112420767,463.407147952856,1,0,0.00800000000000004,1,123,1000,2,"bernoulli","fixed",0.000800000000000004,10,"10*eta0",0.00800000000000004,8.00000000000004,"fixed | 10*eta0"
130,-909680.284522834,493.119635175712,1,0,0.00800000000000004,1,123,1000,2,"bernoulli","fixed",0.000800000000000004,10,"10*eta0",0.00800000000000004,8.00000000000004,"fixed | 10*eta0"
131,-864139.680338278,474.321740243589,1,0,0.00800000000000004,1,123,1000,2,"bernoulli","fixed",0.000800000000000004,10,"10*eta0",0.00800000000000004,8.00000000000004,"fixed | 10*eta0"
132,-737186.133060715,460.736174388427,1,0,0.00800000000000004,1,123,1000,2,"bernoulli","fixed",0.000800000000000004,10,"10*eta0",0.00800000000000004,8.00000000000004,"fixed | 10*eta0"
133,-824107.246814565,470.145349456022,1,0,0.00800000000000004,1,123,1000,2,"bernoulli","fixed",0.000800000000000004,10,"10*eta0",0.00800000000000004,8.00000000000004,"fixed | 10*eta0"
134,-899816.928391,477.769287364704,1,0,0.00800000000000004,1,123,1000,2,"bernoulli","fixed",0.000800000000000004,10,"10*eta0",0.00800000000000004,8.00000000000004,"fixed | 10*eta0"
135,-813202.016658583,469.089826459663,1,0,0.00800000000000004,1,123,1000,2,"bernoulli","fixed",0.000800000000000004,10,"10*eta0",0.00800000000000004,8.00000000000004,"fixed | 10*eta0"
136,-718324.425945391,460.432551759251,1,0,0.00800000000000004,1,123,1000,2,"bernoulli","fixed",0.000800000000000004,10,"10*eta0",0.00800000000000004,8.00000000000004,"fixed | 10*eta0"
137,-904377.700809384,491.430247436668,1,0,0.00800000000000004,1,123,1000,2,"bernoulli","fixed",0.000800000000000004,10,"10*eta0",0.00800000000000004,8.00000000000004,"fixed | 10*eta0"
138,-874435.224399478,477.07586208212,1,0,0.00800000000000004,1,123,1000,2,"bernoulli","fixed",0.000800000000000004,10,"10*eta0",0.00800000000000004,8.00000000000004,"fixed | 10*eta0"
139,-752068.484932409,463.846673516297,1,0,0.00800000000000004,1,123,1000,2,"bernoulli","fixed",0.000800000000000004,10,"10*eta0",0.00800000000000004,8.00000000000004,"fixed | 10*eta0"
140,-797556.238780004,468.519159885187,1,0,0.00800000000000004,1,123,1000,2,"bernoulli","fixed",0.000800000000000004,10,"10*eta0",0.00800000000000004,8.00000000000004,"fixed | 10*eta0"
141,-902589.754102191,483.238524516185,1,0,0.00800000000000004,1,123,1000,2,"bernoulli","fixed",0.000800000000000004,10,"10*eta0",0.00800000000000004,8.00000000000004,"fixed | 10*eta0"
142,-832855.08275418,471.313919750517,1,0,0.00800000000000004,1,123,1000,2,"bernoulli","fixed",0.000800000000000004,10,"10*eta0",0.00800000000000004,8.00000000000004,"fixed | 10*eta0"
143,-711003.017611095,461.694784002872,1,0,0.00800000000000004,1,123,1000,2,"bernoulli","fixed",0.000800000000000004,10,"10*eta0",0.00800000000000004,8.00000000000004,"fixed | 10*eta0"
144,-889244.789768733,486.142119773481,1,0,0.00800000000000004,1,123,1000,2,"bernoulli","fixed",0.000800000000000004,10,"10*eta0",0.00800000000000004,8.00000000000004,"fixed | 10*eta0"
145,-881274.534329264,475.897496210501,1,0,0.00800000000000004,1,123,1000,2,"bernoulli","fixed",0.000800000000000004,10,"10*eta0",0.00800000000000004,8.00000000000004,"fixed | 10*eta0"
146,-771174.152786549,464.07018284504,1,0,0.00800000000000004,1,123,1000,2,"bernoulli","fixed",0.000800000000000004,10,"10*eta0",0.00800000000000004,8.00000000000004,"fixed | 10*eta0"
147,-769746.583559645,466.686527514985,1,0,0.00800000000000004,1,123,1000,2,"bernoulli","fixed",0.000800000000000004,10,"10*eta0",0.00800000000000004,8.00000000000004,"fixed | 10*eta0"
148,-906943.24379211,488.335446119615,1,0,0.00800000000000004,1,123,1000,2,"bernoulli","fixed",0.000800000000000004,10,"10*eta0",0.00800000000000004,8.00000000000004,"fixed | 10*eta0"
149,-845937.820589454,472.440629109039,1,0,0.00800000000000004,1,123,1000,2,"bernoulli","fixed",0.000800000000000004,10,"10*eta0",0.00800000000000004,8.00000000000004,"fixed | 10*eta0"
150,-716067.328317935,459.144067617994,1,0,0.00800000000000004,1,123,1000,2,"bernoulli","fixed",0.000800000000000004,10,"10*eta0",0.00800000000000004,8.00000000000004,"fixed | 10*eta0"
151,-867518.757755196,480.954770431097,1,0,0.00800000000000004,1,123,1000,2,"bernoulli","fixed",0.000800000000000004,10,"10*eta0",0.00800000000000004,8.00000000000004,"fixed | 10*eta0"
152,-890448.308649766,478.174787158853,1,0,0.00800000000000004,1,123,1000,2,"bernoulli","fixed",0.000800000000000004,10,"10*eta0",0.00800000000000004,8.00000000000004,"fixed | 10*eta0"
153,-785058.725282237,466.296748250253,1,0,0.00800000000000004,1,123,1000,2,"bernoulli","fixed",0.000800000000000004,10,"10*eta0",0.00800000000000004,8.00000000000004,"fixed | 10*eta0"
154,-746591.738430862,463.962758100915,1,0,0.00800000000000004,1,123,1000,2,"bernoulli","fixed",0.000800000000000004,10,"10*eta0",0.00800000000000004,8.00000000000004,"fixed | 10*eta0"
155,-909948.526726678,489.013781422994,1,0,0.00800000000000004,1,123,1000,2,"bernoulli","fixed",0.000800000000000004,10,"10*eta0",0.00800000000000004,8.00000000000004,"fixed | 10*eta0"
156,-859998.526511655,474.887655855022,1,0,0.00800000000000004,1,123,1000,2,"bernoulli","fixed",0.000800000000000004,10,"10*eta0",0.00800000000000004,8.00000000000004,"fixed | 10*eta0"
157,-725642.841120627,462.330441574337,1,0,0.00800000000000004,1,123,1000,2,"bernoulli","fixed",0.000800000000000004,10,"10*eta0",0.00800000000000004,8.00000000000004,"fixed | 10*eta0"
158,-841414.971230176,471.266029315654,1,0,0.00800000000000004,1,123,1000,2,"bernoulli","fixed",0.000800000000000004,10,"10*eta0",0.00800000000000004,8.00000000000004,"fixed | 10*eta0"
159,-895987.935605443,478.433978383026,1,0,0.00800000000000004,1,123,1000,2,"bernoulli","fixed",0.000800000000000004,10,"10*eta0",0.00800000000000004,8.00000000000004,"fixed | 10*eta0"
160,-805419.418973058,468.029973713218,1,0,0.00800000000000004,1,123,1000,2,"bernoulli","fixed",0.000800000000000004,10,"10*eta0",0.00800000000000004,8.00000000000004,"fixed | 10*eta0"
161,-724890.402538097,462.820881638524,1,0,0.00800000000000004,1,123,1000,2,"bernoulli","fixed",0.000800000000000004,10,"10*eta0",0.00800000000000004,8.00000000000004,"fixed | 10*eta0"
162,-908236.765983551,493.021957709627,1,0,0.00800000000000004,1,123,1000,2,"bernoulli","fixed",0.000800000000000004,10,"10*eta0",0.00800000000000004,8.00000000000004,"fixed | 10*eta0"
163,-868049.695787031,474.69552454941,1,0,0.00800000000000004,1,123,1000,2,"bernoulli","fixed",0.000800000000000004,10,"10*eta0",0.00800000000000004,8.00000000000004,"fixed | 10*eta0"
164,-744560.200958397,461.398461525142,1,0,0.00800000000000004,1,123,1000,2,"bernoulli","fixed",0.000800000000000004,10,"10*eta0",0.00800000000000004,8.00000000000004,"fixed | 10*eta0"
165,-812023.154649404,469.485780229992,1,0,0.00800000000000004,1,123,1000,2,"bernoulli","fixed",0.000800000000000004,10,"10*eta0",0.00800000000000004,8.00000000000004,"fixed | 10*eta0"
166,-901463.218775938,479.030849936844,1,0,0.00800000000000004,1,123,1000,2,"bernoulli","fixed",0.000800000000000004,10,"10*eta0",0.00800000000000004,8.00000000000004,"fixed | 10*eta0"
167,-820819.733180443,469.868912660872,1,0,0.00800000000000004,1,123,1000,2,"bernoulli","fixed",0.000800000000000004,10,"10*eta0",0.00800000000000004,8.00000000000004,"fixed | 10*eta0"
168,-714615.009224919,459.807047455487,1,0,0.00800000000000004,1,123,1000,2,"bernoulli","fixed",0.000800000000000004,10,"10*eta0",0.00800000000000004,8.00000000000004,"fixed | 10*eta0"
169,-899114.02598598,490.592070834069,1,0,0.00800000000000004,1,123,1000,2,"bernoulli","fixed",0.000800000000000004,10,"10*eta0",0.00800000000000004,8.00000000000004,"fixed | 10*eta0"
170,-877924.356049059,477.452315445795,1,0,0.00800000000000004,1,123,1000,2,"bernoulli","fixed",0.000800000000000004,10,"10*eta0",0.00800000000000004,8.00000000000004,"fixed | 10*eta0"
171,-759116.22072825,464.283339085499,1,0,0.00800000000000004,1,123,1000,2,"bernoulli","fixed",0.000800000000000004,10,"10*eta0",0.00800000000000004,8.00000000000004,"fixed | 10*eta0"
172,-786261.579769522,467.65716174724,1,0,0.00800000000000004,1,123,1000,2,"bernoulli","fixed",0.000800000000000004,10,"10*eta0",0.00800000000000004,8.00000000000004,"fixed | 10*eta0"
173,-904224.495240561,484.424673819676,1,0,0.00800000000000004,1,123,1000,2,"bernoulli","fixed",0.000800000000000004,10,"10*eta0",0.00800000000000004,8.00000000000004,"fixed | 10*eta0"
174,-839573.385877525,472.093795996874,1,0,0.00800000000000004,1,123,1000,2,"bernoulli","fixed",0.000800000000000004,10,"10*eta0",0.00800000000000004,8.00000000000004,"fixed | 10*eta0"
175,-711259.311044953,461.64458646022,1,0,0.00800000000000004,1,123,1000,2,"bernoulli","fixed",0.000800000000000004,10,"10*eta0",0.00800000000000004,8.00000000000004,"fixed | 10*eta0"
176,-880838.951714416,482.664152865512,1,0,0.00800000000000004,1,123,1000,2,"bernoulli","fixed",0.000800000000000004,10,"10*eta0",0.00800000000000004,8.00000000000004,"fixed | 10*eta0"
177,-884763.264433248,476.333879032803,1,0,0.00800000000000004,1,123,1000,2,"bernoulli","fixed",0.000800000000000004,10,"10*eta0",0.00800000000000004,8.00000000000004,"fixed | 10*eta0"
178,-778249.972617912,464.846429195668,1,0,0.00800000000000004,1,123,1000,2,"bernoulli","fixed",0.000800000000000004,10,"10*eta0",0.00800000000000004,8.00000000000004,"fixed | 10*eta0"
179,-758903.005771004,465.819498849503,1,0,0.00800000000000004,1,123,1000,2,"bernoulli","fixed",0.000800000000000004,10,"10*eta0",0.00800000000000004,8.00000000000004,"fixed | 10*eta0"
180,-908362.075382344,490.258198868793,1,0,0.00800000000000004,1,123,1000,2,"bernoulli","fixed",0.000800000000000004,10,"10*eta0",0.00800000000000004,8.00000000000004,"fixed | 10*eta0"
181,-851584.213180542,473.026437744108,1,0,0.00800000000000004,1,123,1000,2,"bernoulli","fixed",0.000800000000000004,10,"10*eta0",0.00800000000000004,8.00000000000004,"fixed | 10*eta0"
182,-720228.124465682,459.38735281194,1,0,0.00800000000000004,1,123,1000,2,"bernoulli","fixed",0.000800000000000004,10,"10*eta0",0.00800000000000004,8.00000000000004,"fixed | 10*eta0"
183,-856432.579295474,476.415761370406,1,0,0.00800000000000004,1,123,1000,2,"bernoulli","fixed",0.000800000000000004,10,"10*eta0",0.00800000000000004,8.00000000000004,"fixed | 10*eta0"
184,-893498.186805876,478.175531270207,1,0,0.00800000000000004,1,123,1000,2,"bernoulli","fixed",0.000800000000000004,10,"10*eta0",0.00800000000000004,8.00000000000004,"fixed | 10*eta0"
185,-792494.119590813,467.013047309078,1,0,0.00800000000000004,1,123,1000,2,"bernoulli","fixed",0.000800000000000004,10,"10*eta0",0.00800000000000004,8.00000000000004,"fixed | 10*eta0"
186,-737092.970294669,462.896571064919,1,0,0.00800000000000004,1,123,1000,2,"bernoulli","fixed",0.000800000000000004,10,"10*eta0",0.00800000000000004,8.00000000000004,"fixed | 10*eta0"
187,-910288.763135827,490.080855350727,1,0,0.00800000000000004,1,123,1000,2,"bernoulli","fixed",0.000800000000000004,10,"10*eta0",0.00800000000000004,8.00000000000004,"fixed | 10*eta0"
188,-864334.375318997,475.612715582929,1,0,0.00800000000000004,1,123,1000,2,"bernoulli","fixed",0.000800000000000004,10,"10*eta0",0.00800000000000004,8.00000000000004,"fixed | 10*eta0"
189,-732425.565082325,462.704840850469,1,0,0.00800000000000004,1,123,1000,2,"bernoulli","fixed",0.000800000000000004,10,"10*eta0",0.00800000000000004,8.00000000000004,"fixed | 10*eta0"
190,-829365.72135418,470.580265819126,1,0,0.00800000000000004,1,123,1000,2,"bernoulli","fixed",0.000800000000000004,10,"10*eta0",0.00800000000000004,8.00000000000004,"fixed | 10*eta0"
191,-898151.859202436,479.986147270817,1,0,0.00800000000000004,1,123,1000,2,"bernoulli","fixed",0.000800000000000004,10,"10*eta0",0.00800000000000004,8.00000000000004,"fixed | 10*eta0"
192,-813047.096777462,468.95401637909,1,0,0.00800000000000004,1,123,1000,2,"bernoulli","fixed",0.000800000000000004,10,"10*eta0",0.00800000000000004,8.00000000000004,"fixed | 10*eta0"
193,-718726.527074473,462.372909588603,1,0,0.00800000000000004,1,123,1000,2,"bernoulli","fixed",0.000800000000000004,10,"10*eta0",0.00800000000000004,8.00000000000004,"fixed | 10*eta0"
194,-905240.191131293,492.165277875293,1,0,0.00800000000000004,1,123,1000,2,"bernoulli","fixed",0.000800000000000004,10,"10*eta0",0.00800000000000004,8.00000000000004,"fixed | 10*eta0"
195,-871735.666041908,475.014792260117,1,0,0.00800000000000004,1,123,1000,2,"bernoulli","fixed",0.000800000000000004,10,"10*eta0",0.00800000000000004,8.00000000000004,"fixed | 10*eta0"
196,-751950.172614172,462.096707736048,1,0,0.00800000000000004,1,123,1000,2,"bernoulli","fixed",0.000800000000000004,10,"10*eta0",0.00800000000000004,8.00000000000004,"fixed | 10*eta0"
197,-800213.921095212,468.789559975693,1,0,0.00800000000000004,1,123,1000,2,"bernoulli","fixed",0.000800000000000004,10,"10*eta0",0.00800000000000004,8.00000000000004,"fixed | 10*eta0"
198,-902929.983591065,481.815797596765,1,0,0.00800000000000004,1,123,1000,2,"bernoulli","fixed",0.000800000000000004,10,"10*eta0",0.00800000000000004,8.00000000000004,"fixed | 10*eta0"
199,-828178.586137755,470.621733393915,1,0,0.00800000000000004,1,123,1000,2,"bernoulli","fixed",0.000800000000000004,10,"10*eta0",0.00800000000000004,8.00000000000004,"fixed | 10*eta0"
200,-712733.14966664,459.374655192886,1,0,0.00800000000000004,1,123,1000,2,"bernoulli","fixed",0.000800000000000004,10,"10*eta0",0.00800000000000004,8.00000000000004,"fixed | 10*eta0"
201,-892280.509831263,488.981826273762,1,0,0.00800000000000004,1,123,1000,2,"bernoulli","fixed",0.000800000000000004,10,"10*eta0",0.00800000000000004,8.00000000000004,"fixed | 10*eta0"
202,-881382.781995962,477.750642424363,1,0,0.00800000000000004,1,123,1000,2,"bernoulli","fixed",0.000800000000000004,10,"10*eta0",0.00800000000000004,8.00000000000004,"fixed | 10*eta0"
203,-766035.164183795,464.728565357121,1,0,0.00800000000000004,1,123,1000,2,"bernoulli","fixed",0.000800000000000004,10,"10*eta0",0.00800000000000004,8.00000000000004,"fixed | 10*eta0"
204,-775168.577870644,466.732024932926,1,0,0.00800000000000004,1,123,1000,2,"bernoulli","fixed",0.000800000000000004,10,"10*eta0",0.00800000000000004,8.00000000000004,"fixed | 10*eta0"
205,-905968.350352343,485.583025203306,1,0,0.00800000000000004,1,123,1000,2,"bernoulli","fixed",0.000800000000000004,10,"10*eta0",0.00800000000000004,8.00000000000004,"fixed | 10*eta0"
206,-845815.939520657,472.814185542309,1,0,0.00800000000000004,1,123,1000,2,"bernoulli","fixed",0.000800000000000004,10,"10*eta0",0.00800000000000004,8.00000000000004,"fixed | 10*eta0"
207,-713117.263800171,461.69882428831,1,0,0.00800000000000004,1,123,1000,2,"bernoulli","fixed",0.000800000000000004,10,"10*eta0",0.00800000000000004,8.00000000000004,"fixed | 10*eta0"
208,-871349.19144562,479.218714455137,1,0,0.00800000000000004,1,123,1000,2,"bernoulli","fixed",0.000800000000000004,10,"10*eta0",0.00800000000000004,8.00000000000004,"fixed | 10*eta0"
209,-888156.769338301,476.640615883365,1,0,0.00800000000000004,1,123,1000,2,"bernoulli","fixed",0.000800000000000004,10,"10*eta0",0.00800000000000004,8.00000000000004,"fixed | 10*eta0"
210,-785413.567197446,465.657080339864,1,0,0.00800000000000004,1,123,1000,2,"bernoulli","fixed",0.000800000000000004,10,"10*eta0",0.00800000000000004,8.00000000000004,"fixed | 10*eta0"
211,-748501.648575932,464.922140924363,1,0,0.00800000000000004,1,123,1000,2,"bernoulli","fixed",0.000800000000000004,10,"10*eta0",0.00800000000000004,8.00000000000004,"fixed | 10*eta0"
212,-909455.901721804,491.773189578853,1,0,0.00800000000000004,1,123,1000,2,"bernoulli","fixed",0.000800000000000004,10,"10*eta0",0.00800000000000004,8.00000000000004,"fixed | 10*eta0"
213,-856671.76048312,473.557093164618,1,0,0.00800000000000004,1,123,1000,2,"bernoulli","fixed",0.000800000000000004,10,"10*eta0",0.00800000000000004,8.00000000000004,"fixed | 10*eta0"
214,-725733.521671267,459.787164371814,1,0,0.00800000000000004,1,123,1000,2,"bernoulli","fixed",0.000800000000000004,10,"10*eta0",0.00800000000000004,8.00000000000004,"fixed | 10*eta0"
215,-844672.857555163,471.187660164595,1,0,0.00800000000000004,1,123,1000,2,"bernoulli","fixed",0.000800000000000004,10,"10*eta0",0.00800000000000004,8.00000000000004,"fixed | 10*eta0"
216,-896201.850791196,478.087472453812,1,0,0.00800000000000004,1,123,1000,2,"bernoulli","fixed",0.000800000000000004,10,"10*eta0",0.00800000000000004,8.00000000000004,"fixed | 10*eta0"
217,-800121.983288086,467.766711507586,1,0,0.00800000000000004,1,123,1000,2,"bernoulli","fixed",0.000800000000000004,10,"10*eta0",0.00800000000000004,8.00000000000004,"fixed | 10*eta0"
218,-728766.335595991,461.880457320727,1,0,0.00800000000000004,1,123,1000,2,"bernoulli","fixed",0.000800000000000004,10,"10*eta0",0.00800000000000004,8.00000000000004,"fixed | 10*eta0"
219,-909420.567945225,490.779748500099,1,0,0.00800000000000004,1,123,1000,2,"bernoulli","fixed",0.000800000000000004,10,"10*eta0",0.00800000000000004,8.00000000000004,"fixed | 10*eta0"
220,-868287.217526485,476.2381383383,1,0,0.00800000000000004,1,123,1000,2,"bernoulli","fixed",0.000800000000000004,10,"10*eta0",0.00800000000000004,8.00000000000004,"fixed | 10*eta0"
221,-739709.507439431,463.117720316245,1,0,0.00800000000000004,1,123,1000,2,"bernoulli","fixed",0.000800000000000004,10,"10*eta0",0.00800000000000004,8.00000000000004,"fixed | 10*eta0"
222,-817323.363407978,469.852873918553,1,0,0.00800000000000004,1,123,1000,2,"bernoulli","fixed",0.000800000000000004,10,"10*eta0",0.00800000000000004,8.00000000000004,"fixed | 10*eta0"
223,-899938.895271907,481.266155853338,1,0,0.00800000000000004,1,123,1000,2,"bernoulli","fixed",0.000800000000000004,10,"10*eta0",0.00800000000000004,8.00000000000004,"fixed | 10*eta0"
224,-820613.34625156,469.865793126425,1,0,0.00800000000000004,1,123,1000,2,"bernoulli","fixed",0.000800000000000004,10,"10*eta0",0.00800000000000004,8.00000000000004,"fixed | 10*eta0"
225,-714352.482173722,462.026512065958,1,0,0.00800000000000004,1,123,1000,2,"bernoulli","fixed",0.000800000000000004,10,"10*eta0",0.00800000000000004,8.00000000000004,"fixed | 10*eta0"
226,-900580.186273353,490.535065107217,1,0,0.00800000000000004,1,123,1000,2,"bernoulli","fixed",0.000800000000000004,10,"10*eta0",0.00800000000000004,8.00000000000004,"fixed | 10*eta0"
227,-875309.136256413,475.285104811912,1,0,0.00800000000000004,1,123,1000,2,"bernoulli","fixed",0.000800000000000004,10,"10*eta0",0.00800000000000004,8.00000000000004,"fixed | 10*eta0"
228,-759193.573090833,462.814696514943,1,0,0.00800000000000004,1,123,1000,2,"bernoulli","fixed",0.000800000000000004,10,"10*eta0",0.00800000000000004,8.00000000000004,"fixed | 10*eta0"
229,-788693.339405445,468.049643072871,1,0,0.00800000000000004,1,123,1000,2,"bernoulli","fixed",0.000800000000000004,10,"10*eta0",0.00800000000000004,8.00000000000004,"fixed | 10*eta0"
230,-904382.764975473,484.41164432317,1,0,0.00800000000000004,1,123,1000,2,"bernoulli","fixed",0.000800000000000004,10,"10*eta0",0.00800000000000004,8.00000000000004,"fixed | 10*eta0"
231,-835170.787506055,471.336022343651,1,0,0.00800000000000004,1,123,1000,2,"bernoulli","fixed",0.000800000000000004,10,"10*eta0",0.00800000000000004,8.00000000000004,"fixed | 10*eta0"
232,-712579.654713783,459.13312271591,1,0,0.00800000000000004,1,123,1000,2,"bernoulli","fixed",0.000800000000000004,10,"10*eta0",0.00800000000000004,8.00000000000004,"fixed | 10*eta0"
233,-884070.223570178,486.675497759016,1,0,0.00800000000000004,1,123,1000,2,"bernoulli","fixed",0.000800000000000004,10,"10*eta0",0.00800000000000004,8.00000000000004,"fixed | 10*eta0"
234,-884821.45786358,477.974971752775,1,0,0.00800000000000004,1,123,1000,2,"bernoulli","fixed",0.000800000000000004,10,"10*eta0",0.00800000000000004,8.00000000000004,"fixed | 10*eta0"
235,-772973.090467577,465.190138891928,1,0,0.00800000000000004,1,123,1000,2,"bernoulli","fixed",0.000800000000000004,10,"10*eta0",0.00800000000000004,8.00000000000004,"fixed | 10*eta0"
236,-764255.288321603,465.74331165583,1,0,0.00800000000000004,1,123,1000,2,"bernoulli","fixed",0.000800000000000004,10,"10*eta0",0.00800000000000004,8.00000000000004,"fixed | 10*eta0"
237,-907706.833218635,486.747449908401,1,0,0.00800000000000004,1,123,1000,2,"bernoulli","fixed",0.000800000000000004,10,"10*eta0",0.00800000000000004,8.00000000000004,"fixed | 10*eta0"
238,-851540.509455437,473.475535329063,1,0,0.00800000000000004,1,123,1000,2,"bernoulli","fixed",0.000800000000000004,10,"10*eta0",0.00800000000000004,8.00000000000004,"fixed | 10*eta0"
239,-716561.451736523,461.855479795246,1,0,0.00800000000000004,1,123,1000,2,"bernoulli","fixed",0.000800000000000004,10,"10*eta0",0.00800000000000004,8.00000000000004,"fixed | 10*eta0"
240,-860873.121316316,475.050174710303,1,0,0.00800000000000004,1,123,1000,2,"bernoulli","fixed",0.000800000000000004,10,"10*eta0",0.00800000000000004,8.00000000000004,"fixed | 10*eta0"
241,-891354.211235979,476.805839140022,1,0,0.00800000000000004,1,123,1000,2,"bernoulli","fixed",0.000800000000000004,10,"10*eta0",0.00800000000000004,8.00000000000004,"fixed | 10*eta0"
242,-792717.78240645,466.507980412094,1,0,0.00800000000000004,1,123,1000,2,"bernoulli","fixed",0.000800000000000004,10,"10*eta0",0.00800000000000004,8.00000000000004,"fixed | 10*eta0"
243,-738791.173786673,464.017715627325,1,0,0.00800000000000004,1,123,1000,2,"bernoulli","fixed",0.000800000000000004,10,"10*eta0",0.00800000000000004,8.00000000000004,"fixed | 10*eta0"
244,-909920.250954174,492.779243462783,1,0,0.00800000000000004,1,123,1000,2,"bernoulli","fixed",0.000800000000000004,10,"10*eta0",0.00800000000000004,8.00000000000004,"fixed | 10*eta0"
245,-861240.909633223,474.02967883617,1,0,0.00800000000000004,1,123,1000,2,"bernoulli","fixed",0.000800000000000004,10,"10*eta0",0.00800000000000004,8.00000000000004,"fixed | 10*eta0"
246,-732271.884573277,460.315201625724,1,0,0.00800000000000004,1,123,1000,2,"bernoulli","fixed",0.000800000000000004,10,"10*eta0",0.00800000000000004,8.00000000000004,"fixed | 10*eta0"
247,-832541.669564101,470.582080420138,1,0,0.00800000000000004,1,123,1000,2,"bernoulli","fixed",0.000800000000000004,10,"10*eta0",0.00800000000000004,8.00000000000004,"fixed | 10*eta0"
248,-898485.028747386,477.920349912222,1,0,0.00800000000000004,1,123,1000,2,"bernoulli","fixed",0.000800000000000004,10,"10*eta0",0.00800000000000004,8.00000000000004,"fixed | 10*eta0"
249,-807858.935841251,468.545956370066,1,0,0.00800000000000004,1,123,1000,2,"bernoulli","fixed",0.000800000000000004,10,"10*eta0",0.00800000000000004,8.00000000000004,"fixed | 10*eta0"
250,-721977.98975882,460.971412402264,1,0,0.00800000000000004,1,123,1000,2,"bernoulli","fixed",0.000800000000000004,10,"10*eta0",0.00800000000000004,8.00000000000004,"fixed | 10*eta0"
251,-907023.212437973,491.48282028898,1,0,0.00800000000000004,1,123,1000,2,"bernoulli","fixed",0.000800000000000004,10,"10*eta0",0.00800000000000004,8.00000000000004,"fixed | 10*eta0"
252,-871978.133779416,476.76570772513,1,0,0.00800000000000004,1,123,1000,2,"bernoulli","fixed",0.000800000000000004,10,"10*eta0",0.00800000000000004,8.00000000000004,"fixed | 10*eta0"
253,-747073.570913229,463.547040349014,1,0,0.00800000000000004,1,123,1000,2,"bernoulli","fixed",0.000800000000000004,10,"10*eta0",0.00800000000000004,8.00000000000004,"fixed | 10*eta0"
254,-805522.989598376,469.081313322982,1,0,0.00800000000000004,1,123,1000,2,"bernoulli","fixed",0.000800000000000004,10,"10*eta0",0.00800000000000004,8.00000000000004,"fixed | 10*eta0"
255,-901516.564711042,482.433821774966,1,0,0.00800000000000004,1,123,1000,2,"bernoulli","fixed",0.000800000000000004,10,"10*eta0",0.00800000000000004,8.00000000000004,"fixed | 10*eta0"
256,-827967.91543042,470.740445082988,1,0,0.00800000000000004,1,123,1000,2,"bernoulli","fixed",0.000800000000000004,10,"10*eta0",0.00800000000000004,8.00000000000004,"fixed | 10*eta0"
257,-711778.98758397,461.791950096153,1,0,0.00800000000000004,1,123,1000,2,"bernoulli","fixed",0.000800000000000004,10,"10*eta0",0.00800000000000004,8.00000000000004,"fixed | 10*eta0"
258,-894352.826237725,488.171891946035,1,0,0.00800000000000004,1,123,1000,2,"bernoulli","fixed",0.000800000000000004,10,"10*eta0",0.00800000000000004,8.00000000000004,"fixed | 10*eta0"
259,-878842.76149114,475.524544873679,1,0,0.00800000000000004,1,123,1000,2,"bernoulli","fixed",0.000800000000000004,10,"10*eta0",0.00800000000000004,8.00000000000004,"fixed | 10*eta0"
260,-766299.017010878,463.549866292182,1,0,0.00800000000000004,1,123,1000,2,"bernoulli","fixed",0.000800000000000004,10,"10*eta0",0.00800000000000004,8.00000000000004,"fixed | 10*eta0"
261,-777410.485411186,467.260510867813,1,0,0.00800000000000004,1,123,1000,2,"bernoulli","fixed",0.000800000000000004,10,"10*eta0",0.00800000000000004,8.00000000000004,"fixed | 10*eta0"
262,-905892.456576972,486.817272161904,1,0,0.00800000000000004,1,123,1000,2,"bernoulli","fixed",0.000800000000000004,10,"10*eta0",0.00800000000000004,8.00000000000004,"fixed | 10*eta0"
263,-841714.301585549,472.005804399899,1,0,0.00800000000000004,1,123,1000,2,"bernoulli","fixed",0.000800000000000004,10,"10*eta0",0.00800000000000004,8.00000000000004,"fixed | 10*eta0"
264,-714084.28368447,459.077022331564,1,0,0.00800000000000004,1,123,1000,2,"bernoulli","fixed",0.000800000000000004,10,"10*eta0",0.00800000000000004,8.00000000000004,"fixed | 10*eta0"
265,-874652.044646216,483.578751614781,1,0,0.00800000000000004,1,123,1000,2,"bernoulli","fixed",0.000800000000000004,10,"10*eta0",0.00800000000000004,8.00000000000004,"fixed | 10*eta0"
266,-888197.94364,478.122127110097,1,0,0.00800000000000004,1,123,1000,2,"bernoulli","fixed",0.000800000000000004,10,"10*eta0",0.00800000000000004,8.00000000000004,"fixed | 10*eta0"
267,-780050.381682055,465.825976809017,1,0,0.00800000000000004,1,123,1000,2,"bernoulli","fixed",0.000800000000000004,10,"10*eta0",0.00800000000000004,8.00000000000004,"fixed | 10*eta0"
268,-753633.363564474,464.701343089595,1,0,0.00800000000000004,1,123,1000,2,"bernoulli","fixed",0.000800000000000004,10,"10*eta0",0.00800000000000004,8.00000000000004,"fixed | 10*eta0"
269,-909211.457790284,488.136983539253,1,0,0.00800000000000004,1,123,1000,2,"bernoulli","fixed",0.000800000000000004,10,"10*eta0",0.00800000000000004,8.00000000000004,"fixed | 10*eta0"
270,-856725.231897855,474.32949678768,1,0,0.00800000000000004,1,123,1000,2,"bernoulli","fixed",0.000800000000000004,10,"10*eta0",0.00800000000000004,8.00000000000004,"fixed | 10*eta0"
271,-721493.498779228,462.107897962009,1,0,0.00800000000000004,1,123,1000,2,"bernoulli","fixed",0.000800000000000004,10,"10*eta0",0.00800000000000004,8.00000000000004,"fixed | 10*eta0"
272,-849570.40102305,471.715381139449,1,0,0.00800000000000004,1,123,1000,2,"bernoulli","fixed",0.000800000000000004,10,"10*eta0",0.00800000000000004,8.00000000000004,"fixed | 10*eta0"
273,-894235.608582248,477.12918294338,1,0,0.00800000000000004,1,123,1000,2,"bernoulli","fixed",0.000800000000000004,10,"10*eta0",0.00800000000000004,8.00000000000004,"fixed | 10*eta0"
274,-800182.802984578,467.397951382128,1,0,0.00800000000000004,1,123,1000,2,"bernoulli","fixed",0.000800000000000004,10,"10*eta0",0.00800000000000004,8.00000000000004,"fixed | 10*eta0"
275,-730103.4564953,463.177408551911,1,0,0.00800000000000004,1,123,1000,2,"bernoulli","fixed",0.000800000000000004,10,"10*eta0",0.00800000000000004,8.00000000000004,"fixed | 10*eta0"
276,-909384.939612061,493.167136943603,1,0,0.00800000000000004,1,123,1000,2,"bernoulli","fixed",0.000800000000000004,10,"10*eta0",0.00800000000000004,8.00000000000004,"fixed | 10*eta0"
277,-865379.665879381,474.443348808043,1,0,0.00800000000000004,1,123,1000,2,"bernoulli","fixed",0.000800000000000004,10,"10*eta0",0.00800000000000004,8.00000000000004,"fixed | 10*eta0"
278,-739445.952465926,460.935414371371,1,0,0.00800000000000004,1,123,1000,2,"bernoulli","fixed",0.000800000000000004,10,"10*eta0",0.00800000000000004,8.00000000000004,"fixed | 10*eta0"
279,-820349.489518996,469.945075594356,1,0,0.00800000000000004,1,123,1000,2,"bernoulli","fixed",0.000800000000000004,10,"10*eta0",0.00800000000000004,8.00000000000004,"fixed | 10*eta0"
280,-900355.981148659,477.695193252168,1,0,0.00800000000000004,1,123,1000,2,"bernoulli","fixed",0.000800000000000004,10,"10*eta0",0.00800000000000004,8.00000000000004,"fixed | 10*eta0"
281,-815576.199535789,469.332376086566,1,0,0.00800000000000004,1,123,1000,2,"bernoulli","fixed",0.000800000000000004,10,"10*eta0",0.00800000000000004,8.00000000000004,"fixed | 10*eta0"
282,-716978.257396518,460.218980672635,1,0,0.00800000000000004,1,123,1000,2,"bernoulli","fixed",0.000800000000000004,10,"10*eta0",0.00800000000000004,8.00000000000004,"fixed | 10*eta0"
283,-902928.869886045,491.265887696025,1,0,0.00800000000000004,1,123,1000,2,"bernoulli","fixed",0.000800000000000004,10,"10*eta0",0.00800000000000004,8.00000000000004,"fixed | 10*eta0"
284,-875519.508734302,477.201033588733,1,0,0.00800000000000004,1,123,1000,2,"bernoulli","fixed",0.000800000000000004,10,"10*eta0",0.00800000000000004,8.00000000000004,"fixed | 10*eta0"
285,-754268.09969412,463.981136924708,1,0,0.00800000000000004,1,123,1000,2,"bernoulli","fixed",0.000800000000000004,10,"10*eta0",0.00800000000000004,8.00000000000004,"fixed | 10*eta0"
286,-794038.867778656,468.259151485886,1,0,0.00800000000000004,1,123,1000,2,"bernoulli","fixed",0.000800000000000004,10,"10*eta0",0.00800000000000004,8.00000000000004,"fixed | 10*eta0"
287,-903081.945652955,483.603215995902,1,0,0.00800000000000004,1,123,1000,2,"bernoulli","fixed",0.000800000000000004,10,"10*eta0",0.00800000000000004,8.00000000000004,"fixed | 10*eta0"
288,-834978.9892671,471.561361367514,1,0,0.00800000000000004,1,123,1000,2,"bernoulli","fixed",0.000800000000000004,10,"10*eta0",0.00800000000000004,8.00000000000004,"fixed | 10*eta0"
289,-710910.235426741,461.667994931084,1,0,0.00800000000000004,1,123,1000,2,"bernoulli","fixed",0.000800000000000004,10,"10*eta0",0.00800000000000004,8.00000000000004,"fixed | 10*eta0"
290,-886768.987650668,485.133312882598,1,0,0.00800000000000004,1,123,1000,2,"bernoulli","fixed",0.000800000000000004,10,"10*eta0",0.00800000000000004,8.00000000000004,"fixed | 10*eta0"
291,-882358.338421672,476.045585786811,1,0,0.00800000000000004,1,123,1000,2,"bernoulli","fixed",0.000800000000000004,10,"10*eta0",0.00800000000000004,8.00000000000004,"fixed | 10*eta0"
292,-773355.66259542,464.306892258039,1,0,0.00800000000000004,1,123,1000,2,"bernoulli","fixed",0.000800000000000004,10,"10*eta0",0.00800000000000004,8.00000000000004,"fixed | 10*eta0"
293,-766359.306406777,466.422762081156,1,0,0.00800000000000004,1,123,1000,2,"bernoulli","fixed",0.000800000000000004,10,"10*eta0",0.00800000000000004,8.00000000000004,"fixed | 10*eta0"
294,-907401.520907944,488.967598734845,1,0,0.00800000000000004,1,123,1000,2,"bernoulli","fixed",0.000800000000000004,10,"10*eta0",0.00800000000000004,8.00000000000004,"fixed | 10*eta0"
295,-847742.864002007,472.627332830742,1,0,0.00800000000000004,1,123,1000,2,"bernoulli","fixed",0.000800000000000004,10,"10*eta0",0.00800000000000004,8.00000000000004,"fixed | 10*eta0"
296,-717195.639834175,459.201272523236,1,0,0.00800000000000004,1,123,1000,2,"bernoulli","fixed",0.000800000000000004,10,"10*eta0",0.00800000000000004,8.00000000000004,"fixed | 10*eta0"
297,-864180.637987333,479.647071968746,1,0,0.00800000000000004,1,123,1000,2,"bernoulli","fixed",0.000800000000000004,10,"10*eta0",0.00800000000000004,8.00000000000004,"fixed | 10*eta0"
298,-891421.371629319,478.184660523995,1,0,0.00800000000000004,1,123,1000,2,"bernoulli","fixed",0.000800000000000004,10,"10*eta0",0.00800000000000004,8.00000000000004,"fixed | 10*eta0"
299,-787333.430245617,466.513754305681,1,0,0.00800000000000004,1,123,1000,2,"bernoulli","fixed",0.000800000000000004,10,"10*eta0",0.00800000000000004,8.00000000000004,"fixed | 10*eta0"
300,-743554.819593207,463.631199466924,1,0,0.00800000000000004,1,123,1000,2,"bernoulli","fixed",0.000800000000000004,10,"10*eta0",0.00800000000000004,8.00000000000004,"fixed | 10*eta0"
301,-910159.649122817,489.398445569409,1,0,0.00800000000000004,1,123,1000,2,"bernoulli","fixed",0.000800000000000004,10,"10*eta0",0.00800000000000004,8.00000000000004,"fixed | 10*eta0"
302,-861386.226949282,475.122330228472,1,0,0.00800000000000004,1,123,1000,2,"bernoulli","fixed",0.000800000000000004,10,"10*eta0",0.00800000000000004,8.00000000000004,"fixed | 10*eta0"
303,-727657.081479446,462.440473670827,1,0,0.00800000000000004,1,123,1000,2,"bernoulli","fixed",0.000800000000000004,10,"10*eta0",0.00800000000000004,8.00000000000004,"fixed | 10*eta0"
304,-837709.443913333,471.058516928113,1,0,0.00800000000000004,1,123,1000,2,"bernoulli","fixed",0.000800000000000004,10,"10*eta0",0.00800000000000004,8.00000000000004,"fixed | 10*eta0"
305,-896703.099773023,478.952004534711,1,0,0.00800000000000004,1,123,1000,2,"bernoulli","fixed",0.000800000000000004,10,"10*eta0",0.00800000000000004,8.00000000000004,"fixed | 10*eta0"
306,-807774.842103565,468.31526080405,1,0,0.00800000000000004,1,123,1000,2,"bernoulli","fixed",0.000800000000000004,10,"10*eta0",0.00800000000000004,8.00000000000004,"fixed | 10*eta0"
307,-722802.007440303,462.672805628005,1,0,0.00800000000000004,1,123,1000,2,"bernoulli","fixed",0.000800000000000004,10,"10*eta0",0.00800000000000004,8.00000000000004,"fixed | 10*eta0"
308,-907485.889135762,492.840144064763,1,0,0.00800000000000004,1,123,1000,2,"bernoulli","fixed",0.000800000000000004,10,"10*eta0",0.00800000000000004,8.00000000000004,"fixed | 10*eta0"
309,-869207.079789909,474.79978897127,1,0,0.00800000000000004,1,123,1000,2,"bernoulli","fixed",0.000800000000000004,10,"10*eta0",0.00800000000000004,8.00000000000004,"fixed | 10*eta0"
310,-746853.953802265,461.61149595682,1,0,0.00800000000000004,1,123,1000,2,"bernoulli","fixed",0.000800000000000004,10,"10*eta0",0.00800000000000004,8.00000000000004,"fixed | 10*eta0"
311,-808340.886374337,469.274816966199,1,0,0.00800000000000004,1,123,1000,2,"bernoulli","fixed",0.000800000000000004,10,"10*eta0",0.00800000000000004,8.00000000000004,"fixed | 10*eta0"
312,-901927.013364834,479.915170278252,1,0,0.00800000000000004,1,123,1000,2,"bernoulli","fixed",0.000800000000000004,10,"10*eta0",0.00800000000000004,8.00000000000004,"fixed | 10*eta0"
313,-823127.414092457,470.105112131149,1,0,0.00800000000000004,1,123,1000,2,"bernoulli","fixed",0.000800000000000004,10,"10*eta0",0.00800000000000004,8.00000000000004,"fixed | 10*eta0"
314,-713842.719645078,459.652711190334,1,0,0.00800000000000004,1,123,1000,2,"bernoulli","fixed",0.000800000000000004,10,"10*eta0",0.00800000000000004,8.00000000000004,"fixed | 10*eta0"
315,-897160.775212266,490.15727623242,1,0,0.00800000000000004,1,123,1000,2,"bernoulli","fixed",0.000800000000000004,10,"10*eta0",0.00800000000000004,8.00000000000004,"fixed | 10*eta0"
316,-878995.005359845,477.55253523149,1,0,0.00800000000000004,1,123,1000,2,"bernoulli","fixed",0.000800000000000004,10,"10*eta0",0.00800000000000004,8.00000000000004,"fixed | 10*eta0"
317,-761261.644624196,464.419671203408,1,0,0.00800000000000004,1,123,1000,2,"bernoulli","fixed",0.000800000000000004,10,"10*eta0",0.00800000000000004,8.00000000000004,"fixed | 10*eta0"
318,-782814.777814465,467.378163602367,1,0,0.00800000000000004,1,123,1000,2,"bernoulli","fixed",0.000800000000000004,10,"10*eta0",0.00800000000000004,8.00000000000004,"fixed | 10*eta0"
319,-904754.602893684,484.790171720471,1,0,0.00800000000000004,1,123,1000,2,"bernoulli","fixed",0.000800000000000004,10,"10*eta0",0.00800000000000004,8.00000000000004,"fixed | 10*eta0"
320,-841555.83155453,472.322735759166,1,0,0.00800000000000004,1,123,1000,2,"bernoulli","fixed",0.000800000000000004,10,"10*eta0",0.00800000000000004,8.00000000000004,"fixed | 10*eta0"
321,-711662.810082743,461.650269800265,1,0,0.00800000000000004,1,123,1000,2,"bernoulli","fixed",0.000800000000000004,10,"10*eta0",0.00800000000000004,8.00000000000004,"fixed | 10*eta0"
322,-878017.369752585,481.672855450929,1,0,0.00800000000000004,1,123,1000,2,"bernoulli","fixed",0.000800000000000004,10,"10*eta0",0.00800000000000004,8.00000000000004,"fixed | 10*eta0"
323,-885826.292582525,476.443073424043,1,0,0.00800000000000004,1,123,1000,2,"bernoulli","fixed",0.000800000000000004,10,"10*eta0",0.00800000000000004,8.00000000000004,"fixed | 10*eta0"
324,-780451.738926095,465.092947825774,1,0,0.00800000000000004,1,123,1000,2,"bernoulli","fixed",0.000800000000000004,10,"10*eta0",0.00800000000000004,8.00000000000004,"fixed | 10*eta0"
325,-755631.290623748,465.544540391436,1,0,0.00800000000000004,1,123,1000,2,"bernoulli","fixed",0.000800000000000004,10,"10*eta0",0.00800000000000004,8.00000000000004,"fixed | 10*eta0"
326,-908747.380807135,490.774438038718,1,0,0.00800000000000004,1,123,1000,2,"bernoulli","fixed",0.000800000000000004,10,"10*eta0",0.00800000000000004,8.00000000000004,"fixed | 10*eta0"
327,-853215.429995507,473.196504407441,1,0,0.00800000000000004,1,123,1000,2,"bernoulli","fixed",0.000800000000000004,10,"10*eta0",0.00800000000000004,8.00000000000004,"fixed | 10*eta0"
328,-721798.424801848,459.495326088757,1,0,0.00800000000000004,1,123,1000,2,"bernoulli","fixed",0.000800000000000004,10,"10*eta0",0.00800000000000004,8.00000000000004,"fixed | 10*eta0"
329,-852856.64634498,474.831243794342,1,0,0.00800000000000004,1,123,1000,2,"bernoulli","fixed",0.000800000000000004,10,"10*eta0",0.00800000000000004,8.00000000000004,"fixed | 10*eta0"
330,-894375.397708829,478.157557852817,1,0,0.00800000000000004,1,123,1000,2,"bernoulli","fixed",0.000800000000000004,10,"10*eta0",0.00800000000000004,8.00000000000004,"fixed | 10*eta0"
331,-794833.896202419,467.242385128894,1,0,0.00800000000000004,1,123,1000,2,"bernoulli","fixed",0.000800000000000004,10,"10*eta0",0.00800000000000004,8.00000000000004,"fixed | 10*eta0"
332,-734375.961527219,462.57453067614,1,0,0.00800000000000004,1,123,1000,2,"bernoulli","fixed",0.000800000000000004,10,"10*eta0",0.00800000000000004,8.00000000000004,"fixed | 10*eta0"
333,-910166.596373993,490.298902239627,1,0,0.00800000000000004,1,123,1000,2,"bernoulli","fixed",0.000800000000000004,10,"10*eta0",0.00800000000000004,8.00000000000004,"fixed | 10*eta0"
334,-865591.445255162,475.816645717203,1,0,0.00800000000000004,1,123,1000,2,"bernoulli","fixed",0.000800000000000004,10,"10*eta0",0.00800000000000004,8.00000000000004,"fixed | 10*eta0"
335,-734645.045821733,462.829517807018,1,0,0.00800000000000004,1,123,1000,2,"bernoulli","fixed",0.000800000000000004,10,"10*eta0",0.00800000000000004,8.00000000000004,"fixed | 10*eta0"
336,-825629.340958059,470.359940901942,1,0,0.00800000000000004,1,123,1000,2,"bernoulli","fixed",0.000800000000000004,10,"10*eta0",0.00800000000000004,8.00000000000004,"fixed | 10*eta0"
337,-898738.275230434,480.403261360042,1,0,0.00800000000000004,1,123,1000,2,"bernoulli","fixed",0.000800000000000004,10,"10*eta0",0.00800000000000004,8.00000000000004,"fixed | 10*eta0"
338,-815399.07590479,469.238374217965,1,0,0.00800000000000004,1,123,1000,2,"bernoulli","fixed",0.000800000000000004,10,"10*eta0",0.00800000000000004,8.00000000000004,"fixed | 10*eta0"
339,-717179.797783857,462.25423477488,1,0,0.00800000000000004,1,123,1000,2,"bernoulli","fixed",0.000800000000000004,10,"10*eta0",0.00800000000000004,8.00000000000004,"fixed | 10*eta0"
340,-903976.742448904,491.743025179613,1,0,0.00800000000000004,1,123,1000,2,"bernoulli","fixed",0.000800000000000004,10,"10*eta0",0.00800000000000004,8.00000000000004,"fixed | 10*eta0"
341,-872847.798521456,475.103277586972,1,0,0.00800000000000004,1,123,1000,2,"bernoulli","fixed",0.000800000000000004,10,"10*eta0",0.00800000000000004,8.00000000000004,"fixed | 10*eta0"
342,-754206.857693005,462.316843650856,1,0,0.00800000000000004,1,123,1000,2,"bernoulli","fixed",0.000800000000000004,10,"10*eta0",0.00800000000000004,8.00000000000004,"fixed | 10*eta0"
343,-796624.660164544,468.565880084974,1,0,0.00800000000000004,1,123,1000,2,"bernoulli","fixed",0.000800000000000004,10,"10*eta0",0.00800000000000004,8.00000000000004,"fixed | 10*eta0"
344,-903374.674841495,482.636669489936,1,0,0.00800000000000004,1,123,1000,2,"bernoulli","fixed",0.000800000000000004,10,"10*eta0",0.00800000000000004,8.00000000000004,"fixed | 10*eta0"
345,-830382.97661726,470.846980248267,1,0,0.00800000000000004,1,123,1000,2,"bernoulli","fixed",0.000800000000000004,10,"10*eta0",0.00800000000000004,8.00000000000004,"fixed | 10*eta0"
346,-712505.436490678,459.27990480857,1,0,0.00800000000000004,1,123,1000,2,"bernoulli","fixed",0.000800000000000004,10,"10*eta0",0.00800000000000004,8.00000000000004,"fixed | 10*eta0"
347,-889881.310248914,488.352346770207,1,0,0.00800000000000004,1,123,1000,2,"bernoulli","fixed",0.000800000000000004,10,"10*eta0",0.00800000000000004,8.00000000000004,"fixed | 10*eta0"
348,-882448.567245844,477.827880994359,1,0,0.00800000000000004,1,123,1000,2,"bernoulli","fixed",0.000800000000000004,10,"10*eta0",0.00800000000000004,8.00000000000004,"fixed | 10*eta0"
349,-768170.800705152,464.869127110273,1,0,0.00800000000000004,1,123,1000,2,"bernoulli","fixed",0.000800000000000004,10,"10*eta0",0.00800000000000004,8.00000000000004,"fixed | 10*eta0"
350,-771774.176794171,466.433004345187,1,0,0.00800000000000004,1,123,1000,2,"bernoulli","fixed",0.000800000000000004,10,"10*eta0",0.00800000000000004,8.00000000000004,"fixed | 10*eta0"
351,-906514.853525181,485.918688921075,1,0,0.00800000000000004,1,123,1000,2,"bernoulli","fixed",0.000800000000000004,10,"10*eta0",0.00800000000000004,8.00000000000004,"fixed | 10*eta0"
352,-847642.043357096,473.024942411145,1,0,0.00800000000000004,1,123,1000,2,"bernoulli","fixed",0.000800000000000004,10,"10*eta0",0.00800000000000004,8.00000000000004,"fixed | 10*eta0"
353,-714014.361615808,461.73646849966,1,0,0.00800000000000004,1,123,1000,2,"bernoulli","fixed",0.000800000000000004,10,"10*eta0",0.00800000000000004,8.00000000000004,"fixed | 10*eta0"
354,-868211.273614818,478.010045413258,1,0,0.00800000000000004,1,123,1000,2,"bernoulli","fixed",0.000800000000000004,10,"10*eta0",0.00800000000000004,8.00000000000004,"fixed | 10*eta0"
355,-889171.408739919,476.707287780905,1,0,0.00800000000000004,1,123,1000,2,"bernoulli","fixed",0.000800000000000004,10,"10*eta0",0.00800000000000004,8.00000000000004,"fixed | 10*eta0"
356,-787654.240941968,465.915636334333,1,0,0.00800000000000004,1,123,1000,2,"bernoulli","fixed",0.000800000000000004,10,"10*eta0",0.00800000000000004,8.00000000000004,"fixed | 10*eta0"
357,-745412.677391038,464.641949066866,1,0,0.00800000000000004,1,123,1000,2,"bernoulli","fixed",0.000800000000000004,10,"10*eta0",0.00800000000000004,8.00000000000004,"fixed | 10*eta0"
358,-909682.979668335,492.143509188336,1,0,0.00800000000000004,1,123,1000,2,"bernoulli","fixed",0.000800000000000004,10,"10*eta0",0.00800000000000004,8.00000000000004,"fixed | 10*eta0"
359,-858136.004673072,473.709438433253,1,0,0.00800000000000004,1,123,1000,2,"bernoulli","fixed",0.000800000000000004,10,"10*eta0",0.00800000000000004,8.00000000000004,"fixed | 10*eta0"
360,-727661.336453525,459.938246939856,1,0,0.00800000000000004,1,123,1000,2,"bernoulli","fixed",0.000800000000000004,10,"10*eta0",0.00800000000000004,8.00000000000004,"fixed | 10*eta0"
361,-840948.328743506,471.003860916593,1,0,0.00800000000000004,1,123,1000,2,"bernoulli","fixed",0.000800000000000004,10,"10*eta0",0.00800000000000004,8.00000000000004,"fixed | 10*eta0"
362,-896954.004761872,478.043506427774,1,0,0.00800000000000004,1,123,1000,2,"bernoulli","fixed",0.000800000000000004,10,"10*eta0",0.00800000000000004,8.00000000000004,"fixed | 10*eta0"
363,-802506.847841917,468.005569467707,1,0,0.00800000000000004,1,123,1000,2,"bernoulli","fixed",0.000800000000000004,10,"10*eta0",0.00800000000000004,8.00000000000004,"fixed | 10*eta0"
364,-726489.309230051,461.585482025948,1,0,0.00800000000000004,1,123,1000,2,"bernoulli","fixed",0.000800000000000004,10,"10*eta0",0.00800000000000004,8.00000000000004,"fixed | 10*eta0"
365,-908854.373043019,491.095143911245,1,0,0.00800000000000004,1,123,1000,2,"bernoulli","fixed",0.000800000000000004,10,"10*eta0",0.00800000000000004,8.00000000000004,"fixed | 10*eta0"
366,-869450.275539877,476.411451281417,1,0,0.00800000000000004,1,123,1000,2,"bernoulli","fixed",0.000800000000000004,10,"10*eta0",0.00800000000000004,8.00000000000004,"fixed | 10*eta0"
367,-741992.851953522,463.249436606491,1,0,0.00800000000000004,1,123,1000,2,"bernoulli","fixed",0.000800000000000004,10,"10*eta0",0.00800000000000004,8.00000000000004,"fixed | 10*eta0"
368,-813643.656149664,469.619354765791,1,0,0.00800000000000004,1,123,1000,2,"bernoulli","fixed",0.000800000000000004,10,"10*eta0",0.00800000000000004,8.00000000000004,"fixed | 10*eta0"
369,-900439.256201911,481.63215935121,1,0,0.00800000000000004,1,123,1000,2,"bernoulli","fixed",0.000800000000000004,10,"10*eta0",0.00800000000000004,8.00000000000004,"fixed | 10*eta0"
370,-822915.824203684,470.141071840847,1,0,0.00800000000000004,1,123,1000,2,"bernoulli","fixed",0.000800000000000004,10,"10*eta0",0.00800000000000004,8.00000000000004,"fixed | 10*eta0"
371,-713368.322359159,461.941974623205,1,0,0.00800000000000004,1,123,1000,2,"bernoulli","fixed",0.000800000000000004,10,"10*eta0",0.00800000000000004,8.00000000000004,"fixed | 10*eta0"
372,-898814.000012424,489.880087924915,1,0,0.00800000000000004,1,123,1000,2,"bernoulli","fixed",0.000800000000000004,10,"10*eta0",0.00800000000000004,8.00000000000004,"fixed | 10*eta0"
373,-876403.454399012,475.359678502223,1,0,0.00800000000000004,1,123,1000,2,"bernoulli","fixed",0.000800000000000004,10,"10*eta0",0.00800000000000004,8.00000000000004,"fixed | 10*eta0"
374,-761400.80440841,463.03994128216,1,0,0.00800000000000004,1,123,1000,2,"bernoulli","fixed",0.000800000000000004,10,"10*eta0",0.00800000000000004,8.00000000000004,"fixed | 10*eta0"
375,-785182.795017476,467.811124641969,1,0,0.00800000000000004,1,123,1000,2,"bernoulli","fixed",0.000800000000000004,10,"10*eta0",0.00800000000000004,8.00000000000004,"fixed | 10*eta0"
376,-904843.521913198,485.177614177597,1,0,0.00800000000000004,1,123,1000,2,"bernoulli","fixed",0.000800000000000004,10,"10*eta0",0.00800000000000004,8.00000000000004,"fixed | 10*eta0"
377,-837244.457277357,471.54796115408,1,0,0.00800000000000004,1,123,1000,2,"bernoulli","fixed",0.000800000000000004,10,"10*eta0",0.00800000000000004,8.00000000000004,"fixed | 10*eta0"
378,-712869.729037069,459.096194862125,1,0,0.00800000000000004,1,123,1000,2,"bernoulli","fixed",0.000800000000000004,10,"10*eta0",0.00800000000000004,8.00000000000004,"fixed | 10*eta0"
379,-881281.429466354,485.804239571677,1,0,0.00800000000000004,1,123,1000,2,"bernoulli","fixed",0.000800000000000004,10,"10*eta0",0.00800000000000004,8.00000000000004,"fixed | 10*eta0"
380,-885875.071086895,478.02901271583,1,0,0.00800000000000004,1,123,1000,2,"bernoulli","fixed",0.000800000000000004,10,"10*eta0",0.00800000000000004,8.00000000000004,"fixed | 10*eta0"
381,-775141.385142238,465.374131569289,1,0,0.00800000000000004,1,123,1000,2,"bernoulli","fixed",0.000800000000000004,10,"10*eta0",0.00800000000000004,8.00000000000004,"fixed | 10*eta0"
382,-760932.142944909,465.426116606571,1,0,0.00800000000000004,1,123,1000,2,"bernoulli","fixed",0.000800000000000004,10,"10*eta0",0.00800000000000004,8.00000000000004,"fixed | 10*eta0"
383,-908210.16291584,487.208332697542,1,0,0.00800000000000004,1,123,1000,2,"bernoulli","fixed",0.000800000000000004,10,"10*eta0",0.00800000000000004,8.00000000000004,"fixed | 10*eta0"
384,-853200.766324732,473.7265238234,1,0,0.00800000000000004,1,123,1000,2,"bernoulli","fixed",0.000800000000000004,10,"10*eta0",0.00800000000000004,8.00000000000004,"fixed | 10*eta0"
385,-717935.441649161,461.92380325223,1,0,0.00800000000000004,1,123,1000,2,"bernoulli","fixed",0.000800000000000004,10,"10*eta0",0.00800000000000004,8.00000000000004,"fixed | 10*eta0"
386,-857457.713372776,473.609313212944,1,0,0.00800000000000004,1,123,1000,2,"bernoulli","fixed",0.000800000000000004,10,"10*eta0",0.00800000000000004,8.00000000000004,"fixed | 10*eta0"
387,-892283.990737999,476.826977750786,1,0,0.00800000000000004,1,123,1000,2,"bernoulli","fixed",0.000800000000000004,10,"10*eta0",0.00800000000000004,8.00000000000004,"fixed | 10*eta0"
388,-795008.152762379,466.779194917935,1,0,0.00800000000000004,1,123,1000,2,"bernoulli","fixed",0.000800000000000004,10,"10*eta0",0.00800000000000004,8.00000000000004,"fixed | 10*eta0"
389,-735979.788826767,463.742047743848,1,0,0.00800000000000004,1,123,1000,2,"bernoulli","fixed",0.000800000000000004,10,"10*eta0",0.00800000000000004,8.00000000000004,"fixed | 10*eta0"
390,-909879.570815879,492.970148476088,1,0,0.00800000000000004,1,123,1000,2,"bernoulli","fixed",0.000800000000000004,10,"10*eta0",0.00800000000000004,8.00000000000004,"fixed | 10*eta0"
391,-862560.876907619,474.163795289166,1,0,0.00800000000000004,1,123,1000,2,"bernoulli","fixed",0.000800000000000004,10,"10*eta0",0.00800000000000004,8.00000000000004,"fixed | 10*eta0"
392,-734440.922684393,460.498824198236,1,0,0.00800000000000004,1,123,1000,2,"bernoulli","fixed",0.000800000000000004,10,"10*eta0",0.00800000000000004,8.00000000000004,"fixed | 10*eta0"
393,-828766.508655326,470.388579211832,1,0,0.00800000000000004,1,123,1000,2,"bernoulli","fixed",0.000800000000000004,10,"10*eta0",0.00800000000000004,8.00000000000004,"fixed | 10*eta0"
394,-899104.056104969,477.855686933694,1,0,0.00800000000000004,1,123,1000,2,"bernoulli","fixed",0.000800000000000004,10,"10*eta0",0.00800000000000004,8.00000000000004,"fixed | 10*eta0"
395,-810252.987347126,468.789223465649,1,0,0.00800000000000004,1,123,1000,2,"bernoulli","fixed",0.000800000000000004,10,"10*eta0",0.00800000000000004,8.00000000000004,"fixed | 10*eta0"
396,-720234.64337326,460.720287919813,1,0,0.00800000000000004,1,123,1000,2,"bernoulli","fixed",0.000800000000000004,10,"10*eta0",0.00800000000000004,8.00000000000004,"fixed | 10*eta0"
397,-905941.601255955,491.513510264965,1,0,0.00800000000000004,1,123,1000,2,"bernoulli","fixed",0.000800000000000004,10,"10*eta0",0.00800000000000004,8.00000000000004,"fixed | 10*eta0"
398,-873084.035748024,476.909744755481,1,0,0.00800000000000004,1,123,1000,2,"bernoulli","fixed",0.000800000000000004,10,"10*eta0",0.00800000000000004,8.00000000000004,"fixed | 10*eta0"
399,-749320.817205592,463.680909072878,1,0,0.00800000000000004,1,123,1000,2,"bernoulli","fixed",0.000800000000000004,10,"10*eta0",0.00800000000000004,8.00000000000004,"fixed | 10*eta0"
400,-801940.712500747,468.832998110163,1,0,0.00800000000000004,1,123,1000,2,"bernoulli","fixed",0.000800000000000004,10,"10*eta0",0.00800000000000004,8.00000000000004,"fixed | 10*eta0"
401,-901993.708748145,482.792170198621,1,0,0.00800000000000004,1,123,1000,2,"bernoulli","fixed",0.000800000000000004,10,"10*eta0",0.00800000000000004,8.00000000000004,"fixed | 10*eta0"
402,-830176.55716271,471.000367040794,1,0,0.00800000000000004,1,123,1000,2,"bernoulli","fixed",0.000800000000000004,10,"10*eta0",0.00800000000000004,8.00000000000004,"fixed | 10*eta0"
403,-711333.546183576,461.742049937482,1,0,0.00800000000000004,1,123,1000,2,"bernoulli","fixed",0.000800000000000004,10,"10*eta0",0.00800000000000004,8.00000000000004,"fixed | 10*eta0"
404,-892143.475769237,487.302779677012,1,0,0.00800000000000004,1,123,1000,2,"bernoulli","fixed",0.000800000000000004,10,"10*eta0",0.00800000000000004,8.00000000000004,"fixed | 10*eta0"
405,-879931.634942013,475.698517754798,1,0,0.00800000000000004,1,123,1000,2,"bernoulli","fixed",0.000800000000000004,10,"10*eta0",0.00800000000000004,8.00000000000004,"fixed | 10*eta0"
406,-768480.655816967,463.781197403421,1,0,0.00800000000000004,1,123,1000,2,"bernoulli","fixed",0.000800000000000004,10,"10*eta0",0.00800000000000004,8.00000000000004,"fixed | 10*eta0"
407,-773967.948064759,467.006548840005,1,0,0.00800000000000004,1,123,1000,2,"bernoulli","fixed",0.000800000000000004,10,"10*eta0",0.00800000000000004,8.00000000000004,"fixed | 10*eta0"
408,-906364.734993106,487.513081948941,1,0,0.00800000000000004,1,123,1000,2,"bernoulli","fixed",0.000800000000000004,10,"10*eta0",0.00800000000000004,8.00000000000004,"fixed | 10*eta0"
409,-843635.107375341,472.203229438836,1,0,0.00800000000000004,1,123,1000,2,"bernoulli","fixed",0.000800000000000004,10,"10*eta0",0.00800000000000004,8.00000000000004,"fixed | 10*eta0"
410,-714877.712412958,459.096485104827,1,0,0.00800000000000004,1,123,1000,2,"bernoulli","fixed",0.000800000000000004,10,"10*eta0",0.00800000000000004,8.00000000000004,"fixed | 10*eta0"
411,-871520.156205849,482.455414799716,1,0,0.00800000000000004,1,123,1000,2,"bernoulli","fixed",0.000800000000000004,10,"10*eta0",0.00800000000000004,8.00000000000004,"fixed | 10*eta0"
412,-889215.746206367,478.150831506433,1,0,0.00800000000000004,1,123,1000,2,"bernoulli","fixed",0.000800000000000004,10,"10*eta0",0.00800000000000004,8.00000000000004,"fixed | 10*eta0"
413,-782277.722249122,466.034130469198,1,0,0.00800000000000004,1,123,1000,2,"bernoulli","fixed",0.000800000000000004,10,"10*eta0",0.00800000000000004,8.00000000000004,"fixed | 10*eta0"
414,-750445.365231928,464.37198453151,1,0,0.00800000000000004,1,123,1000,2,"bernoulli","fixed",0.000800000000000004,10,"10*eta0",0.00800000000000004,8.00000000000004,"fixed | 10*eta0"
415,-909581.101963975,488.498400607422,1,0,0.00800000000000004,1,123,1000,2,"bernoulli","fixed",0.000800000000000004,10,"10*eta0",0.00800000000000004,8.00000000000004,"fixed | 10*eta0"
416,-858219.579855546,474.584830221846,1,0,0.00800000000000004,1,123,1000,2,"bernoulli","fixed",0.000800000000000004,10,"10*eta0",0.00800000000000004,8.00000000000004,"fixed | 10*eta0"
417,-723283.480551152,462.203109323732,1,0,0.00800000000000004,1,123,1000,2,"bernoulli","fixed",0.000800000000000004,10,"10*eta0",0.00800000000000004,8.00000000000004,"fixed | 10*eta0"
418,-845949.063352268,471.51688288886,1,0,0.00800000000000004,1,123,1000,2,"bernoulli","fixed",0.000800000000000004,10,"10*eta0",0.00800000000000004,8.00000000000004,"fixed | 10*eta0"
419,-895045.36022332,477.739150556808,1,0,0.00800000000000004,1,123,1000,2,"bernoulli","fixed",0.000800000000000004,10,"10*eta0",0.00800000000000004,8.00000000000004,"fixed | 10*eta0"
420,-802518.944624012,467.679381474636,1,0,0.00800000000000004,1,123,1000,2,"bernoulli","fixed",0.000800000000000004,10,"10*eta0",0.00800000000000004,8.00000000000004,"fixed | 10*eta0"
421,-727682.734950137,463.014010297439,1,0,0.00800000000000004,1,123,1000,2,"bernoulli","fixed",0.000800000000000004,10,"10*eta0",0.00800000000000004,8.00000000000004,"fixed | 10*eta0"
422,-908958.457964484,493.146043189519,1,0,0.00800000000000004,1,123,1000,2,"bernoulli","fixed",0.000800000000000004,10,"10*eta0",0.00800000000000004,8.00000000000004,"fixed | 10*eta0"
423,-866589.866929781,474.559470890927,1,0,0.00800000000000004,1,123,1000,2,"bernoulli","fixed",0.000800000000000004,10,"10*eta0",0.00800000000000004,8.00000000000004,"fixed | 10*eta0"
424,-741727.261698391,461.139916346525,1,0,0.00800000000000004,1,123,1000,2,"bernoulli","fixed",0.000800000000000004,10,"10*eta0",0.00800000000000004,8.00000000000004,"fixed | 10*eta0"
425,-816610.331800716,469.741654465193,1,0,0.00800000000000004,1,123,1000,2,"bernoulli","fixed",0.000800000000000004,10,"10*eta0",0.00800000000000004,8.00000000000004,"fixed | 10*eta0"
426,-900865.855440738,477.902872519918,1,0,0.00800000000000004,1,123,1000,2,"bernoulli","fixed",0.000800000000000004,10,"10*eta0",0.00800000000000004,8.00000000000004,"fixed | 10*eta0"
427,-817934.377245015,469.573589392415,1,0,0.00800000000000004,1,123,1000,2,"bernoulli","fixed",0.000800000000000004,10,"10*eta0",0.00800000000000004,8.00000000000004,"fixed | 10*eta0"
428,-715811.274840806,460.023367603281,1,0,0.00800000000000004,1,123,1000,2,"bernoulli","fixed",0.000800000000000004,10,"10*eta0",0.00800000000000004,8.00000000000004,"fixed | 10*eta0"
429,-901319.084989944,491.01617143341,1,0,0.00800000000000004,1,123,1000,2,"bernoulli","fixed",0.000800000000000004,10,"10*eta0",0.00800000000000004,8.00000000000004,"fixed | 10*eta0"
430,-876597.78541726,477.318201226822,1,0,0.00800000000000004,1,123,1000,2,"bernoulli","fixed",0.000800000000000004,10,"10*eta0",0.00800000000000004,8.00000000000004,"fixed | 10*eta0"
431,-756447.397746534,464.115974209424,1,0,0.00800000000000004,1,123,1000,2,"bernoulli","fixed",0.000800000000000004,10,"10*eta0",0.00800000000000004,8.00000000000004,"fixed | 10*eta0"
432,-790546.480693832,467.99350307353,1,0,0.00800000000000004,1,123,1000,2,"bernoulli","fixed",0.000800000000000004,10,"10*eta0",0.00800000000000004,8.00000000000004,"fixed | 10*eta0"
433,-903585.46647146,483.970292281547,1,0,0.00800000000000004,1,123,1000,2,"bernoulli","fixed",0.000800000000000004,10,"10*eta0",0.00800000000000004,8.00000000000004,"fixed | 10*eta0"
434,-837061.160851768,471.803068434737,1,0,0.00800000000000004,1,123,1000,2,"bernoulli","fixed",0.000800000000000004,10,"10*eta0",0.00800000000000004,8.00000000000004,"fixed | 10*eta0"
435,-710971.749842617,461.651329065413,1,0,0.00800000000000004,1,123,1000,2,"bernoulli","fixed",0.000800000000000004,10,"10*eta0",0.00800000000000004,8.00000000000004,"fixed | 10*eta0"
436,-884182.324144195,484.062490431732,1,0,0.00800000000000004,1,123,1000,2,"bernoulli","fixed",0.000800000000000004,10,"10*eta0",0.00800000000000004,8.00000000000004,"fixed | 10*eta0"
437,-883437.925181836,476.181946327376,1,0,0.00800000000000004,1,123,1000,2,"bernoulli","fixed",0.000800000000000004,10,"10*eta0",0.00800000000000004,8.00000000000004,"fixed | 10*eta0"
438,-775541.106033663,464.54636860326,1,0,0.00800000000000004,1,123,1000,2,"bernoulli","fixed",0.000800000000000004,10,"10*eta0",0.00800000000000004,8.00000000000004,"fixed | 10*eta0"
439,-763002.230924774,466.155077377741,1,0,0.00800000000000004,1,123,1000,2,"bernoulli","fixed",0.000800000000000004,10,"10*eta0",0.00800000000000004,8.00000000000004,"fixed | 10*eta0"
440,-907844.786991324,489.566959190671,1,0,0.00800000000000004,1,123,1000,2,"bernoulli","fixed",0.000800000000000004,10,"10*eta0",0.00800000000000004,8.00000000000004,"fixed | 10*eta0"
441,-849494.456340876,472.809034016662,1,0,0.00800000000000004,1,123,1000,2,"bernoulli","fixed",0.000800000000000004,10,"10*eta0",0.00800000000000004,8.00000000000004,"fixed | 10*eta0"
442,-718467.308831046,459.274777691506,1,0,0.00800000000000004,1,123,1000,2,"bernoulli","fixed",0.000800000000000004,10,"10*eta0",0.00800000000000004,8.00000000000004,"fixed | 10*eta0"
443,-860760.545428958,478.254610292495,1,0,0.00800000000000004,1,123,1000,2,"bernoulli","fixed",0.000800000000000004,10,"10*eta0",0.00800000000000004,8.00000000000004,"fixed | 10*eta0"
444,-892368.63193945,478.185913643265,1,0,0.00800000000000004,1,123,1000,2,"bernoulli","fixed",0.000800000000000004,10,"10*eta0",0.00800000000000004,8.00000000000004,"fixed | 10*eta0"
445,-789629.315352704,466.734720468809,1,0,0.00800000000000004,1,123,1000,2,"bernoulli","fixed",0.000800000000000004,10,"10*eta0",0.00800000000000004,8.00000000000004,"fixed | 10*eta0"
446,-740603.559593659,463.300831743217,1,0,0.00800000000000004,1,123,1000,2,"bernoulli","fixed",0.000800000000000004,10,"10*eta0",0.00800000000000004,8.00000000000004,"fixed | 10*eta0"
447,-910280.832121987,489.735470249557,1,0,0.00800000000000004,1,123,1000,2,"bernoulli","fixed",0.000800000000000004,10,"10*eta0",0.00800000000000004,8.00000000000004,"fixed | 10*eta0"
448,-862730.071689094,475.347564989639,1,0,0.00800000000000004,1,123,1000,2,"bernoulli","fixed",0.000800000000000004,10,"10*eta0",0.00800000000000004,8.00000000000004,"fixed | 10*eta0"
449,-729750.534569341,462.55591566552,1,0,0.00800000000000004,1,123,1000,2,"bernoulli","fixed",0.000800000000000004,10,"10*eta0",0.00800000000000004,8.00000000000004,"fixed | 10*eta0"
450,-833983.161006399,470.847029678461,1,0,0.00800000000000004,1,123,1000,2,"bernoulli","fixed",0.000800000000000004,10,"10*eta0",0.00800000000000004,8.00000000000004,"fixed | 10*eta0"
451,-897376.062291941,479.434072966731,1,0,0.00800000000000004,1,123,1000,2,"bernoulli","fixed",0.000800000000000004,10,"10*eta0",0.00800000000000004,8.00000000000004,"fixed | 10*eta0"
452,-810133.684789933,468.601139155222,1,0,0.00800000000000004,1,123,1000,2,"bernoulli","fixed",0.000800000000000004,10,"10*eta0",0.00800000000000004,8.00000000000004,"fixed | 10*eta0"
453,-720875.270247852,462.533030489224,1,0,0.00800000000000004,1,123,1000,2,"bernoulli","fixed",0.000800000000000004,10,"10*eta0",0.00800000000000004,8.00000000000004,"fixed | 10*eta0"
454,-906579.649592923,492.584307846728,1,0,0.00800000000000004,1,123,1000,2,"bernoulli","fixed",0.000800000000000004,10,"10*eta0",0.00800000000000004,8.00000000000004,"fixed | 10*eta0"
455,-870346.804321236,474.898982695168,1,0,0.00800000000000004,1,123,1000,2,"bernoulli","fixed",0.000800000000000004,10,"10*eta0",0.00800000000000004,8.00000000000004,"fixed | 10*eta0"
456,-749140.986346077,461.827207422247,1,0,0.00800000000000004,1,123,1000,2,"bernoulli","fixed",0.000800000000000004,10,"10*eta0",0.00800000000000004,8.00000000000004,"fixed | 10*eta0"
457,-804687.562456313,469.060175120911,1,0,0.00800000000000004,1,123,1000,2,"bernoulli","fixed",0.000800000000000004,10,"10*eta0",0.00800000000000004,8.00000000000004,"fixed | 10*eta0"
458,-902379.270403292,480.777344340983,1,0,0.00800000000000004,1,123,1000,2,"bernoulli","fixed",0.000800000000000004,10,"10*eta0",0.00800000000000004,8.00000000000004,"fixed | 10*eta0"
459,-825406.60014103,470.338305076177,1,0,0.00800000000000004,1,123,1000,2,"bernoulli","fixed",0.000800000000000004,10,"10*eta0",0.00800000000000004,8.00000000000004,"fixed | 10*eta0"
460,-713242.375947084,459.516939005244,1,0,0.00800000000000004,1,123,1000,2,"bernoulli","fixed",0.000800000000000004,10,"10*eta0",0.00800000000000004,8.00000000000004,"fixed | 10*eta0"
461,-895063.009012751,489.655653759132,1,0,0.00800000000000004,1,123,1000,2,"bernoulli","fixed",0.000800000000000004,10,"10*eta0",0.00800000000000004,8.00000000000004,"fixed | 10*eta0"
462,-880063.915691102,477.645525653099,1,0,0.00800000000000004,1,123,1000,2,"bernoulli","fixed",0.000800000000000004,10,"10*eta0",0.00800000000000004,8.00000000000004,"fixed | 10*eta0"
463,-763398.862216987,464.557041140315,1,0,0.00800000000000004,1,123,1000,2,"bernoulli","fixed",0.000800000000000004,10,"10*eta0",0.00800000000000004,8.00000000000004,"fixed | 10*eta0"
464,-779384.770395284,467.092978649738,1,0,0.00800000000000004,1,123,1000,2,"bernoulli","fixed",0.000800000000000004,10,"10*eta0",0.00800000000000004,8.00000000000004,"fixed | 10*eta0"
465,-905294.046321717,485.150386800654,1,0,0.00800000000000004,1,123,1000,2,"bernoulli","fixed",0.000800000000000004,10,"10*eta0",0.00800000000000004,8.00000000000004,"fixed | 10*eta0"
466,-843491.296324642,472.546034227739,1,0,0.00800000000000004,1,123,1000,2,"bernoulli","fixed",0.000800000000000004,10,"10*eta0",0.00800000000000004,8.00000000000004,"fixed | 10*eta0"
467,-712219.062729199,461.665880329282,1,0,0.00800000000000004,1,123,1000,2,"bernoulli","fixed",0.000800000000000004,10,"10*eta0",0.00800000000000004,8.00000000000004,"fixed | 10*eta0"
468,-875095.123682974,480.616559095388,1,0,0.00800000000000004,1,123,1000,2,"bernoulli","fixed",0.000800000000000004,10,"10*eta0",0.00800000000000004,8.00000000000004,"fixed | 10*eta0"
469,-886877.848374923,476.539550986272,1,0,0.00800000000000004,1,123,1000,2,"bernoulli","fixed",0.000800000000000004,10,"10*eta0",0.00800000000000004,8.00000000000004,"fixed | 10*eta0"
470,-782663.802656209,465.342988017639,1,0,0.00800000000000004,1,123,1000,2,"bernoulli","fixed",0.000800000000000004,10,"10*eta0",0.00800000000000004,8.00000000000004,"fixed | 10*eta0"
471,-752407.581301389,465.267174918332,1,0,0.00800000000000004,1,123,1000,2,"bernoulli","fixed",0.000800000000000004,10,"10*eta0",0.00800000000000004,8.00000000000004,"fixed | 10*eta0"
472,-909094.117862586,491.248952538486,1,0,0.00800000000000004,1,123,1000,2,"bernoulli","fixed",0.000800000000000004,10,"10*eta0",0.00800000000000004,8.00000000000004,"fixed | 10*eta0"
473,-854793.52756734,473.361187160116,1,0,0.00800000000000004,1,123,1000,2,"bernoulli","fixed",0.000800000000000004,10,"10*eta0",0.00800000000000004,8.00000000000004,"fixed | 10*eta0"
474,-723489.93087315,459.61759658955,1,0,0.00800000000000004,1,123,1000,2,"bernoulli","fixed",0.000800000000000004,10,"10*eta0",0.00800000000000004,8.00000000000004,"fixed | 10*eta0"
475,-849224.571215779,473.160907526882,1,0,0.00800000000000004,1,123,1000,2,"bernoulli","fixed",0.000800000000000004,10,"10*eta0",0.00800000000000004,8.00000000000004,"fixed | 10*eta0"
476,-895216.37063374,478.13120231762,1,0,0.00800000000000004,1,123,1000,2,"bernoulli","fixed",0.000800000000000004,10,"10*eta0",0.00800000000000004,8.00000000000004,"fixed | 10*eta0"
477,-797190.552947933,467.475081254414,1,0,0.00800000000000004,1,123,1000,2,"bernoulli","fixed",0.000800000000000004,10,"10*eta0",0.00800000000000004,8.00000000000004,"fixed | 10*eta0"
478,-731782.761697202,462.258930553629,1,0,0.00800000000000004,1,123,1000,2,"bernoulli","fixed",0.000800000000000004,10,"10*eta0",0.00800000000000004,8.00000000000004,"fixed | 10*eta0"
479,-909917.715257779,490.458622372414,1,0,0.00800000000000004,1,123,1000,2,"bernoulli","fixed",0.000800000000000004,10,"10*eta0",0.00800000000000004,8.00000000000004,"fixed | 10*eta0"
480,-866815.345325293,476.011041768184,1,0,0.00800000000000004,1,123,1000,2,"bernoulli","fixed",0.000800000000000004,10,"10*eta0",0.00800000000000004,8.00000000000004,"fixed | 10*eta0"
481,-736898.261298238,462.957095526356,1,0,0.00800000000000004,1,123,1000,2,"bernoulli","fixed",0.000800000000000004,10,"10*eta0",0.00800000000000004,8.00000000000004,"fixed | 10*eta0"
482,-821902.944521551,470.135629972087,1,0,0.00800000000000004,1,123,1000,2,"bernoulli","fixed",0.000800000000000004,10,"10*eta0",0.00800000000000004,8.00000000000004,"fixed | 10*eta0"
483,-899292.050293026,480.79908395992,1,0,0.00800000000000004,1,123,1000,2,"bernoulli","fixed",0.000800000000000004,10,"10*eta0",0.00800000000000004,8.00000000000004,"fixed | 10*eta0"
484,-817740.854646803,469.520757633497,1,0,0.00800000000000004,1,123,1000,2,"bernoulli","fixed",0.000800000000000004,10,"10*eta0",0.00800000000000004,8.00000000000004,"fixed | 10*eta0"
485,-715807.336174852,462.145827214994,1,0,0.00800000000000004,1,123,1000,2,"bernoulli","fixed",0.000800000000000004,10,"10*eta0",0.00800000000000004,8.00000000000004,"fixed | 10*eta0"
486,-902553.859508758,491.24724093114,1,0,0.00800000000000004,1,123,1000,2,"bernoulli","fixed",0.000800000000000004,10,"10*eta0",0.00800000000000004,8.00000000000004,"fixed | 10*eta0"
487,-873952.136662614,475.187268966437,1,0,0.00800000000000004,1,123,1000,2,"bernoulli","fixed",0.000800000000000004,10,"10*eta0",0.00800000000000004,8.00000000000004,"fixed | 10*eta0"
488,-756447.218767538,462.538585707835,1,0,0.00800000000000004,1,123,1000,2,"bernoulli","fixed",0.000800000000000004,10,"10*eta0",0.00800000000000004,8.00000000000004,"fixed | 10*eta0"
489,-793061.815529993,468.337799618699,1,0,0.00800000000000004,1,123,1000,2,"bernoulli","fixed",0.000800000000000004,10,"10*eta0",0.00800000000000004,8.00000000000004,"fixed | 10*eta0"
490,-903822.289378877,483.440939928293,1,0,0.00800000000000004,1,123,1000,2,"bernoulli","fixed",0.000800000000000004,10,"10*eta0",0.00800000000000004,8.00000000000004,"fixed | 10*eta0"
491,-832549.573916708,471.068281801164,1,0,0.00800000000000004,1,123,1000,2,"bernoulli","fixed",0.000800000000000004,10,"10*eta0",0.00800000000000004,8.00000000000004,"fixed | 10*eta0"
492,-712439.844829932,459.203208531468,1,0,0.00800000000000004,1,123,1000,2,"bernoulli","fixed",0.000800000000000004,10,"10*eta0",0.00800000000000004,8.00000000000004,"fixed | 10*eta0"
493,-887356.329532419,487.648299637687,1,0,0.00800000000000004,1,123,1000,2,"bernoulli","fixed",0.000800000000000004,10,"10*eta0",0.00800000000000004,8.00000000000004,"fixed | 10*eta0"
494,-883512.169917373,477.898088223954,1,0,0.00800000000000004,1,123,1000,2,"bernoulli","fixed",0.000800000000000004,10,"10*eta0",0.00800000000000004,8.00000000000004,"fixed | 10*eta0"
495,-770312.666814912,465.011481959803,1,0,0.00800000000000004,1,123,1000,2,"bernoulli","fixed",0.000800000000000004,10,"10*eta0",0.00800000000000004,8.00000000000004,"fixed | 10*eta0"
496,-768397.668126778,466.128000906577,1,0,0.00800000000000004,1,123,1000,2,"bernoulli","fixed",0.000800000000000004,10,"10*eta0",0.00800000000000004,8.00000000000004,"fixed | 10*eta0"
497,-907055.904046847,486.237290296595,1,0,0.00800000000000004,1,123,1000,2,"bernoulli","fixed",0.000800000000000004,10,"10*eta0",0.00800000000000004,8.00000000000004,"fixed | 10*eta0"
498,-849417.602142878,473.230045506369,1,0,0.00800000000000004,1,123,1000,2,"bernoulli","fixed",0.000800000000000004,10,"10*eta0",0.00800000000000004,8.00000000000004,"fixed | 10*eta0"
499,-715062.260574257,461.783822870676,1,0,0.00800000000000004,1,123,1000,2,"bernoulli","fixed",0.000800000000000004,10,"10*eta0",0.00800000000000004,8.00000000000004,"fixed | 10*eta0"
500,-864982.153548077,476.730511828556,1,0,0.00800000000000004,1,123,1000,2,"bernoulli","fixed",0.000800000000000004,10,"10*eta0",0.00800000000000004,8.00000000000004,"fixed | 10*eta0"
501,-890163.925851353,476.760088172251,1,0,0.00800000000000004,1,123,1000,2,"bernoulli","fixed",0.000800000000000004,10,"10*eta0",0.00800000000000004,8.00000000000004,"fixed | 10*eta0"
502,-789909.662277385,466.178160657849,1,0,0.00800000000000004,1,123,1000,2,"bernoulli","fixed",0.000800000000000004,10,"10*eta0",0.00800000000000004,8.00000000000004,"fixed | 10*eta0"
503,-742398.165483677,464.361912250862,1,0,0.00800000000000004,1,123,1000,2,"bernoulli","fixed",0.000800000000000004,10,"10*eta0",0.00800000000000004,8.00000000000004,"fixed | 10*eta0"
504,-909839.890247132,492.462061728101,1,0,0.00800000000000004,1,123,1000,2,"bernoulli","fixed",0.000800000000000004,10,"10*eta0",0.00800000000000004,8.00000000000004,"fixed | 10*eta0"
505,-859552.576143045,473.856172146381,1,0,0.00800000000000004,1,123,1000,2,"bernoulli","fixed",0.000800000000000004,10,"10*eta0",0.00800000000000004,8.00000000000004,"fixed | 10*eta0"
506,-729677.249826284,460.10061598765,1,0,0.00800000000000004,1,123,1000,2,"bernoulli","fixed",0.000800000000000004,10,"10*eta0",0.00800000000000004,8.00000000000004,"fixed | 10*eta0"
507,-837197.722567068,470.817040955563,1,0,0.00800000000000004,1,123,1000,2,"bernoulli","fixed",0.000800000000000004,10,"10*eta0",0.00800000000000004,8.00000000000004,"fixed | 10*eta0"
508,-897664.519407119,477.992408782786,1,0,0.00800000000000004,1,123,1000,2,"bernoulli","fixed",0.000800000000000004,10,"10*eta0",0.00800000000000004,8.00000000000004,"fixed | 10*eta0"
509,-804899.001252793,468.246426947994,1,0,0.00800000000000004,1,123,1000,2,"bernoulli","fixed",0.000800000000000004,10,"10*eta0",0.00800000000000004,8.00000000000004,"fixed | 10*eta0"
510,-724369.22929041,461.302424946965,1,0,0.00800000000000004,1,123,1000,2,"bernoulli","fixed",0.000800000000000004,10,"10*eta0",0.00800000000000004,8.00000000000004,"fixed | 10*eta0"
511,-908133.993059111,491.323019647824,1,0,0.00800000000000004,1,123,1000,2,"bernoulli","fixed",0.000800000000000004,10,"10*eta0",0.00800000000000004,8.00000000000004,"fixed | 10*eta0"
512,-870591.965605811,476.575517737888,1,0,0.00800000000000004,1,123,1000,2,"bernoulli","fixed",0.000800000000000004,10,"10*eta0",0.00800000000000004,8.00000000000004,"fixed | 10*eta0"
513,-744272.766607446,463.382168264904,1,0,0.00800000000000004,1,123,1000,2,"bernoulli","fixed",0.000800000000000004,10,"10*eta0",0.00800000000000004,8.00000000000004,"fixed | 10*eta0"
514,-809992.229334528,469.381493052124,1,0,0.00800000000000004,1,123,1000,2,"bernoulli","fixed",0.000800000000000004,10,"10*eta0",0.00800000000000004,8.00000000000004,"fixed | 10*eta0"
515,-900925.637937624,481.992096278136,1,0,0.00800000000000004,1,123,1000,2,"bernoulli","fixed",0.000800000000000004,10,"10*eta0",0.00800000000000004,8.00000000000004,"fixed | 10*eta0"
516,-825193.616152772,470.412127437632,1,0,0.00800000000000004,1,123,1000,2,"bernoulli","fixed",0.000800000000000004,10,"10*eta0",0.00800000000000004,8.00000000000004,"fixed | 10*eta0"
517,-712554.397659708,461.868237393169,1,0,0.00800000000000004,1,123,1000,2,"bernoulli","fixed",0.000800000000000004,10,"10*eta0",0.00800000000000004,8.00000000000004,"fixed | 10*eta0"
518,-896903.26208661,489.156868951002,1,0,0.00800000000000004,1,123,1000,2,"bernoulli","fixed",0.000800000000000004,10,"10*eta0",0.00800000000000004,8.00000000000004,"fixed | 10*eta0"
519,-877495.531919909,475.430279901019,1,0,0.00800000000000004,1,123,1000,2,"bernoulli","fixed",0.000800000000000004,10,"10*eta0",0.00800000000000004,8.00000000000004,"fixed | 10*eta0"
520,-763596.829568245,463.266886757305,1,0,0.00800000000000004,1,123,1000,2,"bernoulli","fixed",0.000800000000000004,10,"10*eta0",0.00800000000000004,8.00000000000004,"fixed | 10*eta0"
521,-781693.349604715,467.567793110687,1,0,0.00800000000000004,1,123,1000,2,"bernoulli","fixed",0.000800000000000004,10,"10*eta0",0.00800000000000004,8.00000000000004,"fixed | 10*eta0"
522,-905310.221418594,485.924329635867,1,0,0.00800000000000004,1,123,1000,2,"bernoulli","fixed",0.000800000000000004,10,"10*eta0",0.00800000000000004,8.00000000000004,"fixed | 10*eta0"
523,-839273.062346363,471.755529190899,1,0,0.00800000000000004,1,123,1000,2,"bernoulli","fixed",0.000800000000000004,10,"10*eta0",0.00800000000000004,8.00000000000004,"fixed | 10*eta0"
524,-713316.803711641,459.07684275129,1,0,0.00800000000000004,1,123,1000,2,"bernoulli","fixed",0.000800000000000004,10,"10*eta0",0.00800000000000004,8.00000000000004,"fixed | 10*eta0"
525,-878381.681971279,484.856785481889,1,0,0.00800000000000004,1,123,1000,2,"bernoulli","fixed",0.000800000000000004,10,"10*eta0",0.00800000000000004,8.00000000000004,"fixed | 10*eta0"
526,-886920.815000413,478.075496151009,1,0,0.00800000000000004,1,123,1000,2,"bernoulli","fixed",0.000800000000000004,10,"10*eta0",0.00800000000000004,8.00000000000004,"fixed | 10*eta0"
527,-777325.91067954,465.574029020172,1,0,0.00800000000000004,1,123,1000,2,"bernoulli","fixed",0.000800000000000004,10,"10*eta0",0.00800000000000004,8.00000000000004,"fixed | 10*eta0"
528,-757641.942318916,465.104292318722,1,0,0.00800000000000004,1,123,1000,2,"bernoulli","fixed",0.000800000000000004,10,"10*eta0",0.00800000000000004,8.00000000000004,"fixed | 10*eta0"
529,-908683.164736362,487.642616494317,1,0,0.00800000000000004,1,123,1000,2,"bernoulli","fixed",0.000800000000000004,10,"10*eta0",0.00800000000000004,8.00000000000004,"fixed | 10*eta0"
530,-854809.119297184,474.00164657995,1,0,0.00800000000000004,1,123,1000,2,"bernoulli","fixed",0.000800000000000004,10,"10*eta0",0.00800000000000004,8.00000000000004,"fixed | 10*eta0"
531,-719447.012746703,462.000984591619,1,0,0.00800000000000004,1,123,1000,2,"bernoulli","fixed",0.000800000000000004,10,"10*eta0",0.00800000000000004,8.00000000000004,"fixed | 10*eta0"
532,-853969.339174812,472.096562257695,1,0,0.00800000000000004,1,123,1000,2,"bernoulli","fixed",0.000800000000000004,10,"10*eta0",0.00800000000000004,8.00000000000004,"fixed | 10*eta0"
533,-893179.952738303,476.833959345882,1,0,0.00800000000000004,1,123,1000,2,"bernoulli","fixed",0.000800000000000004,10,"10*eta0",0.00800000000000004,8.00000000000004,"fixed | 10*eta0"
534,-797313.949317707,467.053990477552,1,0,0.00800000000000004,1,123,1000,2,"bernoulli","fixed",0.000800000000000004,10,"10*eta0",0.00800000000000004,8.00000000000004,"fixed | 10*eta0"
535,-733276.829333353,463.470400533195,1,0,0.00800000000000004,1,123,1000,2,"bernoulli","fixed",0.000800000000000004,10,"10*eta0",0.00800000000000004,8.00000000000004,"fixed | 10*eta0"
536,-909731.875748948,493.098741417476,1,0,0.00800000000000004,1,123,1000,2,"bernoulli","fixed",0.000800000000000004,10,"10*eta0",0.00800000000000004,8.00000000000004,"fixed | 10*eta0"
537,-863842.847362029,474.292287056152,1,0,0.00800000000000004,1,123,1000,2,"bernoulli","fixed",0.000800000000000004,10,"10*eta0",0.00800000000000004,8.00000000000004,"fixed | 10*eta0"
538,-736658.175513537,460.690118804629,1,0,0.00800000000000004,1,123,1000,2,"bernoulli","fixed",0.000800000000000004,10,"10*eta0",0.00800000000000004,8.00000000000004,"fixed | 10*eta0"
539,-824994.47520912,470.192077701973,1,0,0.00800000000000004,1,123,1000,2,"bernoulli","fixed",0.000800000000000004,10,"10*eta0",0.00800000000000004,8.00000000000004,"fixed | 10*eta0"
540,-899685.205147651,477.786243842237,1,0,0.00800000000000004,1,123,1000,2,"bernoulli","fixed",0.000800000000000004,10,"10*eta0",0.00800000000000004,8.00000000000004,"fixed | 10*eta0"
541,-812640.901506511,469.032564364384,1,0,0.00800000000000004,1,123,1000,2,"bernoulli","fixed",0.000800000000000004,10,"10*eta0",0.00800000000000004,8.00000000000004,"fixed | 10*eta0"
542,-718667.607677668,460.485410966177,1,0,0.00800000000000004,1,123,1000,2,"bernoulli","fixed",0.000800000000000004,10,"10*eta0",0.00800000000000004,8.00000000000004,"fixed | 10*eta0"
543,-904695.233174408,491.456393242195,1,0,0.00800000000000004,1,123,1000,2,"bernoulli","fixed",0.000800000000000004,10,"10*eta0",0.00800000000000004,8.00000000000004,"fixed | 10*eta0"
544,-874178.71526683,477.045182421981,1,0,0.00800000000000004,1,123,1000,2,"bernoulli","fixed",0.000800000000000004,10,"10*eta0",0.00800000000000004,8.00000000000004,"fixed | 10*eta0"
545,-751547.211266974,463.81504149262,1,0,0.00800000000000004,1,123,1000,2,"bernoulli","fixed",0.000800000000000004,10,"10*eta0",0.00800000000000004,8.00000000000004,"fixed | 10*eta0"
546,-798388.726196444,468.579612800819,1,0,0.00800000000000004,1,123,1000,2,"bernoulli","fixed",0.000800000000000004,10,"10*eta0",0.00800000000000004,8.00000000000004,"fixed | 10*eta0"
547,-902475.240288801,483.153061549609,1,0,0.00800000000000004,1,123,1000,2,"bernoulli","fixed",0.000800000000000004,10,"10*eta0",0.00800000000000004,8.00000000000004,"fixed | 10*eta0"
548,-832348.938617283,471.254803342081,1,0,0.00800000000000004,1,123,1000,2,"bernoulli","fixed",0.000800000000000004,10,"10*eta0",0.00800000000000004,8.00000000000004,"fixed | 10*eta0"
549,-711047.509325189,461.702580261169,1,0,0.00800000000000004,1,123,1000,2,"bernoulli","fixed",0.000800000000000004,10,"10*eta0",0.00800000000000004,8.00000000000004,"fixed | 10*eta0"
550,-889811.35203281,486.370733727697,1,0,0.00800000000000004,1,123,1000,2,"bernoulli","fixed",0.000800000000000004,10,"10*eta0",0.00800000000000004,8.00000000000004,"fixed | 10*eta0"
551,-881018.781570415,475.860922577665,1,0,0.00800000000000004,1,123,1000,2,"bernoulli","fixed",0.000800000000000004,10,"10*eta0",0.00800000000000004,8.00000000000004,"fixed | 10*eta0"
552,-770660.601808438,464.014801809635,1,0,0.00800000000000004,1,123,1000,2,"bernoulli","fixed",0.000800000000000004,10,"10*eta0",0.00800000000000004,8.00000000000004,"fixed | 10*eta0"
553,-770548.452049787,466.748053678863,1,0,0.00800000000000004,1,123,1000,2,"bernoulli","fixed",0.000800000000000004,10,"10*eta0",0.00800000000000004,8.00000000000004,"fixed | 10*eta0"
554,-906833.743751336,488.18205613893,1,0,0.00800000000000004,1,123,1000,2,"bernoulli","fixed",0.000800000000000004,10,"10*eta0",0.00800000000000004,8.00000000000004,"fixed | 10*eta0"
555,-845504.9372652,472.395935689749,1,0,0.00800000000000004,1,123,1000,2,"bernoulli","fixed",0.000800000000000004,10,"10*eta0",0.00800000000000004,8.00000000000004,"fixed | 10*eta0"
556,-715822.910111363,459.133009911595,1,0,0.00800000000000004,1,123,1000,2,"bernoulli","fixed",0.000800000000000004,10,"10*eta0",0.00800000000000004,8.00000000000004,"fixed | 10*eta0"
557,-868292.414012705,481.250608903972,1,0,0.00800000000000004,1,123,1000,2,"bernoulli","fixed",0.000800000000000004,10,"10*eta0",0.00800000000000004,8.00000000000004,"fixed | 10*eta0"
558,-890215.73040142,478.171215979655,1,0,0.00800000000000004,1,123,1000,2,"bernoulli","fixed",0.000800000000000004,10,"10*eta0",0.00800000000000004,8.00000000000004,"fixed | 10*eta0"
559,-784526.01711165,466.246211679856,1,0,0.00800000000000004,1,123,1000,2,"bernoulli","fixed",0.000800000000000004,10,"10*eta0",0.00800000000000004,8.00000000000004,"fixed | 10*eta0"
560,-747318.324373181,464.040877581666,1,0,0.00800000000000004,1,123,1000,2,"bernoulli","fixed",0.000800000000000004,10,"10*eta0",0.00800000000000004,8.00000000000004,"fixed | 10*eta0"
561,-909886.995205872,488.916631995669,1,0,0.00800000000000004,1,123,1000,2,"bernoulli","fixed",0.000800000000000004,10,"10*eta0",0.00800000000000004,8.00000000000004,"fixed | 10*eta0"
562,-859664.972308938,474.831013856727,1,0,0.00800000000000004,1,123,1000,2,"bernoulli","fixed",0.000800000000000004,10,"10*eta0",0.00800000000000004,8.00000000000004,"fixed | 10*eta0"
563,-725181.374343736,462.305394467684,1,0,0.00800000000000004,1,123,1000,2,"bernoulli","fixed",0.000800000000000004,10,"10*eta0",0.00800000000000004,8.00000000000004,"fixed | 10*eta0"
564,-842283.677876012,471.314328557261,1,0,0.00800000000000004,1,123,1000,2,"bernoulli","fixed",0.000800000000000004,10,"10*eta0",0.00800000000000004,8.00000000000004,"fixed | 10*eta0"
565,-895813.253115618,478.306330301642,1,0,0.00800000000000004,1,123,1000,2,"bernoulli","fixed",0.000800000000000004,10,"10*eta0",0.00800000000000004,8.00000000000004,"fixed | 10*eta0"
566,-804865.460521205,467.962938448373,1,0,0.00800000000000004,1,123,1000,2,"bernoulli","fixed",0.000800000000000004,10,"10*eta0",0.00800000000000004,8.00000000000004,"fixed | 10*eta0"
567,-725405.084672943,462.856878392267,1,0,0.00800000000000004,1,123,1000,2,"bernoulli","fixed",0.000800000000000004,10,"10*eta0",0.00800000000000004,8.00000000000004,"fixed | 10*eta0"
568,-908391.600587819,493.054120015083,1,0,0.00800000000000004,1,123,1000,2,"bernoulli","fixed",0.000800000000000004,10,"10*eta0",0.00800000000000004,8.00000000000004,"fixed | 10*eta0"
569,-867774.104698451,474.670209380956,1,0,0.00800000000000004,1,123,1000,2,"bernoulli","fixed",0.000800000000000004,10,"10*eta0",0.00800000000000004,8.00000000000004,"fixed | 10*eta0"
570,-744019.620431933,461.348736057515,1,0,0.00800000000000004,1,123,1000,2,"bernoulli","fixed",0.000800000000000004,10,"10*eta0",0.00800000000000004,8.00000000000004,"fixed | 10*eta0"
571,-812894.613727118,469.534961371824,1,0,0.00800000000000004,1,123,1000,2,"bernoulli","fixed",0.000800000000000004,10,"10*eta0",0.00800000000000004,8.00000000000004,"fixed | 10*eta0"
572,-901351.681175432,478.818984679703,1,0,0.00800000000000004,1,123,1000,2,"bernoulli","fixed",0.000800000000000004,10,"10*eta0",0.00800000000000004,8.00000000000004,"fixed | 10*eta0"
573,-820272.369216342,469.812883131822,1,0,0.00800000000000004,1,123,1000,2,"bernoulli","fixed",0.000800000000000004,10,"10*eta0",0.00800000000000004,8.00000000000004,"fixed | 10*eta0"
574,-714822.297200736,459.846107132596,1,0,0.00800000000000004,1,123,1000,2,"bernoulli","fixed",0.000800000000000004,10,"10*eta0",0.00800000000000004,8.00000000000004,"fixed | 10*eta0"
575,-899552.453483448,490.682650802116,1,0,0.00800000000000004,1,123,1000,2,"bernoulli","fixed",0.000800000000000004,10,"10*eta0",0.00800000000000004,8.00000000000004,"fixed | 10*eta0"
576,-877671.818846885,477.427635121688,1,0,0.00800000000000004,1,123,1000,2,"bernoulli","fixed",0.000800000000000004,10,"10*eta0",0.00800000000000004,8.00000000000004,"fixed | 10*eta0"
577,-758609.156818963,464.251349962839,1,0,0.00800000000000004,1,123,1000,2,"bernoulli","fixed",0.000800000000000004,10,"10*eta0",0.00800000000000004,8.00000000000004,"fixed | 10*eta0"
578,-787076.141342565,467.721992061189,1,0,0.00800000000000004,1,123,1000,2,"bernoulli","fixed",0.000800000000000004,10,"10*eta0",0.00800000000000004,8.00000000000004,"fixed | 10*eta0"
579,-904101.240666664,484.338150655256,1,0,0.00800000000000004,1,123,1000,2,"bernoulli","fixed",0.000800000000000004,10,"10*eta0",0.00800000000000004,8.00000000000004,"fixed | 10*eta0"
580,-839099.716028094,472.039041606001,1,0,0.00800000000000004,1,123,1000,2,"bernoulli","fixed",0.000800000000000004,10,"10*eta0",0.00800000000000004,8.00000000000004,"fixed | 10*eta0"
581,-711186.488072048,461.644695941637,1,0,0.00800000000000004,1,123,1000,2,"bernoulli","fixed",0.000800000000000004,10,"10*eta0",0.00800000000000004,8.00000000000004,"fixed | 10*eta0"
582,-881488.678334433,482.929152189755,1,0,0.00800000000000004,1,123,1000,2,"bernoulli","fixed",0.000800000000000004,10,"10*eta0",0.00800000000000004,8.00000000000004,"fixed | 10*eta0"
583,-884511.486833534,476.306347679952,1,0,0.00800000000000004,1,123,1000,2,"bernoulli","fixed",0.000800000000000004,10,"10*eta0",0.00800000000000004,8.00000000000004,"fixed | 10*eta0"
584,-777732.637016319,464.788848265907,1,0,0.00800000000000004,1,123,1000,2,"bernoulli","fixed",0.000800000000000004,10,"10*eta0",0.00800000000000004,8.00000000000004,"fixed | 10*eta0"
585,-759679.958267483,465.883854714098,1,0,0.00800000000000004,1,123,1000,2,"bernoulli","fixed",0.000800000000000004,10,"10*eta0",0.00800000000000004,8.00000000000004,"fixed | 10*eta0"
586,-908266.599257843,490.130833480954,1,0,0.00800000000000004,1,123,1000,2,"bernoulli","fixed",0.000800000000000004,10,"10*eta0",0.00800000000000004,8.00000000000004,"fixed | 10*eta0"
587,-851192.155832908,472.985604959227,1,0,0.00800000000000004,1,123,1000,2,"bernoulli","fixed",0.000800000000000004,10,"10*eta0",0.00800000000000004,8.00000000000004,"fixed | 10*eta0"
588,-719876.768865245,459.36408130941,1,0,0.00800000000000004,1,123,1000,2,"bernoulli","fixed",0.000800000000000004,10,"10*eta0",0.00800000000000004,8.00000000000004,"fixed | 10*eta0"
589,-857265.805185533,476.776472949854,1,0,0.00800000000000004,1,123,1000,2,"bernoulli","fixed",0.000800000000000004,10,"10*eta0",0.00800000000000004,8.00000000000004,"fixed | 10*eta0"
590,-893286.584822956,478.17852465208,1,0,0.00800000000000004,1,123,1000,2,"bernoulli","fixed",0.000800000000000004,10,"10*eta0",0.00800000000000004,8.00000000000004,"fixed | 10*eta0"
591,-791945.642485608,466.959544512524,1,0,0.00800000000000004,1,123,1000,2,"bernoulli","fixed",0.000800000000000004,10,"10*eta0",0.00800000000000004,8.00000000000004,"fixed | 10*eta0"
592,-737749.739102806,462.973181581415,1,0,0.00800000000000004,1,123,1000,2,"bernoulli","fixed",0.000800000000000004,10,"10*eta0",0.00800000000000004,8.00000000000004,"fixed | 10*eta0"
593,-910300.255545755,490.021331314438,1,0,0.00800000000000004,1,123,1000,2,"bernoulli","fixed",0.000800000000000004,10,"10*eta0",0.00800000000000004,8.00000000000004,"fixed | 10*eta0"
594,-864033.044442413,475.563288682487,1,0,0.00800000000000004,1,123,1000,2,"bernoulli","fixed",0.000800000000000004,10,"10*eta0",0.00800000000000004,8.00000000000004,"fixed | 10*eta0"
595,-731909.149997238,462.675974240597,1,0,0.00800000000000004,1,123,1000,2,"bernoulli","fixed",0.000800000000000004,10,"10*eta0",0.00800000000000004,8.00000000000004,"fixed | 10*eta0"
596,-830246.399635611,470.631589082675,1,0,0.00800000000000004,1,123,1000,2,"bernoulli","fixed",0.000800000000000004,10,"10*eta0",0.00800000000000004,8.00000000000004,"fixed | 10*eta0"
597,-898008.497000725,479.884257076056,1,0,0.00800000000000004,1,123,1000,2,"bernoulli","fixed",0.000800000000000004,10,"10*eta0",0.00800000000000004,8.00000000000004,"fixed | 10*eta0"
598,-812492.076660449,468.886832657291,1,0,0.00800000000000004,1,123,1000,2,"bernoulli","fixed",0.000800000000000004,10,"10*eta0",0.00800000000000004,8.00000000000004,"fixed | 10*eta0"
599,-719116.059978132,462.402312269811,1,0,0.00800000000000004,1,123,1000,2,"bernoulli","fixed",0.000800000000000004,10,"10*eta0",0.00800000000000004,8.00000000000004,"fixed | 10*eta0"
600,-905514.446776154,492.253944833479,1,0,0.00800000000000004,1,123,1000,2,"bernoulli","fixed",0.000800000000000004,10,"10*eta0",0.00800000000000004,8.00000000000004,"fixed | 10*eta0"
601,-871472.280281072,474.993274901754,1,0,0.00800000000000004,1,123,1000,2,"bernoulli","fixed",0.000800000000000004,10,"10*eta0",0.00800000000000004,8.00000000000004,"fixed | 10*eta0"
602,-751416.290910311,462.045103061724,1,0,0.00800000000000004,1,123,1000,2,"bernoulli","fixed",0.000800000000000004,10,"10*eta0",0.00800000000000004,8.00000000000004,"fixed | 10*eta0"
603,-801063.434010445,468.841632154799,1,0,0.00800000000000004,1,123,1000,2,"bernoulli","fixed",0.000800000000000004,10,"10*eta0",0.00800000000000004,8.00000000000004,"fixed | 10*eta0"
604,-902825.300314809,481.619947871445,1,0,0.00800000000000004,1,123,1000,2,"bernoulli","fixed",0.000800000000000004,10,"10*eta0",0.00800000000000004,8.00000000000004,"fixed | 10*eta0"
605,-827654.100071806,470.568122718064,1,0,0.00800000000000004,1,123,1000,2,"bernoulli","fixed",0.000800000000000004,10,"10*eta0",0.00800000000000004,8.00000000000004,"fixed | 10*eta0"
606,-712810.656814056,459.39962208788,1,0,0.00800000000000004,1,123,1000,2,"bernoulli","fixed",0.000800000000000004,10,"10*eta0",0.00800000000000004,8.00000000000004,"fixed | 10*eta0"
607,-892826.775423991,489.119198009328,1,0,0.00800000000000004,1,123,1000,2,"bernoulli","fixed",0.000800000000000004,10,"10*eta0",0.00800000000000004,8.00000000000004,"fixed | 10*eta0"
608,-881131.496111883,477.731429115705,1,0,0.00800000000000004,1,123,1000,2,"bernoulli","fixed",0.000800000000000004,10,"10*eta0",0.00800000000000004,8.00000000000004,"fixed | 10*eta0"
609,-765532.564534918,464.695692453203,1,0,0.00800000000000004,1,123,1000,2,"bernoulli","fixed",0.000800000000000004,10,"10*eta0",0.00800000000000004,8.00000000000004,"fixed | 10*eta0"
610,-775970.540825664,466.801570634952,1,0,0.00800000000000004,1,123,1000,2,"bernoulli","fixed",0.000800000000000004,10,"10*eta0",0.00800000000000004,8.00000000000004,"fixed | 10*eta0"
611,-905839.466637847,485.501888194444,1,0,0.00800000000000004,1,123,1000,2,"bernoulli","fixed",0.000800000000000004,10,"10*eta0",0.00800000000000004,8.00000000000004,"fixed | 10*eta0"
612,-845378.530253517,472.763722708423,1,0,0.00800000000000004,1,123,1000,2,"bernoulli","fixed",0.000800000000000004,10,"10*eta0",0.00800000000000004,8.00000000000004,"fixed | 10*eta0"
613,-712928.057187231,461.691382783396,1,0,0.00800000000000004,1,123,1000,2,"bernoulli","fixed",0.000800000000000004,10,"10*eta0",0.00800000000000004,8.00000000000004,"fixed | 10*eta0"
614,-872074.682120578,479.493273221167,1,0,0.00800000000000004,1,123,1000,2,"bernoulli","fixed",0.000800000000000004,10,"10*eta0",0.00800000000000004,8.00000000000004,"fixed | 10*eta0"
615,-887914.933093492,476.622924671875,1,0,0.00800000000000004,1,123,1000,2,"bernoulli","fixed",0.000800000000000004,10,"10*eta0",0.00800000000000004,8.00000000000004,"fixed | 10*eta0"
616,-784887.793394639,465.596746756493,1,0,0.00800000000000004,1,123,1000,2,"bernoulli","fixed",0.000800000000000004,10,"10*eta0",0.00800000000000004,8.00000000000004,"fixed | 10*eta0"
617,-749239.109705364,464.988061345905,1,0,0.00800000000000004,1,123,1000,2,"bernoulli","fixed",0.000800000000000004,10,"10*eta0",0.00800000000000004,8.00000000000004,"fixed | 10*eta0"
618,-909393.361045211,491.678777430221,1,0,0.00800000000000004,1,123,1000,2,"bernoulli","fixed",0.000800000000000004,10,"10*eta0",0.00800000000000004,8.00000000000004,"fixed | 10*eta0"
619,-856319.661594142,473.520395404464,1,0,0.00800000000000004,1,123,1000,2,"bernoulli","fixed",0.000800000000000004,10,"10*eta0",0.00800000000000004,8.00000000000004,"fixed | 10*eta0"
620,-725293.465557737,459.753330493943,1,0,0.00800000000000004,1,123,1000,2,"bernoulli","fixed",0.000800000000000004,10,"10*eta0",0.00800000000000004,8.00000000000004,"fixed | 10*eta0"
621,-845545.372591212,471.405720667366,1,0,0.00800000000000004,1,123,1000,2,"bernoulli","fixed",0.000800000000000004,10,"10*eta0",0.00800000000000004,8.00000000000004,"fixed | 10*eta0"
622,-896018.692310496,478.096734105502,1,0,0.00800000000000004,1,123,1000,2,"bernoulli","fixed",0.000800000000000004,10,"10*eta0",0.00800000000000004,8.00000000000004,"fixed | 10*eta0"
623,-799561.656530321,467.710792566471,1,0,0.00800000000000004,1,123,1000,2,"bernoulli","fixed",0.000800000000000004,10,"10*eta0",0.00800000000000004,8.00000000000004,"fixed | 10*eta0"
624,-729324.578468822,461.951499528149,1,0,0.00800000000000004,1,123,1000,2,"bernoulli","fixed",0.000800000000000004,10,"10*eta0",0.00800000000000004,8.00000000000004,"fixed | 10*eta0"
625,-909532.226959165,490.692826952356,1,0,0.00800000000000004,1,123,1000,2,"bernoulli","fixed",0.000800000000000004,10,"10*eta0",0.00800000000000004,8.00000000000004,"fixed | 10*eta0"
626,-868009.755546897,476.19595289671,1,0,0.00800000000000004,1,123,1000,2,"bernoulli","fixed",0.000800000000000004,10,"10*eta0",0.00800000000000004,8.00000000000004,"fixed | 10*eta0"
627,-739172.170106114,463.086890497541,1,0,0.00800000000000004,1,123,1000,2,"bernoulli","fixed",0.000800000000000004,10,"10*eta0",0.00800000000000004,8.00000000000004,"fixed | 10*eta0"
628,-818193.872278323,469.907266846981,1,0,0.00800000000000004,1,123,1000,2,"bernoulli","fixed",0.000800000000000004,10,"10*eta0",0.00800000000000004,8.00000000000004,"fixed | 10*eta0"
629,-899818.312956007,481.178600529828,1,0,0.00800000000000004,1,123,1000,2,"bernoulli","fixed",0.000800000000000004,10,"10*eta0",0.00800000000000004,8.00000000000004,"fixed | 10*eta0"
630,-820067.850439252,469.800399086122,1,0,0.00800000000000004,1,123,1000,2,"bernoulli","fixed",0.000800000000000004,10,"10*eta0",0.00800000000000004,8.00000000000004,"fixed | 10*eta0"
631,-714609.381107947,462.047996351185,1,0,0.00800000000000004,1,123,1000,2,"bernoulli","fixed",0.000800000000000004,10,"10*eta0",0.00800000000000004,8.00000000000004,"fixed | 10*eta0"
632,-900974.513532878,490.679208987115,1,0,0.00800000000000004,1,123,1000,2,"bernoulli","fixed",0.000800000000000004,10,"10*eta0",0.00800000000000004,8.00000000000004,"fixed | 10*eta0"
633,-875050.916319035,475.266945764864,1,0,0.00800000000000004,1,123,1000,2,"bernoulli","fixed",0.000800000000000004,10,"10*eta0",0.00800000000000004,8.00000000000004,"fixed | 10*eta0"
634,-758671.725116921,462.761872967905,1,0,0.00800000000000004,1,123,1000,2,"bernoulli","fixed",0.000800000000000004,10,"10*eta0",0.00800000000000004,8.00000000000004,"fixed | 10*eta0"
635,-789523.464367618,468.10513307141,1,0,0.00800000000000004,1,123,1000,2,"bernoulli","fixed",0.000800000000000004,10,"10*eta0",0.00800000000000004,8.00000000000004,"fixed | 10*eta0"
636,-904275.173330296,484.228594500956,1,0,0.00800000000000004,1,123,1000,2,"bernoulli","fixed",0.000800000000000004,10,"10*eta0",0.00800000000000004,8.00000000000004,"fixed | 10*eta0"
637,-834675.988147595,471.285473663216,1,0,0.00800000000000004,1,123,1000,2,"bernoulli","fixed",0.000800000000000004,10,"10*eta0",0.00800000000000004,8.00000000000004,"fixed | 10*eta0"
638,-712534.29497946,459.14439213117,1,0,0.00800000000000004,1,123,1000,2,"bernoulli","fixed",0.000800000000000004,10,"10*eta0",0.00800000000000004,8.00000000000004,"fixed | 10*eta0"
639,-884710.539309573,486.869765963878,1,0,0.00800000000000004,1,123,1000,2,"bernoulli","fixed",0.000800000000000004,10,"10*eta0",0.00800000000000004,8.00000000000004,"fixed | 10*eta0"
640,-884572.384466251,477.96116689571,1,0,0.00800000000000004,1,123,1000,2,"bernoulli","fixed",0.000800000000000004,10,"10*eta0",0.00800000000000004,8.00000000000004,"fixed | 10*eta0"
641,-772464.432124173,465.15582802674,1,0,0.00800000000000004,1,123,1000,2,"bernoulli","fixed",0.000800000000000004,10,"10*eta0",0.00800000000000004,8.00000000000004,"fixed | 10*eta0"
642,-765042.1800887,465.817291496612,1,0,0.00800000000000004,1,123,1000,2,"bernoulli","fixed",0.000800000000000004,10,"10*eta0",0.00800000000000004,8.00000000000004,"fixed | 10*eta0"
643,-907584.815543939,486.635404414658,1,0,0.00800000000000004,1,123,1000,2,"bernoulli","fixed",0.000800000000000004,10,"10*eta0",0.00800000000000004,8.00000000000004,"fixed | 10*eta0"
644,-851141.868403154,473.429417052367,1,0,0.00800000000000004,1,123,1000,2,"bernoulli","fixed",0.000800000000000004,10,"10*eta0",0.00800000000000004,8.00000000000004,"fixed | 10*eta0"
645,-716258.476852631,461.840715561094,1,0,0.00800000000000004,1,123,1000,2,"bernoulli","fixed",0.000800000000000004,10,"10*eta0",0.00800000000000004,8.00000000000004,"fixed | 10*eta0"
646,-861666.261024197,475.379051027587,1,0,0.00800000000000004,1,123,1000,2,"bernoulli","fixed",0.000800000000000004,10,"10*eta0",0.00800000000000004,8.00000000000004,"fixed | 10*eta0"
647,-891130.64705794,476.79878953748,1,0,0.00800000000000004,1,123,1000,2,"bernoulli","fixed",0.000800000000000004,10,"10*eta0",0.00800000000000004,8.00000000000004,"fixed | 10*eta0"
648,-792180.560779939,466.444642127551,1,0,0.00800000000000004,1,123,1000,2,"bernoulli","fixed",0.000800000000000004,10,"10*eta0",0.00800000000000004,8.00000000000004,"fixed | 10*eta0"
649,-739467.994844275,464.083091012407,1,0,0.00800000000000004,1,123,1000,2,"bernoulli","fixed",0.000800000000000004,10,"10*eta0",0.00800000000000004,8.00000000000004,"fixed | 10*eta0"
650,-909915.508445523,492.725548842643,1,0,0.00800000000000004,1,123,1000,2,"bernoulli","fixed",0.000800000000000004,10,"10*eta0",0.00800000000000004,8.00000000000004,"fixed | 10*eta0"
651,-860924.083004475,473.997265324502,1,0,0.00800000000000004,1,123,1000,2,"bernoulli","fixed",0.000800000000000004,10,"10*eta0",0.00800000000000004,8.00000000000004,"fixed | 10*eta0"
652,-731769.332598437,460.273187724113,1,0,0.00800000000000004,1,123,1000,2,"bernoulli","fixed",0.000800000000000004,10,"10*eta0",0.00800000000000004,8.00000000000004,"fixed | 10*eta0"
653,-833430.487015351,470.627226794739,1,0,0.00800000000000004,1,123,1000,2,"bernoulli","fixed",0.000800000000000004,10,"10*eta0",0.00800000000000004,8.00000000000004,"fixed | 10*eta0"
654,-898333.427402029,477.934793969143,1,0,0.00800000000000004,1,123,1000,2,"bernoulli","fixed",0.000800000000000004,10,"10*eta0",0.00800000000000004,8.00000000000004,"fixed | 10*eta0"
655,-807294.584654149,468.48873261329,1,0,0.00800000000000004,1,123,1000,2,"bernoulli","fixed",0.000800000000000004,10,"10*eta0",0.00800000000000004,8.00000000000004,"fixed | 10*eta0"
656,-722413.897563441,461.032812577117,1,0,0.00800000000000004,1,123,1000,2,"bernoulli","fixed",0.000800000000000004,10,"10*eta0",0.00800000000000004,8.00000000000004,"fixed | 10*eta0"
657,-907254.107658318,491.462755951782,1,0,0.00800000000000004,1,123,1000,2,"bernoulli","fixed",0.000800000000000004,10,"10*eta0",0.00800000000000004,8.00000000000004,"fixed | 10*eta0"
658,-871715.694287515,476.730501212412,1,0,0.00800000000000004,1,123,1000,2,"bernoulli","fixed",0.000800000000000004,10,"10*eta0",0.00800000000000004,8.00000000000004,"fixed | 10*eta0"
659,-746541.455985755,463.515554032971,1,0,0.00800000000000004,1,123,1000,2,"bernoulli","fixed",0.000800000000000004,10,"10*eta0",0.00800000000000004,8.00000000000004,"fixed | 10*eta0"
660,-806371.358794043,469.139095781729,1,0,0.00800000000000004,1,123,1000,2,"bernoulli","fixed",0.000800000000000004,10,"10*eta0",0.00800000000000004,8.00000000000004,"fixed | 10*eta0"
661,-901404.289904329,482.349627465265,1,0,0.00800000000000004,1,123,1000,2,"bernoulli","fixed",0.000800000000000004,10,"10*eta0",0.00800000000000004,8.00000000000004,"fixed | 10*eta0"
662,-827442.705335592,470.678446830989,1,0,0.00800000000000004,1,123,1000,2,"bernoulli","fixed",0.000800000000000004,10,"10*eta0",0.00800000000000004,8.00000000000004,"fixed | 10*eta0"
663,-711907.458590505,461.805239285136,1,0,0.00800000000000004,1,123,1000,2,"bernoulli","fixed",0.000800000000000004,10,"10*eta0",0.00800000000000004,8.00000000000004,"fixed | 10*eta0"
664,-894854.689797361,488.367330046337,1,0,0.00800000000000004,1,123,1000,2,"bernoulli","fixed",0.000800000000000004,10,"10*eta0",0.00800000000000004,8.00000000000004,"fixed | 10*eta0"
665,-878586.068401614,475.497017796115,1,0,0.00800000000000004,1,123,1000,2,"bernoulli","fixed",0.000800000000000004,10,"10*eta0",0.00800000000000004,8.00000000000004,"fixed | 10*eta0"
666,-765784.559592269,463.495683289021,1,0,0.00800000000000004,1,123,1000,2,"bernoulli","fixed",0.000800000000000004,10,"10*eta0",0.00800000000000004,8.00000000000004,"fixed | 10*eta0"
667,-778224.552421317,467.319654404605,1,0,0.00800000000000004,1,123,1000,2,"bernoulli","fixed",0.000800000000000004,10,"10*eta0",0.00800000000000004,8.00000000000004,"fixed | 10*eta0"
668,-905781.179197901,486.649746038073,1,0,0.00800000000000004,1,123,1000,2,"bernoulli","fixed",0.000800000000000004,10,"10*eta0",0.00800000000000004,8.00000000000004,"fixed | 10*eta0"
669,-841254.593301136,471.958625479532,1,0,0.00800000000000004,1,123,1000,2,"bernoulli","fixed",0.000800000000000004,10,"10*eta0",0.00800000000000004,8.00000000000004,"fixed | 10*eta0"
670,-713919.727322317,459.074944417787,1,0,0.00800000000000004,1,123,1000,2,"bernoulli","fixed",0.000800000000000004,10,"10*eta0",0.00800000000000004,8.00000000000004,"fixed | 10*eta0"
671,-875375.267166894,483.83169589842,1,0,0.00800000000000004,1,123,1000,2,"bernoulli","fixed",0.000800000000000004,10,"10*eta0",0.00800000000000004,8.00000000000004,"fixed | 10*eta0"
672,-887955.971884875,478.114177653221,1,0,0.00800000000000004,1,123,1000,2,"bernoulli","fixed",0.000800000000000004,10,"10*eta0",0.00800000000000004,8.00000000000004,"fixed | 10*eta0"
673,-779528.674854255,465.777504205282,1,0,0.00800000000000004,1,123,1000,2,"bernoulli","fixed",0.000800000000000004,10,"10*eta0",0.00800000000000004,8.00000000000004,"fixed | 10*eta0"
674,-754392.105775943,464.778552406696,1,0,0.00800000000000004,1,123,1000,2,"bernoulli","fixed",0.000800000000000004,10,"10*eta0",0.00800000000000004,8.00000000000004,"fixed | 10*eta0"
675,-909116.323090003,488.04662694824,1,0,0.00800000000000004,1,123,1000,2,"bernoulli","fixed",0.000800000000000004,10,"10*eta0",0.00800000000000004,8.00000000000004,"fixed | 10*eta0"
676,-856365.932108213,474.268038292565,1,0,0.00800000000000004,1,123,1000,2,"bernoulli","fixed",0.000800000000000004,10,"10*eta0",0.00800000000000004,8.00000000000004,"fixed | 10*eta0"
677,-721088.77040584,462.086571337798,1,0,0.00800000000000004,1,123,1000,2,"bernoulli","fixed",0.000800000000000004,10,"10*eta0",0.00800000000000004,8.00000000000004,"fixed | 10*eta0"
678,-850415.944300288,471.761544561058,1,0,0.00800000000000004,1,123,1000,2,"bernoulli","fixed",0.000800000000000004,10,"10*eta0",0.00800000000000004,8.00000000000004,"fixed | 10*eta0"
679,-894038.94497325,476.979050174583,1,0,0.00800000000000004,1,123,1000,2,"bernoulli","fixed",0.000800000000000004,10,"10*eta0",0.00800000000000004,8.00000000000004,"fixed | 10*eta0"
680,-799634.269436825,467.332030426746,1,0,0.00800000000000004,1,123,1000,2,"bernoulli","fixed",0.000800000000000004,10,"10*eta0",0.00800000000000004,8.00000000000004,"fixed | 10*eta0"
681,-730693.413200513,463.216702385435,1,0,0.00800000000000004,1,123,1000,2,"bernoulli","fixed",0.000800000000000004,10,"10*eta0",0.00800000000000004,8.00000000000004,"fixed | 10*eta0"
682,-909465.949165321,493.162031947938,1,0,0.00800000000000004,1,123,1000,2,"bernoulli","fixed",0.000800000000000004,10,"10*eta0",0.00800000000000004,8.00000000000004,"fixed | 10*eta0"
683,-865090.400466288,474.415200240574,1,0,0.00800000000000004,1,123,1000,2,"bernoulli","fixed",0.000800000000000004,10,"10*eta0",0.00800000000000004,8.00000000000004,"fixed | 10*eta0"
684,-738911.287154358,460.887970871989,1,0,0.00800000000000004,1,123,1000,2,"bernoulli","fixed",0.000800000000000004,10,"10*eta0",0.00800000000000004,8.00000000000004,"fixed | 10*eta0"
685,-821233.192685379,469.992531186721,1,0,0.00800000000000004,1,123,1000,2,"bernoulli","fixed",0.000800000000000004,10,"10*eta0",0.00800000000000004,8.00000000000004,"fixed | 10*eta0"
686,-900231.807890565,477.712925510684,1,0,0.00800000000000004,1,123,1000,2,"bernoulli","fixed",0.000800000000000004,10,"10*eta0",0.00800000000000004,8.00000000000004,"fixed | 10*eta0"
687,-815018.223808585,469.275339412664,1,0,0.00800000000000004,1,123,1000,2,"bernoulli","fixed",0.000800000000000004,10,"10*eta0",0.00800000000000004,8.00000000000004,"fixed | 10*eta0"
688,-717279.208688357,460.267691333488,1,0,0.00800000000000004,1,123,1000,2,"bernoulli","fixed",0.000800000000000004,10,"10*eta0",0.00800000000000004,8.00000000000004,"fixed | 10*eta0"
689,-903284.770771758,491.312342548375,1,0,0.00800000000000004,1,123,1000,2,"bernoulli","fixed",0.000800000000000004,10,"10*eta0",0.00800000000000004,8.00000000000004,"fixed | 10*eta0"
690,-875264.711149095,477.172279303606,1,0,0.00800000000000004,1,123,1000,2,"bernoulli","fixed",0.000800000000000004,10,"10*eta0",0.00800000000000004,8.00000000000004,"fixed | 10*eta0"
691,-753751.868792688,463.949434295967,1,0,0.00800000000000004,1,123,1000,2,"bernoulli","fixed",0.000800000000000004,10,"10*eta0",0.00800000000000004,8.00000000000004,"fixed | 10*eta0"
692,-794865.054273609,468.32089735755,1,0,0.00800000000000004,1,123,1000,2,"bernoulli","fixed",0.000800000000000004,10,"10*eta0",0.00800000000000004,8.00000000000004,"fixed | 10*eta0"
693,-902965.049533443,483.517053797132,1,0,0.00800000000000004,1,123,1000,2,"bernoulli","fixed",0.000800000000000004,10,"10*eta0",0.00800000000000004,8.00000000000004,"fixed | 10*eta0"
694,-834482.36819716,471.50358984538,1,0,0.00800000000000004,1,123,1000,2,"bernoulli","fixed",0.000800000000000004,10,"10*eta0",0.00800000000000004,8.00000000000004,"fixed | 10*eta0"
695,-710918.143746447,461.673389806329,1,0,0.00800000000000004,1,123,1000,2,"bernoulli","fixed",0.000800000000000004,10,"10*eta0",0.00800000000000004,8.00000000000004,"fixed | 10*eta0"
696,-887362.325479402,485.376521206663,1,0,0.00800000000000004,1,123,1000,2,"bernoulli","fixed",0.000800000000000004,10,"10*eta0",0.00800000000000004,8.00000000000004,"fixed | 10*eta0"
697,-882103.361222841,476.01175148863,1,0,0.00800000000000004,1,123,1000,2,"bernoulli","fixed",0.000800000000000004,10,"10*eta0",0.00800000000000004,8.00000000000004,"fixed | 10*eta0"
698,-772841.520943481,464.250893026892,1,0,0.00800000000000004,1,123,1000,2,"bernoulli","fixed",0.000800000000000004,10,"10*eta0",0.00800000000000004,8.00000000000004,"fixed | 10*eta0"
699,-767154.640091525,466.485259679429,1,0,0.00800000000000004,1,123,1000,2,"bernoulli","fixed",0.000800000000000004,10,"10*eta0",0.00800000000000004,8.00000000000004,"fixed | 10*eta0"
700,-907294.697816446,488.821543320744,1,0,0.00800000000000004,1,123,1000,2,"bernoulli","fixed",0.000800000000000004,10,"10*eta0",0.00800000000000004,8.00000000000004,"fixed | 10*eta0"
701,-847322.458710693,472.583798917267,1,0,0.00800000000000004,1,123,1000,2,"bernoulli","fixed",0.000800000000000004,10,"10*eta0",0.00800000000000004,8.00000000000004,"fixed | 10*eta0"
702,-716916.767708773,459.186313434412,1,0,0.00800000000000004,1,123,1000,2,"bernoulli","fixed",0.000800000000000004,10,"10*eta0",0.00800000000000004,8.00000000000004,"fixed | 10*eta0"
703,-864974.596120258,479.962699371305,1,0,0.00800000000000004,1,123,1000,2,"bernoulli","fixed",0.000800000000000004,10,"10*eta0",0.00800000000000004,8.00000000000004,"fixed | 10*eta0"
704,-891194.349688334,478.183108484226,1,0,0.00800000000000004,1,123,1000,2,"bernoulli","fixed",0.000800000000000004,10,"10*eta0",0.00800000000000004,8.00000000000004,"fixed | 10*eta0"
705,-786795.682471041,466.462278050818,1,0,0.00800000000000004,1,123,1000,2,"bernoulli","fixed",0.000800000000000004,10,"10*eta0",0.00800000000000004,8.00000000000004,"fixed | 10*eta0"
706,-744262.908139355,463.709247663602,1,0,0.00800000000000004,1,123,1000,2,"bernoulli","fixed",0.000800000000000004,10,"10*eta0",0.00800000000000004,8.00000000000004,"fixed | 10*eta0"
707,-910117.574428516,489.311990522701,1,0,0.00800000000000004,1,123,1000,2,"bernoulli","fixed",0.000800000000000004,10,"10*eta0",0.00800000000000004,8.00000000000004,"fixed | 10*eta0"
708,-861063.394629556,475.06789732597,1,0,0.00800000000000004,1,123,1000,2,"bernoulli","fixed",0.000800000000000004,10,"10*eta0",0.00800000000000004,8.00000000000004,"fixed | 10*eta0"
709,-727174.968273953,462.414038506793,1,0,0.00800000000000004,1,123,1000,2,"bernoulli","fixed",0.000800000000000004,10,"10*eta0",0.00800000000000004,8.00000000000004,"fixed | 10*eta0"
710,-838584.566485364,471.107757052404,1,0,0.00800000000000004,1,123,1000,2,"bernoulli","fixed",0.000800000000000004,10,"10*eta0",0.00800000000000004,8.00000000000004,"fixed | 10*eta0"
711,-896538.474565662,478.833356257783,1,0,0.00800000000000004,1,123,1000,2,"bernoulli","fixed",0.000800000000000004,10,"10*eta0",0.00800000000000004,8.00000000000004,"fixed | 10*eta0"
712,-807219.561100228,468.247978039291,1,0,0.00800000000000004,1,123,1000,2,"bernoulli","fixed",0.000800000000000004,10,"10*eta0",0.00800000000000004,8.00000000000004,"fixed | 10*eta0"
713,-723279.642576934,462.706969128502,1,0,0.00800000000000004,1,123,1000,2,"bernoulli","fixed",0.000800000000000004,10,"10*eta0",0.00800000000000004,8.00000000000004,"fixed | 10*eta0"
714,-907676.575893892,492.889605235877,1,0,0.00800000000000004,1,123,1000,2,"bernoulli","fixed",0.000800000000000004,10,"10*eta0",0.00800000000000004,8.00000000000004,"fixed | 10*eta0"
715,-868936.170679126,474.77569119118,1,0,0.00800000000000004,1,123,1000,2,"bernoulli","fixed",0.000800000000000004,10,"10*eta0",0.00800000000000004,8.00000000000004,"fixed | 10*eta0"
716,-746314.022571997,461.56105156579,1,0,0.00800000000000004,1,123,1000,2,"bernoulli","fixed",0.000800000000000004,10,"10*eta0",0.00800000000000004,8.00000000000004,"fixed | 10*eta0"
717,-809205.702187561,469.324834296481,1,0,0.00800000000000004,1,123,1000,2,"bernoulli","fixed",0.000800000000000004,10,"10*eta0",0.00800000000000004,8.00000000000004,"fixed | 10*eta0"
718,-901819.007706945,479.708964831471,1,0,0.00800000000000004,1,123,1000,2,"bernoulli","fixed",0.000800000000000004,10,"10*eta0",0.00800000000000004,8.00000000000004,"fixed | 10*eta0"
719,-822586.26246725,470.049728968606,1,0,0.00800000000000004,1,123,1000,2,"bernoulli","fixed",0.000800000000000004,10,"10*eta0",0.00800000000000004,8.00000000000004,"fixed | 10*eta0"
720,-714009.035547446,459.687392697397,1,0,0.00800000000000004,1,123,1000,2,"bernoulli","fixed",0.000800000000000004,10,"10*eta0",0.00800000000000004,8.00000000000004,"fixed | 10*eta0"
721,-897634.113316302,490.266973176256,1,0,0.00800000000000004,1,123,1000,2,"bernoulli","fixed",0.000800000000000004,10,"10*eta0",0.00800000000000004,8.00000000000004,"fixed | 10*eta0"
722,-878742.98695142,477.52958517373,1,0,0.00800000000000004,1,123,1000,2,"bernoulli","fixed",0.000800000000000004,10,"10*eta0",0.00800000000000004,8.00000000000004,"fixed | 10*eta0"
723,-760757.185162849,464.387472681409,1,0,0.00800000000000004,1,123,1000,2,"bernoulli","fixed",0.000800000000000004,10,"10*eta0",0.00800000000000004,8.00000000000004,"fixed | 10*eta0"
724,-783625.127449483,467.444437867935,1,0,0.00800000000000004,1,123,1000,2,"bernoulli","fixed",0.000800000000000004,10,"10*eta0",0.00800000000000004,8.00000000000004,"fixed | 10*eta0"
725,-904628.791522002,484.704430850189,1,0,0.00800000000000004,1,123,1000,2,"bernoulli","fixed",0.000800000000000004,10,"10*eta0",0.00800000000000004,8.00000000000004,"fixed | 10*eta0"
726,-841093.032034438,472.26931673226,1,0,0.00800000000000004,1,123,1000,2,"bernoulli","fixed",0.000800000000000004,10,"10*eta0",0.00800000000000004,8.00000000000004,"fixed | 10*eta0"
727,-711554.012070789,461.648036075537,1,0,0.00800000000000004,1,123,1000,2,"bernoulli","fixed",0.000800000000000004,10,"10*eta0",0.00800000000000004,8.00000000000004,"fixed | 10*eta0"
728,-878691.169094233,481.91214270696,1,0,0.00800000000000004,1,123,1000,2,"bernoulli","fixed",0.000800000000000004,10,"10*eta0",0.00800000000000004,8.00000000000004,"fixed | 10*eta0"
729,-885576.816430948,476.418482593315,1,0,0.00800000000000004,1,123,1000,2,"bernoulli","fixed",0.000800000000000004,10,"10*eta0",0.00800000000000004,8.00000000000004,"fixed | 10*eta0"
730,-779932.232624211,465.034569395185,1,0,0.00800000000000004,1,123,1000,2,"bernoulli","fixed",0.000800000000000004,10,"10*eta0",0.00800000000000004,8.00000000000004,"fixed | 10*eta0"
731,-756397.89705653,465.609547945807,1,0,0.00800000000000004,1,123,1000,2,"bernoulli","fixed",0.000800000000000004,10,"10*eta0",0.00800000000000004,8.00000000000004,"fixed | 10*eta0"
732,-908659.777178725,490.656483308539,1,0,0.00800000000000004,1,123,1000,2,"bernoulli","fixed",0.000800000000000004,10,"10*eta0",0.00800000000000004,8.00000000000004,"fixed | 10*eta0"
733,-852835.999407415,473.156924931804,1,0,0.00800000000000004,1,123,1000,2,"bernoulli","fixed",0.000800000000000004,10,"10*eta0",0.00800000000000004,8.00000000000004,"fixed | 10*eta0"
734,-721417.29691953,459.468575970067,1,0,0.00800000000000004,1,123,1000,2,"bernoulli","fixed",0.000800000000000004,10,"10*eta0",0.00800000000000004,8.00000000000004,"fixed | 10*eta0"
735,-853704.366361839,475.212237351727,1,0,0.00800000000000004,1,123,1000,2,"bernoulli","fixed",0.000800000000000004,10,"10*eta0",0.00800000000000004,8.00000000000004,"fixed | 10*eta0"
736,-894171.926252821,478.162554247572,1,0,0.00800000000000004,1,123,1000,2,"bernoulli","fixed",0.000800000000000004,10,"10*eta0",0.00800000000000004,8.00000000000004,"fixed | 10*eta0"
737,-794281.144215076,467.188049248587,1,0,0.00800000000000004,1,123,1000,2,"bernoulli","fixed",0.000800000000000004,10,"10*eta0",0.00800000000000004,8.00000000000004,"fixed | 10*eta0"
738,-735005.254243602,462.64987379863,1,0,0.00800000000000004,1,123,1000,2,"bernoulli","fixed",0.000800000000000004,10,"10*eta0",0.00800000000000004,8.00000000000004,"fixed | 10*eta0"
739,-910206.395114978,490.252681953395,1,0,0.00800000000000004,1,123,1000,2,"bernoulli","fixed",0.000800000000000004,10,"10*eta0",0.00800000000000004,8.00000000000004,"fixed | 10*eta0"
740,-865298.45420956,475.769467874244,1,0,0.00800000000000004,1,123,1000,2,"bernoulli","fixed",0.000800000000000004,10,"10*eta0",0.00800000000000004,8.00000000000004,"fixed | 10*eta0"
741,-734118.688936975,462.799861211552,1,0,0.00800000000000004,1,123,1000,2,"bernoulli","fixed",0.000800000000000004,10,"10*eta0",0.00800000000000004,8.00000000000004,"fixed | 10*eta0"
742,-826508.875029178,470.412197322417,1,0,0.00800000000000004,1,123,1000,2,"bernoulli","fixed",0.000800000000000004,10,"10*eta0",0.00800000000000004,8.00000000000004,"fixed | 10*eta0"
743,-898603.251635685,480.307108889604,1,0,0.00800000000000004,1,123,1000,2,"bernoulli","fixed",0.000800000000000004,10,"10*eta0",0.00800000000000004,8.00000000000004,"fixed | 10*eta0"
744,-814845.798310558,469.171540005456,1,0,0.00800000000000004,1,123,1000,2,"bernoulli","fixed",0.000800000000000004,10,"10*eta0",0.00800000000000004,8.00000000000004,"fixed | 10*eta0"
745,-717528.494056152,462.281279579487,1,0,0.00800000000000004,1,123,1000,2,"bernoulli","fixed",0.000800000000000004,10,"10*eta0",0.00800000000000004,8.00000000000004,"fixed | 10*eta0"
746,-904288.784668395,491.849148628643,1,0,0.00800000000000004,1,123,1000,2,"bernoulli","fixed",0.000800000000000004,10,"10*eta0",0.00800000000000004,8.00000000000004,"fixed | 10*eta0"
747,-872586.620835001,475.082845606221,1,0,0.00800000000000004,1,123,1000,2,"bernoulli","fixed",0.000800000000000004,10,"10*eta0",0.00800000000000004,8.00000000000004,"fixed | 10*eta0"
748,-753676.73706291,462.264839865559,1,0,0.00800000000000004,1,123,1000,2,"bernoulli","fixed",0.000800000000000004,10,"10*eta0",0.00800000000000004,8.00000000000004,"fixed | 10*eta0"
749,-797467.691295783,468.618958182547,1,0,0.00800000000000004,1,123,1000,2,"bernoulli","fixed",0.000800000000000004,10,"10*eta0",0.00800000000000004,8.00000000000004,"fixed | 10*eta0"
750,-903269.773264614,482.444817948624,1,0,0.00800000000000004,1,123,1000,2,"bernoulli","fixed",0.000800000000000004,10,"10*eta0",0.00800000000000004,8.00000000000004,"fixed | 10*eta0"
751,-829867.025972796,470.794269780951,1,0,0.00800000000000004,1,123,1000,2,"bernoulli","fixed",0.000800000000000004,10,"10*eta0",0.00800000000000004,8.00000000000004,"fixed | 10*eta0"
752,-712544.390536557,459.300591595491,1,0,0.00800000000000004,1,123,1000,2,"bernoulli","fixed",0.000800000000000004,10,"10*eta0",0.00800000000000004,8.00000000000004,"fixed | 10*eta0"
753,-890457.979095144,488.507353514347,1,0,0.00800000000000004,1,123,1000,2,"bernoulli","fixed",0.000800000000000004,10,"10*eta0",0.00800000000000004,8.00000000000004,"fixed | 10*eta0"
754,-882197.67572351,477.810317819498,1,0,0.00800000000000004,1,123,1000,2,"bernoulli","fixed",0.000800000000000004,10,"10*eta0",0.00800000000000004,8.00000000000004,"fixed | 10*eta0"
755,-767667.320503896,464.835863085777,1,0,0.00800000000000004,1,123,1000,2,"bernoulli","fixed",0.000800000000000004,10,"10*eta0",0.00800000000000004,8.00000000000004,"fixed | 10*eta0"
756,-772572.230616912,466.503987539877,1,0,0.00800000000000004,1,123,1000,2,"bernoulli","fixed",0.000800000000000004,10,"10*eta0",0.00800000000000004,8.00000000000004,"fixed | 10*eta0"
757,-906386.382703672,485.841014794244,1,0,0.00800000000000004,1,123,1000,2,"bernoulli","fixed",0.000800000000000004,10,"10*eta0",0.00800000000000004,8.00000000000004,"fixed | 10*eta0"
758,-847216.409069526,472.975803869541,1,0,0.00800000000000004,1,123,1000,2,"bernoulli","fixed",0.000800000000000004,10,"10*eta0",0.00800000000000004,8.00000000000004,"fixed | 10*eta0"
759,-713789.399135778,461.726721924645,1,0,0.00800000000000004,1,123,1000,2,"bernoulli","fixed",0.000800000000000004,10,"10*eta0",0.00800000000000004,8.00000000000004,"fixed | 10*eta0"
760,-868958.789913818,478.30108650132,1,0,0.00800000000000004,1,123,1000,2,"bernoulli","fixed",0.000800000000000004,10,"10*eta0",0.00800000000000004,8.00000000000004,"fixed | 10*eta0"
761,-888934.259872876,476.692821214612,1,0,0.00800000000000004,1,123,1000,2,"bernoulli","fixed",0.000800000000000004,10,"10*eta0",0.00800000000000004,8.00000000000004,"fixed | 10*eta0"
762,-787125.14022052,465.854375571409,1,0,0.00800000000000004,1,123,1000,2,"bernoulli","fixed",0.000800000000000004,10,"10*eta0",0.00800000000000004,8.00000000000004,"fixed | 10*eta0"
763,-746133.955743414,464.707973080601,1,0,0.00800000000000004,1,123,1000,2,"bernoulli","fixed",0.000800000000000004,10,"10*eta0",0.00800000000000004,8.00000000000004,"fixed | 10*eta0"
764,-909635.40486813,492.060817000673,1,0,0.00800000000000004,1,123,1000,2,"bernoulli","fixed",0.000800000000000004,10,"10*eta0",0.00800000000000004,8.00000000000004,"fixed | 10*eta0"
765,-857795.471353796,473.674056055375,1,0,0.00800000000000004,1,123,1000,2,"bernoulli","fixed",0.000800000000000004,10,"10*eta0",0.00800000000000004,8.00000000000004,"fixed | 10*eta0"
766,-727198.863434837,459.90160304863,1,0,0.00800000000000004,1,123,1000,2,"bernoulli","fixed",0.000800000000000004,10,"10*eta0",0.00800000000000004,8.00000000000004,"fixed | 10*eta0"
767,-841828.371089674,471.047429477652,1,0,0.00800000000000004,1,123,1000,2,"bernoulli","fixed",0.000800000000000004,10,"10*eta0",0.00800000000000004,8.00000000000004,"fixed | 10*eta0"
768,-896780.559880614,478.054525594797,1,0,0.00800000000000004,1,123,1000,2,"bernoulli","fixed",0.000800000000000004,10,"10*eta0",0.00800000000000004,8.00000000000004,"fixed | 10*eta0"
769,-801944.282597609,467.949105263361,1,0,0.00800000000000004,1,123,1000,2,"bernoulli","fixed",0.000800000000000004,10,"10*eta0",0.00800000000000004,8.00000000000004,"fixed | 10*eta0"
770,-727011.868726647,461.65395191059,1,0,0.00800000000000004,1,123,1000,2,"bernoulli","fixed",0.000800000000000004,10,"10*eta0",0.00800000000000004,8.00000000000004,"fixed | 10*eta0"
771,-909001.393747667,491.028697155441,1,0,0.00800000000000004,1,123,1000,2,"bernoulli","fixed",0.000800000000000004,10,"10*eta0",0.00800000000000004,8.00000000000004,"fixed | 10*eta0"
772,-869178.362380015,476.371463925551,1,0,0.00800000000000004,1,123,1000,2,"bernoulli","fixed",0.000800000000000004,10,"10*eta0",0.00800000000000004,8.00000000000004,"fixed | 10*eta0"
773,-741454.969750514,463.218302602581,1,0,0.00800000000000004,1,123,1000,2,"bernoulli","fixed",0.000800000000000004,10,"10*eta0",0.00800000000000004,8.00000000000004,"fixed | 10*eta0"
774,-814508.011543121,469.674746598926,1,0,0.00800000000000004,1,123,1000,2,"bernoulli","fixed",0.000800000000000004,10,"10*eta0",0.00800000000000004,8.00000000000004,"fixed | 10*eta0"
775,-900322.885669574,481.54664149188,1,0,0.00800000000000004,1,123,1000,2,"bernoulli","fixed",0.000800000000000004,10,"10*eta0",0.00800000000000004,8.00000000000004,"fixed | 10*eta0"
776,-822375.524496681,470.076586852871,1,0,0.00800000000000004,1,123,1000,2,"bernoulli","fixed",0.000800000000000004,10,"10*eta0",0.00800000000000004,8.00000000000004,"fixed | 10*eta0"
777,-713584.711959713,461.960915053186,1,0,0.00800000000000004,1,123,1000,2,"bernoulli","fixed",0.000800000000000004,10,"10*eta0",0.00800000000000004,8.00000000000004,"fixed | 10*eta0"
778,-899243.292297174,490.04058953694,1,0,0.00800000000000004,1,123,1000,2,"bernoulli","fixed",0.000800000000000004,10,"10*eta0",0.00800000000000004,8.00000000000004,"fixed | 10*eta0"
779,-876145.917111443,475.342474459305,1,0,0.00800000000000004,1,123,1000,2,"bernoulli","fixed",0.000800000000000004,10,"10*eta0",0.00800000000000004,8.00000000000004,"fixed | 10*eta0"
780,-760881.985314238,462.986734848615,1,0,0.00800000000000004,1,123,1000,2,"bernoulli","fixed",0.000800000000000004,10,"10*eta0",0.00800000000000004,8.00000000000004,"fixed | 10*eta0"
781,-786007.797271184,467.867741589582,1,0,0.00800000000000004,1,123,1000,2,"bernoulli","fixed",0.000800000000000004,10,"10*eta0",0.00800000000000004,8.00000000000004,"fixed | 10*eta0"
782,-904734.413765288,484.998850480953,1,0,0.00800000000000004,1,123,1000,2,"bernoulli","fixed",0.000800000000000004,10,"10*eta0",0.00800000000000004,8.00000000000004,"fixed | 10*eta0"
783,-836759.968847471,471.498427092005,1,0,0.00800000000000004,1,123,1000,2,"bernoulli","fixed",0.000800000000000004,10,"10*eta0",0.00800000000000004,8.00000000000004,"fixed | 10*eta0"
784,-712787.22339699,459.103306668783,1,0,0.00800000000000004,1,123,1000,2,"bernoulli","fixed",0.000800000000000004,10,"10*eta0",0.00800000000000004,8.00000000000004,"fixed | 10*eta0"
785,-881948.498009338,486.016284962448,1,0,0.00800000000000004,1,123,1000,2,"bernoulli","fixed",0.000800000000000004,10,"10*eta0",0.00800000000000004,8.00000000000004,"fixed | 10*eta0"
786,-885627.500377657,478.016954661262,1,0,0.00800000000000004,1,123,1000,2,"bernoulli","fixed",0.000800000000000004,10,"10*eta0",0.00800000000000004,8.00000000000004,"fixed | 10*eta0"
787,-774629.249975843,465.327539811448,1,0,0.00800000000000004,1,123,1000,2,"bernoulli","fixed",0.000800000000000004,10,"10*eta0",0.00800000000000004,8.00000000000004,"fixed | 10*eta0"
788,-761712.218981732,465.501274465755,1,0,0.00800000000000004,1,123,1000,2,"bernoulli","fixed",0.000800000000000004,10,"10*eta0",0.00800000000000004,8.00000000000004,"fixed | 10*eta0"
789,-908093.994470537,487.102028753198,1,0,0.00800000000000004,1,123,1000,2,"bernoulli","fixed",0.000800000000000004,10,"10*eta0",0.00800000000000004,8.00000000000004,"fixed | 10*eta0"
790,-852814.357408771,473.660467665702,1,0,0.00800000000000004,1,123,1000,2,"bernoulli","fixed",0.000800000000000004,10,"10*eta0",0.00800000000000004,8.00000000000004,"fixed | 10*eta0"
791,-717599.16047127,461.906896774911,1,0,0.00800000000000004,1,123,1000,2,"bernoulli","fixed",0.000800000000000004,10,"10*eta0",0.00800000000000004,8.00000000000004,"fixed | 10*eta0"
792,-858269.081506993,473.955222759714,1,0,0.00800000000000004,1,123,1000,2,"bernoulli","fixed",0.000800000000000004,10,"10*eta0",0.00800000000000004,8.00000000000004,"fixed | 10*eta0"
793,-892067.893564477,476.823277976092,1,0,0.00800000000000004,1,123,1000,2,"bernoulli","fixed",0.000800000000000004,10,"10*eta0",0.00800000000000004,8.00000000000004,"fixed | 10*eta0"
794,-794467.227856217,466.714975519934,1,0,0.00800000000000004,1,123,1000,2,"bernoulli","fixed",0.000800000000000004,10,"10*eta0",0.00800000000000004,8.00000000000004,"fixed | 10*eta0"
795,-736632.682610492,463.806672014298,1,0,0.00800000000000004,1,123,1000,2,"bernoulli","fixed",0.000800000000000004,10,"10*eta0",0.00800000000000004,8.00000000000004,"fixed | 10*eta0"
796,-909898.363599263,492.930674062727,1,0,0.00800000000000004,1,123,1000,2,"bernoulli","fixed",0.000800000000000004,10,"10*eta0",0.00800000000000004,8.00000000000004,"fixed | 10*eta0"
797,-862253.497876985,474.132710731226,1,0,0.00800000000000004,1,123,1000,2,"bernoulli","fixed",0.000800000000000004,10,"10*eta0",0.00800000000000004,8.00000000000004,"fixed | 10*eta0"
798,-733925.182186495,460.45483767142,1,0,0.00800000000000004,1,123,1000,2,"bernoulli","fixed",0.000800000000000004,10,"10*eta0",0.00800000000000004,8.00000000000004,"fixed | 10*eta0"
799,-829655.798003232,470.434429025424,1,0,0.00800000000000004,1,123,1000,2,"bernoulli","fixed",0.000800000000000004,10,"10*eta0",0.00800000000000004,8.00000000000004,"fixed | 10*eta0"
800,-898961.752652263,477.871381430958,1,0,0.00800000000000004,1,123,1000,2,"bernoulli","fixed",0.000800000000000004,10,"10*eta0",0.00800000000000004,8.00000000000004,"fixed | 10*eta0"
801,-809689.437774635,468.731889668644,1,0,0.00800000000000004,1,123,1000,2,"bernoulli","fixed",0.000800000000000004,10,"10*eta0",0.00800000000000004,8.00000000000004,"fixed | 10*eta0"
802,-720629.550910176,460.778017889008,1,0,0.00800000000000004,1,123,1000,2,"bernoulli","fixed",0.000800000000000004,10,"10*eta0",0.00800000000000004,8.00000000000004,"fixed | 10*eta0"
803,-906211.20400387,491.514210451158,1,0,0.00800000000000004,1,123,1000,2,"bernoulli","fixed",0.000800000000000004,10,"10*eta0",0.00800000000000004,8.00000000000004,"fixed | 10*eta0"
804,-872824.643093487,476.876599121555,1,0,0.00800000000000004,1,123,1000,2,"bernoulli","fixed",0.000800000000000004,10,"10*eta0",0.00800000000000004,8.00000000000004,"fixed | 10*eta0"
805,-748793.263846889,463.649349379412,1,0,0.00800000000000004,1,123,1000,2,"bernoulli","fixed",0.000800000000000004,10,"10*eta0",0.00800000000000004,8.00000000000004,"fixed | 10*eta0"
806,-802781.764056045,468.891937583541,1,0,0.00800000000000004,1,123,1000,2,"bernoulli","fixed",0.000800000000000004,10,"10*eta0",0.00800000000000004,8.00000000000004,"fixed | 10*eta0"
807,-901881.086763942,482.707571984461,1,0,0.00800000000000004,1,123,1000,2,"bernoulli","fixed",0.000800000000000004,10,"10*eta0",0.00800000000000004,8.00000000000004,"fixed | 10*eta0"
808,-829659.450647112,470.93962618571,1,0,0.00800000000000004,1,123,1000,2,"bernoulli","fixed",0.000800000000000004,10,"10*eta0",0.00800000000000004,8.00000000000004,"fixed | 10*eta0"
809,-711424.007062777,461.752859365572,1,0,0.00800000000000004,1,123,1000,2,"bernoulli","fixed",0.000800000000000004,10,"10*eta0",0.00800000000000004,8.00000000000004,"fixed | 10*eta0"
810,-892675.19296366,487.513211867318,1,0,0.00800000000000004,1,123,1000,2,"bernoulli","fixed",0.000800000000000004,10,"10*eta0",0.00800000000000004,8.00000000000004,"fixed | 10*eta0"
811,-879675.276154927,475.658580513794,1,0,0.00800000000000004,1,123,1000,2,"bernoulli","fixed",0.000800000000000004,10,"10*eta0",0.00800000000000004,8.00000000000004,"fixed | 10*eta0"
812,-767967.010119706,463.726508541919,1,0,0.00800000000000004,1,123,1000,2,"bernoulli","fixed",0.000800000000000004,10,"10*eta0",0.00800000000000004,8.00000000000004,"fixed | 10*eta0"
813,-774776.868141784,467.066787011707,1,0,0.00800000000000004,1,123,1000,2,"bernoulli","fixed",0.000800000000000004,10,"10*eta0",0.00800000000000004,8.00000000000004,"fixed | 10*eta0"
814,-906253.619657405,487.351497325749,1,0,0.00800000000000004,1,123,1000,2,"bernoulli","fixed",0.000800000000000004,10,"10*eta0",0.00800000000000004,8.00000000000004,"fixed | 10*eta0"
815,-843187.180445846,472.157144848523,1,0,0.00800000000000004,1,123,1000,2,"bernoulli","fixed",0.000800000000000004,10,"10*eta0",0.00800000000000004,8.00000000000004,"fixed | 10*eta0"
816,-714677.054247532,459.090355527981,1,0,0.00800000000000004,1,123,1000,2,"bernoulli","fixed",0.000800000000000004,10,"10*eta0",0.00800000000000004,8.00000000000004,"fixed | 10*eta0"
817,-872266.727296895,482.727296522993,1,0,0.00800000000000004,1,123,1000,2,"bernoulli","fixed",0.000800000000000004,10,"10*eta0",0.00800000000000004,8.00000000000004,"fixed | 10*eta0"
818,-888977.470139421,478.144811615292,1,0,0.00800000000000004,1,123,1000,2,"bernoulli","fixed",0.000800000000000004,10,"10*eta0",0.00800000000000004,8.00000000000004,"fixed | 10*eta0"
819,-781751.194124275,465.984748153739,1,0,0.00800000000000004,1,123,1000,2,"bernoulli","fixed",0.000800000000000004,10,"10*eta0",0.00800000000000004,8.00000000000004,"fixed | 10*eta0"
820,-751191.214237007,464.449767147723,1,0,0.00800000000000004,1,123,1000,2,"bernoulli","fixed",0.000800000000000004,10,"10*eta0",0.00800000000000004,8.00000000000004,"fixed | 10*eta0"
821,-909499.348858136,488.416611104408,1,0,0.00800000000000004,1,123,1000,2,"bernoulli","fixed",0.000800000000000004,10,"10*eta0",0.00800000000000004,8.00000000000004,"fixed | 10*eta0"
822,-857872.045437512,474.525502067799,1,0,0.00800000000000004,1,123,1000,2,"bernoulli","fixed",0.000800000000000004,10,"10*eta0",0.00800000000000004,8.00000000000004,"fixed | 10*eta0"
823,-722851.693298105,462.180019445559,1,0,0.00800000000000004,1,123,1000,2,"bernoulli","fixed",0.000800000000000004,10,"10*eta0",0.00800000000000004,8.00000000000004,"fixed | 10*eta0"
824,-846806.43815498,471.564007318914,1,0,0.00800000000000004,1,123,1000,2,"bernoulli","fixed",0.000800000000000004,10,"10*eta0",0.00800000000000004,8.00000000000004,"fixed | 10*eta0"
825,-894858.335340259,477.599403393436,1,0,0.00800000000000004,1,123,1000,2,"bernoulli","fixed",0.000800000000000004,10,"10*eta0",0.00800000000000004,8.00000000000004,"fixed | 10*eta0"
826,-801967.622441112,467.61287472313,1,0,0.00800000000000004,1,123,1000,2,"bernoulli","fixed",0.000800000000000004,10,"10*eta0",0.00800000000000004,8.00000000000004,"fixed | 10*eta0"
827,-728240.435188563,463.051972385539,1,0,0.00800000000000004,1,123,1000,2,"bernoulli","fixed",0.000800000000000004,10,"10*eta0",0.00800000000000004,8.00000000000004,"fixed | 10*eta0"
828,-909071.236472486,493.15731346479,1,0,0.00800000000000004,1,123,1000,2,"bernoulli","fixed",0.000800000000000004,10,"10*eta0",0.00800000000000004,8.00000000000004,"fixed | 10*eta0"
829,-866307.274169408,474.532606370017,1,0,0.00800000000000004,1,123,1000,2,"bernoulli","fixed",0.000800000000000004,10,"10*eta0",0.00800000000000004,8.00000000000004,"fixed | 10*eta0"
830,-741188.520844639,461.091322388293,1,0,0.00800000000000004,1,123,1000,2,"bernoulli","fixed",0.000800000000000004,10,"10*eta0",0.00800000000000004,8.00000000000004,"fixed | 10*eta0"
831,-817489.164769036,469.789861228322,1,0,0.00800000000000004,1,123,1000,2,"bernoulli","fixed",0.000800000000000004,10,"10*eta0",0.00800000000000004,8.00000000000004,"fixed | 10*eta0"
832,-900748.115059359,477.682881705109,1,0,0.00800000000000004,1,123,1000,2,"bernoulli","fixed",0.000800000000000004,10,"10*eta0",0.00800000000000004,8.00000000000004,"fixed | 10*eta0"
833,-817380.556526612,469.516921716891,1,0,0.00800000000000004,1,123,1000,2,"bernoulli","fixed",0.000800000000000004,10,"10*eta0",0.00800000000000004,8.00000000000004,"fixed | 10*eta0"
834,-716070.075318341,460.06780450807,1,0,0.00800000000000004,1,123,1000,2,"bernoulli","fixed",0.000800000000000004,10,"10*eta0",0.00800000000000004,8.00000000000004,"fixed | 10*eta0"
835,-901712.575894792,491.082599620712,1,0,0.00800000000000004,1,123,1000,2,"bernoulli","fixed",0.000800000000000004,10,"10*eta0",0.00800000000000004,8.00000000000004,"fixed | 10*eta0"
836,-876344.230341032,477.291307606069,1,0,0.00800000000000004,1,123,1000,2,"bernoulli","fixed",0.000800000000000004,10,"10*eta0",0.00800000000000004,8.00000000000004,"fixed | 10*eta0"
837,-755935.749215639,464.084170726358,1,0,0.00800000000000004,1,123,1000,2,"bernoulli","fixed",0.000800000000000004,10,"10*eta0",0.00800000000000004,8.00000000000004,"fixed | 10*eta0"
838,-791367.046214434,468.05659877563,1,0,0.00800000000000004,1,123,1000,2,"bernoulli","fixed",0.000800000000000004,10,"10*eta0",0.00800000000000004,8.00000000000004,"fixed | 10*eta0"
839,-903465.766199994,483.883681175738,1,0,0.00800000000000004,1,123,1000,2,"bernoulli","fixed",0.000800000000000004,10,"10*eta0",0.00800000000000004,8.00000000000004,"fixed | 10*eta0"
840,-836574.551198946,471.746649501783,1,0,0.00800000000000004,1,123,1000,2,"bernoulli","fixed",0.000800000000000004,10,"10*eta0",0.00800000000000004,8.00000000000004,"fixed | 10*eta0"
841,-710943.436067423,461.654348733848,1,0,0.00800000000000004,1,123,1000,2,"bernoulli","fixed",0.000800000000000004,10,"10*eta0",0.00800000000000004,8.00000000000004,"fixed | 10*eta0"
842,-884801.394829795,484.320332629012,1,0,0.00800000000000004,1,123,1000,2,"bernoulli","fixed",0.000800000000000004,10,"10*eta0",0.00800000000000004,8.00000000000004,"fixed | 10*eta0"
843,-883184.088906116,476.150892348683,1,0,0.00800000000000004,1,123,1000,2,"bernoulli","fixed",0.000800000000000004,10,"10*eta0",0.00800000000000004,8.00000000000004,"fixed | 10*eta0"
844,-775025.836539826,464.489696549055,1,0,0.00800000000000004,1,123,1000,2,"bernoulli","fixed",0.000800000000000004,10,"10*eta0",0.00800000000000004,8.00000000000004,"fixed | 10*eta0"
845,-763790.066531153,466.218466387476,1,0,0.00800000000000004,1,123,1000,2,"bernoulli","fixed",0.000800000000000004,10,"10*eta0",0.00800000000000004,8.00000000000004,"fixed | 10*eta0"
846,-907742.053034666,489.428869834262,1,0,0.00800000000000004,1,123,1000,2,"bernoulli","fixed",0.000800000000000004,10,"10*eta0",0.00800000000000004,8.00000000000004,"fixed | 10*eta0"
847,-849086.698669119,472.766690139775,1,0,0.00800000000000004,1,123,1000,2,"bernoulli","fixed",0.000800000000000004,10,"10*eta0",0.00800000000000004,8.00000000000004,"fixed | 10*eta0"
848,-718155.12591974,459.256020232074,1,0,0.00800000000000004,1,123,1000,2,"bernoulli","fixed",0.000800000000000004,10,"10*eta0",0.00800000000000004,8.00000000000004,"fixed | 10*eta0"
849,-861573.177994665,478.590302764039,1,0,0.00800000000000004,1,123,1000,2,"bernoulli","fixed",0.000800000000000004,10,"10*eta0",0.00800000000000004,8.00000000000004,"fixed | 10*eta0"
850,-892148.008611722,478.18639703974,1,0,0.00800000000000004,1,123,1000,2,"bernoulli","fixed",0.000800000000000004,10,"10*eta0",0.00800000000000004,8.00000000000004,"fixed | 10*eta0"
851,-789086.625337774,466.68231782223,1,0,0.00800000000000004,1,123,1000,2,"bernoulli","fixed",0.000800000000000004,10,"10*eta0",0.00800000000000004,8.00000000000004,"fixed | 10*eta0"
852,-741290.419315669,463.37846615881,1,0,0.00800000000000004,1,123,1000,2,"bernoulli","fixed",0.000800000000000004,10,"10*eta0",0.00800000000000004,8.00000000000004,"fixed | 10*eta0"
853,-910261.013052811,489.660559844953,1,0,0.00800000000000004,1,123,1000,2,"bernoulli","fixed",0.000800000000000004,10,"10*eta0",0.00800000000000004,8.00000000000004,"fixed | 10*eta0"
854,-862417.315203173,475.295363500884,1,0,0.00800000000000004,1,123,1000,2,"bernoulli","fixed",0.000800000000000004,10,"10*eta0",0.00800000000000004,8.00000000000004,"fixed | 10*eta0"
855,-729251.01133132,462.528277229091,1,0,0.00800000000000004,1,123,1000,2,"bernoulli","fixed",0.000800000000000004,10,"10*eta0",0.00800000000000004,8.00000000000004,"fixed | 10*eta0"
856,-834862.233576799,470.897203613755,1,0,0.00800000000000004,1,123,1000,2,"bernoulli","fixed",0.000800000000000004,10,"10*eta0",0.00800000000000004,8.00000000000004,"fixed | 10*eta0"
857,-897221.27111554,479.323548631263,1,0,0.00800000000000004,1,123,1000,2,"bernoulli","fixed",0.000800000000000004,10,"10*eta0",0.00800000000000004,8.00000000000004,"fixed | 10*eta0"
858,-809577.931760378,468.533785577018,1,0,0.00800000000000004,1,123,1000,2,"bernoulli","fixed",0.000800000000000004,10,"10*eta0",0.00800000000000004,8.00000000000004,"fixed | 10*eta0"
859,-721314.234483671,462.56516624509,1,0,0.00800000000000004,1,123,1000,2,"bernoulli","fixed",0.000800000000000004,10,"10*eta0",0.00800000000000004,8.00000000000004,"fixed | 10*eta0"
860,-906807.334155806,492.65127319401,1,0,0.00800000000000004,1,123,1000,2,"bernoulli","fixed",0.000800000000000004,10,"10*eta0",0.00800000000000004,8.00000000000004,"fixed | 10*eta0"
861,-870079.738386241,474.876064649275,1,0,0.00800000000000004,1,123,1000,2,"bernoulli","fixed",0.000800000000000004,10,"10*eta0",0.00800000000000004,8.00000000000004,"fixed | 10*eta0"
862,-748603.159481865,461.776182491492,1,0,0.00800000000000004,1,123,1000,2,"bernoulli","fixed",0.000800000000000004,10,"10*eta0",0.00800000000000004,8.00000000000004,"fixed | 10*eta0"
863,-805545.492380866,469.111078422675,1,0,0.00800000000000004,1,123,1000,2,"bernoulli","fixed",0.000800000000000004,10,"10*eta0",0.00800000000000004,8.00000000000004,"fixed | 10*eta0"
864,-902273.487113707,480.576098893021,1,0,0.00800000000000004,1,123,1000,2,"bernoulli","fixed",0.000800000000000004,10,"10*eta0",0.00800000000000004,8.00000000000004,"fixed | 10*eta0"
865,-824872.459986483,470.283666128124,1,0,0.00800000000000004,1,123,1000,2,"bernoulli","fixed",0.000800000000000004,10,"10*eta0",0.00800000000000004,8.00000000000004,"fixed | 10*eta0"
866,-713368.486333147,459.547254225395,1,0,0.00800000000000004,1,123,1000,2,"bernoulli","fixed",0.000800000000000004,10,"10*eta0",0.00800000000000004,8.00000000000004,"fixed | 10*eta0"
867,-895569.844969682,489.770931432499,1,0,0.00800000000000004,1,123,1000,2,"bernoulli","fixed",0.000800000000000004,10,"10*eta0",0.00800000000000004,8.00000000000004,"fixed | 10*eta0"
868,-879812.25283598,477.624263318823,1,0,0.00800000000000004,1,123,1000,2,"bernoulli","fixed",0.000800000000000004,10,"10*eta0",0.00800000000000004,8.00000000000004,"fixed | 10*eta0"
869,-762895.914374938,464.524576233372,1,0,0.00800000000000004,1,123,1000,2,"bernoulli","fixed",0.000800000000000004,10,"10*eta0",0.00800000000000004,8.00000000000004,"fixed | 10*eta0"
870,-780191.294577091,467.16071641799,1,0,0.00800000000000004,1,123,1000,2,"bernoulli","fixed",0.000800000000000004,10,"10*eta0",0.00800000000000004,8.00000000000004,"fixed | 10*eta0"
871,-905166.294441294,485.066187966305,1,0,0.00800000000000004,1,123,1000,2,"bernoulli","fixed",0.000800000000000004,10,"10*eta0",0.00800000000000004,8.00000000000004,"fixed | 10*eta0"
872,-843039.680798037,472.49394041402,1,0,0.00800000000000004,1,123,1000,2,"bernoulli","fixed",0.000800000000000004,10,"10*eta0",0.00800000000000004,8.00000000000004,"fixed | 10*eta0"
873,-712074.277003452,461.661311046998,1,0,0.00800000000000004,1,123,1000,2,"bernoulli","fixed",0.000800000000000004,10,"10*eta0",0.00800000000000004,8.00000000000004,"fixed | 10*eta0"
874,-875792.415909776,480.871335284831,1,0,0.00800000000000004,1,123,1000,2,"bernoulli","fixed",0.000800000000000004,10,"10*eta0",0.00800000000000004,8.00000000000004,"fixed | 10*eta0"
875,-886631.332882063,476.517990397136,1,0,0.00800000000000004,1,123,1000,2,"bernoulli","fixed",0.000800000000000004,10,"10*eta0",0.00800000000000004,8.00000000000004,"fixed | 10*eta0"
876,-782141.717611508,465.283761008265,1,0,0.00800000000000004,1,123,1000,2,"bernoulli","fixed",0.000800000000000004,10,"10*eta0",0.00800000000000004,8.00000000000004,"fixed | 10*eta0"
877,-753162.25958969,465.332694101123,1,0,0.00800000000000004,1,123,1000,2,"bernoulli","fixed",0.000800000000000004,10,"10*eta0",0.00800000000000004,8.00000000000004,"fixed | 10*eta0"
878,-909016.373410867,491.141088525419,1,0,0.00800000000000004,1,123,1000,2,"bernoulli","fixed",0.000800000000000004,10,"10*eta0",0.00800000000000004,8.00000000000004,"fixed | 10*eta0"
879,-854426.52394202,473.32288467567,1,0,0.00800000000000004,1,123,1000,2,"bernoulli","fixed",0.000800000000000004,10,"10*eta0",0.00800000000000004,8.00000000000004,"fixed | 10*eta0"
880,-723081.03991244,459.58755017752,1,0,0.00800000000000004,1,123,1000,2,"bernoulli","fixed",0.000800000000000004,10,"10*eta0",0.00800000000000004,8.00000000000004,"fixed | 10*eta0"
881,-850084.717657954,473.562055211061,1,0,0.00800000000000004,1,123,1000,2,"bernoulli","fixed",0.000800000000000004,10,"10*eta0",0.00800000000000004,8.00000000000004,"fixed | 10*eta0"
882,-895021.672430765,478.138152629638,1,0,0.00800000000000004,1,123,1000,2,"bernoulli","fixed",0.000800000000000004,10,"10*eta0",0.00800000000000004,8.00000000000004,"fixed | 10*eta0"
883,-796634.025011471,467.419982503655,1,0,0.00800000000000004,1,123,1000,2,"bernoulli","fixed",0.000800000000000004,10,"10*eta0",0.00800000000000004,8.00000000000004,"fixed | 10*eta0"
884,-732381.85909823,462.33260126849,1,0,0.00800000000000004,1,123,1000,2,"bernoulli","fixed",0.000800000000000004,10,"10*eta0",0.00800000000000004,8.00000000000004,"fixed | 10*eta0"
885,-909988.290771741,490.426402492764,1,0,0.00800000000000004,1,123,1000,2,"bernoulli","fixed",0.000800000000000004,10,"10*eta0",0.00800000000000004,8.00000000000004,"fixed | 10*eta0"
886,-866529.838560215,475.966106660015,1,0,0.00800000000000004,1,123,1000,2,"bernoulli","fixed",0.000800000000000004,10,"10*eta0",0.00800000000000004,8.00000000000004,"fixed | 10*eta0"
887,-736365.169521496,462.926819852623,1,0,0.00800000000000004,1,123,1000,2,"bernoulli","fixed",0.000800000000000004,10,"10*eta0",0.00800000000000004,8.00000000000004,"fixed | 10*eta0"
888,-822779.416026579,470.188829923787,1,0,0.00800000000000004,1,123,1000,2,"bernoulli","fixed",0.000800000000000004,10,"10*eta0",0.00800000000000004,8.00000000000004,"fixed | 10*eta0"
889,-899164.284824282,480.707497022712,1,0,0.00800000000000004,1,123,1000,2,"bernoulli","fixed",0.000800000000000004,10,"10*eta0",0.00800000000000004,8.00000000000004,"fixed | 10*eta0"
890,-817190.39136986,469.454459182734,1,0,0.00800000000000004,1,123,1000,2,"bernoulli","fixed",0.000800000000000004,10,"10*eta0",0.00800000000000004,8.00000000000004,"fixed | 10*eta0"
891,-716114.90145291,462.170420331928,1,0,0.00800000000000004,1,123,1000,2,"bernoulli","fixed",0.000800000000000004,10,"10*eta0",0.00800000000000004,8.00000000000004,"fixed | 10*eta0"
892,-902903.256840304,491.370586302442,1,0,0.00800000000000004,1,123,1000,2,"bernoulli","fixed",0.000800000000000004,10,"10*eta0",0.00800000000000004,8.00000000000004,"fixed | 10*eta0"
893,-873692.577372571,475.167879110584,1,0,0.00800000000000004,1,123,1000,2,"bernoulli","fixed",0.000800000000000004,10,"10*eta0",0.00800000000000004,8.00000000000004,"fixed | 10*eta0"
894,-755920.950405107,462.486212923822,1,0,0.00800000000000004,1,123,1000,2,"bernoulli","fixed",0.000800000000000004,10,"10*eta0",0.00800000000000004,8.00000000000004,"fixed | 10*eta0"
895,-793898.793767733,468.391932421213,1,0,0.00800000000000004,1,123,1000,2,"bernoulli","fixed",0.000800000000000004,10,"10*eta0",0.00800000000000004,8.00000000000004,"fixed | 10*eta0"
896,-903716.442720733,483.252970053366,1,0,0.00800000000000004,1,123,1000,2,"bernoulli","fixed",0.000800000000000004,10,"10*eta0",0.00800000000000004,8.00000000000004,"fixed | 10*eta0"
897,-832042.747013681,471.016517125746,1,0,0.00800000000000004,1,123,1000,2,"bernoulli","fixed",0.000800000000000004,10,"10*eta0",0.00800000000000004,8.00000000000004,"fixed | 10*eta0"
898,-712440.818157919,459.219659038517,1,0,0.00800000000000004,1,123,1000,2,"bernoulli","fixed",0.000800000000000004,10,"10*eta0",0.00800000000000004,8.00000000000004,"fixed | 10*eta0"
899,-887962.162206909,487.820843849658,1,0,0.00800000000000004,1,123,1000,2,"bernoulli","fixed",0.000800000000000004,10,"10*eta0",0.00800000000000004,8.00000000000004,"fixed | 10*eta0"
900,-883261.882047434,477.882187425148,1,0,0.00800000000000004,1,123,1000,2,"bernoulli","fixed",0.000800000000000004,10,"10*eta0",0.00800000000000004,8.00000000000004,"fixed | 10*eta0"
901,-769807.370179439,464.977776847025,1,0,0.00800000000000004,1,123,1000,2,"bernoulli","fixed",0.000800000000000004,10,"10*eta0",0.00800000000000004,8.00000000000004,"fixed | 10*eta0"
902,-769191.276935404,466.200372728933,1,0,0.00800000000000004,1,123,1000,2,"bernoulli","fixed",0.000800000000000004,10,"10*eta0",0.00800000000000004,8.00000000000004,"fixed | 10*eta0"
903,-906929.285350994,486.163981041551,1,0,0.00800000000000004,1,123,1000,2,"bernoulli","fixed",0.000800000000000004,10,"10*eta0",0.00800000000000004,8.00000000000004,"fixed | 10*eta0"
904,-849003.94971466,473.182244495916,1,0,0.00800000000000004,1,123,1000,2,"bernoulli","fixed",0.000800000000000004,10,"10*eta0",0.00800000000000004,8.00000000000004,"fixed | 10*eta0"
905,-714801.953163907,461.771801842293,1,0,0.00800000000000004,1,123,1000,2,"bernoulli","fixed",0.000800000000000004,10,"10*eta0",0.00800000000000004,8.00000000000004,"fixed | 10*eta0"
906,-865750.791070957,477.038361704816,1,0,0.00800000000000004,1,123,1000,2,"bernoulli","fixed",0.000800000000000004,10,"10*eta0",0.00800000000000004,8.00000000000004,"fixed | 10*eta0"
907,-889932.316074814,476.74891325459,1,0,0.00800000000000004,1,123,1000,2,"bernoulli","fixed",0.000800000000000004,10,"10*eta0",0.00800000000000004,8.00000000000004,"fixed | 10*eta0"
908,-789377.007260869,466.1159628589,1,0,0.00800000000000004,1,123,1000,2,"bernoulli","fixed",0.000800000000000004,10,"10*eta0",0.00800000000000004,8.00000000000004,"fixed | 10*eta0"
909,-743101.041441821,464.427809100659,1,0,0.00800000000000004,1,123,1000,2,"bernoulli","fixed",0.000800000000000004,10,"10*eta0",0.00800000000000004,8.00000000000004,"fixed | 10*eta0"
910,-909809.828021269,492.391859220096,1,0,0.00800000000000004,1,123,1000,2,"bernoulli","fixed",0.000800000000000004,10,"10*eta0",0.00800000000000004,8.00000000000004,"fixed | 10*eta0"
911,-859223.052202692,473.822115002341,1,0,0.00800000000000004,1,123,1000,2,"bernoulli","fixed",0.000800000000000004,10,"10*eta0",0.00800000000000004,8.00000000000004,"fixed | 10*eta0"
912,-729195.075997882,460.061409075969,1,0,0.00800000000000004,1,123,1000,2,"bernoulli","fixed",0.000800000000000004,10,"10*eta0",0.00800000000000004,8.00000000000004,"fixed | 10*eta0"
913,-838083.051743583,470.861318182678,1,0,0.00800000000000004,1,123,1000,2,"bernoulli","fixed",0.000800000000000004,10,"10*eta0",0.00800000000000004,8.00000000000004,"fixed | 10*eta0"
914,-897500.915097973,478.00505655367,1,0,0.00800000000000004,1,123,1000,2,"bernoulli","fixed",0.000800000000000004,10,"10*eta0",0.00800000000000004,8.00000000000004,"fixed | 10*eta0"
915,-804335.053502888,468.18953943376,1,0,0.00800000000000004,1,123,1000,2,"bernoulli","fixed",0.000800000000000004,10,"10*eta0",0.00800000000000004,8.00000000000004,"fixed | 10*eta0"
916,-724854.062517362,461.367945127945,1,0,0.00800000000000004,1,123,1000,2,"bernoulli","fixed",0.000800000000000004,10,"10*eta0",0.00800000000000004,8.00000000000004,"fixed | 10*eta0"
917,-908317.876629407,491.277262188396,1,0,0.00800000000000004,1,123,1000,2,"bernoulli","fixed",0.000800000000000004,10,"10*eta0",0.00800000000000004,8.00000000000004,"fixed | 10*eta0"
918,-870324.771828613,476.537695031969,1,0,0.00800000000000004,1,123,1000,2,"bernoulli","fixed",0.000800000000000004,10,"10*eta0",0.00800000000000004,8.00000000000004,"fixed | 10*eta0"
919,-743736.470791867,463.350831912149,1,0,0.00800000000000004,1,123,1000,2,"bernoulli","fixed",0.000800000000000004,10,"10*eta0",0.00800000000000004,8.00000000000004,"fixed | 10*eta0"
920,-810849.658059322,469.437923839031,1,0,0.00800000000000004,1,123,1000,2,"bernoulli","fixed",0.000800000000000004,10,"10*eta0",0.00800000000000004,8.00000000000004,"fixed | 10*eta0"
921,-900811.991096013,481.907650124597,1,0,0.00800000000000004,1,123,1000,2,"bernoulli","fixed",0.000800000000000004,10,"10*eta0",0.00800000000000004,8.00000000000004,"fixed | 10*eta0"
922,-824659.505621439,470.34868733186,1,0,0.00800000000000004,1,123,1000,2,"bernoulli","fixed",0.000800000000000004,10,"10*eta0",0.00800000000000004,8.00000000000004,"fixed | 10*eta0"
923,-712730.961734171,461.884636403494,1,0,0.00800000000000004,1,123,1000,2,"bernoulli","fixed",0.000800000000000004,10,"10*eta0",0.00800000000000004,8.00000000000004,"fixed | 10*eta0"
924,-897366.016819677,489.333269562701,1,0,0.00800000000000004,1,123,1000,2,"bernoulli","fixed",0.000800000000000004,10,"10*eta0",0.00800000000000004,8.00000000000004,"fixed | 10*eta0"
925,-877238.44129118,475.414000515271,1,0,0.00800000000000004,1,123,1000,2,"bernoulli","fixed",0.000800000000000004,10,"10*eta0",0.00800000000000004,8.00000000000004,"fixed | 10*eta0"
926,-763080.397111976,463.213267441661,1,0,0.00800000000000004,1,123,1000,2,"bernoulli","fixed",0.000800000000000004,10,"10*eta0",0.00800000000000004,8.00000000000004,"fixed | 10*eta0"
927,-782513.453867524,467.62554595144,1,0,0.00800000000000004,1,123,1000,2,"bernoulli","fixed",0.000800000000000004,10,"10*eta0",0.00800000000000004,8.00000000000004,"fixed | 10*eta0"
928,-905199.822143256,485.750270536006,1,0,0.00800000000000004,1,123,1000,2,"bernoulli","fixed",0.000800000000000004,10,"10*eta0",0.00800000000000004,8.00000000000004,"fixed | 10*eta0"
929,-838799.374494515,471.7070337843,1,0,0.00800000000000004,1,123,1000,2,"bernoulli","fixed",0.000800000000000004,10,"10*eta0",0.00800000000000004,8.00000000000004,"fixed | 10*eta0"
930,-713197.414729159,459.079825138299,1,0,0.00800000000000004,1,123,1000,2,"bernoulli","fixed",0.000800000000000004,10,"10*eta0",0.00800000000000004,8.00000000000004,"fixed | 10*eta0"
931,-879074.505165878,485.086897218624,1,0,0.00800000000000004,1,123,1000,2,"bernoulli","fixed",0.000800000000000004,10,"10*eta0",0.00800000000000004,8.00000000000004,"fixed | 10*eta0"
932,-886675.328019135,478.065239816341,1,0,0.00800000000000004,1,123,1000,2,"bernoulli","fixed",0.000800000000000004,10,"10*eta0",0.00800000000000004,8.00000000000004,"fixed | 10*eta0"
933,-776809.753010072,465.526627635545,1,0,0.00800000000000004,1,123,1000,2,"bernoulli","fixed",0.000800000000000004,10,"10*eta0",0.00800000000000004,8.00000000000004,"fixed | 10*eta0"
934,-758413.635294649,465.180482038896,1,0,0.00800000000000004,1,123,1000,2,"bernoulli","fixed",0.000800000000000004,10,"10*eta0",0.00800000000000004,8.00000000000004,"fixed | 10*eta0"
935,-908574.966708898,487.542905517242,1,0,0.00800000000000004,1,123,1000,2,"bernoulli","fixed",0.000800000000000004,10,"10*eta0",0.00800000000000004,8.00000000000004,"fixed | 10*eta0"
936,-854434.920684571,473.937617944865,1,0,0.00800000000000004,1,123,1000,2,"bernoulli","fixed",0.000800000000000004,10,"10*eta0",0.00800000000000004,8.00000000000004,"fixed | 10*eta0"
937,-719078.927975414,461.982028841326,1,0,0.00800000000000004,1,123,1000,2,"bernoulli","fixed",0.000800000000000004,10,"10*eta0",0.00800000000000004,8.00000000000004,"fixed | 10*eta0"
938,-854797.218340483,472.459319757737,1,0,0.00800000000000004,1,123,1000,2,"bernoulli","fixed",0.000800000000000004,10,"10*eta0",0.00800000000000004,8.00000000000004,"fixed | 10*eta0"
939,-892972.12078356,476.833580044458,1,0,0.00800000000000004,1,123,1000,2,"bernoulli","fixed",0.000800000000000004,10,"10*eta0",0.00800000000000004,8.00000000000004,"fixed | 10*eta0"
940,-796769.45048563,466.988953945657,1,0,0.00800000000000004,1,123,1000,2,"bernoulli","fixed",0.000800000000000004,10,"10*eta0",0.00800000000000004,8.00000000000004,"fixed | 10*eta0"
941,-733903.180361651,463.533953870029,1,0,0.00800000000000004,1,123,1000,2,"bernoulli","fixed",0.000800000000000004,10,"10*eta0",0.00800000000000004,8.00000000000004,"fixed | 10*eta0"
942,-909776.903724477,493.074222954294,1,0,0.00800000000000004,1,123,1000,2,"bernoulli","fixed",0.000800000000000004,10,"10*eta0",0.00800000000000004,8.00000000000004,"fixed | 10*eta0"
943,-863544.103958229,474.262524215971,1,0,0.00800000000000004,1,123,1000,2,"bernoulli","fixed",0.000800000000000004,10,"10*eta0",0.00800000000000004,8.00000000000004,"fixed | 10*eta0"
944,-736132.204978407,460.644426830069,1,0,0.00800000000000004,1,123,1000,2,"bernoulli","fixed",0.000800000000000004,10,"10*eta0",0.00800000000000004,8.00000000000004,"fixed | 10*eta0"
945,-825882.305063406,470.23863713674,1,0,0.00800000000000004,1,123,1000,2,"bernoulli","fixed",0.000800000000000004,10,"10*eta0",0.00800000000000004,8.00000000000004,"fixed | 10*eta0"
946,-899551.560959916,477.80298509875,1,0,0.00800000000000004,1,123,1000,2,"bernoulli","fixed",0.000800000000000004,10,"10*eta0",0.00800000000000004,8.00000000000004,"fixed | 10*eta0"
947,-812079.198385783,468.975270815749,1,0,0.00800000000000004,1,123,1000,2,"bernoulli","fixed",0.000800000000000004,10,"10*eta0",0.00800000000000004,8.00000000000004,"fixed | 10*eta0"
948,-719020.708987293,460.539223221804,1,0,0.00800000000000004,1,123,1000,2,"bernoulli","fixed",0.000800000000000004,10,"10*eta0",0.00800000000000004,8.00000000000004,"fixed | 10*eta0"
949,-905003.652882886,491.477713691636,1,0,0.00800000000000004,1,123,1000,2,"bernoulli","fixed",0.000800000000000004,10,"10*eta0",0.00800000000000004,8.00000000000004,"fixed | 10*eta0"
950,-873921.725751604,477.014039891357,1,0,0.00800000000000004,1,123,1000,2,"bernoulli","fixed",0.000800000000000004,10,"10*eta0",0.00800000000000004,8.00000000000004,"fixed | 10*eta0"
951,-751024.723387096,463.783423537076,1,0,0.00800000000000004,1,123,1000,2,"bernoulli","fixed",0.000800000000000004,10,"10*eta0",0.00800000000000004,8.00000000000004,"fixed | 10*eta0"
952,-799222.787672233,468.639769930753,1,0,0.00800000000000004,1,123,1000,2,"bernoulli","fixed",0.000800000000000004,10,"10*eta0",0.00800000000000004,8.00000000000004,"fixed | 10*eta0"
953,-902361.191339727,483.06777515392,1,0,0.00800000000000004,1,123,1000,2,"bernoulli","fixed",0.000800000000000004,10,"10*eta0",0.00800000000000004,8.00000000000004,"fixed | 10*eta0"
954,-831840.631392603,471.195373056995,1,0,0.00800000000000004,1,123,1000,2,"bernoulli","fixed",0.000800000000000004,10,"10*eta0",0.00800000000000004,8.00000000000004,"fixed | 10*eta0"
955,-711100.691103738,461.710946788509,1,0,0.00800000000000004,1,123,1000,2,"bernoulli","fixed",0.000800000000000004,10,"10*eta0",0.00800000000000004,8.00000000000004,"fixed | 10*eta0"
956,-890371.431555642,486.595900778161,1,0,0.00800000000000004,1,123,1000,2,"bernoulli","fixed",0.000800000000000004,10,"10*eta0",0.00800000000000004,8.00000000000004,"fixed | 10*eta0"
957,-880762.888320399,475.823707087398,1,0,0.00800000000000004,1,123,1000,2,"bernoulli","fixed",0.000800000000000004,10,"10*eta0",0.00800000000000004,8.00000000000004,"fixed | 10*eta0"
958,-770147.105913357,463.959558708168,1,0,0.00800000000000004,1,123,1000,2,"bernoulli","fixed",0.000800000000000004,10,"10*eta0",0.00800000000000004,8.00000000000004,"fixed | 10*eta0"
959,-771351.741699218,466.809341027982,1,0,0.00800000000000004,1,123,1000,2,"bernoulli","fixed",0.000800000000000004,10,"10*eta0",0.00800000000000004,8.00000000000004,"fixed | 10*eta0"
960,-906723.80006677,488.027030072902,1,0,0.00800000000000004,1,123,1000,2,"bernoulli","fixed",0.000800000000000004,10,"10*eta0",0.00800000000000004,8.00000000000004,"fixed | 10*eta0"
961,-845069.149902693,472.350973565065,1,0,0.00800000000000004,1,123,1000,2,"bernoulli","fixed",0.000800000000000004,10,"10*eta0",0.00800000000000004,8.00000000000004,"fixed | 10*eta0"
962,-715586.745294078,459.1228836196,1,0,0.00800000000000004,1,123,1000,2,"bernoulli","fixed",0.000800000000000004,10,"10*eta0",0.00800000000000004,8.00000000000004,"fixed | 10*eta0"
963,-869061.069115618,481.54183505911,1,0,0.00800000000000004,1,123,1000,2,"bernoulli","fixed",0.000800000000000004,10,"10*eta0",0.00800000000000004,8.00000000000004,"fixed | 10*eta0"
964,-889981.966885104,478.167173338334,1,0,0.00800000000000004,1,123,1000,2,"bernoulli","fixed",0.000800000000000004,10,"10*eta0",0.00800000000000004,8.00000000000004,"fixed | 10*eta0"
965,-783994.496959738,466.195896539894,1,0,0.00800000000000004,1,123,1000,2,"bernoulli","fixed",0.000800000000000004,10,"10*eta0",0.00800000000000004,8.00000000000004,"fixed | 10*eta0"
966,-748048.88179274,464.118967402832,1,0,0.00800000000000004,1,123,1000,2,"bernoulli","fixed",0.000800000000000004,10,"10*eta0",0.00800000000000004,8.00000000000004,"fixed | 10*eta0"
967,-909821.285871354,488.817089739981,1,0,0.00800000000000004,1,123,1000,2,"bernoulli","fixed",0.000800000000000004,10,"10*eta0",0.00800000000000004,8.00000000000004,"fixed | 10*eta0"
968,-859328.809727944,474.773855669108,1,0,0.00800000000000004,1,123,1000,2,"bernoulli","fixed",0.000800000000000004,10,"10*eta0",0.00800000000000004,8.00000000000004,"fixed | 10*eta0"
969,-724725.222303956,462.280700417675,1,0,0.00800000000000004,1,123,1000,2,"bernoulli","fixed",0.000800000000000004,10,"10*eta0",0.00800000000000004,8.00000000000004,"fixed | 10*eta0"
970,-843150.512342218,471.362404911492,1,0,0.00800000000000004,1,123,1000,2,"bernoulli","fixed",0.000800000000000004,10,"10*eta0",0.00800000000000004,8.00000000000004,"fixed | 10*eta0"
971,-895636.198242146,478.176451166253,1,0,0.00800000000000004,1,123,1000,2,"bernoulli","fixed",0.000800000000000004,10,"10*eta0",0.00800000000000004,8.00000000000004,"fixed | 10*eta0"
972,-804311.925229722,467.895985759809,1,0,0.00800000000000004,1,123,1000,2,"bernoulli","fixed",0.000800000000000004,10,"10*eta0",0.00800000000000004,8.00000000000004,"fixed | 10*eta0"
973,-725928.218212854,462.893276230486,1,0,0.00800000000000004,1,123,1000,2,"bernoulli","fixed",0.000800000000000004,10,"10*eta0",0.00800000000000004,8.00000000000004,"fixed | 10*eta0"
974,-908538.206116503,493.082252042667,1,0,0.00800000000000004,1,123,1000,2,"bernoulli","fixed",0.000800000000000004,10,"10*eta0",0.00800000000000004,8.00000000000004,"fixed | 10*eta0"
975,-867497.283870982,474.644602438438,1,0,0.00800000000000004,1,123,1000,2,"bernoulli","fixed",0.000800000000000004,10,"10*eta0",0.00800000000000004,8.00000000000004,"fixed | 10*eta0"
976,-743479.145813391,461.299203939064,1,0,0.00800000000000004,1,123,1000,2,"bernoulli","fixed",0.000800000000000004,10,"10*eta0",0.00800000000000004,8.00000000000004,"fixed | 10*eta0"
977,-813767.56672647,469.583952116602,1,0,0.00800000000000004,1,123,1000,2,"bernoulli","fixed",0.000800000000000004,10,"10*eta0",0.00800000000000004,8.00000000000004,"fixed | 10*eta0"
978,-901239.116639203,478.605671004632,1,0,0.00800000000000004,1,123,1000,2,"bernoulli","fixed",0.000800000000000004,10,"10*eta0",0.00800000000000004,8.00000000000004,"fixed | 10*eta0"
979,-819723.666675309,469.756717476329,1,0,0.00800000000000004,1,123,1000,2,"bernoulli","fixed",0.000800000000000004,10,"10*eta0",0.00800000000000004,8.00000000000004,"fixed | 10*eta0"
980,-715039.338340239,459.886196600705,1,0,0.00800000000000004,1,123,1000,2,"bernoulli","fixed",0.000800000000000004,10,"10*eta0",0.00800000000000004,8.00000000000004,"fixed | 10*eta0"
981,-899982.460250063,490.768672388945,1,0,0.00800000000000004,1,123,1000,2,"bernoulli","fixed",0.000800000000000004,10,"10*eta0",0.00800000000000004,8.00000000000004,"fixed | 10*eta0"
982,-877419.124465629,477.402539704669,1,0,0.00800000000000004,1,123,1000,2,"bernoulli","fixed",0.000800000000000004,10,"10*eta0",0.00800000000000004,8.00000000000004,"fixed | 10*eta0"
983,-758101.328323874,464.219402178113,1,0,0.00800000000000004,1,123,1000,2,"bernoulli","fixed",0.000800000000000004,10,"10*eta0",0.00800000000000004,8.00000000000004,"fixed | 10*eta0"
984,-787891.772677688,467.786486806839,1,0,0.00800000000000004,1,123,1000,2,"bernoulli","fixed",0.000800000000000004,10,"10*eta0",0.00800000000000004,8.00000000000004,"fixed | 10*eta0"
985,-903978.645459751,484.251542474548,1,0,0.00800000000000004,1,123,1000,2,"bernoulli","fixed",0.000800000000000004,10,"10*eta0",0.00800000000000004,8.00000000000004,"fixed | 10*eta0"
986,-838623.535132213,471.983971000185,1,0,0.00800000000000004,1,123,1000,2,"bernoulli","fixed",0.000800000000000004,10,"10*eta0",0.00800000000000004,8.00000000000004,"fixed | 10*eta0"
987,-711122.141026409,461.645358718006,1,0,0.00800000000000004,1,123,1000,2,"bernoulli","fixed",0.000800000000000004,10,"10*eta0",0.00800000000000004,8.00000000000004,"fixed | 10*eta0"
988,-882132.644061774,483.20179180672,1,0,0.00800000000000004,1,123,1000,2,"bernoulli","fixed",0.000800000000000004,10,"10*eta0",0.00800000000000004,8.00000000000004,"fixed | 10*eta0"
989,-884259.254095731,476.278135929735,1,0,0.00800000000000004,1,123,1000,2,"bernoulli","fixed",0.000800000000000004,10,"10*eta0",0.00800000000000004,8.00000000000004,"fixed | 10*eta0"
990,-777215.749548885,464.731447234404,1,0,0.00800000000000004,1,123,1000,2,"bernoulli","fixed",0.000800000000000004,10,"10*eta0",0.00800000000000004,8.00000000000004,"fixed | 10*eta0"
991,-760459.1384985,465.948039088241,1,0,0.00800000000000004,1,123,1000,2,"bernoulli","fixed",0.000800000000000004,10,"10*eta0",0.00800000000000004,8.00000000000004,"fixed | 10*eta0"
992,-908169.537638331,490.00134747571,1,0,0.00800000000000004,1,123,1000,2,"bernoulli","fixed",0.000800000000000004,10,"10*eta0",0.00800000000000004,8.00000000000004,"fixed | 10*eta0"
993,-850797.107963138,472.944480760633,1,0,0.00800000000000004,1,123,1000,2,"bernoulli","fixed",0.000800000000000004,10,"10*eta0",0.00800000000000004,8.00000000000004,"fixed | 10*eta0"
994,-719532.690843239,459.341653175248,1,0,0.00800000000000004,1,123,1000,2,"bernoulli","fixed",0.000800000000000004,10,"10*eta0",0.00800000000000004,8.00000000000004,"fixed | 10*eta0"
995,-858095.327778016,477.132404645117,1,0,0.00800000000000004,1,123,1000,2,"bernoulli","fixed",0.000800000000000004,10,"10*eta0",0.00800000000000004,8.00000000000004,"fixed | 10*eta0"
996,-893073.171919063,478.181041482017,1,0,0.00800000000000004,1,123,1000,2,"bernoulli","fixed",0.000800000000000004,10,"10*eta0",0.00800000000000004,8.00000000000004,"fixed | 10*eta0"
997,-791398.231641261,466.906246276327,1,0,0.00800000000000004,1,123,1000,2,"bernoulli","fixed",0.000800000000000004,10,"10*eta0",0.00800000000000004,8.00000000000004,"fixed | 10*eta0"
998,-738412.57528064,463.050032745694,1,0,0.00800000000000004,1,123,1000,2,"bernoulli","fixed",0.000800000000000004,10,"10*eta0",0.00800000000000004,8.00000000000004,"fixed | 10*eta0"
999,-910305.459659266,489.958781640096,1,0,0.00800000000000004,1,123,1000,2,"bernoulli","fixed",0.000800000000000004,10,"10*eta0",0.00800000000000004,8.00000000000004,"fixed | 10*eta0"
1000,-863729.628290572,475.513332017888,1,0,0.00800000000000004,1,123,1000,2,"bernoulli","fixed",0.000800000000000004,10,"10*eta0",0.00800000000000004,8.00000000000004,"fixed | 10*eta0"
1001,-731395.559409698,462.647319920517,1,0,0.00800000000000004,1,123,1000,2,"bernoulli","fixed",0.000800000000000004,10,"10*eta0",0.00800000000000004,8.00000000000004,"fixed | 10*eta0"
1002,-831127.039458737,470.682693223086,1,0,0.00800000000000004,1,123,1000,2,"bernoulli","fixed",0.000800000000000004,10,"10*eta0",0.00800000000000004,8.00000000000004,"fixed | 10*eta0"
1003,-897863.039130947,479.780848879166,1,0,0.00800000000000004,1,123,1000,2,"bernoulli","fixed",0.000800000000000004,10,"10*eta0",0.00800000000000004,8.00000000000004,"fixed | 10*eta0"
1004,-811936.798456238,468.819594220114,1,0,0.00800000000000004,1,123,1000,2,"bernoulli","fixed",0.000800000000000004,10,"10*eta0",0.00800000000000004,8.00000000000004,"fixed | 10*eta0"
1005,-719515.124866218,462.432252996122,1,0,0.00800000000000004,1,123,1000,2,"bernoulli","fixed",0.000800000000000004,10,"10*eta0",0.00800000000000004,8.00000000000004,"fixed | 10*eta0"
1006,-905779.789746499,492.338479156607,1,0,0.00800000000000004,1,123,1000,2,"bernoulli","fixed",0.000800000000000004,10,"10*eta0",0.00800000000000004,8.00000000000004,"fixed | 10*eta0"
1007,-871208.278232773,474.971495540091,1,0,0.00800000000000004,1,123,1000,2,"bernoulli","fixed",0.000800000000000004,10,"10*eta0",0.00800000000000004,8.00000000000004,"fixed | 10*eta0"
1008,-750881.577018454,461.993599941574,1,0,0.00800000000000004,1,123,1000,2,"bernoulli","fixed",0.000800000000000004,10,"10*eta0",0.00800000000000004,8.00000000000004,"fixed | 10*eta0"
1009,-801914.52519605,468.893475075753,1,0,0.00800000000000004,1,123,1000,2,"bernoulli","fixed",0.000800000000000004,10,"10*eta0",0.00800000000000004,8.00000000000004,"fixed | 10*eta0"
1010,-902720.53469203,481.423117789619,1,0,0.00800000000000004,1,123,1000,2,"bernoulli","fixed",0.000800000000000004,10,"10*eta0",0.00800000000000004,8.00000000000004,"fixed | 10*eta0"
1011,-827127.694452935,470.514308079569,1,0,0.00800000000000004,1,123,1000,2,"bernoulli","fixed",0.000800000000000004,10,"10*eta0",0.00800000000000004,8.00000000000004,"fixed | 10*eta0"
1012,-712897.342639499,459.425603729016,1,0,0.00800000000000004,1,123,1000,2,"bernoulli","fixed",0.000800000000000004,10,"10*eta0",0.00800000000000004,8.00000000000004,"fixed | 10*eta0"
1013,-893365.687102378,489.252388524776,1,0,0.00800000000000004,1,123,1000,2,"bernoulli","fixed",0.000800000000000004,10,"10*eta0",0.00800000000000004,8.00000000000004,"fixed | 10*eta0"
1014,-880880.134697433,477.711826914351,1,0,0.00800000000000004,1,123,1000,2,"bernoulli","fixed",0.000800000000000004,10,"10*eta0",0.00800000000000004,8.00000000000004,"fixed | 10*eta0"
1015,-765030.024835299,464.662903915621,1,0,0.00800000000000004,1,123,1000,2,"bernoulli","fixed",0.000800000000000004,10,"10*eta0",0.00800000000000004,8.00000000000004,"fixed | 10*eta0"
1016,-776773.381407389,466.870773281061,1,0,0.00800000000000004,1,123,1000,2,"bernoulli","fixed",0.000800000000000004,10,"10*eta0",0.00800000000000004,8.00000000000004,"fixed | 10*eta0"
1017,-905710.670393244,485.420065059045,1,0,0.00800000000000004,1,123,1000,2,"bernoulli","fixed",0.000800000000000004,10,"10*eta0",0.00800000000000004,8.00000000000004,"fixed | 10*eta0"
1018,-844938.381796191,472.712948899286,1,0,0.00800000000000004,1,123,1000,2,"bernoulli","fixed",0.000800000000000004,10,"10*eta0",0.00800000000000004,8.00000000000004,"fixed | 10*eta0"
1019,-712747.30720893,461.68448726992,1,0,0.00800000000000004,1,123,1000,2,"bernoulli","fixed",0.000800000000000004,10,"10*eta0",0.00800000000000004,8.00000000000004,"fixed | 10*eta0"
1020,-872794.873826559,479.764007644737,1,0,0.00800000000000004,1,123,1000,2,"bernoulli","fixed",0.000800000000000004,10,"10*eta0",0.00800000000000004,8.00000000000004,"fixed | 10*eta0"
1021,-887672.11250419,476.604485447123,1,0,0.00800000000000004,1,123,1000,2,"bernoulli","fixed",0.000800000000000004,10,"10*eta0",0.00800000000000004,8.00000000000004,"fixed | 10*eta0"
1022,-784362.761836731,465.536628190585,1,0,0.00800000000000004,1,123,1000,2,"bernoulli","fixed",0.000800000000000004,10,"10*eta0",0.00800000000000004,8.00000000000004,"fixed | 10*eta0"
1023,-749980.080462885,465.053927132387,1,0,0.00800000000000004,1,123,1000,2,"bernoulli","fixed",0.000800000000000004,10,"10*eta0",0.00800000000000004,8.00000000000004,"fixed | 10*eta0"
1024,-909327.649684467,491.581714318926,1,0,0.00800000000000004,1,123,1000,2,"bernoulli","fixed",0.000800000000000004,10,"10*eta0",0.00800000000000004,8.00000000000004,"fixed | 10*eta0"
1025,-855964.768343256,473.483389739508,1,0,0.00800000000000004,1,123,1000,2,"bernoulli","fixed",0.000800000000000004,10,"10*eta0",0.00800000000000004,8.00000000000004,"fixed | 10*eta0"
1026,-724859.065454413,459.720192707421,1,0,0.00800000000000004,1,123,1000,2,"bernoulli","fixed",0.000800000000000004,10,"10*eta0",0.00800000000000004,8.00000000000004,"fixed | 10*eta0"
1027,-846415.789304491,471.826730302945,1,0,0.00800000000000004,1,123,1000,2,"bernoulli","fixed",0.000800000000000004,10,"10*eta0",0.00800000000000004,8.00000000000004,"fixed | 10*eta0"
1028,-895833.285877959,478.10556579725,1,0,0.00800000000000004,1,123,1000,2,"bernoulli","fixed",0.000800000000000004,10,"10*eta0",0.00800000000000004,8.00000000000004,"fixed | 10*eta0"
1029,-799001.971115914,467.65501825979,1,0,0.00800000000000004,1,123,1000,2,"bernoulli","fixed",0.000800000000000004,10,"10*eta0",0.00800000000000004,8.00000000000004,"fixed | 10*eta0"
1030,-729890.89778588,462.023090388096,1,0,0.00800000000000004,1,123,1000,2,"bernoulli","fixed",0.000800000000000004,10,"10*eta0",0.00800000000000004,8.00000000000004,"fixed | 10*eta0"
1031,-909635.815029205,490.601125364645,1,0,0.00800000000000004,1,123,1000,2,"bernoulli","fixed",0.000800000000000004,10,"10*eta0",0.00800000000000004,8.00000000000004,"fixed | 10*eta0"
1032,-867730.862162442,476.153245713246,1,0,0.00800000000000004,1,123,1000,2,"bernoulli","fixed",0.000800000000000004,10,"10*eta0",0.00800000000000004,8.00000000000004,"fixed | 10*eta0"
1033,-738635.319013887,463.056149968696,1,0,0.00800000000000004,1,123,1000,2,"bernoulli","fixed",0.000800000000000004,10,"10*eta0",0.00800000000000004,8.00000000000004,"fixed | 10*eta0"
1034,-819065.676100417,469.961429285818,1,0,0.00800000000000004,1,123,1000,2,"bernoulli","fixed",0.000800000000000004,10,"10*eta0",0.00800000000000004,8.00000000000004,"fixed | 10*eta0"
1035,-899696.525346907,481.090410150426,1,0,0.00800000000000004,1,123,1000,2,"bernoulli","fixed",0.000800000000000004,10,"10*eta0",0.00800000000000004,8.00000000000004,"fixed | 10*eta0"
1036,-819521.281772415,469.734813065839,1,0,0.00800000000000004,1,123,1000,2,"bernoulli","fixed",0.000800000000000004,10,"10*eta0",0.00800000000000004,8.00000000000004,"fixed | 10*eta0"
1037,-714875.90028379,462.070077629832,1,0,0.00800000000000004,1,123,1000,2,"bernoulli","fixed",0.000800000000000004,10,"10*eta0",0.00800000000000004,8.00000000000004,"fixed | 10*eta0"
1038,-901360.408195343,490.819435139834,1,0,0.00800000000000004,1,123,1000,2,"bernoulli","fixed",0.000800000000000004,10,"10*eta0",0.00800000000000004,8.00000000000004,"fixed | 10*eta0"
1039,-874792.488793332,475.248556642039,1,0,0.00800000000000004,1,123,1000,2,"bernoulli","fixed",0.000800000000000004,10,"10*eta0",0.00800000000000004,8.00000000000004,"fixed | 10*eta0"
1040,-758149.083221316,462.70913650314,1,0,0.00800000000000004,1,123,1000,2,"bernoulli","fixed",0.000800000000000004,10,"10*eta0",0.00800000000000004,8.00000000000004,"fixed | 10*eta0"
1041,-790354.846007181,468.160360632404,1,0,0.00800000000000004,1,123,1000,2,"bernoulli","fixed",0.000800000000000004,10,"10*eta0",0.00800000000000004,8.00000000000004,"fixed | 10*eta0"
1042,-904167.940002595,484.044582152333,1,0,0.00800000000000004,1,123,1000,2,"bernoulli","fixed",0.000800000000000004,10,"10*eta0",0.00800000000000004,8.00000000000004,"fixed | 10*eta0"
1043,-834178.833800644,471.234689714844,1,0,0.00800000000000004,1,123,1000,2,"bernoulli","fixed",0.000800000000000004,10,"10*eta0",0.00800000000000004,8.00000000000004,"fixed | 10*eta0"
1044,-712497.727224869,459.156645288143,1,0,0.00800000000000004,1,123,1000,2,"bernoulli","fixed",0.000800000000000004,10,"10*eta0",0.00800000000000004,8.00000000000004,"fixed | 10*eta0"
1045,-885344.405742164,487.059877740892,1,0,0.00800000000000004,1,123,1000,2,"bernoulli","fixed",0.000800000000000004,10,"10*eta0",0.00800000000000004,8.00000000000004,"fixed | 10*eta0"
1046,-884323.030262087,477.946957703041,1,0,0.00800000000000004,1,123,1000,2,"bernoulli","fixed",0.000800000000000004,10,"10*eta0",0.00800000000000004,8.00000000000004,"fixed | 10*eta0"
1047,-771956.500316746,465.121637333832,1,0,0.00800000000000004,1,123,1000,2,"bernoulli","fixed",0.000800000000000004,10,"10*eta0",0.00800000000000004,8.00000000000004,"fixed | 10*eta0"
1048,-765830.482392505,465.89097624604,1,0,0.00800000000000004,1,123,1000,2,"bernoulli","fixed",0.000800000000000004,10,"10*eta0",0.00800000000000004,8.00000000000004,"fixed | 10*eta0"
1049,-907461.706808049,486.522127540542,1,0,0.00800000000000004,1,123,1000,2,"bernoulli","fixed",0.000800000000000004,10,"10*eta0",0.00800000000000004,8.00000000000004,"fixed | 10*eta0"
1050,-850740.352892947,473.382974868234,1,0,0.00800000000000004,1,123,1000,2,"bernoulli","fixed",0.000800000000000004,10,"10*eta0",0.00800000000000004,8.00000000000004,"fixed | 10*eta0"
1051,-715963.524834425,461.826467110079,1,0,0.00800000000000004,1,123,1000,2,"bernoulli","fixed",0.000800000000000004,10,"10*eta0",0.00800000000000004,8.00000000000004,"fixed | 10*eta0"
1052,-862454.885393396,475.703908642479,1,0,0.00800000000000004,1,123,1000,2,"bernoulli","fixed",0.000800000000000004,10,"10*eta0",0.00800000000000004,8.00000000000004,"fixed | 10*eta0"
1053,-890905.446831526,476.790950680788,1,0,0.00800000000000004,1,123,1000,2,"bernoulli","fixed",0.000800000000000004,10,"10*eta0",0.00800000000000004,8.00000000000004,"fixed | 10*eta0"
1054,-791644.21632429,466.381518022867,1,0,0.00800000000000004,1,123,1000,2,"bernoulli","fixed",0.000800000000000004,10,"10*eta0",0.00800000000000004,8.00000000000004,"fixed | 10*eta0"
1055,-740150.077418373,464.148599197258,1,0,0.00800000000000004,1,123,1000,2,"bernoulli","fixed",0.000800000000000004,10,"10*eta0",0.00800000000000004,8.00000000000004,"fixed | 10*eta0"
1056,-909905.619135494,492.668615516332,1,0,0.00800000000000004,1,123,1000,2,"bernoulli","fixed",0.000800000000000004,10,"10*eta0",0.00800000000000004,8.00000000000004,"fixed | 10*eta0"
1057,-860604.919437166,473.964538331554,1,0,0.00800000000000004,1,123,1000,2,"bernoulli","fixed",0.000800000000000004,10,"10*eta0",0.00800000000000004,8.00000000000004,"fixed | 10*eta0"
1058,-731270.319749814,460.23167761524,1,0,0.00800000000000004,1,123,1000,2,"bernoulli","fixed",0.000800000000000004,10,"10*eta0",0.00800000000000004,8.00000000000004,"fixed | 10*eta0"
1059,-834318.893180802,470.672207708234,1,0,0.00800000000000004,1,123,1000,2,"bernoulli","fixed",0.000800000000000004,10,"10*eta0",0.00800000000000004,8.00000000000004,"fixed | 10*eta0"
1060,-898179.569638382,477.948915908033,1,0,0.00800000000000004,1,123,1000,2,"bernoulli","fixed",0.000800000000000004,10,"10*eta0",0.00800000000000004,8.00000000000004,"fixed | 10*eta0"
1061,-806730.19383595,468.431556233103,1,0,0.00800000000000004,1,123,1000,2,"bernoulli","fixed",0.000800000000000004,10,"10*eta0",0.00800000000000004,8.00000000000004,"fixed | 10*eta0"
1062,-722859.300446416,461.095035785283,1,0,0.00800000000000004,1,123,1000,2,"bernoulli","fixed",0.000800000000000004,10,"10*eta0",0.00800000000000004,8.00000000000004,"fixed | 10*eta0"
1063,-907475.949130615,491.437791003594,1,0,0.00800000000000004,1,123,1000,2,"bernoulli","fixed",0.000800000000000004,10,"10*eta0",0.00800000000000004,8.00000000000004,"fixed | 10*eta0"
1064,-871452.43587351,476.694801525305,1,0,0.00800000000000004,1,123,1000,2,"bernoulli","fixed",0.000800000000000004,10,"10*eta0",0.00800000000000004,8.00000000000004,"fixed | 10*eta0"
1065,-746008.39470848,463.484089942974,1,0,0.00800000000000004,1,123,1000,2,"bernoulli","fixed",0.000800000000000004,10,"10*eta0",0.00800000000000004,8.00000000000004,"fixed | 10*eta0"
1066,-807221.469471376,469.196614171608,1,0,0.00800000000000004,1,123,1000,2,"bernoulli","fixed",0.000800000000000004,10,"10*eta0",0.00800000000000004,8.00000000000004,"fixed | 10*eta0"
1067,-901291.915298872,482.265460381308,1,0,0.00800000000000004,1,123,1000,2,"bernoulli","fixed",0.000800000000000004,10,"10*eta0",0.00800000000000004,8.00000000000004,"fixed | 10*eta0"
1068,-826915.698705189,470.616162880041,1,0,0.00800000000000004,1,123,1000,2,"bernoulli","fixed",0.000800000000000004,10,"10*eta0",0.00800000000000004,8.00000000000004,"fixed | 10*eta0"
1069,-712045.000425047,461.819117779177,1,0,0.00800000000000004,1,123,1000,2,"bernoulli","fixed",0.000800000000000004,10,"10*eta0",0.00800000000000004,8.00000000000004,"fixed | 10*eta0"
1070,-895349.289828664,488.559186376495,1,0,0.00800000000000004,1,123,1000,2,"bernoulli","fixed",0.000800000000000004,10,"10*eta0",0.00800000000000004,8.00000000000004,"fixed | 10*eta0"
1071,-878329.303680019,475.481640569591,1,0,0.00800000000000004,1,123,1000,2,"bernoulli","fixed",0.000800000000000004,10,"10*eta0",0.00800000000000004,8.00000000000004,"fixed | 10*eta0"
1072,-765269.809674142,463.441612776214,1,0,0.00800000000000004,1,123,1000,2,"bernoulli","fixed",0.000800000000000004,10,"10*eta0",0.00800000000000004,8.00000000000004,"fixed | 10*eta0"
1073,-779039.786609835,467.378535244613,1,0,0.00800000000000004,1,123,1000,2,"bernoulli","fixed",0.000800000000000004,10,"10*eta0",0.00800000000000004,8.00000000000004,"fixed | 10*eta0"
1074,-905669.988305715,486.48090759539,1,0,0.00800000000000004,1,123,1000,2,"bernoulli","fixed",0.000800000000000004,10,"10*eta0",0.00800000000000004,8.00000000000004,"fixed | 10*eta0"
1075,-840792.168403413,471.91119263741,1,0,0.00800000000000004,1,123,1000,2,"bernoulli","fixed",0.000800000000000004,10,"10*eta0",0.00800000000000004,8.00000000000004,"fixed | 10*eta0"
1076,-713763.741028915,459.073827172729,1,0,0.00800000000000004,1,123,1000,2,"bernoulli","fixed",0.000800000000000004,10,"10*eta0",0.00800000000000004,8.00000000000004,"fixed | 10*eta0"
1077,-876092.820963564,484.080239823809,1,0,0.00800000000000004,1,123,1000,2,"bernoulli","fixed",0.000800000000000004,10,"10*eta0",0.00800000000000004,8.00000000000004,"fixed | 10*eta0"
1078,-887713.243438861,478.10578156609,1,0,0.00800000000000004,1,123,1000,2,"bernoulli","fixed",0.000800000000000004,10,"10*eta0",0.00800000000000004,8.00000000000004,"fixed | 10*eta0"
1079,-779008.066311661,465.729240962639,1,0,0.00800000000000004,1,123,1000,2,"bernoulli","fixed",0.000800000000000004,10,"10*eta0",0.00800000000000004,8.00000000000004,"fixed | 10*eta0"
1080,-755153.55929052,464.85559204032,1,0,0.00800000000000004,1,123,1000,2,"bernoulli","fixed",0.000800000000000004,10,"10*eta0",0.00800000000000004,8.00000000000004,"fixed | 10*eta0"
1081,-909018.409601616,487.954382531058,1,0,0.00800000000000004,1,123,1000,2,"bernoulli","fixed",0.000800000000000004,10,"10*eta0",0.00800000000000004,8.00000000000004,"fixed | 10*eta0"
1082,-856003.816891642,474.206084343395,1,0,0.00800000000000004,1,123,1000,2,"bernoulli","fixed",0.000800000000000004,10,"10*eta0",0.00800000000000004,8.00000000000004,"fixed | 10*eta0"
1083,-720690.771946525,462.065681292496,1,0,0.00800000000000004,1,123,1000,2,"bernoulli","fixed",0.000800000000000004,10,"10*eta0",0.00800000000000004,8.00000000000004,"fixed | 10*eta0"
1084,-851258.370656704,471.807480382928,1,0,0.00800000000000004,1,123,1000,2,"bernoulli","fixed",0.000800000000000004,10,"10*eta0",0.00800000000000004,8.00000000000004,"fixed | 10*eta0"
1085,-893840.080866186,476.829886607176,1,0,0.00800000000000004,1,123,1000,2,"bernoulli","fixed",0.000800000000000004,10,"10*eta0",0.00800000000000004,8.00000000000004,"fixed | 10*eta0"
1086,-799086.461650067,467.266265505794,1,0,0.00800000000000004,1,123,1000,2,"bernoulli","fixed",0.000800000000000004,10,"10*eta0",0.00800000000000004,8.00000000000004,"fixed | 10*eta0"
1087,-731290.610081457,463.266323553702,1,0,0.00800000000000004,1,123,1000,2,"bernoulli","fixed",0.000800000000000004,10,"10*eta0",0.00800000000000004,8.00000000000004,"fixed | 10*eta0"
1088,-909539.80823032,493.153151673758,1,0,0.00800000000000004,1,123,1000,2,"bernoulli","fixed",0.000800000000000004,10,"10*eta0",0.00800000000000004,8.00000000000004,"fixed | 10*eta0"
1089,-864799.432390074,474.386745988831,1,0,0.00800000000000004,1,123,1000,2,"bernoulli","fixed",0.000800000000000004,10,"10*eta0",0.00800000000000004,8.00000000000004,"fixed | 10*eta0"
1090,-738377.955901302,460.840832133733,1,0,0.00800000000000004,1,123,1000,2,"bernoulli","fixed",0.000800000000000004,10,"10*eta0",0.00800000000000004,8.00000000000004,"fixed | 10*eta0"
1091,-822117.859114057,470.039813631755,1,0,0.00800000000000004,1,123,1000,2,"bernoulli","fixed",0.000800000000000004,10,"10*eta0",0.00800000000000004,8.00000000000004,"fixed | 10*eta0"
1092,-900105.95033728,477.730495321358,1,0,0.00800000000000004,1,123,1000,2,"bernoulli","fixed",0.000800000000000004,10,"10*eta0",0.00800000000000004,8.00000000000004,"fixed | 10*eta0"
1093,-814459.415615634,469.218236410617,1,0,0.00800000000000004,1,123,1000,2,"bernoulli","fixed",0.000800000000000004,10,"10*eta0",0.00800000000000004,8.00000000000004,"fixed | 10*eta0"
1094,-717590.113578053,460.317392502617,1,0,0.00800000000000004,1,123,1000,2,"bernoulli","fixed",0.000800000000000004,10,"10*eta0",0.00800000000000004,8.00000000000004,"fixed | 10*eta0"
1095,-903631.691154097,491.354041373493,1,0,0.00800000000000004,1,123,1000,2,"bernoulli","fixed",0.000800000000000004,10,"10*eta0",0.00800000000000004,8.00000000000004,"fixed | 10*eta0"
1096,-875009.555739732,477.143077311169,1,0,0.00800000000000004,1,123,1000,2,"bernoulli","fixed",0.000800000000000004,10,"10*eta0",0.00800000000000004,8.00000000000004,"fixed | 10*eta0"
1097,-753234.478363867,463.917750435855,1,0,0.00800000000000004,1,123,1000,2,"bernoulli","fixed",0.000800000000000004,10,"10*eta0",0.00800000000000004,8.00000000000004,"fixed | 10*eta0"
1098,-795692.666011889,468.382333335653,1,0,0.00800000000000004,1,123,1000,2,"bernoulli","fixed",0.000800000000000004,10,"10*eta0",0.00800000000000004,8.00000000000004,"fixed | 10*eta0"
1099,-902848.764691512,483.431041930724,1,0,0.00800000000000004,1,123,1000,2,"bernoulli","fixed",0.000800000000000004,10,"10*eta0",0.00800000000000004,8.00000000000004,"fixed | 10*eta0"
1100,-833983.456957793,471.445500266113,1,0,0.00800000000000004,1,123,1000,2,"bernoulli","fixed",0.000800000000000004,10,"10*eta0",0.00800000000000004,8.00000000000004,"fixed | 10*eta0"
1101,-710934.630201151,461.679347701722,1,0,0.00800000000000004,1,123,1000,2,"bernoulli","fixed",0.000800000000000004,10,"10*eta0",0.00800000000000004,8.00000000000004,"fixed | 10*eta0"
1102,-887949.458119738,485.616293155134,1,0,0.00800000000000004,1,123,1000,2,"bernoulli","fixed",0.000800000000000004,10,"10*eta0",0.00800000000000004,8.00000000000004,"fixed | 10*eta0"
1103,-881848.172147373,475.977269079083,1,0,0.00800000000000004,1,123,1000,2,"bernoulli","fixed",0.000800000000000004,10,"10*eta0",0.00800000000000004,8.00000000000004,"fixed | 10*eta0"
1104,-772327.56873303,464.195044251873,1,0,0.00800000000000004,1,123,1000,2,"bernoulli","fixed",0.000800000000000004,10,"10*eta0",0.00800000000000004,8.00000000000004,"fixed | 10*eta0"
1105,-767951.592427996,466.547535082726,1,0,0.00800000000000004,1,123,1000,2,"bernoulli","fixed",0.000800000000000004,10,"10*eta0",0.00800000000000004,8.00000000000004,"fixed | 10*eta0"
1106,-907187.12331548,488.673703439298,1,0,0.00800000000000004,1,123,1000,2,"bernoulli","fixed",0.000800000000000004,10,"10*eta0",0.00800000000000004,8.00000000000004,"fixed | 10*eta0"
1107,-846899.095103847,472.539989118353,1,0,0.00800000000000004,1,123,1000,2,"bernoulli","fixed",0.000800000000000004,10,"10*eta0",0.00800000000000004,8.00000000000004,"fixed | 10*eta0"
1108,-716645.918544609,459.172264968993,1,0,0.00800000000000004,1,123,1000,2,"bernoulli","fixed",0.000800000000000004,10,"10*eta0",0.00800000000000004,8.00000000000004,"fixed | 10*eta0"
1109,-865763.912437247,480.27363717916,1,0,0.00800000000000004,1,123,1000,2,"bernoulli","fixed",0.000800000000000004,10,"10*eta0",0.00800000000000004,8.00000000000004,"fixed | 10*eta0"
1110,-890965.942499742,478.181078717976,1,0,0.00800000000000004,1,123,1000,2,"bernoulli","fixed",0.000800000000000004,10,"10*eta0",0.00800000000000004,8.00000000000004,"fixed | 10*eta0"
1111,-786259.117609515,466.411022589494,1,0,0.00800000000000004,1,123,1000,2,"bernoulli","fixed",0.000800000000000004,10,"10*eta0",0.00800000000000004,8.00000000000004,"fixed | 10*eta0"
1112,-744975.596294293,463.787342372743,1,0,0.00800000000000004,1,123,1000,2,"bernoulli","fixed",0.000800000000000004,10,"10*eta0",0.00800000000000004,8.00000000000004,"fixed | 10*eta0"
1113,-910070.664644293,489.222938774292,1,0,0.00800000000000004,1,123,1000,2,"bernoulli","fixed",0.000800000000000004,10,"10*eta0",0.00800000000000004,8.00000000000004,"fixed | 10*eta0"
1114,-860738.091148444,475.012941719914,1,0,0.00800000000000004,1,123,1000,2,"bernoulli","fixed",0.000800000000000004,10,"10*eta0",0.00800000000000004,8.00000000000004,"fixed | 10*eta0"
1115,-726697.433020711,462.387913894732,1,0,0.00800000000000004,1,123,1000,2,"bernoulli","fixed",0.000800000000000004,10,"10*eta0",0.00800000000000004,8.00000000000004,"fixed | 10*eta0"
1116,-839458.401176824,471.156776273714,1,0,0.00800000000000004,1,123,1000,2,"bernoulli","fixed",0.000800000000000004,10,"10*eta0",0.00800000000000004,8.00000000000004,"fixed | 10*eta0"
1117,-896371.490250682,478.712661439693,1,0,0.00800000000000004,1,123,1000,2,"bernoulli","fixed",0.000800000000000004,10,"10*eta0",0.00800000000000004,8.00000000000004,"fixed | 10*eta0"
1118,-806664.519051843,468.180738115703,1,0,0.00800000000000004,1,123,1000,2,"bernoulli","fixed",0.000800000000000004,10,"10*eta0",0.00800000000000004,8.00000000000004,"fixed | 10*eta0"
1119,-723766.164460247,462.741582873296,1,0,0.00800000000000004,1,123,1000,2,"bernoulli","fixed",0.000800000000000004,10,"10*eta0",0.00800000000000004,8.00000000000004,"fixed | 10*eta0"
1120,-907858.696908249,492.934967922747,1,0,0.00800000000000004,1,123,1000,2,"bernoulli","fixed",0.000800000000000004,10,"10*eta0",0.00800000000000004,8.00000000000004,"fixed | 10*eta0"
1121,-868664.23603771,474.751309884685,1,0,0.00800000000000004,1,123,1000,2,"bernoulli","fixed",0.000800000000000004,10,"10*eta0",0.00800000000000004,8.00000000000004,"fixed | 10*eta0"
1122,-745773.791015904,461.510762727575,1,0,0.00800000000000004,1,123,1000,2,"bernoulli","fixed",0.000800000000000004,10,"10*eta0",0.00800000000000004,8.00000000000004,"fixed | 10*eta0"
1123,-810072.116565489,469.374650380568,1,0,0.00800000000000004,1,123,1000,2,"bernoulli","fixed",0.000800000000000004,10,"10*eta0",0.00800000000000004,8.00000000000004,"fixed | 10*eta0"
1124,-901710.290234289,479.501494161114,1,0,0.00800000000000004,1,123,1000,2,"bernoulli","fixed",0.000800000000000004,10,"10*eta0",0.00800000000000004,8.00000000000004,"fixed | 10*eta0"
1125,-822043.572617864,469.994184082898,1,0,0.00800000000000004,1,123,1000,2,"bernoulli","fixed",0.000800000000000004,10,"10*eta0",0.00800000000000004,8.00000000000004,"fixed | 10*eta0"
1126,-714184.936126418,459.723105453212,1,0,0.00800000000000004,1,123,1000,2,"bernoulli","fixed",0.000800000000000004,10,"10*eta0",0.00800000000000004,8.00000000000004,"fixed | 10*eta0"
1127,-898099.353139502,490.37220003095,1,0,0.00800000000000004,1,123,1000,2,"bernoulli","fixed",0.000800000000000004,10,"10*eta0",0.00800000000000004,8.00000000000004,"fixed | 10*eta0"
1128,-878490.864937358,477.506231856736,1,0,0.00800000000000004,1,123,1000,2,"bernoulli","fixed",0.000800000000000004,10,"10*eta0",0.00800000000000004,8.00000000000004,"fixed | 10*eta0"
1129,-760252.208668557,464.35532854418,1,0,0.00800000000000004,1,123,1000,2,"bernoulli","fixed",0.000800000000000004,10,"10*eta0",0.00800000000000004,8.00000000000004,"fixed | 10*eta0"
1130,-784436.426515287,467.510369623246,1,0,0.00800000000000004,1,123,1000,2,"bernoulli","fixed",0.000800000000000004,10,"10*eta0",0.00800000000000004,8.00000000000004,"fixed | 10*eta0"
1131,-904503.537851168,484.618440792331,1,0,0.00800000000000004,1,123,1000,2,"bernoulli","fixed",0.000800000000000004,10,"10*eta0",0.00800000000000004,8.00000000000004,"fixed | 10*eta0"
1132,-840627.642439126,472.215584169601,1,0,0.00800000000000004,1,123,1000,2,"bernoulli","fixed",0.000800000000000004,10,"10*eta0",0.00800000000000004,8.00000000000004,"fixed | 10*eta0"
1133,-711453.68893837,461.646353586383,1,0,0.00800000000000004,1,123,1000,2,"bernoulli","fixed",0.000800000000000004,10,"10*eta0",0.00800000000000004,8.00000000000004,"fixed | 10*eta0"
1134,-879359.351398847,482.147849526134,1,0,0.00800000000000004,1,123,1000,2,"bernoulli","fixed",0.000800000000000004,10,"10*eta0",0.00800000000000004,8.00000000000004,"fixed | 10*eta0"
1135,-885326.741787905,476.393191227131,1,0,0.00800000000000004,1,123,1000,2,"bernoulli","fixed",0.000800000000000004,10,"10*eta0",0.00800000000000004,8.00000000000004,"fixed | 10*eta0"
1136,-779413.275716581,464.976383635924,1,0,0.00800000000000004,1,123,1000,2,"bernoulli","fixed",0.000800000000000004,10,"10*eta0",0.00800000000000004,8.00000000000004,"fixed | 10*eta0"
1137,-757167.07583586,465.674413746523,1,0,0.00800000000000004,1,123,1000,2,"bernoulli","fixed",0.000800000000000004,10,"10*eta0",0.00800000000000004,8.00000000000004,"fixed | 10*eta0"
1138,-908570.147196373,490.5362516287,1,0,0.00800000000000004,1,123,1000,2,"bernoulli","fixed",0.000800000000000004,10,"10*eta0",0.00800000000000004,8.00000000000004,"fixed | 10*eta0"
1139,-852453.608080316,473.117047965453,1,0,0.00800000000000004,1,123,1000,2,"bernoulli","fixed",0.000800000000000004,10,"10*eta0",0.00800000000000004,8.00000000000004,"fixed | 10*eta0"
1140,-721043.010644063,459.442629721362,1,0,0.00800000000000004,1,123,1000,2,"bernoulli","fixed",0.000800000000000004,10,"10*eta0",0.00800000000000004,8.00000000000004,"fixed | 10*eta0"
1141,-854548.854526129,475.588459104021,1,0,0.00800000000000004,1,123,1000,2,"bernoulli","fixed",0.000800000000000004,10,"10*eta0",0.00800000000000004,8.00000000000004,"fixed | 10*eta0"
1142,-893966.477761701,478.167082397242,1,0,0.00800000000000004,1,123,1000,2,"bernoulli","fixed",0.000800000000000004,10,"10*eta0",0.00800000000000004,8.00000000000004,"fixed | 10*eta0"
1143,-793729.358817173,467.133903931234,1,0,0.00800000000000004,1,123,1000,2,"bernoulli","fixed",0.000800000000000004,10,"10*eta0",0.00800000000000004,8.00000000000004,"fixed | 10*eta0"
1144,-735641.267705262,462.725551653209,1,0,0.00800000000000004,1,123,1000,2,"bernoulli","fixed",0.000800000000000004,10,"10*eta0",0.00800000000000004,8.00000000000004,"fixed | 10*eta0"
1145,-910239.296238717,490.203262721202,1,0,0.00800000000000004,1,123,1000,2,"bernoulli","fixed",0.000800000000000004,10,"10*eta0",0.00800000000000004,8.00000000000004,"fixed | 10*eta0"
1146,-865003.574627148,475.721760498869,1,0,0.00800000000000004,1,123,1000,2,"bernoulli","fixed",0.000800000000000004,10,"10*eta0",0.00800000000000004,8.00000000000004,"fixed | 10*eta0"
1147,-733594.378741942,462.770374806665,1,0,0.00800000000000004,1,123,1000,2,"bernoulli","fixed",0.000800000000000004,10,"10*eta0",0.00800000000000004,8.00000000000004,"fixed | 10*eta0"
1148,-827388.861805796,470.464233290497,1,0,0.00800000000000004,1,123,1000,2,"bernoulli","fixed",0.000800000000000004,10,"10*eta0",0.00800000000000004,8.00000000000004,"fixed | 10*eta0"
1149,-898466.352643215,480.20970942819,1,0,0.00800000000000004,1,123,1000,2,"bernoulli","fixed",0.000800000000000004,10,"10*eta0",0.00800000000000004,8.00000000000004,"fixed | 10*eta0"
1150,-814292.014702957,469.10460646299,1,0,0.00800000000000004,1,123,1000,2,"bernoulli","fixed",0.000800000000000004,10,"10*eta0",0.00800000000000004,8.00000000000004,"fixed | 10*eta0"
1151,-717886.851202115,462.308889520563,1,0,0.00800000000000004,1,123,1000,2,"bernoulli","fixed",0.000800000000000004,10,"10*eta0",0.00800000000000004,8.00000000000004,"fixed | 10*eta0"
1152,-904591.9477548,491.951176731836,1,0,0.00800000000000004,1,123,1000,2,"bernoulli","fixed",0.000800000000000004,10,"10*eta0",0.00800000000000004,8.00000000000004,"fixed | 10*eta0"
1153,-872324.979750326,475.062161880923,1,0,0.00800000000000004,1,123,1000,2,"bernoulli","fixed",0.000800000000000004,10,"10*eta0",0.00800000000000004,8.00000000000004,"fixed | 10*eta0"
1154,-753145.709002139,462.212926348905,1,0,0.00800000000000004,1,123,1000,2,"bernoulli","fixed",0.000800000000000004,10,"10*eta0",0.00800000000000004,8.00000000000004,"fixed | 10*eta0"
1155,-798312.213551111,468.67179469399,1,0,0.00800000000000004,1,123,1000,2,"bernoulli","fixed",0.000800000000000004,10,"10*eta0",0.00800000000000004,8.00000000000004,"fixed | 10*eta0"
1156,-903164.998516779,482.25204246563,1,0,0.00800000000000004,1,123,1000,2,"bernoulli","fixed",0.000800000000000004,10,"10*eta0",0.00800000000000004,8.00000000000004,"fixed | 10*eta0"
1157,-829349.010048096,470.741342690331,1,0,0.00800000000000004,1,123,1000,2,"bernoulli","fixed",0.000800000000000004,10,"10*eta0",0.00800000000000004,8.00000000000004,"fixed | 10*eta0"
1158,-712592.369581281,459.322282541318,1,0,0.00800000000000004,1,123,1000,2,"bernoulli","fixed",0.000800000000000004,10,"10*eta0",0.00800000000000004,8.00000000000004,"fixed | 10*eta0"
1159,-891027.601981931,488.658219559392,1,0,0.00800000000000004,1,123,1000,2,"bernoulli","fixed",0.000800000000000004,10,"10*eta0",0.00800000000000004,8.00000000000004,"fixed | 10*eta0"
1160,-881946.676954628,477.792365508486,1,0,0.00800000000000004,1,123,1000,2,"bernoulli","fixed",0.000800000000000004,10,"10*eta0",0.00800000000000004,8.00000000000004,"fixed | 10*eta0"
1161,-767164.136056053,464.802695872088,1,0,0.00800000000000004,1,123,1000,2,"bernoulli","fixed",0.000800000000000004,10,"10*eta0",0.00800000000000004,8.00000000000004,"fixed | 10*eta0"
1162,-773371.241514453,466.57463558453,1,0,0.00800000000000004,1,123,1000,2,"bernoulli","fixed",0.000800000000000004,10,"10*eta0",0.00800000000000004,8.00000000000004,"fixed | 10*eta0"
1163,-906257.693358769,485.762444209955,1,0,0.00800000000000004,1,123,1000,2,"bernoulli","fixed",0.000800000000000004,10,"10*eta0",0.00800000000000004,8.00000000000004,"fixed | 10*eta0"
1164,-846787.980854343,472.926352511718,1,0,0.00800000000000004,1,123,1000,2,"bernoulli","fixed",0.000800000000000004,10,"10*eta0",0.00800000000000004,8.00000000000004,"fixed | 10*eta0"
1165,-713572.831689478,461.717516102415,1,0,0.00800000000000004,1,123,1000,2,"bernoulli","fixed",0.000800000000000004,10,"10*eta0",0.00800000000000004,8.00000000000004,"fixed | 10*eta0"
1166,-869701.191663176,478.588211642691,1,0,0.00800000000000004,1,123,1000,2,"bernoulli","fixed",0.000800000000000004,10,"10*eta0",0.00800000000000004,8.00000000000004,"fixed | 10*eta0"
1167,-888695.931391067,476.677588333319,1,0,0.00800000000000004,1,123,1000,2,"bernoulli","fixed",0.000800000000000004,10,"10*eta0",0.00800000000000004,8.00000000000004,"fixed | 10*eta0"
1168,-786596.846683435,465.793334800933,1,0,0.00800000000000004,1,123,1000,2,"bernoulli","fixed",0.000800000000000004,10,"10*eta0",0.00800000000000004,8.00000000000004,"fixed | 10*eta0"
1169,-746859.239009378,464.773992317152,1,0,0.00800000000000004,1,123,1000,2,"bernoulli","fixed",0.000800000000000004,10,"10*eta0",0.00800000000000004,8.00000000000004,"fixed | 10*eta0"
1170,-909584.080584271,491.975295447001,1,0,0.00800000000000004,1,123,1000,2,"bernoulli","fixed",0.000800000000000004,10,"10*eta0",0.00800000000000004,8.00000000000004,"fixed | 10*eta0"
1171,-857452.260096853,473.638362765058,1,0,0.00800000000000004,1,123,1000,2,"bernoulli","fixed",0.000800000000000004,10,"10*eta0",0.00800000000000004,8.00000000000004,"fixed | 10*eta0"
1172,-726741.432734359,459.865599410637,1,0,0.00800000000000004,1,123,1000,2,"bernoulli","fixed",0.000800000000000004,10,"10*eta0",0.00800000000000004,8.00000000000004,"fixed | 10*eta0"
1173,-842706.842155184,471.090830025673,1,0,0.00800000000000004,1,123,1000,2,"bernoulli","fixed",0.000800000000000004,10,"10*eta0",0.00800000000000004,8.00000000000004,"fixed | 10*eta0"
1174,-896604.807772613,478.065141414209,1,0,0.00800000000000004,1,123,1000,2,"bernoulli","fixed",0.000800000000000004,10,"10*eta0",0.00800000000000004,8.00000000000004,"fixed | 10*eta0"
1175,-801382.171038568,467.892759033483,1,0,0.00800000000000004,1,123,1000,2,"bernoulli","fixed",0.000800000000000004,10,"10*eta0",0.00800000000000004,8.00000000000004,"fixed | 10*eta0"
1176,-727543.029075331,461.723062607467,1,0,0.00800000000000004,1,123,1000,2,"bernoulli","fixed",0.000800000000000004,10,"10*eta0",0.00800000000000004,8.00000000000004,"fixed | 10*eta0"
1177,-909139.935341864,490.957404034189,1,0,0.00800000000000004,1,123,1000,2,"bernoulli","fixed",0.000800000000000004,10,"10*eta0",0.00800000000000004,8.00000000000004,"fixed | 10*eta0"
1178,-868905.218225074,476.3309614967,1,0,0.00800000000000004,1,123,1000,2,"bernoulli","fixed",0.000800000000000004,10,"10*eta0",0.00800000000000004,8.00000000000004,"fixed | 10*eta0"
1179,-740917.007087942,463.187230099164,1,0,0.00800000000000004,1,123,1000,2,"bernoulli","fixed",0.000800000000000004,10,"10*eta0",0.00800000000000004,8.00000000000004,"fixed | 10*eta0"
1180,-815373.900456492,469.729899869052,1,0,0.00800000000000004,1,123,1000,2,"bernoulli","fixed",0.000800000000000004,10,"10*eta0",0.00800000000000004,8.00000000000004,"fixed | 10*eta0"
1181,-900205.656609214,481.460736104353,1,0,0.00800000000000004,1,123,1000,2,"bernoulli","fixed",0.000800000000000004,10,"10*eta0",0.00800000000000004,8.00000000000004,"fixed | 10*eta0"
1182,-821833.90890936,470.011874649026,1,0,0.00800000000000004,1,123,1000,2,"bernoulli","fixed",0.000800000000000004,10,"10*eta0",0.00800000000000004,8.00000000000004,"fixed | 10*eta0"
1183,-713810.588767277,461.980455315295,1,0,0.00800000000000004,1,123,1000,2,"bernoulli","fixed",0.000800000000000004,10,"10*eta0",0.00800000000000004,8.00000000000004,"fixed | 10*eta0"
1184,-899664.476974648,490.197278905332,1,0,0.00800000000000004,1,123,1000,2,"bernoulli","fixed",0.000800000000000004,10,"10*eta0",0.00800000000000004,8.00000000000004,"fixed | 10*eta0"
1185,-875888.244537069,475.325048446575,1,0,0.00800000000000004,1,123,1000,2,"bernoulli","fixed",0.000800000000000004,10,"10*eta0",0.00800000000000004,8.00000000000004,"fixed | 10*eta0"
1186,-760362.506840237,462.933620921003,1,0,0.00800000000000004,1,123,1000,2,"bernoulli","fixed",0.000800000000000004,10,"10*eta0",0.00800000000000004,8.00000000000004,"fixed | 10*eta0"
1187,-786833.979556452,467.924091665681,1,0,0.00800000000000004,1,123,1000,2,"bernoulli","fixed",0.000800000000000004,10,"10*eta0",0.00800000000000004,8.00000000000004,"fixed | 10*eta0"
1188,-904625.653224213,484.819043857952,1,0,0.00800000000000004,1,123,1000,2,"bernoulli","fixed",0.000800000000000004,10,"10*eta0",0.00800000000000004,8.00000000000004,"fixed | 10*eta0"
1189,-836273.006621011,471.448651811254,1,0,0.00800000000000004,1,123,1000,2,"bernoulli","fixed",0.000800000000000004,10,"10*eta0",0.00800000000000004,8.00000000000004,"fixed | 10*eta0"
1190,-712713.443466039,459.111395239229,1,0,0.00800000000000004,1,123,1000,2,"bernoulli","fixed",0.000800000000000004,10,"10*eta0",0.00800000000000004,8.00000000000004,"fixed | 10*eta0"
1191,-882609.354830681,486.224120266417,1,0,0.00800000000000004,1,123,1000,2,"bernoulli","fixed",0.000800000000000004,10,"10*eta0",0.00800000000000004,8.00000000000004,"fixed | 10*eta0"
1192,-885379.527168464,478.004480434325,1,0,0.00800000000000004,1,123,1000,2,"bernoulli","fixed",0.000800000000000004,10,"10*eta0",0.00800000000000004,8.00000000000004,"fixed | 10*eta0"
1193,-774117.987356633,465.281130027859,1,0,0.00800000000000004,1,123,1000,2,"bernoulli","fixed",0.000800000000000004,10,"10*eta0",0.00800000000000004,8.00000000000004,"fixed | 10*eta0"
1194,-762494.030466581,465.576166713197,1,0,0.00800000000000004,1,123,1000,2,"bernoulli","fixed",0.000800000000000004,10,"10*eta0",0.00800000000000004,8.00000000000004,"fixed | 10*eta0"
1195,-907976.264628284,486.994296608281,1,0,0.00800000000000004,1,123,1000,2,"bernoulli","fixed",0.000800000000000004,10,"10*eta0",0.00800000000000004,8.00000000000004,"fixed | 10*eta0"
1196,-852425.065481268,473.593940666247,1,0,0.00800000000000004,1,123,1000,2,"bernoulli","fixed",0.000800000000000004,10,"10*eta0",0.00800000000000004,8.00000000000004,"fixed | 10*eta0"
1197,-717270.603841017,461.890487365885,1,0,0.00800000000000004,1,123,1000,2,"bernoulli","fixed",0.000800000000000004,10,"10*eta0",0.00800000000000004,8.00000000000004,"fixed | 10*eta0"
1198,-859076.300806452,474.297129480038,1,0,0.00800000000000004,1,123,1000,2,"bernoulli","fixed",0.000800000000000004,10,"10*eta0",0.00800000000000004,8.00000000000004,"fixed | 10*eta0"
1199,-891849.962949165,476.818790316091,1,0,0.00800000000000004,1,123,1000,2,"bernoulli","fixed",0.000800000000000004,10,"10*eta0",0.00800000000000004,8.00000000000004,"fixed | 10*eta0"
1200,-793927.16851891,466.650958836558,1,0,0.00800000000000004,1,123,1000,2,"bernoulli","fixed",0.000800000000000004,10,"10*eta0",0.00800000000000004,8.00000000000004,"fixed | 10*eta0"
1201,-737291.446746762,463.871501244778,1,0,0.00800000000000004,1,123,1000,2,"bernoulli","fixed",0.000800000000000004,10,"10*eta0",0.00800000000000004,8.00000000000004,"fixed | 10*eta0"
1202,-909911.367216765,492.887782192643,1,0,0.00800000000000004,1,123,1000,2,"bernoulli","fixed",0.000800000000000004,10,"10*eta0",0.00800000000000004,8.00000000000004,"fixed | 10*eta0"
1203,-861943.964357534,474.10131356572,1,0,0.00800000000000004,1,123,1000,2,"bernoulli","fixed",0.000800000000000004,10,"10*eta0",0.00800000000000004,8.00000000000004,"fixed | 10*eta0"
1204,-733412.28053381,460.411291603034,1,0,0.00800000000000004,1,123,1000,2,"bernoulli","fixed",0.000800000000000004,10,"10*eta0",0.00800000000000004,8.00000000000004,"fixed | 10*eta0"
1205,-830545.157210299,470.480112820967,1,0,0.00800000000000004,1,123,1000,2,"bernoulli","fixed",0.000800000000000004,10,"10*eta0",0.00800000000000004,8.00000000000004,"fixed | 10*eta0"
1206,-898817.30744205,477.886799051926,1,0,0.00800000000000004,1,123,1000,2,"bernoulli","fixed",0.000800000000000004,10,"10*eta0",0.00800000000000004,8.00000000000004,"fixed | 10*eta0"
1207,-809125.606021856,468.67456836108,1,0,0.00800000000000004,1,123,1000,2,"bernoulli","fixed",0.000800000000000004,10,"10*eta0",0.00800000000000004,8.00000000000004,"fixed | 10*eta0"
1208,-721034.204586948,460.836636620076,1,0,0.00800000000000004,1,123,1000,2,"bernoulli","fixed",0.000800000000000004,10,"10*eta0",0.00800000000000004,8.00000000000004,"fixed | 10*eta0"
1209,-906471.662672595,491.510028484394,1,0,0.00800000000000004,1,123,1000,2,"bernoulli","fixed",0.000800000000000004,10,"10*eta0",0.00800000000000004,8.00000000000004,"fixed | 10*eta0"
1210,-872564.593331675,476.842973012267,1,0,0.00800000000000004,1,123,1000,2,"bernoulli","fixed",0.000800000000000004,10,"10*eta0",0.00800000000000004,8.00000000000004,"fixed | 10*eta0"
1211,-748264.57212165,463.617804696214,1,0,0.00800000000000004,1,123,1000,2,"bernoulli","fixed",0.000800000000000004,10,"10*eta0",0.00800000000000004,8.00000000000004,"fixed | 10*eta0"
1212,-803624.519419324,468.950599144214,1,0,0.00800000000000004,1,123,1000,2,"bernoulli","fixed",0.000800000000000004,10,"10*eta0",0.00800000000000004,8.00000000000004,"fixed | 10*eta0"
1213,-901768.652733068,482.62310368279,1,0,0.00800000000000004,1,123,1000,2,"bernoulli","fixed",0.000800000000000004,10,"10*eta0",0.00800000000000004,8.00000000000004,"fixed | 10*eta0"
1214,-829140.368846675,470.878583431674,1,0,0.00800000000000004,1,123,1000,2,"bernoulli","fixed",0.000800000000000004,10,"10*eta0",0.00800000000000004,8.00000000000004,"fixed | 10*eta0"
1215,-711523.35133334,461.764249609286,1,0,0.00800000000000004,1,123,1000,2,"bernoulli","fixed",0.000800000000000004,10,"10*eta0",0.00800000000000004,8.00000000000004,"fixed | 10*eta0"
1216,-893200.017760716,487.720139817906,1,0,0.00800000000000004,1,123,1000,2,"bernoulli","fixed",0.000800000000000004,10,"10*eta0",0.00800000000000004,8.00000000000004,"fixed | 10*eta0"
1217,-879418.830869553,475.618001097345,1,0,0.00800000000000004,1,123,1000,2,"bernoulli","fixed",0.000800000000000004,10,"10*eta0",0.00800000000000004,8.00000000000004,"fixed | 10*eta0"
1218,-767453.234694033,463.671943074248,1,0,0.00800000000000004,1,123,1000,2,"bernoulli","fixed",0.000800000000000004,10,"10*eta0",0.00800000000000004,8.00000000000004,"fixed | 10*eta0"
1219,-775587.035615249,467.126770829878,1,0,0.00800000000000004,1,123,1000,2,"bernoulli","fixed",0.000800000000000004,10,"10*eta0",0.00800000000000004,8.00000000000004,"fixed | 10*eta0"
1220,-906142.382629922,487.188458259332,1,0,0.00800000000000004,1,123,1000,2,"bernoulli","fixed",0.000800000000000004,10,"10*eta0",0.00800000000000004,8.00000000000004,"fixed | 10*eta0"
1221,-842736.443704613,472.11080002609,1,0,0.00800000000000004,1,123,1000,2,"bernoulli","fixed",0.000800000000000004,10,"10*eta0",0.00800000000000004,8.00000000000004,"fixed | 10*eta0"
1222,-714484.854102182,459.08517604331,1,0,0.00800000000000004,1,123,1000,2,"bernoulli","fixed",0.000800000000000004,10,"10*eta0",0.00800000000000004,8.00000000000004,"fixed | 10*eta0"
1223,-873007.906820145,482.994679968806,1,0,0.00800000000000004,1,123,1000,2,"bernoulli","fixed",0.000800000000000004,10,"10*eta0",0.00800000000000004,8.00000000000004,"fixed | 10*eta0"
1224,-888738.251478596,478.138332539328,1,0,0.00800000000000004,1,123,1000,2,"bernoulli","fixed",0.000800000000000004,10,"10*eta0",0.00800000000000004,8.00000000000004,"fixed | 10*eta0"
1225,-781225.82138156,465.935582759081,1,0,0.00800000000000004,1,123,1000,2,"bernoulli","fixed",0.000800000000000004,10,"10*eta0",0.00800000000000004,8.00000000000004,"fixed | 10*eta0"
1226,-751940.308703261,464.52743728965,1,0,0.00800000000000004,1,123,1000,2,"bernoulli","fixed",0.000800000000000004,10,"10*eta0",0.00800000000000004,8.00000000000004,"fixed | 10*eta0"
1227,-909414.208360901,488.33272280367,1,0,0.00800000000000004,1,123,1000,2,"bernoulli","fixed",0.000800000000000004,10,"10*eta0",0.00800000000000004,8.00000000000004,"fixed | 10*eta0"
1228,-857521.770497881,474.465668303063,1,0,0.00800000000000004,1,123,1000,2,"bernoulli","fixed",0.000800000000000004,10,"10*eta0",0.00800000000000004,8.00000000000004,"fixed | 10*eta0"
1229,-722426.049306649,462.157331217408,1,0,0.00800000000000004,1,123,1000,2,"bernoulli","fixed",0.000800000000000004,10,"10*eta0",0.00800000000000004,8.00000000000004,"fixed | 10*eta0"
1230,-847661.234850922,471.610906170231,1,0,0.00800000000000004,1,123,1000,2,"bernoulli","fixed",0.000800000000000004,10,"10*eta0",0.00800000000000004,8.00000000000004,"fixed | 10*eta0"
1231,-894669.002335509,477.457250221213,1,0,0.00800000000000004,1,123,1000,2,"bernoulli","fixed",0.000800000000000004,10,"10*eta0",0.00800000000000004,8.00000000000004,"fixed | 10*eta0"
1232,-801416.910360298,467.546494133021,1,0,0.00800000000000004,1,123,1000,2,"bernoulli","fixed",0.000800000000000004,10,"10*eta0",0.00800000000000004,8.00000000000004,"fixed | 10*eta0"
1233,-728805.949934721,463.090269426106,1,0,0.00800000000000004,1,123,1000,2,"bernoulli","fixed",0.000800000000000004,10,"10*eta0",0.00800000000000004,8.00000000000004,"fixed | 10*eta0"
1234,-909176.334078672,493.164678599028,1,0,0.00800000000000004,1,123,1000,2,"bernoulli","fixed",0.000800000000000004,10,"10*eta0",0.00800000000000004,8.00000000000004,"fixed | 10*eta0"
1235,-866023.190831872,474.50544155112,1,0,0.00800000000000004,1,123,1000,2,"bernoulli","fixed",0.000800000000000004,10,"10*eta0",0.00800000000000004,8.00000000000004,"fixed | 10*eta0"
1236,-740650.517059983,461.042979276818,1,0,0.00800000000000004,1,123,1000,2,"bernoulli","fixed",0.000800000000000004,10,"10*eta0",0.00800000000000004,8.00000000000004,"fixed | 10*eta0"
1237,-818369.248738949,469.837888426349,1,0,0.00800000000000004,1,123,1000,2,"bernoulli","fixed",0.000800000000000004,10,"10*eta0",0.00800000000000004,8.00000000000004,"fixed | 10*eta0"
1238,-900628.968373112,477.654853083794,1,0,0.00800000000000004,1,123,1000,2,"bernoulli","fixed",0.000800000000000004,10,"10*eta0",0.00800000000000004,8.00000000000004,"fixed | 10*eta0"
1239,-816825.668081303,469.460154684514,1,0,0.00800000000000004,1,123,1000,2,"bernoulli","fixed",0.000800000000000004,10,"10*eta0",0.00800000000000004,8.00000000000004,"fixed | 10*eta0"
1240,-716338.779809198,460.113256581154,1,0,0.00800000000000004,1,123,1000,2,"bernoulli","fixed",0.000800000000000004,10,"10*eta0",0.00800000000000004,8.00000000000004,"fixed | 10*eta0"
1241,-902097.299268475,491.144356047164,1,0,0.00800000000000004,1,123,1000,2,"bernoulli","fixed",0.000800000000000004,10,"10*eta0",0.00800000000000004,8.00000000000004,"fixed | 10*eta0"
1242,-876090.420290325,477.263981463386,1,0,0.00800000000000004,1,123,1000,2,"bernoulli","fixed",0.000800000000000004,10,"10*eta0",0.00800000000000004,8.00000000000004,"fixed | 10*eta0"
1243,-755423.080259306,464.052394499388,1,0,0.00800000000000004,1,123,1000,2,"bernoulli","fixed",0.000800000000000004,10,"10*eta0",0.00800000000000004,8.00000000000004,"fixed | 10*eta0"
1244,-792188.872666258,468.119371739388,1,0,0.00800000000000004,1,123,1000,2,"bernoulli","fixed",0.000800000000000004,10,"10*eta0",0.00800000000000004,8.00000000000004,"fixed | 10*eta0"
1245,-903346.746975273,483.797142029417,1,0,0.00800000000000004,1,123,1000,2,"bernoulli","fixed",0.000800000000000004,10,"10*eta0",0.00800000000000004,8.00000000000004,"fixed | 10*eta0"
1246,-836085.543339899,471.689911993273,1,0,0.00800000000000004,1,123,1000,2,"bernoulli","fixed",0.000800000000000004,10,"10*eta0",0.00800000000000004,8.00000000000004,"fixed | 10*eta0"
1247,-710923.63174491,461.657925964226,1,0,0.00800000000000004,1,123,1000,2,"bernoulli","fixed",0.000800000000000004,10,"10*eta0",0.00800000000000004,8.00000000000004,"fixed | 10*eta0"
1248,-885414.486445979,484.574717210797,1,0,0.00800000000000004,1,123,1000,2,"bernoulli","fixed",0.000800000000000004,10,"10*eta0",0.00800000000000004,8.00000000000004,"fixed | 10*eta0"
1249,-882929.945749928,476.119178581532,1,0,0.00800000000000004,1,123,1000,2,"bernoulli","fixed",0.000800000000000004,10,"10*eta0",0.00800000000000004,8.00000000000004,"fixed | 10*eta0"
1250,-774510.87843563,464.433188006746,1,0,0.00800000000000004,1,123,1000,2,"bernoulli","fixed",0.000800000000000004,10,"10*eta0",0.00800000000000004,8.00000000000004,"fixed | 10*eta0"
1251,-764579.765510897,466.28165344956,1,0,0.00800000000000004,1,123,1000,2,"bernoulli","fixed",0.000800000000000004,10,"10*eta0",0.00800000000000004,8.00000000000004,"fixed | 10*eta0"
1252,-907638.219694949,489.288846953402,1,0,0.00800000000000004,1,123,1000,2,"bernoulli","fixed",0.000800000000000004,10,"10*eta0",0.00800000000000004,8.00000000000004,"fixed | 10*eta0"
1253,-848675.952003264,472.724063217828,1,0,0.00800000000000004,1,123,1000,2,"bernoulli","fixed",0.000800000000000004,10,"10*eta0",0.00800000000000004,8.00000000000004,"fixed | 10*eta0"
1254,-717850.672314982,459.238146936722,1,0,0.00800000000000004,1,123,1000,2,"bernoulli","fixed",0.000800000000000004,10,"10*eta0",0.00800000000000004,8.00000000000004,"fixed | 10*eta0"
1255,-862381.566723922,478.921248921177,1,0,0.00800000000000004,1,123,1000,2,"bernoulli","fixed",0.000800000000000004,10,"10*eta0",0.00800000000000004,8.00000000000004,"fixed | 10*eta0"
1256,-891925.80338042,478.186400442773,1,0,0.00800000000000004,1,123,1000,2,"bernoulli","fixed",0.000800000000000004,10,"10*eta0",0.00800000000000004,8.00000000000004,"fixed | 10*eta0"
1257,-788545.084196347,466.630131276107,1,0,0.00800000000000004,1,123,1000,2,"bernoulli","fixed",0.000800000000000004,10,"10*eta0",0.00800000000000004,8.00000000000004,"fixed | 10*eta0"
1258,-741982.529866313,463.45623040442,1,0,0.00800000000000004,1,123,1000,2,"bernoulli","fixed",0.000800000000000004,10,"10*eta0",0.00800000000000004,8.00000000000004,"fixed | 10*eta0"
1259,-910235.700154601,489.582855061357,1,0,0.00800000000000004,1,123,1000,2,"bernoulli","fixed",0.000800000000000004,10,"10*eta0",0.00800000000000004,8.00000000000004,"fixed | 10*eta0"
1260,-862102.248502138,475.242634844561,1,0,0.00800000000000004,1,123,1000,2,"bernoulli","fixed",0.000800000000000004,10,"10*eta0",0.00800000000000004,8.00000000000004,"fixed | 10*eta0"
1261,-728755.290548582,462.500905357823,1,0,0.00800000000000004,1,123,1000,2,"bernoulli","fixed",0.000800000000000004,10,"10*eta0",0.00800000000000004,8.00000000000004,"fixed | 10*eta0"
1262,-835740.594624365,470.947158064553,1,0,0.00800000000000004,1,123,1000,2,"bernoulli","fixed",0.000800000000000004,10,"10*eta0",0.00800000000000004,8.00000000000004,"fixed | 10*eta0"
1263,-897064.1981848,479.211196939344,1,0,0.00800000000000004,1,123,1000,2,"bernoulli","fixed",0.000800000000000004,10,"10*eta0",0.00800000000000004,8.00000000000004,"fixed | 10*eta0"
1264,-809022.207892294,468.466432195556,1,0,0.00800000000000004,1,123,1000,2,"bernoulli","fixed",0.000800000000000004,10,"10*eta0",0.00800000000000004,8.00000000000004,"fixed | 10*eta0"
1265,-721762.433799784,462.597795806082,1,0,0.00800000000000004,1,123,1000,2,"bernoulli","fixed",0.000800000000000004,10,"10*eta0",0.00800000000000004,8.00000000000004,"fixed | 10*eta0"
1266,-907026.225710577,492.714104202758,1,0,0.00800000000000004,1,123,1000,2,"bernoulli","fixed",0.000800000000000004,10,"10*eta0",0.00800000000000004,8.00000000000004,"fixed | 10*eta0"
1267,-869811.839826675,474.852872298873,1,0,0.00800000000000004,1,123,1000,2,"bernoulli","fixed",0.000800000000000004,10,"10*eta0",0.00800000000000004,8.00000000000004,"fixed | 10*eta0"
1268,-748064.729507543,461.725283767634,1,0,0.00800000000000004,1,123,1000,2,"bernoulli","fixed",0.000800000000000004,10,"10*eta0",0.00800000000000004,8.00000000000004,"fixed | 10*eta0"
1269,-806405.049881488,469.161768287285,1,0,0.00800000000000004,1,123,1000,2,"bernoulli","fixed",0.000800000000000004,10,"10*eta0",0.00800000000000004,8.00000000000004,"fixed | 10*eta0"
1270,-902167.293951981,480.373740440021,1,0,0.00800000000000004,1,123,1000,2,"bernoulli","fixed",0.000800000000000004,10,"10*eta0",0.00800000000000004,8.00000000000004,"fixed | 10*eta0"
1271,-824336.600396507,470.228844008817,1,0,0.00800000000000004,1,123,1000,2,"bernoulli","fixed",0.000800000000000004,10,"10*eta0",0.00800000000000004,8.00000000000004,"fixed | 10*eta0"
1272,-713503.996234217,459.578595601953,1,0,0.00800000000000004,1,123,1000,2,"bernoulli","fixed",0.000800000000000004,10,"10*eta0",0.00800000000000004,8.00000000000004,"fixed | 10*eta0"
1273,-896068.91920041,489.89479200248,1,0,0.00800000000000004,1,123,1000,2,"bernoulli","fixed",0.000800000000000004,10,"10*eta0",0.00800000000000004,8.00000000000004,"fixed | 10*eta0"
1274,-879560.515257099,477.602606515646,1,0,0.00800000000000004,1,123,1000,2,"bernoulli","fixed",0.000800000000000004,10,"10*eta0",0.00800000000000004,8.00000000000004,"fixed | 10*eta0"
1275,-762392.710564957,464.492179266052,1,0,0.00800000000000004,1,123,1000,2,"bernoulli","fixed",0.000800000000000004,10,"10*eta0",0.00800000000000004,8.00000000000004,"fixed | 10*eta0"
1276,-780998.697188341,467.228108604087,1,0,0.00800000000000004,1,123,1000,2,"bernoulli","fixed",0.000800000000000004,10,"10*eta0",0.00800000000000004,8.00000000000004,"fixed | 10*eta0"
1277,-905038.928931409,484.981553007947,1,0,0.00800000000000004,1,123,1000,2,"bernoulli","fixed",0.000800000000000004,10,"10*eta0",0.00800000000000004,8.00000000000004,"fixed | 10*eta0"
1278,-842585.404238084,472.441535144547,1,0,0.00800000000000004,1,123,1000,2,"bernoulli","fixed",0.000800000000000004,10,"10*eta0",0.00800000000000004,8.00000000000004,"fixed | 10*eta0"
1279,-711937.969123897,461.657291225145,1,0,0.00800000000000004,1,123,1000,2,"bernoulli","fixed",0.000800000000000004,10,"10*eta0",0.00800000000000004,8.00000000000004,"fixed | 10*eta0"
1280,-876484.225731579,481.122420296253,1,0,0.00800000000000004,1,123,1000,2,"bernoulli","fixed",0.000800000000000004,10,"10*eta0",0.00800000000000004,8.00000000000004,"fixed | 10*eta0"
1281,-886384.056487874,476.495707736749,1,0,0.00800000000000004,1,123,1000,2,"bernoulli","fixed",0.000800000000000004,10,"10*eta0",0.00800000000000004,8.00000000000004,"fixed | 10*eta0"
1282,-781620.274767053,465.224738126595,1,0,0.00800000000000004,1,123,1000,2,"bernoulli","fixed",0.000800000000000004,10,"10*eta0",0.00800000000000004,8.00000000000004,"fixed | 10*eta0"
1283,-753919.900444014,465.398106641987,1,0,0.00800000000000004,1,123,1000,2,"bernoulli","fixed",0.000800000000000004,10,"10*eta0",0.00800000000000004,8.00000000000004,"fixed | 10*eta0"
1284,-908936.117735733,491.030784790364,1,0,0.00800000000000004,1,123,1000,2,"bernoulli","fixed",0.000800000000000004,10,"10*eta0",0.00800000000000004,8.00000000000004,"fixed | 10*eta0"
1285,-854056.617285039,473.28427944988,1,0,0.00800000000000004,1,123,1000,2,"bernoulli","fixed",0.000800000000000004,10,"10*eta0",0.00800000000000004,8.00000000000004,"fixed | 10*eta0"
1286,-722678.49461746,459.558262593279,1,0,0.00800000000000004,1,123,1000,2,"bernoulli","fixed",0.000800000000000004,10,"10*eta0",0.00800000000000004,8.00000000000004,"fixed | 10*eta0"
1287,-850942.128242785,473.958475373259,1,0,0.00800000000000004,1,123,1000,2,"bernoulli","fixed",0.000800000000000004,10,"10*eta0",0.00800000000000004,8.00000000000004,"fixed | 10*eta0"
1288,-894824.855814424,478.144648320465,1,0,0.00800000000000004,1,123,1000,2,"bernoulli","fixed",0.000800000000000004,10,"10*eta0",0.00800000000000004,8.00000000000004,"fixed | 10*eta0"
1289,-796078.335192063,467.36505621583,1,0,0.00800000000000004,1,123,1000,2,"bernoulli","fixed",0.000800000000000004,10,"10*eta0",0.00800000000000004,8.00000000000004,"fixed | 10*eta0"
1290,-732988.307906513,462.406702677163,1,0,0.00800000000000004,1,123,1000,2,"bernoulli","fixed",0.000800000000000004,10,"10*eta0",0.00800000000000004,8.00000000000004,"fixed | 10*eta0"
1291,-910051.405569997,490.390825586241,1,0,0.00800000000000004,1,123,1000,2,"bernoulli","fixed",0.000800000000000004,10,"10*eta0",0.00800000000000004,8.00000000000004,"fixed | 10*eta0"
1292,-866242.647035295,475.920644279889,1,0,0.00800000000000004,1,123,1000,2,"bernoulli","fixed",0.000800000000000004,10,"10*eta0",0.00800000000000004,8.00000000000004,"fixed | 10*eta0"
1293,-735833.386056949,462.896675419663,1,0,0.00800000000000004,1,123,1000,2,"bernoulli","fixed",0.000800000000000004,10,"10*eta0",0.00800000000000004,8.00000000000004,"fixed | 10*eta0"
1294,-823656.765936546,470.241806248424,1,0,0.00800000000000004,1,123,1000,2,"bernoulli","fixed",0.000800000000000004,10,"10*eta0",0.00800000000000004,8.00000000000004,"fixed | 10*eta0"
1295,-899034.918390234,480.614940875876,1,0,0.00800000000000004,1,123,1000,2,"bernoulli","fixed",0.000800000000000004,10,"10*eta0",0.00800000000000004,8.00000000000004,"fixed | 10*eta0"
1296,-816639.167706903,469.38801817024,1,0,0.00800000000000004,1,123,1000,2,"bernoulli","fixed",0.000800000000000004,10,"10*eta0",0.00800000000000004,8.00000000000004,"fixed | 10*eta0"
1297,-716432.161061494,462.195597598745,1,0,0.00800000000000004,1,123,1000,2,"bernoulli","fixed",0.000800000000000004,10,"10*eta0",0.00800000000000004,8.00000000000004,"fixed | 10*eta0"
1298,-903243.917384558,491.489902106884,1,0,0.00800000000000004,1,123,1000,2,"bernoulli","fixed",0.000800000000000004,10,"10*eta0",0.00800000000000004,8.00000000000004,"fixed | 10*eta0"
1299,-873432.684624875,475.148247600731,1,0,0.00800000000000004,1,123,1000,2,"bernoulli","fixed",0.000800000000000004,10,"10*eta0",0.00800000000000004,8.00000000000004,"fixed | 10*eta0"
1300,-755393.784428369,462.433925754316,1,0,0.00800000000000004,1,123,1000,2,"bernoulli","fixed",0.000800000000000004,10,"10*eta0",0.00800000000000004,8.00000000000004,"fixed | 10*eta0"
1301,-794737.156266921,468.445812786485,1,0,0.00800000000000004,1,123,1000,2,"bernoulli","fixed",0.000800000000000004,10,"10*eta0",0.00800000000000004,8.00000000000004,"fixed | 10*eta0"
1302,-903610.86942618,483.064085890561,1,0,0.00800000000000004,1,123,1000,2,"bernoulli","fixed",0.000800000000000004,10,"10*eta0",0.00800000000000004,8.00000000000004,"fixed | 10*eta0"
1303,-831533.720262802,470.964526180558,1,0,0.00800000000000004,1,123,1000,2,"bernoulli","fixed",0.000800000000000004,10,"10*eta0",0.00800000000000004,8.00000000000004,"fixed | 10*eta0"
1304,-712450.69376369,459.237103700804,1,0,0.00800000000000004,1,123,1000,2,"bernoulli","fixed",0.000800000000000004,10,"10*eta0",0.00800000000000004,8.00000000000004,"fixed | 10*eta0"
1305,-888561.230732473,487.989259072235,1,0,0.00800000000000004,1,123,1000,2,"bernoulli","fixed",0.000800000000000004,10,"10*eta0",0.00800000000000004,8.00000000000004,"fixed | 10*eta0"
1306,-883011.42672128,477.865893003525,1,0,0.00800000000000004,1,123,1000,2,"bernoulli","fixed",0.000800000000000004,10,"10*eta0",0.00800000000000004,8.00000000000004,"fixed | 10*eta0"
1307,-769302.579650511,464.944179862148,1,0,0.00800000000000004,1,123,1000,2,"bernoulli","fixed",0.000800000000000004,10,"10*eta0",0.00800000000000004,8.00000000000004,"fixed | 10*eta0"
1308,-769985.998269192,466.272423223538,1,0,0.00800000000000004,1,123,1000,2,"bernoulli","fixed",0.000800000000000004,10,"10*eta0",0.00800000000000004,8.00000000000004,"fixed | 10*eta0"
1309,-906802.089065496,486.089561850268,1,0,0.00800000000000004,1,123,1000,2,"bernoulli","fixed",0.000800000000000004,10,"10*eta0",0.00800000000000004,8.00000000000004,"fixed | 10*eta0"
1310,-848587.458729675,473.134126778208,1,0,0.00800000000000004,1,123,1000,2,"bernoulli","fixed",0.000800000000000004,10,"10*eta0",0.00800000000000004,8.00000000000004,"fixed | 10*eta0"
1311,-714549.920151096,461.760313010366,1,0,0.00800000000000004,1,123,1000,2,"bernoulli","fixed",0.000800000000000004,10,"10*eta0",0.00800000000000004,8.00000000000004,"fixed | 10*eta0"
1312,-866514.546325475,477.342228959096,1,0,0.00800000000000004,1,123,1000,2,"bernoulli","fixed",0.000800000000000004,10,"10*eta0",0.00800000000000004,8.00000000000004,"fixed | 10*eta0"
1313,-889699.323413768,476.736958013953,1,0,0.00800000000000004,1,123,1000,2,"bernoulli","fixed",0.000800000000000004,10,"10*eta0",0.00800000000000004,8.00000000000004,"fixed | 10*eta0"
1314,-788845.205376893,466.053985629836,1,0,0.00800000000000004,1,123,1000,2,"bernoulli","fixed",0.000800000000000004,10,"10*eta0",0.00800000000000004,8.00000000000004,"fixed | 10*eta0"
1315,-743808.461634726,464.493758324966,1,0,0.00800000000000004,1,123,1000,2,"bernoulli","fixed",0.000800000000000004,10,"10*eta0",0.00800000000000004,8.00000000000004,"fixed | 10*eta0"
1316,-909775.404484918,492.318644599896,1,0,0.00800000000000004,1,123,1000,2,"bernoulli","fixed",0.000800000000000004,10,"10*eta0",0.00800000000000004,8.00000000000004,"fixed | 10*eta0"
1317,-858890.990083752,473.787745058696,1,0,0.00800000000000004,1,123,1000,2,"bernoulli","fixed",0.000800000000000004,10,"10*eta0",0.00800000000000004,8.00000000000004,"fixed | 10*eta0"
1318,-728717.289763458,460.022782906869,1,0,0.00800000000000004,1,123,1000,2,"bernoulli","fixed",0.000800000000000004,10,"10*eta0",0.00800000000000004,8.00000000000004,"fixed | 10*eta0"
1319,-838967.336504713,470.905429057121,1,0,0.00800000000000004,1,123,1000,2,"bernoulli","fixed",0.000800000000000004,10,"10*eta0",0.00800000000000004,8.00000000000004,"fixed | 10*eta0"
1320,-897334.992655517,478.017333665667,1,0,0.00800000000000004,1,123,1000,2,"bernoulli","fixed",0.000800000000000004,10,"10*eta0",0.00800000000000004,8.00000000000004,"fixed | 10*eta0"
1321,-803771.349620152,468.132739949339,1,0,0.00800000000000004,1,123,1000,2,"bernoulli","fixed",0.000800000000000004,10,"10*eta0",0.00800000000000004,8.00000000000004,"fixed | 10*eta0"
1322,-725347.94931333,461.434192683211,1,0,0.00800000000000004,1,123,1000,2,"bernoulli","fixed",0.000800000000000004,10,"10*eta0",0.00800000000000004,8.00000000000004,"fixed | 10*eta0"
1323,-908492.962606958,491.226617737668,1,0,0.00800000000000004,1,123,1000,2,"bernoulli","fixed",0.000800000000000004,10,"10*eta0",0.00800000000000004,8.00000000000004,"fixed | 10*eta0"
1324,-870056.538855736,476.49936587387,1,0,0.00800000000000004,1,123,1000,2,"bernoulli","fixed",0.000800000000000004,10,"10*eta0",0.00800000000000004,8.00000000000004,"fixed | 10*eta0"
1325,-743199.634285975,463.319535481773,1,0,0.00800000000000004,1,123,1000,2,"bernoulli","fixed",0.000800000000000004,10,"10*eta0",0.00800000000000004,8.00000000000004,"fixed | 10*eta0"
1326,-811708.767534621,469.494105809662,1,0,0.00800000000000004,1,123,1000,2,"bernoulli","fixed",0.000800000000000004,10,"10*eta0",0.00800000000000004,8.00000000000004,"fixed | 10*eta0"
1327,-900697.836091482,481.823030033955,1,0,0.00800000000000004,1,123,1000,2,"bernoulli","fixed",0.000800000000000004,10,"10*eta0",0.00800000000000004,8.00000000000004,"fixed | 10*eta0"
1328,-824123.851611097,470.284990126234,1,0,0.00800000000000004,1,123,1000,2,"bernoulli","fixed",0.000800000000000004,10,"10*eta0",0.00800000000000004,8.00000000000004,"fixed | 10*eta0"
1329,-712916.837495191,461.901632753381,1,0,0.00800000000000004,1,123,1000,2,"bernoulli","fixed",0.000800000000000004,10,"10*eta0",0.00800000000000004,8.00000000000004,"fixed | 10*eta0"
1330,-897821.032430473,489.505966259537,1,0,0.00800000000000004,1,123,1000,2,"bernoulli","fixed",0.000800000000000004,10,"10*eta0",0.00800000000000004,8.00000000000004,"fixed | 10*eta0"
1331,-876981.260590403,475.397505662393,1,0,0.00800000000000004,1,123,1000,2,"bernoulli","fixed",0.000800000000000004,10,"10*eta0",0.00800000000000004,8.00000000000004,"fixed | 10*eta0"
1332,-762563.464645178,463.159748581955,1,0,0.00800000000000004,1,123,1000,2,"bernoulli","fixed",0.000800000000000004,10,"10*eta0",0.00800000000000004,8.00000000000004,"fixed | 10*eta0"
1333,-783334.701466928,467.683031298203,1,0,0.00800000000000004,1,123,1000,2,"bernoulli","fixed",0.000800000000000004,10,"10*eta0",0.00800000000000004,8.00000000000004,"fixed | 10*eta0"
1334,-905089.691766449,485.575059788823,1,0,0.00800000000000004,1,123,1000,2,"bernoulli","fixed",0.000800000000000004,10,"10*eta0",0.00800000000000004,8.00000000000004,"fixed | 10*eta0"
1335,-838323.099724725,471.658291592027,1,0,0.00800000000000004,1,123,1000,2,"bernoulli","fixed",0.000800000000000004,10,"10*eta0",0.00800000000000004,8.00000000000004,"fixed | 10*eta0"
1336,-713086.690241163,459.083777713619,1,0,0.00800000000000004,1,123,1000,2,"bernoulli","fixed",0.000800000000000004,10,"10*eta0",0.00800000000000004,8.00000000000004,"fixed | 10*eta0"
1337,-879761.351949261,485.312722650303,1,0,0.00800000000000004,1,123,1000,2,"bernoulli","fixed",0.000800000000000004,10,"10*eta0",0.00800000000000004,8.00000000000004,"fixed | 10*eta0"
1338,-886429.29266454,478.054553848508,1,0,0.00800000000000004,1,123,1000,2,"bernoulli","fixed",0.000800000000000004,10,"10*eta0",0.00800000000000004,8.00000000000004,"fixed | 10*eta0"
1339,-776294.585737163,465.47942207281,1,0,0.00800000000000004,1,123,1000,2,"bernoulli","fixed",0.000800000000000004,10,"10*eta0",0.00800000000000004,8.00000000000004,"fixed | 10*eta0"
1340,-759187.459760783,465.256443715895,1,0,0.00800000000000004,1,123,1000,2,"bernoulli","fixed",0.000800000000000004,10,"10*eta0",0.00800000000000004,8.00000000000004,"fixed | 10*eta0"
1341,-908464.689756636,487.44156359883,1,0,0.00800000000000004,1,123,1000,2,"bernoulli","fixed",0.000800000000000004,10,"10*eta0",0.00800000000000004,8.00000000000004,"fixed | 10*eta0"
1342,-854057.853151953,473.873107469163,1,0,0.00800000000000004,1,123,1000,2,"bernoulli","fixed",0.000800000000000004,10,"10*eta0",0.00800000000000004,8.00000000000004,"fixed | 10*eta0"
1343,-718718.178980417,461.963546272332,1,0,0.00800000000000004,1,123,1000,2,"bernoulli","fixed",0.000800000000000004,10,"10*eta0",0.00800000000000004,8.00000000000004,"fixed | 10*eta0"
1344,-855621.376311627,472.818135757617,1,0,0.00800000000000004,1,123,1000,2,"bernoulli","fixed",0.000800000000000004,10,"10*eta0",0.00800000000000004,8.00000000000004,"fixed | 10*eta0"
1345,-892762.274381847,476.832423360532,1,0,0.00800000000000004,1,123,1000,2,"bernoulli","fixed",0.000800000000000004,10,"10*eta0",0.00800000000000004,8.00000000000004,"fixed | 10*eta0"
1346,-796225.77479398,466.924102818144,1,0,0.00800000000000004,1,123,1000,2,"bernoulli","fixed",0.000800000000000004,10,"10*eta0",0.00800000000000004,8.00000000000004,"fixed | 10*eta0"
1347,-734536.02025661,463.597789268019,1,0,0.00800000000000004,1,123,1000,2,"bernoulli","fixed",0.000800000000000004,10,"10*eta0",0.00800000000000004,8.00000000000004,"fixed | 10*eta0"
1348,-909815.512860785,493.046117736441,1,0,0.00800000000000004,1,123,1000,2,"bernoulli","fixed",0.000800000000000004,10,"10*eta0",0.00800000000000004,8.00000000000004,"fixed | 10*eta0"
1349,-863243.402312012,474.232450995114,1,0,0.00800000000000004,1,123,1000,2,"bernoulli","fixed",0.000800000000000004,10,"10*eta0",0.00800000000000004,8.00000000000004,"fixed | 10*eta0"
1350,-735608.381072874,460.599112852919,1,0,0.00800000000000004,1,123,1000,2,"bernoulli","fixed",0.000800000000000004,10,"10*eta0",0.00800000000000004,8.00000000000004,"fixed | 10*eta0"
1351,-826770.641575074,470.285028498042,1,0,0.00800000000000004,1,123,1000,2,"bernoulli","fixed",0.000800000000000004,10,"10*eta0",0.00800000000000004,8.00000000000004,"fixed | 10*eta0"
1352,-899415.947272962,477.819498995289,1,0,0.00800000000000004,1,123,1000,2,"bernoulli","fixed",0.000800000000000004,10,"10*eta0",0.00800000000000004,8.00000000000004,"fixed | 10*eta0"
1353,-811516.965594446,468.917954175009,1,0,0.00800000000000004,1,123,1000,2,"bernoulli","fixed",0.000800000000000004,10,"10*eta0",0.00800000000000004,8.00000000000004,"fixed | 10*eta0"
1354,-719383.708352771,460.59397779078,1,0,0.00800000000000004,1,123,1000,2,"bernoulli","fixed",0.000800000000000004,10,"10*eta0",0.00800000000000004,8.00000000000004,"fixed | 10*eta0"
1355,-905302.942190055,491.494195281687,1,0,0.00800000000000004,1,123,1000,2,"bernoulli","fixed",0.000800000000000004,10,"10*eta0",0.00800000000000004,8.00000000000004,"fixed | 10*eta0"
1356,-873664.224255513,476.982431006992,1,0,0.00800000000000004,1,123,1000,2,"bernoulli","fixed",0.000800000000000004,10,"10*eta0",0.00800000000000004,8.00000000000004,"fixed | 10*eta0"
1357,-750501.022783355,463.751819208157,1,0,0.00800000000000004,1,123,1000,2,"bernoulli","fixed",0.000800000000000004,10,"10*eta0",0.00800000000000004,8.00000000000004,"fixed | 10*eta0"
1358,-800058.453581078,468.699634686239,1,0,0.00800000000000004,1,123,1000,2,"bernoulli","fixed",0.000800000000000004,10,"10*eta0",0.00800000000000004,8.00000000000004,"fixed | 10*eta0"
1359,-902247.562195908,482.982663311581,1,0,0.00800000000000004,1,123,1000,2,"bernoulli","fixed",0.000800000000000004,10,"10*eta0",0.00800000000000004,8.00000000000004,"fixed | 10*eta0"
1360,-831330.194145403,471.135630548498,1,0,0.00800000000000004,1,123,1000,2,"bernoulli","fixed",0.000800000000000004,10,"10*eta0",0.00800000000000004,8.00000000000004,"fixed | 10*eta0"
1361,-711162.595480804,461.719885502794,1,0,0.00800000000000004,1,123,1000,2,"bernoulli","fixed",0.000800000000000004,10,"10*eta0",0.00800000000000004,8.00000000000004,"fixed | 10*eta0"
1362,-890924.955546759,486.817613675784,1,0,0.00800000000000004,1,123,1000,2,"bernoulli","fixed",0.000800000000000004,10,"10*eta0",0.00800000000000004,8.00000000000004,"fixed | 10*eta0"
1363,-880506.867839549,475.785850370345,1,0,0.00800000000000004,1,123,1000,2,"bernoulli","fixed",0.000800000000000004,10,"10*eta0",0.00800000000000004,8.00000000000004,"fixed | 10*eta0"
1364,-769633.631469955,463.904450685372,1,0,0.00800000000000004,1,123,1000,2,"bernoulli","fixed",0.000800000000000004,10,"10*eta0",0.00800000000000004,8.00000000000004,"fixed | 10*eta0"
1365,-772156.413218466,466.870386168762,1,0,0.00800000000000004,1,123,1000,2,"bernoulli","fixed",0.000800000000000004,10,"10*eta0",0.00800000000000004,8.00000000000004,"fixed | 10*eta0"
1366,-906613.479245738,487.870402778354,1,0,0.00800000000000004,1,123,1000,2,"bernoulli","fixed",0.000800000000000004,10,"10*eta0",0.00800000000000004,8.00000000000004,"fixed | 10*eta0"
1367,-844630.474346347,472.305744396559,1,0,0.00800000000000004,1,123,1000,2,"bernoulli","fixed",0.000800000000000004,10,"10*eta0",0.00800000000000004,8.00000000000004,"fixed | 10*eta0"
1368,-715358.879361708,459.113692864135,1,0,0.00800000000000004,1,123,1000,2,"bernoulli","fixed",0.000800000000000004,10,"10*eta0",0.00800000000000004,8.00000000000004,"fixed | 10*eta0"
1369,-869824.644148536,481.828469407184,1,0,0.00800000000000004,1,123,1000,2,"bernoulli","fixed",0.000800000000000004,10,"10*eta0",0.00800000000000004,8.00000000000004,"fixed | 10*eta0"
1370,-889747.065029606,478.162661225879,1,0,0.00800000000000004,1,123,1000,2,"bernoulli","fixed",0.000800000000000004,10,"10*eta0",0.00800000000000004,8.00000000000004,"fixed | 10*eta0"
1371,-783464.161889203,466.145802409475,1,0,0.00800000000000004,1,123,1000,2,"bernoulli","fixed",0.000800000000000004,10,"10*eta0",0.00800000000000004,8.00000000000004,"fixed | 10*eta0"
1372,-748783.267447488,464.197010775618,1,0,0.00800000000000004,1,123,1000,2,"bernoulli","fixed",0.000800000000000004,10,"10*eta0",0.00800000000000004,8.00000000000004,"fixed | 10*eta0"
1373,-909751.55186338,488.715203248605,1,0,0.00800000000000004,1,123,1000,2,"bernoulli","fixed",0.000800000000000004,10,"10*eta0",0.00800000000000004,8.00000000000004,"fixed | 10*eta0"
1374,-858990.010275738,474.716183107246,1,0,0.00800000000000004,1,123,1000,2,"bernoulli","fixed",0.000800000000000004,10,"10*eta0",0.00800000000000004,8.00000000000004,"fixed | 10*eta0"
1375,-724274.550754451,462.256369078741,1,0,0.00800000000000004,1,123,1000,2,"bernoulli","fixed",0.000800000000000004,10,"10*eta0",0.00800000000000004,8.00000000000004,"fixed | 10*eta0"
1376,-844015.337839034,471.410257869661,1,0,0.00800000000000004,1,123,1000,2,"bernoulli","fixed",0.000800000000000004,10,"10*eta0",0.00800000000000004,8.00000000000004,"fixed | 10*eta0"
1377,-895456.776693109,478.044303002054,1,0,0.00800000000000004,1,123,1000,2,"bernoulli","fixed",0.000800000000000004,10,"10*eta0",0.00800000000000004,8.00000000000004,"fixed | 10*eta0"
1378,-803758.852345678,467.829124469984,1,0,0.00800000000000004,1,123,1000,2,"bernoulli","fixed",0.000800000000000004,10,"10*eta0",0.00800000000000004,8.00000000000004,"fixed | 10*eta0"
1379,-726459.689384232,462.930062923307,1,0,0.00800000000000004,1,123,1000,2,"bernoulli","fixed",0.000800000000000004,10,"10*eta0",0.00800000000000004,8.00000000000004,"fixed | 10*eta0"
1380,-908676.676540411,493.106374322671,1,0,0.00800000000000004,1,123,1000,2,"bernoulli","fixed",0.000800000000000004,10,"10*eta0",0.00800000000000004,8.00000000000004,"fixed | 10*eta0"
1381,-867219.184065849,474.618701946235,1,0,0.00800000000000004,1,123,1000,2,"bernoulli","fixed",0.000800000000000004,10,"10*eta0",0.00800000000000004,8.00000000000004,"fixed | 10*eta0"
1382,-742938.887028395,461.249875254041,1,0,0.00800000000000004,1,123,1000,2,"bernoulli","fixed",0.000800000000000004,10,"10*eta0",0.00800000000000004,8.00000000000004,"fixed | 10*eta0"
1383,-814641.977146954,469.63275476554,1,0,0.00800000000000004,1,123,1000,2,"bernoulli","fixed",0.000800000000000004,10,"10*eta0",0.00800000000000004,8.00000000000004,"fixed | 10*eta0"
1384,-901125.451092689,478.390862406656,1,0,0.00800000000000004,1,123,1000,2,"bernoulli","fixed",0.000800000000000004,10,"10*eta0",0.00800000000000004,8.00000000000004,"fixed | 10*eta0"
1385,-819173.675227996,469.700422294501,1,0,0.00800000000000004,1,123,1000,2,"bernoulli","fixed",0.000800000000000004,10,"10*eta0",0.00800000000000004,8.00000000000004,"fixed | 10*eta0"
1386,-715266.16740528,459.927314278958,1,0,0.00800000000000004,1,123,1000,2,"bernoulli","fixed",0.000800000000000004,10,"10*eta0",0.00800000000000004,8.00000000000004,"fixed | 10*eta0"
1387,-900403.974694591,490.850113879929,1,0,0.00800000000000004,1,123,1000,2,"bernoulli","fixed",0.000800000000000004,10,"10*eta0",0.00800000000000004,8.00000000000004,"fixed | 10*eta0"
1388,-877166.2568763,477.377026063207,1,0,0.00800000000000004,1,123,1000,2,"bernoulli","fixed",0.000800000000000004,10,"10*eta0",0.00800000000000004,8.00000000000004,"fixed | 10*eta0"
1389,-757592.681111271,464.187492824744,1,0,0.00800000000000004,1,123,1000,2,"bernoulli","fixed",0.000800000000000004,10,"10*eta0",0.00800000000000004,8.00000000000004,"fixed | 10*eta0"
1390,-788708.507531424,467.85064810526,1,0,0.00800000000000004,1,123,1000,2,"bernoulli","fixed",0.000800000000000004,10,"10*eta0",0.00800000000000004,8.00000000000004,"fixed | 10*eta0"
1391,-903856.72281934,484.164883598254,1,0,0.00800000000000004,1,123,1000,2,"bernoulli","fixed",0.000800000000000004,10,"10*eta0",0.00800000000000004,8.00000000000004,"fixed | 10*eta0"
1392,-838144.863243964,471.928583584157,1,0,0.00800000000000004,1,123,1000,2,"bernoulli","fixed",0.000800000000000004,10,"10*eta0",0.00800000000000004,8.00000000000004,"fixed | 10*eta0"
1393,-711066.272788198,461.646575421042,1,0,0.00800000000000004,1,123,1000,2,"bernoulli","fixed",0.000800000000000004,10,"10*eta0",0.00800000000000004,8.00000000000004,"fixed | 10*eta0"
1394,-882770.811562512,483.470925419618,1,0,0.00800000000000004,1,123,1000,2,"bernoulli","fixed",0.000800000000000004,10,"10*eta0",0.00800000000000004,8.00000000000004,"fixed | 10*eta0"
1395,-884006.59701812,476.249248145631,1,0,0.00800000000000004,1,123,1000,2,"bernoulli","fixed",0.000800000000000004,10,"10*eta0",0.00800000000000004,8.00000000000004,"fixed | 10*eta0"
1396,-776699.285182489,464.674222994695,1,0,0.00800000000000004,1,123,1000,2,"bernoulli","fixed",0.000800000000000004,10,"10*eta0",0.00800000000000004,8.00000000000004,"fixed | 10*eta0"
1397,-761240.47178259,466.012045662562,1,0,0.00800000000000004,1,123,1000,2,"bernoulli","fixed",0.000800000000000004,10,"10*eta0",0.00800000000000004,8.00000000000004,"fixed | 10*eta0"
1398,-908070.988107793,489.86977693275,1,0,0.00800000000000004,1,123,1000,2,"bernoulli","fixed",0.000800000000000004,10,"10*eta0",0.00800000000000004,8.00000000000004,"fixed | 10*eta0"
1399,-850399.066629474,472.903066681423,1,0,0.00800000000000004,1,123,1000,2,"bernoulli","fixed",0.000800000000000004,10,"10*eta0",0.00800000000000004,8.00000000000004,"fixed | 10*eta0"
1400,-719195.984039061,459.320076877585,1,0,0.00800000000000004,1,123,1000,2,"bernoulli","fixed",0.000800000000000004,10,"10*eta0",0.00800000000000004,8.00000000000004,"fixed | 10*eta0"
1401,-858921.040195619,477.483559359927,1,0,0.00800000000000004,1,123,1000,2,"bernoulli","fixed",0.000800000000000004,10,"10*eta0",0.00800000000000004,8.00000000000004,"fixed | 10*eta0"
1402,-892857.990056295,478.183080539676,1,0,0.00800000000000004,1,123,1000,2,"bernoulli","fixed",0.000800000000000004,10,"10*eta0",0.00800000000000004,8.00000000000004,"fixed | 10*eta0"
1403,-790851.906275871,466.853155292573,1,0,0.00800000000000004,1,123,1000,2,"bernoulli","fixed",0.000800000000000004,10,"10*eta0",0.00800000000000004,8.00000000000004,"fixed | 10*eta0"
1404,-739081.323239522,463.12710288154,1,0,0.00800000000000004,1,123,1000,2,"bernoulli","fixed",0.000800000000000004,10,"10*eta0",0.00800000000000004,8.00000000000004,"fixed | 10*eta0"
1405,-910304.524118129,489.893249086888,1,0,0.00800000000000004,1,123,1000,2,"bernoulli","fixed",0.000800000000000004,10,"10*eta0",0.00800000000000004,8.00000000000004,"fixed | 10*eta0"
1406,-863424.082160863,475.462845835965,1,0,0.00800000000000004,1,123,1000,2,"bernoulli","fixed",0.000800000000000004,10,"10*eta0",0.00800000000000004,8.00000000000004,"fixed | 10*eta0"
1407,-730884.979545688,462.618888115867,1,0,0.00800000000000004,1,123,1000,2,"bernoulli","fixed",0.000800000000000004,10,"10*eta0",0.00800000000000004,8.00000000000004,"fixed | 10*eta0"
1408,-832007.517298579,470.733578322954,1,0,0.00800000000000004,1,123,1000,2,"bernoulli","fixed",0.000800000000000004,10,"10*eta0",0.00800000000000004,8.00000000000004,"fixed | 10*eta0"
1409,-897715.442526923,479.675861050473,1,0,0.00800000000000004,1,123,1000,2,"bernoulli","fixed",0.000800000000000004,10,"10*eta0",0.00800000000000004,8.00000000000004,"fixed | 10*eta0"
1410,-811381.318869613,468.752311622528,1,0,0.00800000000000004,1,123,1000,2,"bernoulli","fixed",0.000800000000000004,10,"10*eta0",0.00800000000000004,8.00000000000004,"fixed | 10*eta0"
1411,-719923.676888676,462.462724224442,1,0,0.00800000000000004,1,123,1000,2,"bernoulli","fixed",0.000800000000000004,10,"10*eta0",0.00800000000000004,8.00000000000004,"fixed | 10*eta0"
1412,-906036.228952151,492.418876632965,1,0,0.00800000000000004,1,123,1000,2,"bernoulli","fixed",0.000800000000000004,10,"10*eta0",0.00800000000000004,8.00000000000004,"fixed | 10*eta0"
1413,-870943.620832628,474.949451779381,1,0,0.00800000000000004,1,123,1000,2,"bernoulli","fixed",0.000800000000000004,10,"10*eta0",0.00800000000000004,8.00000000000004,"fixed | 10*eta0"
1414,-750346.062551059,461.942202121586,1,0,0.00800000000000004,1,123,1000,2,"bernoulli","fixed",0.000800000000000004,10,"10*eta0",0.00800000000000004,8.00000000000004,"fixed | 10*eta0"
1415,-802767.209991974,468.94509175114,1,0,0.00800000000000004,1,123,1000,2,"bernoulli","fixed",0.000800000000000004,10,"10*eta0",0.00800000000000004,8.00000000000004,"fixed | 10*eta0"
1416,-902615.62948619,481.225287273194,1,0,0.00800000000000004,1,123,1000,2,"bernoulli","fixed",0.000800000000000004,10,"10*eta0",0.00800000000000004,8.00000000000004,"fixed | 10*eta0"
1417,-826599.40557895,470.460292977461,1,0,0.00800000000000004,1,123,1000,2,"bernoulli","fixed",0.000800000000000004,10,"10*eta0",0.00800000000000004,8.00000000000004,"fixed | 10*eta0"
1418,-712993.247198186,459.45260253418,1,0,0.00800000000000004,1,123,1000,2,"bernoulli","fixed",0.000800000000000004,10,"10*eta0",0.00800000000000004,8.00000000000004,"fixed | 10*eta0"
1419,-893897.168970384,489.38138453413,1,0,0.00800000000000004,1,123,1000,2,"bernoulli","fixed",0.000800000000000004,10,"10*eta0",0.00800000000000004,8.00000000000004,"fixed | 10*eta0"
1420,-880628.701129294,477.691835247943,1,0,0.00800000000000004,1,123,1000,2,"bernoulli","fixed",0.000800000000000004,10,"10*eta0",0.00800000000000004,8.00000000000004,"fixed | 10*eta0"
1421,-764527.486484849,464.630196682539,1,0,0.00800000000000004,1,123,1000,2,"bernoulli","fixed",0.000800000000000004,10,"10*eta0",0.00800000000000004,8.00000000000004,"fixed | 10*eta0"
1422,-777577.09162143,466.939631801721,1,0,0.00800000000000004,1,123,1000,2,"bernoulli","fixed",0.000800000000000004,10,"10*eta0",0.00800000000000004,8.00000000000004,"fixed | 10*eta0"
1423,-905582.025588503,485.337604543897,1,0,0.00800000000000004,1,123,1000,2,"bernoulli","fixed",0.000800000000000004,10,"10*eta0",0.00800000000000004,8.00000000000004,"fixed | 10*eta0"
1424,-844495.508224859,472.661864245994,1,0,0.00800000000000004,1,123,1000,2,"bernoulli","fixed",0.000800000000000004,10,"10*eta0",0.00800000000000004,8.00000000000004,"fixed | 10*eta0"
1425,-712575.02164901,461.678138610228,1,0,0.00800000000000004,1,123,1000,2,"bernoulli","fixed",0.000800000000000004,10,"10*eta0",0.00800000000000004,8.00000000000004,"fixed | 10*eta0"
1426,-873509.728622561,480.03094191793,1,0,0.00800000000000004,1,123,1000,2,"bernoulli","fixed",0.000800000000000004,10,"10*eta0",0.00800000000000004,8.00000000000004,"fixed | 10*eta0"
1427,-887428.351876514,476.585302957455,1,0,0.00800000000000004,1,123,1000,2,"bernoulli","fixed",0.000800000000000004,10,"10*eta0",0.00800000000000004,8.00000000000004,"fixed | 10*eta0"
1428,-783838.454944203,465.476722923567,1,0,0.00800000000000004,1,123,1000,2,"bernoulli","fixed",0.000800000000000004,10,"10*eta0",0.00800000000000004,8.00000000000004,"fixed | 10*eta0"
1429,-750724.450966693,465.119727576088,1,0,0.00800000000000004,1,123,1000,2,"bernoulli","fixed",0.000800000000000004,10,"10*eta0",0.00800000000000004,8.00000000000004,"fixed | 10*eta0"
1430,-909258.898344173,491.482041367426,1,0,0.00800000000000004,1,123,1000,2,"bernoulli","fixed",0.000800000000000004,10,"10*eta0",0.00800000000000004,8.00000000000004,"fixed | 10*eta0"
1431,-855607.05692861,473.446077034168,1,0,0.00800000000000004,1,123,1000,2,"bernoulli","fixed",0.000800000000000004,10,"10*eta0",0.00800000000000004,8.00000000000004,"fixed | 10*eta0"
1432,-724430.459009958,459.687763538044,1,0,0.00800000000000004,1,123,1000,2,"bernoulli","fixed",0.000800000000000004,10,"10*eta0",0.00800000000000004,8.00000000000004,"fixed | 10*eta0"
1433,-847283.984587759,472.243096907502,1,0,0.00800000000000004,1,123,1000,2,"bernoulli","fixed",0.000800000000000004,10,"10*eta0",0.00800000000000004,8.00000000000004,"fixed | 10*eta0"
1434,-895645.651748791,478.113962136804,1,0,0.00800000000000004,1,123,1000,2,"bernoulli","fixed",0.000800000000000004,10,"10*eta0",0.00800000000000004,8.00000000000004,"fixed | 10*eta0"
1435,-798442.967669404,467.599394343347,1,0,0.00800000000000004,1,123,1000,2,"bernoulli","fixed",0.000800000000000004,10,"10*eta0",0.00800000000000004,8.00000000000004,"fixed | 10*eta0"
1436,-730465.161154597,462.095207643744,1,0,0.00800000000000004,1,123,1000,2,"bernoulli","fixed",0.000800000000000004,10,"10*eta0",0.00800000000000004,8.00000000000004,"fixed | 10*eta0"
1437,-909731.440098313,490.518556111743,1,0,0.00800000000000004,1,123,1000,2,"bernoulli","fixed",0.000800000000000004,10,"10*eta0",0.00800000000000004,8.00000000000004,"fixed | 10*eta0"
1438,-867450.489338571,476.110015502126,1,0,0.00800000000000004,1,123,1000,2,"bernoulli","fixed",0.000800000000000004,10,"10*eta0",0.00800000000000004,8.00000000000004,"fixed | 10*eta0"
1439,-738099.101441626,463.02550611828,1,0,0.00800000000000004,1,123,1000,2,"bernoulli","fixed",0.000800000000000004,10,"10*eta0",0.00800000000000004,8.00000000000004,"fixed | 10*eta0"
1440,-819938.705558842,470.015362807137,1,0,0.00800000000000004,1,123,1000,2,"bernoulli","fixed",0.000800000000000004,10,"10*eta0",0.00800000000000004,8.00000000000004,"fixed | 10*eta0"
1441,-899573.453365154,481.001522796831,1,0,0.00800000000000004,1,123,1000,2,"bernoulli","fixed",0.000800000000000004,10,"10*eta0",0.00800000000000004,8.00000000000004,"fixed | 10*eta0"
1442,-818973.699107046,469.669044042224,1,0,0.00800000000000004,1,123,1000,2,"bernoulli","fixed",0.000800000000000004,10,"10*eta0",0.00800000000000004,8.00000000000004,"fixed | 10*eta0"
1443,-715152.062462432,462.092754303636,1,0,0.00800000000000004,1,123,1000,2,"bernoulli","fixed",0.000800000000000004,10,"10*eta0",0.00800000000000004,8.00000000000004,"fixed | 10*eta0"
1444,-901737.802838081,490.9557202277,1,0,0.00800000000000004,1,123,1000,2,"bernoulli","fixed",0.000800000000000004,10,"10*eta0",0.00800000000000004,8.00000000000004,"fixed | 10*eta0"
1445,-874533.832754129,475.229935347456,1,0,0.00800000000000004,1,123,1000,2,"bernoulli","fixed",0.000800000000000004,10,"10*eta0",0.00800000000000004,8.00000000000004,"fixed | 10*eta0"
1446,-757625.621343136,462.656486331895,1,0,0.00800000000000004,1,123,1000,2,"bernoulli","fixed",0.000800000000000004,10,"10*eta0",0.00800000000000004,8.00000000000004,"fixed | 10*eta0"
1447,-791187.506690841,468.215327307941,1,0,0.00800000000000004,1,123,1000,2,"bernoulli","fixed",0.000800000000000004,10,"10*eta0",0.00800000000000004,8.00000000000004,"fixed | 10*eta0"
1448,-904061.057210044,483.859621184911,1,0,0.00800000000000004,1,123,1000,2,"bernoulli","fixed",0.000800000000000004,10,"10*eta0",0.00800000000000004,8.00000000000004,"fixed | 10*eta0"
1449,-833679.353271648,471.183672033445,1,0,0.00800000000000004,1,123,1000,2,"bernoulli","fixed",0.000800000000000004,10,"10*eta0",0.00800000000000004,8.00000000000004,"fixed | 10*eta0"
1450,-712469.96947857,459.169883995614,1,0,0.00800000000000004,1,123,1000,2,"bernoulli","fixed",0.000800000000000004,10,"10*eta0",0.00800000000000004,8.00000000000004,"fixed | 10*eta0"
1451,-885971.765170863,487.2458418118,1,0,0.00800000000000004,1,123,1000,2,"bernoulli","fixed",0.000800000000000004,10,"10*eta0",0.00800000000000004,8.00000000000004,"fixed | 10*eta0"
1452,-884073.420106135,477.932346599282,1,0,0.00800000000000004,1,123,1000,2,"bernoulli","fixed",0.000800000000000004,10,"10*eta0",0.00800000000000004,8.00000000000004,"fixed | 10*eta0"
1453,-771449.256454504,465.087564700989,1,0,0.00800000000000004,1,123,1000,2,"bernoulli","fixed",0.000800000000000004,10,"10*eta0",0.00800000000000004,8.00000000000004,"fixed | 10*eta0"
1454,-766620.129469897,465.964360067022,1,0,0.00800000000000004,1,123,1000,2,"bernoulli","fixed",0.000800000000000004,10,"10*eta0",0.00800000000000004,8.00000000000004,"fixed | 10*eta0"
1455,-907337.610737048,486.407664678278,1,0,0.00800000000000004,1,123,1000,2,"bernoulli","fixed",0.000800000000000004,10,"10*eta0",0.00800000000000004,8.00000000000004,"fixed | 10*eta0"
1456,-850335.967811257,473.336210316491,1,0,0.00800000000000004,1,123,1000,2,"bernoulli","fixed",0.000800000000000004,10,"10*eta0",0.00800000000000004,8.00000000000004,"fixed | 10*eta0"
1457,-715676.653246088,461.812738121809,1,0,0.00800000000000004,1,123,1000,2,"bernoulli","fixed",0.000800000000000004,10,"10*eta0",0.00800000000000004,8.00000000000004,"fixed | 10*eta0"
1458,-863238.917218662,476.024749953189,1,0,0.00800000000000004,1,123,1000,2,"bernoulli","fixed",0.000800000000000004,10,"10*eta0",0.00800000000000004,8.00000000000004,"fixed | 10*eta0"
1459,-890678.658432847,476.78232343643,1,0,0.00800000000000004,1,123,1000,2,"bernoulli","fixed",0.000800000000000004,10,"10*eta0",0.00800000000000004,8.00000000000004,"fixed | 10*eta0"
1460,-791108.747564787,466.318609963309,1,0,0.00800000000000004,1,123,1000,2,"bernoulli","fixed",0.000800000000000004,10,"10*eta0",0.00800000000000004,8.00000000000004,"fixed | 10*eta0"
1461,-740837.281166093,464.214224056076,1,0,0.00800000000000004,1,123,1000,2,"bernoulli","fixed",0.000800000000000004,10,"10*eta0",0.00800000000000004,8.00000000000004,"fixed | 10*eta0"
1462,-909890.734245299,492.608486422883,1,0,0.00800000000000004,1,123,1000,2,"bernoulli","fixed",0.000800000000000004,10,"10*eta0",0.00800000000000004,8.00000000000004,"fixed | 10*eta0"
1463,-860283.378348728,473.931497840789,1,0,0.00800000000000004,1,123,1000,2,"bernoulli","fixed",0.000800000000000004,10,"10*eta0",0.00800000000000004,8.00000000000004,"fixed | 10*eta0"
1464,-730775.010043773,460.190686156458,1,0,0.00800000000000004,1,123,1000,2,"bernoulli","fixed",0.000800000000000004,10,"10*eta0",0.00800000000000004,8.00000000000004,"fixed | 10*eta0"
1465,-835206.769932946,470.717023110157,1,0,0.00800000000000004,1,123,1000,2,"bernoulli","fixed",0.000800000000000004,10,"10*eta0",0.00800000000000004,8.00000000000004,"fixed | 10*eta0"
1466,-898023.436957012,477.962705811606,1,0,0.00800000000000004,1,123,1000,2,"bernoulli","fixed",0.000800000000000004,10,"10*eta0",0.00800000000000004,8.00000000000004,"fixed | 10*eta0"
1467,-806165.819102383,468.37443523315,1,0,0.00800000000000004,1,123,1000,2,"bernoulli","fixed",0.000800000000000004,10,"10*eta0",0.00800000000000004,8.00000000000004,"fixed | 10*eta0"
1468,-723314.125099345,461.158064928386,1,0,0.00800000000000004,1,123,1000,2,"bernoulli","fixed",0.000800000000000004,10,"10*eta0",0.00800000000000004,8.00000000000004,"fixed | 10*eta0"
1469,-907688.773484004,491.407924904321,1,0,0.00800000000000004,1,123,1000,2,"bernoulli","fixed",0.000800000000000004,10,"10*eta0",0.00800000000000004,8.00000000000004,"fixed | 10*eta0"
1470,-871188.318175154,476.658605916663,1,0,0.00800000000000004,1,123,1000,2,"bernoulli","fixed",0.000800000000000004,10,"10*eta0",0.00800000000000004,8.00000000000004,"fixed | 10*eta0"
1471,-745474.450062289,463.452650689295,1,0,0.00800000000000004,1,123,1000,2,"bernoulli","fixed",0.000800000000000004,10,"10*eta0",0.00800000000000004,8.00000000000004,"fixed | 10*eta0"
1472,-808073.31978699,469.253871586768,1,0,0.00800000000000004,1,123,1000,2,"bernoulli","fixed",0.000800000000000004,10,"10*eta0",0.00800000000000004,8.00000000000004,"fixed | 10*eta0"
1473,-901179.366667661,482.181288210957,1,0,0.00800000000000004,1,123,1000,2,"bernoulli","fixed",0.000800000000000004,10,"10*eta0",0.00800000000000004,8.00000000000004,"fixed | 10*eta0"
1474,-826386.941122984,470.553597947895,1,0,0.00800000000000004,1,123,1000,2,"bernoulli","fixed",0.000800000000000004,10,"10*eta0",0.00800000000000004,8.00000000000004,"fixed | 10*eta0"
1475,-712191.659239068,461.833587399284,1,0,0.00800000000000004,1,123,1000,2,"bernoulli","fixed",0.000800000000000004,10,"10*eta0",0.00800000000000004,8.00000000000004,"fixed | 10*eta0"
1476,-895836.535976265,488.747439453727,1,0,0.00800000000000004,1,123,1000,2,"bernoulli","fixed",0.000800000000000004,10,"10*eta0",0.00800000000000004,8.00000000000004,"fixed | 10*eta0"
1477,-878072.466978229,475.466052385834,1,0,0.00800000000000004,1,123,1000,2,"bernoulli","fixed",0.000800000000000004,10,"10*eta0",0.00800000000000004,8.00000000000004,"fixed | 10*eta0"
1478,-764754.727800885,463.387652318994,1,0,0.00800000000000004,1,123,1000,2,"bernoulli","fixed",0.000800000000000004,10,"10*eta0",0.00800000000000004,8.00000000000004,"fixed | 10*eta0"
1479,-779856.177097656,467.437151997049,1,0,0.00800000000000004,1,123,1000,2,"bernoulli","fixed",0.000800000000000004,10,"10*eta0",0.00800000000000004,8.00000000000004,"fixed | 10*eta0"
1480,-905558.925395734,486.310789073923,1,0,0.00800000000000004,1,123,1000,2,"bernoulli","fixed",0.000800000000000004,10,"10*eta0",0.00800000000000004,8.00000000000004,"fixed | 10*eta0"
1481,-840327.050552825,471.863507283291,1,0,0.00800000000000004,1,123,1000,2,"bernoulli","fixed",0.000800000000000004,10,"10*eta0",0.00800000000000004,8.00000000000004,"fixed | 10*eta0"
1482,-713616.345783606,459.073672644589,1,0,0.00800000000000004,1,123,1000,2,"bernoulli","fixed",0.000800000000000004,10,"10*eta0",0.00800000000000004,8.00000000000004,"fixed | 10*eta0"
1483,-876804.644927031,484.324406158514,1,0,0.00800000000000004,1,123,1000,2,"bernoulli","fixed",0.000800000000000004,10,"10*eta0",0.00800000000000004,8.00000000000004,"fixed | 10*eta0"
1484,-887469.800077729,478.096942020638,1,0,0.00800000000000004,1,123,1000,2,"bernoulli","fixed",0.000800000000000004,10,"10*eta0",0.00800000000000004,8.00000000000004,"fixed | 10*eta0"
1485,-778488.538667494,465.681184837404,1,0,0.00800000000000004,1,123,1000,2,"bernoulli","fixed",0.000800000000000004,10,"10*eta0",0.00800000000000004,8.00000000000004,"fixed | 10*eta0"
1486,-755917.60635374,464.932449818226,1,0,0.00800000000000004,1,123,1000,2,"bernoulli","fixed",0.000800000000000004,10,"10*eta0",0.00800000000000004,8.00000000000004,"fixed | 10*eta0"
1487,-908917.855530694,487.860299685207,1,0,0.00800000000000004,1,123,1000,2,"bernoulli","fixed",0.000800000000000004,10,"10*eta0",0.00800000000000004,8.00000000000004,"fixed | 10*eta0"
1488,-855638.872782547,474.143637477165,1,0,0.00800000000000004,1,123,1000,2,"bernoulli","fixed",0.000800000000000004,10,"10*eta0",0.00800000000000004,8.00000000000004,"fixed | 10*eta0"
1489,-720299.629379464,462.045235388127,1,0,0.00800000000000004,1,123,1000,2,"bernoulli","fixed",0.000800000000000004,10,"10*eta0",0.00800000000000004,8.00000000000004,"fixed | 10*eta0"
1490,-852097.55909218,471.853188175737,1,0,0.00800000000000004,1,123,1000,2,"bernoulli","fixed",0.000800000000000004,10,"10*eta0",0.00800000000000004,8.00000000000004,"fixed | 10*eta0"
1491,-893639.047706862,476.832000016125,1,0,0.00800000000000004,1,123,1000,2,"bernoulli","fixed",0.000800000000000004,10,"10*eta0",0.00800000000000004,8.00000000000004,"fixed | 10*eta0"
1492,-798539.402081633,467.200662881353,1,0,0.00800000000000004,1,123,1000,2,"bernoulli","fixed",0.000800000000000004,10,"10*eta0",0.00800000000000004,8.00000000000004,"fixed | 10*eta0"
1493,-731894.906499803,463.328832026792,1,0,0.00800000000000004,1,123,1000,2,"bernoulli","fixed",0.000800000000000004,10,"10*eta0",0.00800000000000004,8.00000000000004,"fixed | 10*eta0"
1494,-909606.650763778,493.140529904141,1,0,0.00800000000000004,1,123,1000,2,"bernoulli","fixed",0.000800000000000004,10,"10*eta0",0.00800000000000004,8.00000000000004,"fixed | 10*eta0"
1495,-864506.712147889,474.357984989626,1,0,0.00800000000000004,1,123,1000,2,"bernoulli","fixed",0.000800000000000004,10,"10*eta0",0.00800000000000004,8.00000000000004,"fixed | 10*eta0"
1496,-737846.10826338,460.794011638523,1,0,0.00800000000000004,1,123,1000,2,"bernoulli","fixed",0.000800000000000004,10,"10*eta0",0.00800000000000004,8.00000000000004,"fixed | 10*eta0"
1497,-823003.409874584,470.086924133117,1,0,0.00800000000000004,1,123,1000,2,"bernoulli","fixed",0.000800000000000004,10,"10*eta0",0.00800000000000004,8.00000000000004,"fixed | 10*eta0"
1498,-899978.34858104,477.747890128297,1,0,0.00800000000000004,1,123,1000,2,"bernoulli","fixed",0.000800000000000004,10,"10*eta0",0.00800000000000004,8.00000000000004,"fixed | 10*eta0"
1499,-813899.831927518,469.161075170255,1,0,0.00800000000000004,1,123,1000,2,"bernoulli","fixed",0.000800000000000004,10,"10*eta0",0.00800000000000004,8.00000000000004,"fixed | 10*eta0"
1500,-717910.972097708,460.368076533912,1,0,0.00800000000000004,1,123,1000,2,"bernoulli","fixed",0.000800000000000004,10,"10*eta0",0.00800000000000004,8.00000000000004,"fixed | 10*eta0"
1501,-903969.592023663,491.390966253452,1,0,0.00800000000000004,1,123,1000,2,"bernoulli","fixed",0.000800000000000004,10,"10*eta0",0.00800000000000004,8.00000000000004,"fixed | 10*eta0"
1502,-874754.015362865,477.113424006766,1,0,0.00800000000000004,1,123,1000,2,"bernoulli","fixed",0.000800000000000004,10,"10*eta0",0.00800000000000004,8.00000000000004,"fixed | 10*eta0"
1503,-752715.907172371,463.886083856019,1,0,0.00800000000000004,1,123,1000,2,"bernoulli","fixed",0.000800000000000004,10,"10*eta0",0.00800000000000004,8.00000000000004,"fixed | 10*eta0"
1504,-796521.740281151,468.443462662542,1,0,0.00800000000000004,1,123,1000,2,"bernoulli","fixed",0.000800000000000004,10,"10*eta0",0.00800000000000004,8.00000000000004,"fixed | 10*eta0"
1505,-902733.063385139,483.345191510375,1,0,0.00800000000000004,1,123,1000,2,"bernoulli","fixed",0.000800000000000004,10,"10*eta0",0.00800000000000004,8.00000000000004,"fixed | 10*eta0"
1506,-833482.283638034,471.387093236231,1,0,0.00800000000000004,1,123,1000,2,"bernoulli","fixed",0.000800000000000004,10,"10*eta0",0.00800000000000004,8.00000000000004,"fixed | 10*eta0"
1507,-710959.717230595,461.685870175761,1,0,0.00800000000000004,1,123,1000,2,"bernoulli","fixed",0.000800000000000004,10,"10*eta0",0.00800000000000004,8.00000000000004,"fixed | 10*eta0"
1508,-888530.324879695,485.85262919726,1,0,0.00800000000000004,1,123,1000,2,"bernoulli","fixed",0.000800000000000004,10,"10*eta0",0.00800000000000004,8.00000000000004,"fixed | 10*eta0"
1509,-881592.790178282,475.942140542203,1,0,0.00800000000000004,1,123,1000,2,"bernoulli","fixed",0.000800000000000004,10,"10*eta0",0.00800000000000004,8.00000000000004,"fixed | 10*eta0"
1510,-771813.775505374,464.139342928119,1,0,0.00800000000000004,1,123,1000,2,"bernoulli","fixed",0.000800000000000004,10,"10*eta0",0.00800000000000004,8.00000000000004,"fixed | 10*eta0"
1511,-768750.112528257,466.609584054004,1,0,0.00800000000000004,1,123,1000,2,"bernoulli","fixed",0.000800000000000004,10,"10*eta0",0.00800000000000004,8.00000000000004,"fixed | 10*eta0"
1512,-907078.87354778,488.52411408527,1,0,0.00800000000000004,1,123,1000,2,"bernoulli","fixed",0.000800000000000004,10,"10*eta0",0.00800000000000004,8.00000000000004,"fixed | 10*eta0"
1513,-846472.783961945,472.495905134949,1,0,0.00800000000000004,1,123,1000,2,"bernoulli","fixed",0.000800000000000004,10,"10*eta0",0.00800000000000004,8.00000000000004,"fixed | 10*eta0"
1514,-716383.152205508,459.159132521148,1,0,0.00800000000000004,1,123,1000,2,"bernoulli","fixed",0.000800000000000004,10,"10*eta0",0.00800000000000004,8.00000000000004,"fixed | 10*eta0"
1515,-866548.49875033,480.57990196806,1,0,0.00800000000000004,1,123,1000,2,"bernoulli","fixed",0.000800000000000004,10,"10*eta0",0.00800000000000004,8.00000000000004,"fixed | 10*eta0"
1516,-890736.197099158,478.178572362,1,0,0.00800000000000004,1,123,1000,2,"bernoulli","fixed",0.000800000000000004,10,"10*eta0",0.00800000000000004,8.00000000000004,"fixed | 10*eta0"
1517,-785723.73944668,466.359988431295,1,0,0.00800000000000004,1,123,1000,2,"bernoulli","fixed",0.000800000000000004,10,"10*eta0",0.00800000000000004,8.00000000000004,"fixed | 10*eta0"
1518,-745692.733542509,463.865464965723,1,0,0.00800000000000004,1,123,1000,2,"bernoulli","fixed",0.000800000000000004,10,"10*eta0",0.00800000000000004,8.00000000000004,"fixed | 10*eta0"
1519,-910019.075243948,489.131337903674,1,0,0.00800000000000004,1,123,1000,2,"bernoulli","fixed",0.000800000000000004,10,"10*eta0",0.00800000000000004,8.00000000000004,"fixed | 10*eta0"
1520,-860410.281905642,474.957464764939,1,0,0.00800000000000004,1,123,1000,2,"bernoulli","fixed",0.000800000000000004,10,"10*eta0",0.00800000000000004,8.00000000000004,"fixed | 10*eta0"
1521,-726224.653534905,462.362110030629,1,0,0.00800000000000004,1,123,1000,2,"bernoulli","fixed",0.000800000000000004,10,"10*eta0",0.00800000000000004,8.00000000000004,"fixed | 10*eta0"
1522,-840330.810372408,471.205574161028,1,0,0.00800000000000004,1,123,1000,2,"bernoulli","fixed",0.000800000000000004,10,"10*eta0",0.00800000000000004,8.00000000000004,"fixed | 10*eta0"
1523,-896202.13806827,478.589873320008,1,0,0.00800000000000004,1,123,1000,2,"bernoulli","fixed",0.000800000000000004,10,"10*eta0",0.00800000000000004,8.00000000000004,"fixed | 10*eta0"
1524,-806109.761808239,468.113550695941,1,0,0.00800000000000004,1,123,1000,2,"bernoulli","fixed",0.000800000000000004,10,"10*eta0",0.00800000000000004,8.00000000000004,"fixed | 10*eta0"
1525,-724261.477925481,462.776635732532,1,0,0.00800000000000004,1,123,1000,2,"bernoulli","fixed",0.000800000000000004,10,"10*eta0",0.00800000000000004,8.00000000000004,"fixed | 10*eta0"
1526,-908032.322016055,492.976245349697,1,0,0.00800000000000004,1,123,1000,2,"bernoulli","fixed",0.000800000000000004,10,"10*eta0",0.00800000000000004,8.00000000000004,"fixed | 10*eta0"
1527,-868391.228609516,474.726643011898,1,0,0.00800000000000004,1,123,1000,2,"bernoulli","fixed",0.000800000000000004,10,"10*eta0",0.00800000000000004,8.00000000000004,"fixed | 10*eta0"
1528,-745233.345728731,461.460637595945,1,0,0.00800000000000004,1,123,1000,2,"bernoulli","fixed",0.000800000000000004,10,"10*eta0",0.00800000000000004,8.00000000000004,"fixed | 10*eta0"
1529,-810940.112016465,469.424267917323,1,0,0.00800000000000004,1,123,1000,2,"bernoulli","fixed",0.000800000000000004,10,"10*eta0",0.00800000000000004,8.00000000000004,"fixed | 10*eta0"
1530,-901600.787195122,479.292717526493,1,0,0.00800000000000004,1,123,1000,2,"bernoulli","fixed",0.000800000000000004,10,"10*eta0",0.00800000000000004,8.00000000000004,"fixed | 10*eta0"
1531,-821499.389909032,469.938483137923,1,0,0.00800000000000004,1,123,1000,2,"bernoulli","fixed",0.000800000000000004,10,"10*eta0",0.00800000000000004,8.00000000000004,"fixed | 10*eta0"
1532,-714370.463416428,459.759849803237,1,0,0.00800000000000004,1,123,1000,2,"bernoulli","fixed",0.000800000000000004,10,"10*eta0",0.00800000000000004,8.00000000000004,"fixed | 10*eta0"
1533,-898556.416685046,490.472936859501,1,0,0.00800000000000004,1,123,1000,2,"bernoulli","fixed",0.000800000000000004,10,"10*eta0",0.00800000000000004,8.00000000000004,"fixed | 10*eta0"
1534,-878238.628858165,477.482472734611,1,0,0.00800000000000004,1,123,1000,2,"bernoulli","fixed",0.000800000000000004,10,"10*eta0",0.00800000000000004,8.00000000000004,"fixed | 10*eta0"
1535,-759746.654884844,464.323235642711,1,0,0.00800000000000004,1,123,1000,2,"bernoulli","fixed",0.000800000000000004,10,"10*eta0",0.00800000000000004,8.00000000000004,"fixed | 10*eta0"
1536,-785248.699482261,467.575960180821,1,0,0.00800000000000004,1,123,1000,2,"bernoulli","fixed",0.000800000000000004,10,"10*eta0",0.00800000000000004,8.00000000000004,"fixed | 10*eta0"
1537,-904378.872321549,484.532242614623,1,0,0.00800000000000004,1,123,1000,2,"bernoulli","fixed",0.000800000000000004,10,"10*eta0",0.00800000000000004,8.00000000000004,"fixed | 10*eta0"
1538,-840159.68058033,472.161537454626,1,0,0.00800000000000004,1,123,1000,2,"bernoulli","fixed",0.000800000000000004,10,"10*eta0",0.00800000000000004,8.00000000000004,"fixed | 10*eta0"
1539,-711361.839842751,461.645222754007,1,0,0.00800000000000004,1,123,1000,2,"bernoulli","fixed",0.000800000000000004,10,"10*eta0",0.00800000000000004,8.00000000000004,"fixed | 10*eta0"
1540,-880021.884350059,482.380001007147,1,0,0.00800000000000004,1,123,1000,2,"bernoulli","fixed",0.000800000000000004,10,"10*eta0",0.00800000000000004,8.00000000000004,"fixed | 10*eta0"
1541,-885076.104209192,476.367204257188,1,0,0.00800000000000004,1,123,1000,2,"bernoulli","fixed",0.000800000000000004,10,"10*eta0",0.00800000000000004,8.00000000000004,"fixed | 10*eta0"
1542,-778894.845077964,464.918387624013,1,0,0.00800000000000004,1,123,1000,2,"bernoulli","fixed",0.000800000000000004,10,"10*eta0",0.00800000000000004,8.00000000000004,"fixed | 10*eta0"
1543,-757938.741734059,465.739130335422,1,0,0.00800000000000004,1,123,1000,2,"bernoulli","fixed",0.000800000000000004,10,"10*eta0",0.00800000000000004,8.00000000000004,"fixed | 10*eta0"
1544,-908478.598633349,490.413780346457,1,0,0.00800000000000004,1,123,1000,2,"bernoulli","fixed",0.000800000000000004,10,"10*eta0",0.00800000000000004,8.00000000000004,"fixed | 10*eta0"
1545,-852068.246472286,473.076874871238,1,0,0.00800000000000004,1,123,1000,2,"bernoulli","fixed",0.000800000000000004,10,"10*eta0",0.00800000000000004,8.00000000000004,"fixed | 10*eta0"
1546,-720675.67419356,459.417497157109,1,0,0.00800000000000004,1,123,1000,2,"bernoulli","fixed",0.000800000000000004,10,"10*eta0",0.00800000000000004,8.00000000000004,"fixed | 10*eta0"
1547,-855389.997363581,475.959904044043,1,0,0.00800000000000004,1,123,1000,2,"bernoulli","fixed",0.000800000000000004,10,"10*eta0",0.00800000000000004,8.00000000000004,"fixed | 10*eta0"
1548,-893759.089403909,478.171139879003,1,0,0.00800000000000004,1,123,1000,2,"bernoulli","fixed",0.000800000000000004,10,"10*eta0",0.00800000000000004,8.00000000000004,"fixed | 10*eta0"
1549,-793178.566108706,467.079952846738,1,0,0.00800000000000004,1,123,1000,2,"bernoulli","fixed",0.000800000000000004,10,"10*eta0",0.00800000000000004,8.00000000000004,"fixed | 10*eta0"
1550,-736283.849489469,462.801541833667,1,0,0.00800000000000004,1,123,1000,2,"bernoulli","fixed",0.000800000000000004,10,"10*eta0",0.00800000000000004,8.00000000000004,"fixed | 10*eta0"
1551,-910265.439664128,490.150684091278,1,0,0.00800000000000004,1,123,1000,2,"bernoulli","fixed",0.000800000000000004,10,"10*eta0",0.00800000000000004,8.00000000000004,"fixed | 10*eta0"
1552,-864706.759320766,475.673523351759,1,0,0.00800000000000004,1,123,1000,2,"bernoulli","fixed",0.000800000000000004,10,"10*eta0",0.00800000000000004,8.00000000000004,"fixed | 10*eta0"
1553,-733072.295833151,462.74106827544,1,0,0.00800000000000004,1,123,1000,2,"bernoulli","fixed",0.000800000000000004,10,"10*eta0",0.00800000000000004,8.00000000000004,"fixed | 10*eta0"
1554,-828269.190929604,470.516049273182,1,0,0.00800000000000004,1,123,1000,2,"bernoulli","fixed",0.000800000000000004,10,"10*eta0",0.00800000000000004,8.00000000000004,"fixed | 10*eta0"
1555,-898327.52112948,480.110998094392,1,0,0.00800000000000004,1,123,1000,2,"bernoulli","fixed",0.000800000000000004,10,"10*eta0",0.00800000000000004,8.00000000000004,"fixed | 10*eta0"
1556,-813737.784326948,469.037584028647,1,0,0.00800000000000004,1,123,1000,2,"bernoulli","fixed",0.000800000000000004,10,"10*eta0",0.00800000000000004,8.00000000000004,"fixed | 10*eta0"
1557,-718254.847719087,462.33705894407,1,0,0.00800000000000004,1,123,1000,2,"bernoulli","fixed",0.000800000000000004,10,"10*eta0",0.00800000000000004,8.00000000000004,"fixed | 10*eta0"
1558,-904886.213612901,492.049097973474,1,0,0.00800000000000004,1,123,1000,2,"bernoulli","fixed",0.000800000000000004,10,"10*eta0",0.00800000000000004,8.00000000000004,"fixed | 10*eta0"
1559,-872062.841227679,475.041223993888,1,0,0.00800000000000004,1,123,1000,2,"bernoulli","fixed",0.000800000000000004,10,"10*eta0",0.00800000000000004,8.00000000000004,"fixed | 10*eta0"
1560,-752613.783013414,462.161105117612,1,0,0.00800000000000004,1,123,1000,2,"bernoulli","fixed",0.000800000000000004,10,"10*eta0",0.00800000000000004,8.00000000000004,"fixed | 10*eta0"
1561,-799158.25003589,468.724392426458,1,0,0.00800000000000004,1,123,1000,2,"bernoulli","fixed",0.000800000000000004,10,"10*eta0",0.00800000000000004,8.00000000000004,"fixed | 10*eta0"
1562,-903060.306614176,482.058333991996,1,0,0.00800000000000004,1,123,1000,2,"bernoulli","fixed",0.000800000000000004,10,"10*eta0",0.00800000000000004,8.00000000000004,"fixed | 10*eta0"
1563,-828828.96204712,470.688201658867,1,0,0.00800000000000004,1,123,1000,2,"bernoulli","fixed",0.000800000000000004,10,"10*eta0",0.00800000000000004,8.00000000000004,"fixed | 10*eta0"
1564,-712649.407185598,459.344980135132,1,0,0.00800000000000004,1,123,1000,2,"bernoulli","fixed",0.000800000000000004,10,"10*eta0",0.00800000000000004,8.00000000000004,"fixed | 10*eta0"
1565,-891590.108634622,488.804937827398,1,0,0.00800000000000004,1,123,1000,2,"bernoulli","fixed",0.000800000000000004,10,"10*eta0",0.00800000000000004,8.00000000000004,"fixed | 10*eta0"
1566,-881695.58096483,477.774024508733,1,0,0.00800000000000004,1,123,1000,2,"bernoulli","fixed",0.000800000000000004,10,"10*eta0",0.00800000000000004,8.00000000000004,"fixed | 10*eta0"
1567,-766661.193923976,464.769622628691,1,0,0.00800000000000004,1,123,1000,2,"bernoulli","fixed",0.000800000000000004,10,"10*eta0",0.00800000000000004,8.00000000000004,"fixed | 10*eta0"
1568,-774171.184015362,466.644946107809,1,0,0.00800000000000004,1,123,1000,2,"bernoulli","fixed",0.000800000000000004,10,"10*eta0",0.00800000000000004,8.00000000000004,"fixed | 10*eta0"
1569,-906128.862465143,485.683027092813,1,0,0.00800000000000004,1,123,1000,2,"bernoulli","fixed",0.000800000000000004,10,"10*eta0",0.00800000000000004,8.00000000000004,"fixed | 10*eta0"
1570,-846356.770805838,472.876588960471,1,0,0.00800000000000004,1,123,1000,2,"bernoulli","fixed",0.000800000000000004,10,"10*eta0",0.00800000000000004,8.00000000000004,"fixed | 10*eta0"
1571,-713364.67849536,461.708852529302,1,0,0.00800000000000004,1,123,1000,2,"bernoulli","fixed",0.000800000000000004,10,"10*eta0",0.00800000000000004,8.00000000000004,"fixed | 10*eta0"
1572,-870438.43157039,478.871440503346,1,0,0.00800000000000004,1,123,1000,2,"bernoulli","fixed",0.000800000000000004,10,"10*eta0",0.00800000000000004,8.00000000000004,"fixed | 10*eta0"
1573,-888456.470204747,476.661593124927,1,0,0.00800000000000004,1,123,1000,2,"bernoulli","fixed",0.000800000000000004,10,"10*eta0",0.00800000000000004,8.00000000000004,"fixed | 10*eta0"
1574,-786069.346576795,465.73251321659,1,0,0.00800000000000004,1,123,1000,2,"bernoulli","fixed",0.000800000000000004,10,"10*eta0",0.00800000000000004,8.00000000000004,"fixed | 10*eta0"
1575,-747588.406395201,464.839994379954,1,0,0.00800000000000004,1,123,1000,2,"bernoulli","fixed",0.000800000000000004,10,"10*eta0",0.00800000000000004,8.00000000000004,"fixed | 10*eta0"
1576,-909529.146448792,491.886987047,1,0,0.00800000000000004,1,123,1000,2,"bernoulli","fixed",0.000800000000000004,10,"10*eta0",0.00800000000000004,8.00000000000004,"fixed | 10*eta0"
1577,-857106.341295156,473.602359172317,1,0,0.00800000000000004,1,123,1000,2,"bernoulli","fixed",0.000800000000000004,10,"10*eta0",0.00800000000000004,8.00000000000004,"fixed | 10*eta0"
1578,-726289.192955298,459.830249543922,1,0,0.00800000000000004,1,123,1000,2,"bernoulli","fixed",0.000800000000000004,10,"10*eta0",0.00800000000000004,8.00000000000004,"fixed | 10*eta0"
1579,-843583.617421519,471.134062073391,1,0,0.00800000000000004,1,123,1000,2,"bernoulli","fixed",0.000800000000000004,10,"10*eta0",0.00800000000000004,8.00000000000004,"fixed | 10*eta0"
1580,-896426.758291579,478.075347070823,1,0,0.00800000000000004,1,123,1000,2,"bernoulli","fixed",0.000800000000000004,10,"10*eta0",0.00800000000000004,8.00000000000004,"fixed | 10*eta0"
1581,-800820.559495923,467.836537371187,1,0,0.00800000000000004,1,123,1000,2,"bernoulli","fixed",0.000800000000000004,10,"10*eta0",0.00800000000000004,8.00000000000004,"fixed | 10*eta0"
1582,-728082.672679384,461.792792820356,1,0,0.00800000000000004,1,123,1000,2,"bernoulli","fixed",0.000800000000000004,10,"10*eta0",0.00800000000000004,8.00000000000004,"fixed | 10*eta0"
1583,-909270.086305289,490.881277895418,1,0,0.00800000000000004,1,123,1000,2,"bernoulli","fixed",0.000800000000000004,10,"10*eta0",0.00800000000000004,8.00000000000004,"fixed | 10*eta0"
1584,-868630.796503817,476.289942247686,1,0,0.00800000000000004,1,123,1000,2,"bernoulli","fixed",0.000800000000000004,10,"10*eta0",0.00800000000000004,8.00000000000004,"fixed | 10*eta0"
1585,-740379.088405513,463.156225100821,1,0,0.00800000000000004,1,123,1000,2,"bernoulli","fixed",0.000800000000000004,10,"10*eta0",0.00800000000000004,8.00000000000004,"fixed | 10*eta0"
1586,-816241.274909044,469.784816680243,1,0,0.00800000000000004,1,123,1000,2,"bernoulli","fixed",0.000800000000000004,10,"10*eta0",0.00800000000000004,8.00000000000004,"fixed | 10*eta0"
1587,-900087.486288205,481.374387495108,1,0,0.00800000000000004,1,123,1000,2,"bernoulli","fixed",0.000800000000000004,10,"10*eta0",0.00800000000000004,8.00000000000004,"fixed | 10*eta0"
1588,-821291.033505163,469.946943079529,1,0,0.00800000000000004,1,123,1000,2,"bernoulli","fixed",0.000800000000000004,10,"10*eta0",0.00800000000000004,8.00000000000004,"fixed | 10*eta0"
1589,-714045.988786881,462.000595276361,1,0,0.00800000000000004,1,123,1000,2,"bernoulli","fixed",0.000800000000000004,10,"10*eta0",0.00800000000000004,8.00000000000004,"fixed | 10*eta0"
1590,-900077.472595591,490.350130542697,1,0,0.00800000000000004,1,123,1000,2,"bernoulli","fixed",0.000800000000000004,10,"10*eta0",0.00800000000000004,8.00000000000004,"fixed | 10*eta0"
1591,-875630.422072186,475.307398683311,1,0,0.00800000000000004,1,123,1000,2,"bernoulli","fixed",0.000800000000000004,10,"10*eta0",0.00800000000000004,8.00000000000004,"fixed | 10*eta0"
1592,-759842.334389583,462.880597955296,1,0,0.00800000000000004,1,123,1000,2,"bernoulli","fixed",0.000800000000000004,10,"10*eta0",0.00800000000000004,8.00000000000004,"fixed | 10*eta0"
1593,-787661.356798732,467.980175585124,1,0,0.00800000000000004,1,123,1000,2,"bernoulli","fixed",0.000800000000000004,10,"10*eta0",0.00800000000000004,8.00000000000004,"fixed | 10*eta0"
1594,-904517.249104477,484.638216116373,1,0,0.00800000000000004,1,123,1000,2,"bernoulli","fixed",0.000800000000000004,10,"10*eta0",0.00800000000000004,8.00000000000004,"fixed | 10*eta0"
1595,-835783.598089966,471.398636654256,1,0,0.00800000000000004,1,123,1000,2,"bernoulli","fixed",0.000800000000000004,10,"10*eta0",0.00800000000000004,8.00000000000004,"fixed | 10*eta0"
1596,-712648.40379218,459.120462139742,1,0,0.00800000000000004,1,123,1000,2,"bernoulli","fixed",0.000800000000000004,10,"10*eta0",0.00800000000000004,8.00000000000004,"fixed | 10*eta0"
1597,-883263.944666909,486.427760394343,1,0,0.00800000000000004,1,123,1000,2,"bernoulli","fixed",0.000800000000000004,10,"10*eta0",0.00800000000000004,8.00000000000004,"fixed | 10*eta0"
1598,-885131.182411587,477.991593014578,1,0,0.00800000000000004,1,123,1000,2,"bernoulli","fixed",0.000800000000000004,10,"10*eta0",0.00800000000000004,8.00000000000004,"fixed | 10*eta0"
1599,-773607.565461484,465.234898628502,1,0,0.00800000000000004,1,123,1000,2,"bernoulli","fixed",0.000800000000000004,10,"10*eta0",0.00800000000000004,8.00000000000004,"fixed | 10*eta0"
1600,-763277.494301872,465.650785699529,1,0,0.00800000000000004,1,123,1000,2,"bernoulli","fixed",0.000800000000000004,10,"10*eta0",0.00800000000000004,8.00000000000004,"fixed | 10*eta0"
1601,-907857.08850698,486.885183195612,1,0,0.00800000000000004,1,123,1000,2,"bernoulli","fixed",0.000800000000000004,10,"10*eta0",0.00800000000000004,8.00000000000004,"fixed | 10*eta0"
1602,-852032.890658058,473.532508588297,1,0,0.00800000000000004,1,123,1000,2,"bernoulli","fixed",0.000800000000000004,10,"10*eta0",0.00800000000000004,8.00000000000004,"fixed | 10*eta0"
1603,-716949.850057793,461.874579893782,1,0,0.00800000000000004,1,123,1000,2,"bernoulli","fixed",0.000800000000000004,10,"10*eta0",0.00800000000000004,8.00000000000004,"fixed | 10*eta0"
1604,-859879.279314298,474.635025691739,1,0,0.00800000000000004,1,123,1000,2,"bernoulli","fixed",0.000800000000000004,10,"10*eta0",0.00800000000000004,8.00000000000004,"fixed | 10*eta0"
1605,-891630.244268513,476.813513672113,1,0,0.00800000000000004,1,123,1000,2,"bernoulli","fixed",0.000800000000000004,10,"10*eta0",0.00800000000000004,8.00000000000004,"fixed | 10*eta0"
1606,-793387.980173711,466.587148091797,1,0,0.00800000000000004,1,123,1000,2,"bernoulli","fixed",0.000800000000000004,10,"10*eta0",0.00800000000000004,8.00000000000004,"fixed | 10*eta0"
1607,-737955.93634999,463.936517935506,1,0,0.00800000000000004,1,123,1000,2,"bernoulli","fixed",0.000800000000000004,10,"10*eta0",0.00800000000000004,8.00000000000004,"fixed | 10*eta0"
1608,-909918.732523014,492.841514308656,1,0,0.00800000000000004,1,123,1000,2,"bernoulli","fixed",0.000800000000000004,10,"10*eta0",0.00800000000000004,8.00000000000004,"fixed | 10*eta0"
1609,-861632.231992565,474.069603467494,1,0,0.00800000000000004,1,123,1000,2,"bernoulli","fixed",0.000800000000000004,10,"10*eta0",0.00800000000000004,8.00000000000004,"fixed | 10*eta0"
1610,-732902.382704268,460.368200899483,1,0,0.00800000000000004,1,123,1000,2,"bernoulli","fixed",0.000800000000000004,10,"10*eta0",0.00800000000000004,8.00000000000004,"fixed | 10*eta0"
1611,-831434.476362298,470.525630852069,1,0,0.00800000000000004,1,123,1000,2,"bernoulli","fixed",0.000800000000000004,10,"10*eta0",0.00800000000000004,8.00000000000004,"fixed | 10*eta0"
1612,-898670.688198953,477.901928710336,1,0,0.00800000000000004,1,123,1000,2,"bernoulli","fixed",0.000800000000000004,10,"10*eta0",0.00800000000000004,8.00000000000004,"fixed | 10*eta0"
1613,-808561.549911739,468.617267863473,1,0,0.00800000000000004,1,123,1000,2,"bernoulli","fixed",0.000800000000000004,10,"10*eta0",0.00800000000000004,8.00000000000004,"fixed | 10*eta0"
1614,-721448.554158134,460.896129679294,1,0,0.00800000000000004,1,123,1000,2,"bernoulli","fixed",0.000800000000000004,10,"10*eta0",0.00800000000000004,8.00000000000004,"fixed | 10*eta0"
1615,-906722.989048421,491.500957699494,1,0,0.00800000000000004,1,123,1000,2,"bernoulli","fixed",0.000800000000000004,10,"10*eta0",0.00800000000000004,8.00000000000004,"fixed | 10*eta0"
1616,-872303.849789868,476.808863293738,1,0,0.00800000000000004,1,123,1000,2,"bernoulli","fixed",0.000800000000000004,10,"10*eta0",0.00800000000000004,8.00000000000004,"fixed | 10*eta0"
1617,-747734.776385959,463.586276173897,1,0,0.00800000000000004,1,123,1000,2,"bernoulli","fixed",0.000800000000000004,10,"10*eta0",0.00800000000000004,8.00000000000004,"fixed | 10*eta0"
1618,-804468.993656316,469.008986136437,1,0,0.00800000000000004,1,123,1000,2,"bernoulli","fixed",0.000800000000000004,10,"10*eta0",0.00800000000000004,8.00000000000004,"fixed | 10*eta0"
1619,-901656.343362666,482.53874625784,1,0,0.00800000000000004,1,123,1000,2,"bernoulli","fixed",0.000800000000000004,10,"10*eta0",0.00800000000000004,8.00000000000004,"fixed | 10*eta0"
1620,-828619.351692698,470.817242045517,1,0,0.00800000000000004,1,123,1000,2,"bernoulli","fixed",0.000800000000000004,10,"10*eta0",0.00800000000000004,8.00000000000004,"fixed | 10*eta0"
1621,-711631.621338818,461.776222732283,1,0,0.00800000000000004,1,123,1000,2,"bernoulli","fixed",0.000800000000000004,10,"10*eta0",0.00800000000000004,8.00000000000004,"fixed | 10*eta0"
1622,-893717.865181283,487.923547499593,1,0,0.00800000000000004,1,123,1000,2,"bernoulli","fixed",0.000800000000000004,10,"10*eta0",0.00800000000000004,8.00000000000004,"fixed | 10*eta0"
1623,-879162.304947785,475.576778441025,1,0,0.00800000000000004,1,123,1000,2,"bernoulli","fixed",0.000800000000000004,10,"10*eta0",0.00800000000000004,8.00000000000004,"fixed | 10*eta0"
1624,-766939.292086937,463.617498356494,1,0,0.00800000000000004,1,123,1000,2,"bernoulli","fixed",0.000800000000000004,10,"10*eta0",0.00800000000000004,8.00000000000004,"fixed | 10*eta0"
1625,-776398.4266356,467.186497979329,1,0,0.00800000000000004,1,123,1000,2,"bernoulli","fixed",0.000800000000000004,10,"10*eta0",0.00800000000000004,8.00000000000004,"fixed | 10*eta0"
1626,-906031.077417217,487.023998817533,1,0,0.00800000000000004,1,123,1000,2,"bernoulli","fixed",0.000800000000000004,10,"10*eta0",0.00800000000000004,8.00000000000004,"fixed | 10*eta0"
1627,-842282.917928743,472.064196506289,1,0,0.00800000000000004,1,123,1000,2,"bernoulli","fixed",0.000800000000000004,10,"10*eta0",0.00800000000000004,8.00000000000004,"fixed | 10*eta0"
1628,-714301.142155426,459.080949456666,1,0,0.00800000000000004,1,123,1000,2,"bernoulli","fixed",0.000800000000000004,10,"10*eta0",0.00800000000000004,8.00000000000004,"fixed | 10*eta0"
1629,-873743.626639993,483.257588121896,1,0,0.00800000000000004,1,123,1000,2,"bernoulli","fixed",0.000800000000000004,10,"10*eta0",0.00800000000000004,8.00000000000004,"fixed | 10*eta0"
1630,-888498.135105061,478.131397069358,1,0,0.00800000000000004,1,123,1000,2,"bernoulli","fixed",0.000800000000000004,10,"10*eta0",0.00800000000000004,8.00000000000004,"fixed | 10*eta0"
1631,-780701.593017213,465.886632803147,1,0,0.00800000000000004,1,123,1000,2,"bernoulli","fixed",0.000800000000000004,10,"10*eta0",0.00800000000000004,8.00000000000004,"fixed | 10*eta0"
1632,-752692.518071792,464.604980676709,1,0,0.00800000000000004,1,123,1000,2,"bernoulli","fixed",0.000800000000000004,10,"10*eta0",0.00800000000000004,8.00000000000004,"fixed | 10*eta0"
1633,-909325.826775774,488.246785514297,1,0,0.00800000000000004,1,123,1000,2,"bernoulli","fixed",0.000800000000000004,10,"10*eta0",0.00800000000000004,8.00000000000004,"fixed | 10*eta0"
1634,-857168.734790369,474.405331212995,1,0,0.00800000000000004,1,123,1000,2,"bernoulli","fixed",0.000800000000000004,10,"10*eta0",0.00800000000000004,8.00000000000004,"fixed | 10*eta0"
1635,-722006.694052276,462.135053258956,1,0,0.00800000000000004,1,123,1000,2,"bernoulli","fixed",0.000800000000000004,10,"10*eta0",0.00800000000000004,8.00000000000004,"fixed | 10*eta0"
1636,-848513.323245515,471.657578943434,1,0,0.00800000000000004,1,123,1000,2,"bernoulli","fixed",0.000800000000000004,10,"10*eta0",0.00800000000000004,8.00000000000004,"fixed | 10*eta0"
1637,-894477.382488928,477.312664517175,1,0,0.00800000000000004,1,123,1000,2,"bernoulli","fixed",0.000800000000000004,10,"10*eta0",0.00800000000000004,8.00000000000004,"fixed | 10*eta0"
1638,-800866.838564067,467.480247204992,1,0,0.00800000000000004,1,123,1000,2,"bernoulli","fixed",0.000800000000000004,10,"10*eta0",0.00800000000000004,8.00000000000004,"fixed | 10*eta0"
1639,-729379.147801687,463.128888379785,1,0,0.00800000000000004,1,123,1000,2,"bernoulli","fixed",0.000800000000000004,10,"10*eta0",0.00800000000000004,8.00000000000004,"fixed | 10*eta0"
1640,-909273.869558097,493.168167067721,1,0,0.00800000000000004,1,123,1000,2,"bernoulli","fixed",0.000800000000000004,10,"10*eta0",0.00800000000000004,8.00000000000004,"fixed | 10*eta0"
1641,-865737.566820865,474.477975039653,1,0,0.00800000000000004,1,123,1000,2,"bernoulli","fixed",0.000800000000000004,10,"10*eta0",0.00800000000000004,8.00000000000004,"fixed | 10*eta0"
1642,-740113.384834239,460.994899179663,1,0,0.00800000000000004,1,123,1000,2,"bernoulli","fixed",0.000800000000000004,10,"10*eta0",0.00800000000000004,8.00000000000004,"fixed | 10*eta0"
1643,-819250.523070954,469.88573776346,1,0,0.00800000000000004,1,123,1000,2,"bernoulli","fixed",0.000800000000000004,10,"10*eta0",0.00800000000000004,8.00000000000004,"fixed | 10*eta0"
1644,-900508.34686055,477.672904213959,1,0,0.00800000000000004,1,123,1000,2,"bernoulli","fixed",0.000800000000000004,10,"10*eta0",0.00800000000000004,8.00000000000004,"fixed | 10*eta0"
1645,-816269.766213614,469.403295852484,1,0,0.00800000000000004,1,123,1000,2,"bernoulli","fixed",0.000800000000000004,10,"10*eta0",0.00800000000000004,8.00000000000004,"fixed | 10*eta0"
1646,-716617.406701088,460.159719117682,1,0,0.00800000000000004,1,123,1000,2,"bernoulli","fixed",0.000800000000000004,10,"10*eta0",0.00800000000000004,8.00000000000004,"fixed | 10*eta0"
1647,-902473.198589203,491.201419889246,1,0,0.00800000000000004,1,123,1000,2,"bernoulli","fixed",0.000800000000000004,10,"10*eta0",0.00800000000000004,8.00000000000004,"fixed | 10*eta0"
1648,-875836.332882909,477.236219265906,1,0,0.00800000000000004,1,123,1000,2,"bernoulli","fixed",0.000800000000000004,10,"10*eta0",0.00800000000000004,8.00000000000004,"fixed | 10*eta0"
1649,-754909.351629638,464.020643246368,1,0,0.00800000000000004,1,123,1000,2,"bernoulli","fixed",0.000800000000000004,10,"10*eta0",0.00800000000000004,8.00000000000004,"fixed | 10*eta0"
1650,-793011.998951674,468.181824830005,1,0,0.00800000000000004,1,123,1000,2,"bernoulli","fixed",0.000800000000000004,10,"10*eta0",0.00800000000000004,8.00000000000004,"fixed | 10*eta0"
1651,-903228.399420217,483.710697619098,1,0,0.00800000000000004,1,123,1000,2,"bernoulli","fixed",0.000800000000000004,10,"10*eta0",0.00800000000000004,8.00000000000004,"fixed | 10*eta0"
1652,-835594.161205033,471.632855773112,1,0,0.00800000000000004,1,123,1000,2,"bernoulli","fixed",0.000800000000000004,10,"10*eta0",0.00800000000000004,8.00000000000004,"fixed | 10*eta0"
1653,-710912.349311855,461.66206187078,1,0,0.00800000000000004,1,123,1000,2,"bernoulli","fixed",0.000800000000000004,10,"10*eta0",0.00800000000000004,8.00000000000004,"fixed | 10*eta0"
1654,-886021.550164398,484.82565185899,1,0,0.00800000000000004,1,123,1000,2,"bernoulli","fixed",0.000800000000000004,10,"10*eta0",0.00800000000000004,8.00000000000004,"fixed | 10*eta0"
1655,-882675.520158752,476.086808226538,1,0,0.00800000000000004,1,123,1000,2,"bernoulli","fixed",0.000800000000000004,10,"10*eta0",0.00800000000000004,8.00000000000004,"fixed | 10*eta0"
1656,-773996.203998633,464.376839865617,1,0,0.00800000000000004,1,123,1000,2,"bernoulli","fixed",0.000800000000000004,10,"10*eta0",0.00800000000000004,8.00000000000004,"fixed | 10*eta0"
1657,-765371.266112178,466.344633458042,1,0,0.00800000000000004,1,123,1000,2,"bernoulli","fixed",0.000800000000000004,10,"10*eta0",0.00800000000000004,8.00000000000004,"fixed | 10*eta0"
1658,-907533.372550517,489.146925768248,1,0,0.00800000000000004,1,123,1000,2,"bernoulli","fixed",0.000800000000000004,10,"10*eta0",0.00800000000000004,8.00000000000004,"fixed | 10*eta0"
1659,-848262.221288273,472.681154919056,1,0,0.00800000000000004,1,123,1000,2,"bernoulli","fixed",0.000800000000000004,10,"10*eta0",0.00800000000000004,8.00000000000004,"fixed | 10*eta0"
1660,-717554.022992052,459.221164563727,1,0,0.00800000000000004,1,123,1000,2,"bernoulli","fixed",0.000800000000000004,10,"10*eta0",0.00800000000000004,8.00000000000004,"fixed | 10*eta0"
1661,-863185.614514861,479.247459968374,1,0,0.00800000000000004,1,123,1000,2,"bernoulli","fixed",0.000800000000000004,10,"10*eta0",0.00800000000000004,8.00000000000004,"fixed | 10*eta0"
1662,-891702.061941462,478.185923998438,1,0,0.00800000000000004,1,123,1000,2,"bernoulli","fixed",0.000800000000000004,10,"10*eta0",0.00800000000000004,8.00000000000004,"fixed | 10*eta0"
1663,-788004.702579656,466.578162307853,1,0,0.00800000000000004,1,123,1000,2,"bernoulli","fixed",0.000800000000000004,10,"10*eta0",0.00800000000000004,8.00000000000004,"fixed | 10*eta0"
1664,-742679.736459651,463.534104275509,1,0,0.00800000000000004,1,123,1000,2,"bernoulli","fixed",0.000800000000000004,10,"10*eta0",0.00800000000000004,8.00000000000004,"fixed | 10*eta0"
1665,-910205.047980735,489.502401744849,1,0,0.00800000000000004,1,123,1000,2,"bernoulli","fixed",0.000800000000000004,10,"10*eta0",0.00800000000000004,8.00000000000004,"fixed | 10*eta0"
1666,-861784.831755327,475.189379882503,1,0,0.00800000000000004,1,123,1000,2,"bernoulli","fixed",0.000800000000000004,10,"10*eta0",0.00800000000000004,8.00000000000004,"fixed | 10*eta0"
1667,-728263.557233443,462.473810473016,1,0,0.00800000000000004,1,123,1000,2,"bernoulli","fixed",0.000800000000000004,10,"10*eta0",0.00800000000000004,8.00000000000004,"fixed | 10*eta0"
1668,-836618.110097208,470.996892768933,1,0,0.00800000000000004,1,123,1000,2,"bernoulli","fixed",0.000800000000000004,10,"10*eta0",0.00800000000000004,8.00000000000004,"fixed | 10*eta0"
1669,-896904.819361874,479.096963422736,1,0,0.00800000000000004,1,123,1000,2,"bernoulli","fixed",0.000800000000000004,10,"10*eta0",0.00800000000000004,8.00000000000004,"fixed | 10*eta0"
1670,-808466.564670721,468.399089257322,1,0,0.00800000000000004,1,123,1000,2,"bernoulli","fixed",0.000800000000000004,10,"10*eta0",0.00800000000000004,8.00000000000004,"fixed | 10*eta0"
1671,-722219.794555981,462.630909488178,1,0,0.00800000000000004,1,123,1000,2,"bernoulli","fixed",0.000800000000000004,10,"10*eta0",0.00800000000000004,8.00000000000004,"fixed | 10*eta0"
1672,-907236.367467134,492.772806325457,1,0,0.00800000000000004,1,123,1000,2,"bernoulli","fixed",0.000800000000000004,10,"10*eta0",0.00800000000000004,8.00000000000004,"fixed | 10*eta0"
1673,-869543.064457627,474.82940339827,1,0,0.00800000000000004,1,123,1000,2,"bernoulli","fixed",0.000800000000000004,10,"10*eta0",0.00800000000000004,8.00000000000004,"fixed | 10*eta0"
1674,-747525.75821562,461.674517393855,1,0,0.00800000000000004,1,123,1000,2,"bernoulli","fixed",0.000800000000000004,10,"10*eta0",0.00800000000000004,8.00000000000004,"fixed | 10*eta0"
1675,-807266.234355387,469.21224767216,1,0,0.00800000000000004,1,123,1000,2,"bernoulli","fixed",0.000800000000000004,10,"10*eta0",0.00800000000000004,8.00000000000004,"fixed | 10*eta0"
1676,-902060.62198279,480.170236420562,1,0,0.00800000000000004,1,123,1000,2,"bernoulli","fixed",0.000800000000000004,10,"10*eta0",0.00800000000000004,8.00000000000004,"fixed | 10*eta0"
1677,-823799.062426105,470.17384339063,1,0,0.00800000000000004,1,123,1000,2,"bernoulli","fixed",0.000800000000000004,10,"10*eta0",0.00800000000000004,8.00000000000004,"fixed | 10*eta0"
1678,-713648.949592922,459.610964781972,1,0,0.00800000000000004,1,123,1000,2,"bernoulli","fixed",0.000800000000000004,10,"10*eta0",0.00800000000000004,8.00000000000004,"fixed | 10*eta0"
1679,-896560.152217472,490.014456834534,1,0,0.00800000000000004,1,123,1000,2,"bernoulli","fixed",0.000800000000000004,10,"10*eta0",0.00800000000000004,8.00000000000004,"fixed | 10*eta0"
1680,-879308.698463033,477.580553490498,1,0,0.00800000000000004,1,123,1000,2,"bernoulli","fixed",0.000800000000000004,10,"10*eta0",0.00800000000000004,8.00000000000004,"fixed | 10*eta0"
1681,-761889.189060683,464.459847039874,1,0,0.00800000000000004,1,123,1000,2,"bernoulli","fixed",0.000800000000000004,10,"10*eta0",0.00800000000000004,8.00000000000004,"fixed | 10*eta0"
1682,-781806.989759379,467.295155547396,1,0,0.00800000000000004,1,123,1000,2,"bernoulli","fixed",0.000800000000000004,10,"10*eta0",0.00800000000000004,8.00000000000004,"fixed | 10*eta0"
1683,-904911.996100976,484.896527533443,1,0,0.00800000000000004,1,123,1000,2,"bernoulli","fixed",0.000800000000000004,10,"10*eta0",0.00800000000000004,8.00000000000004,"fixed | 10*eta0"
1684,-842128.482722982,472.388818035235,1,0,0.00800000000000004,1,123,1000,2,"bernoulli","fixed",0.000800000000000004,10,"10*eta0",0.00800000000000004,8.00000000000004,"fixed | 10*eta0"
1685,-711810.139096193,461.653821313465,1,0,0.00800000000000004,1,123,1000,2,"bernoulli","fixed",0.000800000000000004,10,"10*eta0",0.00800000000000004,8.00000000000004,"fixed | 10*eta0"
1686,-877170.521196622,481.369840481176,1,0,0.00800000000000004,1,123,1000,2,"bernoulli","fixed",0.000800000000000004,10,"10*eta0",0.00800000000000004,8.00000000000004,"fixed | 10*eta0"
1687,-886136.059053687,476.472708113247,1,0,0.00800000000000004,1,123,1000,2,"bernoulli","fixed",0.000800000000000004,10,"10*eta0",0.00800000000000004,8.00000000000004,"fixed | 10*eta0"
1688,-781099.453095222,465.165916842472,1,0,0.00800000000000004,1,123,1000,2,"bernoulli","fixed",0.000800000000000004,10,"10*eta0",0.00800000000000004,8.00000000000004,"fixed | 10*eta0"
1689,-754680.407759045,465.463403742268,1,0,0.00800000000000004,1,123,1000,2,"bernoulli","fixed",0.000800000000000004,10,"10*eta0",0.00800000000000004,8.00000000000004,"fixed | 10*eta0"
1690,-908853.46904435,490.918080323928,1,0,0.00800000000000004,1,123,1000,2,"bernoulli","fixed",0.000800000000000004,10,"10*eta0",0.00800000000000004,8.00000000000004,"fixed | 10*eta0"
1691,-853683.791517299,473.245372637714,1,0,0.00800000000000004,1,123,1000,2,"bernoulli","fixed",0.000800000000000004,10,"10*eta0",0.00800000000000004,8.00000000000004,"fixed | 10*eta0"
1692,-722282.417022647,459.529744928368,1,0,0.00800000000000004,1,123,1000,2,"bernoulli","fixed",0.000800000000000004,10,"10*eta0",0.00800000000000004,8.00000000000004,"fixed | 10*eta0"
1693,-851796.68423451,474.350154104161,1,0,0.00800000000000004,1,123,1000,2,"bernoulli","fixed",0.000800000000000004,10,"10*eta0",0.00800000000000004,8.00000000000004,"fixed | 10*eta0"
1694,-894625.951475571,478.150685684325,1,0,0.00800000000000004,1,123,1000,2,"bernoulli","fixed",0.000800000000000004,10,"10*eta0",0.00800000000000004,8.00000000000004,"fixed | 10*eta0"
1695,-795523.516296705,467.310307018296,1,0,0.00800000000000004,1,123,1000,2,"bernoulli","fixed",0.000800000000000004,10,"10*eta0",0.00800000000000004,8.00000000000004,"fixed | 10*eta0"
1696,-733601.962415106,462.481212115916,1,0,0.00800000000000004,1,123,1000,2,"bernoulli","fixed",0.000800000000000004,10,"10*eta0",0.00800000000000004,8.00000000000004,"fixed | 10*eta0"
1697,-910107.187351946,490.351927383787,1,0,0.00800000000000004,1,123,1000,2,"bernoulli","fixed",0.000800000000000004,10,"10*eta0",0.00800000000000004,8.00000000000004,"fixed | 10*eta0"
1698,-865953.722412787,475.874653915435,1,0,0.00800000000000004,1,123,1000,2,"bernoulli","fixed",0.000800000000000004,10,"10*eta0",0.00800000000000004,8.00000000000004,"fixed | 10*eta0"
1699,-735303.079975843,462.866671049926,1,0,0.00800000000000004,1,123,1000,2,"bernoulli","fixed",0.000800000000000004,10,"10*eta0",0.00800000000000004,8.00000000000004,"fixed | 10*eta0"
1700,-824534.900618166,470.294559876196,1,0,0.00800000000000004,1,123,1000,2,"bernoulli","fixed",0.000800000000000004,10,"10*eta0",0.00800000000000004,8.00000000000004,"fixed | 10*eta0"
1701,-898903.882040425,480.521350112249,1,0,0.00800000000000004,1,123,1000,2,"bernoulli","fixed",0.000800000000000004,10,"10*eta0",0.00800000000000004,8.00000000000004,"fixed | 10*eta0"
1702,-816087.243777356,469.321444579393,1,0,0.00800000000000004,1,123,1000,2,"bernoulli","fixed",0.000800000000000004,10,"10*eta0",0.00800000000000004,8.00000000000004,"fixed | 10*eta0"
1703,-716759.115247871,462.221355256396,1,0,0.00800000000000004,1,123,1000,2,"bernoulli","fixed",0.000800000000000004,10,"10*eta0",0.00800000000000004,8.00000000000004,"fixed | 10*eta0"
1704,-903575.798472066,491.605170553298,1,0,0.00800000000000004,1,123,1000,2,"bernoulli","fixed",0.000800000000000004,10,"10*eta0",0.00800000000000004,8.00000000000004,"fixed | 10*eta0"
1705,-873172.42999804,475.12837209807,1,0,0.00800000000000004,1,123,1000,2,"bernoulli","fixed",0.000800000000000004,10,"10*eta0",0.00800000000000004,8.00000000000004,"fixed | 10*eta0"
1706,-754865.711726705,462.381724765179,1,0,0.00800000000000004,1,123,1000,2,"bernoulli","fixed",0.000800000000000004,10,"10*eta0",0.00800000000000004,8.00000000000004,"fixed | 10*eta0"
1707,-795576.928828535,468.499443086781,1,0,0.00800000000000004,1,123,1000,2,"bernoulli","fixed",0.000800000000000004,10,"10*eta0",0.00800000000000004,8.00000000000004,"fixed | 10*eta0"
1708,-903505.541054088,482.874289284736,1,0,0.00800000000000004,1,123,1000,2,"bernoulli","fixed",0.000800000000000004,10,"10*eta0",0.00800000000000004,8.00000000000004,"fixed | 10*eta0"
1709,-831022.524522898,470.912311009081,1,0,0.00800000000000004,1,123,1000,2,"bernoulli","fixed",0.000800000000000004,10,"10*eta0",0.00800000000000004,8.00000000000004,"fixed | 10*eta0"
1710,-712469.497664793,459.255544765143,1,0,0.00800000000000004,1,123,1000,2,"bernoulli","fixed",0.000800000000000004,10,"10*eta0",0.00800000000000004,8.00000000000004,"fixed | 10*eta0"
1711,-889153.47111147,488.153545280437,1,0,0.00800000000000004,1,123,1000,2,"bernoulli","fixed",0.000800000000000004,10,"10*eta0",0.00800000000000004,8.00000000000004,"fixed | 10*eta0"
1712,-882760.820691252,477.849206381078,1,0,0.00800000000000004,1,123,1000,2,"bernoulli","fixed",0.000800000000000004,10,"10*eta0",0.00800000000000004,8.00000000000004,"fixed | 10*eta0"
1713,-768798.248182418,464.910688455132,1,0,0.00800000000000004,1,123,1000,2,"bernoulli","fixed",0.000800000000000004,10,"10*eta0",0.00800000000000004,8.00000000000004,"fixed | 10*eta0"
1714,-770781.788583548,466.344148567453,1,0,0.00800000000000004,1,123,1000,2,"bernoulli","fixed",0.000800000000000004,10,"10*eta0",0.00800000000000004,8.00000000000004,"fixed | 10*eta0"
1715,-906674.404402249,486.01408318178,1,0,0.00800000000000004,1,123,1000,2,"bernoulli","fixed",0.000800000000000004,10,"10*eta0",0.00800000000000004,8.00000000000004,"fixed | 10*eta0"
1716,-848168.138618466,473.085693443827,1,0,0.00800000000000004,1,123,1000,2,"bernoulli","fixed",0.000800000000000004,10,"10*eta0",0.00800000000000004,8.00000000000004,"fixed | 10*eta0"
1717,-714306.196087918,461.749358738361,1,0,0.00800000000000004,1,123,1000,2,"bernoulli","fixed",0.000800000000000004,10,"10*eta0",0.00800000000000004,8.00000000000004,"fixed | 10*eta0"
1718,-867273.359697551,477.642126599398,1,0,0.00800000000000004,1,123,1000,2,"bernoulli","fixed",0.000800000000000004,10,"10*eta0",0.00800000000000004,8.00000000000004,"fixed | 10*eta0"
1719,-889464.99617674,476.724225274254,1,0,0.00800000000000004,1,123,1000,2,"bernoulli","fixed",0.000800000000000004,10,"10*eta0",0.00800000000000004,8.00000000000004,"fixed | 10*eta0"
1720,-788314.247749353,465.992229271364,1,0,0.00800000000000004,1,123,1000,2,"bernoulli","fixed",0.000800000000000004,10,"10*eta0",0.00800000000000004,8.00000000000004,"fixed | 10*eta0"
1721,-744520.29533393,464.559745804195,1,0,0.00800000000000004,1,123,1000,2,"bernoulli","fixed",0.000800000000000004,10,"10*eta0",0.00800000000000004,8.00000000000004,"fixed | 10*eta0"
1722,-909736.766230041,492.242461140953,1,0,0.00800000000000004,1,123,1000,2,"bernoulli","fixed",0.000800000000000004,10,"10*eta0",0.00800000000000004,8.00000000000004,"fixed | 10*eta0"
1723,-858556.354885961,473.753062655579,1,0,0.00800000000000004,1,123,1000,2,"bernoulli","fixed",0.000800000000000004,10,"10*eta0",0.00800000000000004,8.00000000000004,"fixed | 10*eta0"
1724,-728244.048500913,459.984751776377,1,0,0.00800000000000004,1,123,1000,2,"bernoulli","fixed",0.000800000000000004,10,"10*eta0",0.00800000000000004,8.00000000000004,"fixed | 10*eta0"
1725,-839850.453340659,470.949373252877,1,0,0.00800000000000004,1,123,1000,2,"bernoulli","fixed",0.000800000000000004,10,"10*eta0",0.00800000000000004,8.00000000000004,"fixed | 10*eta0"
1726,-897166.749960485,478.029231874121,1,0,0.00800000000000004,1,123,1000,2,"bernoulli","fixed",0.000800000000000004,10,"10*eta0",0.00800000000000004,8.00000000000004,"fixed | 10*eta0"
1727,-803207.940820636,468.076035816762,1,0,0.00800000000000004,1,123,1000,2,"bernoulli","fixed",0.000800000000000004,10,"10*eta0",0.00800000000000004,8.00000000000004,"fixed | 10*eta0"
1728,-725850.790213435,461.501147855991,1,0,0.00800000000000004,1,123,1000,2,"bernoulli","fixed",0.000800000000000004,10,"10*eta0",0.00800000000000004,8.00000000000004,"fixed | 10*eta0"
1729,-908659.317392447,491.17109350191,1,0,0.00800000000000004,1,123,1000,2,"bernoulli","fixed",0.000800000000000004,10,"10*eta0",0.00800000000000004,8.00000000000004,"fixed | 10*eta0"
1730,-869787.222469178,476.460528058387,1,0,0.00800000000000004,1,123,1000,2,"bernoulli","fixed",0.000800000000000004,10,"10*eta0",0.00800000000000004,8.00000000000004,"fixed | 10*eta0"
1731,-742662.355226352,463.288283476667,1,0,0.00800000000000004,1,123,1000,2,"bernoulli","fixed",0.000800000000000004,10,"10*eta0",0.00800000000000004,8.00000000000004,"fixed | 10*eta0"
1732,-812569.531238055,469.550041564235,1,0,0.00800000000000004,1,123,1000,2,"bernoulli","fixed",0.000800000000000004,10,"10*eta0",0.00800000000000004,8.00000000000004,"fixed | 10*eta0"
1733,-900583.091116161,481.738189356914,1,0,0.00800000000000004,1,123,1000,2,"bernoulli","fixed",0.000800000000000004,10,"10*eta0",0.00800000000000004,8.00000000000004,"fixed | 10*eta0"
1734,-823586.706070263,470.221042337375,1,0,0.00800000000000004,1,123,1000,2,"bernoulli","fixed",0.000800000000000004,10,"10*eta0",0.00800000000000004,8.00000000000004,"fixed | 10*eta0"
1735,-713112.068887933,461.919227427411,1,0,0.00800000000000004,1,123,1000,2,"bernoulli","fixed",0.000800000000000004,10,"10*eta0",0.00800000000000004,8.00000000000004,"fixed | 10*eta0"
1736,-898268.219619077,489.674933823328,1,0,0.00800000000000004,1,123,1000,2,"bernoulli","fixed",0.000800000000000004,10,"10*eta0",0.00800000000000004,8.00000000000004,"fixed | 10*eta0"
1737,-876723.981615103,475.380793976671,1,0,0.00800000000000004,1,123,1000,2,"bernoulli","fixed",0.000800000000000004,10,"10*eta0",0.00800000000000004,8.00000000000004,"fixed | 10*eta0"
1738,-762045.993307317,463.106328129736,1,0,0.00800000000000004,1,123,1000,2,"bernoulli","fixed",0.000800000000000004,10,"10*eta0",0.00800000000000004,8.00000000000004,"fixed | 10*eta0"
1739,-784157.09684985,467.740248938669,1,0,0.00800000000000004,1,123,1000,2,"bernoulli","fixed",0.000800000000000004,10,"10*eta0",0.00800000000000004,8.00000000000004,"fixed | 10*eta0"
1740,-904979.854674732,485.398725094303,1,0,0.00800000000000004,1,123,1000,2,"bernoulli","fixed",0.000800000000000004,10,"10*eta0",0.00800000000000004,8.00000000000004,"fixed | 10*eta0"
1741,-837844.264123818,471.609303923448,1,0,0.00800000000000004,1,123,1000,2,"bernoulli","fixed",0.000800000000000004,10,"10*eta0",0.00800000000000004,8.00000000000004,"fixed | 10*eta0"
1742,-712984.645110101,459.088702054119,1,0,0.00800000000000004,1,123,1000,2,"bernoulli","fixed",0.000800000000000004,10,"10*eta0",0.00800000000000004,8.00000000000004,"fixed | 10*eta0"
1743,-880442.166375833,485.534281391771,1,0,0.00800000000000004,1,123,1000,2,"bernoulli","fixed",0.000800000000000004,10,"10*eta0",0.00800000000000004,8.00000000000004,"fixed | 10*eta0"
1744,-886182.745305262,478.043441498655,1,0,0.00800000000000004,1,123,1000,2,"bernoulli","fixed",0.000800000000000004,10,"10*eta0",0.00800000000000004,8.00000000000004,"fixed | 10*eta0"
1745,-775780.383586995,465.432409284591,1,0,0.00800000000000004,1,123,1000,2,"bernoulli","fixed",0.000800000000000004,10,"10*eta0",0.00800000000000004,8.00000000000004,"fixed | 10*eta0"
1746,-759963.316267719,465.33216774073,1,0,0.00800000000000004,1,123,1000,2,"bernoulli","fixed",0.000800000000000004,10,"10*eta0",0.00800000000000004,8.00000000000004,"fixed | 10*eta0"
1747,-908352.459905485,487.338638973383,1,0,0.00800000000000004,1,123,1000,2,"bernoulli","fixed",0.000800000000000004,10,"10*eta0",0.00800000000000004,8.00000000000004,"fixed | 10*eta0"
1748,-853677.911151231,473.808117780542,1,0,0.00800000000000004,1,123,1000,2,"bernoulli","fixed",0.000800000000000004,10,"10*eta0",0.00800000000000004,8.00000000000004,"fixed | 10*eta0"
1749,-718364.865591299,461.945542980989,1,0,0.00800000000000004,1,123,1000,2,"bernoulli","fixed",0.000800000000000004,10,"10*eta0",0.00800000000000004,8.00000000000004,"fixed | 10*eta0"
1750,-856441.707075988,473.172991524683,1,0,0.00800000000000004,1,123,1000,2,"bernoulli","fixed",0.000800000000000004,10,"10*eta0",0.00800000000000004,8.00000000000004,"fixed | 10*eta0"
1751,-892550.454176139,476.830485934714,1,0,0.00800000000000004,1,123,1000,2,"bernoulli","fixed",0.000800000000000004,10,"10*eta0",0.00800000000000004,8.00000000000004,"fixed | 10*eta0"
1752,-795682.935119467,466.859441700032,1,0,0.00800000000000004,1,123,1000,2,"bernoulli","fixed",0.000800000000000004,10,"10*eta0",0.00800000000000004,8.00000000000004,"fixed | 10*eta0"
1753,-735175.203341806,463.661888208301,1,0,0.00800000000000004,1,123,1000,2,"bernoulli","fixed",0.000800000000000004,10,"10*eta0",0.00800000000000004,8.00000000000004,"fixed | 10*eta0"
1754,-909847.849340139,493.014464522315,1,0,0.00800000000000004,1,123,1000,2,"bernoulli","fixed",0.000800000000000004,10,"10*eta0",0.00800000000000004,8.00000000000004,"fixed | 10*eta0"
1755,-862940.695156048,474.202066743894,1,0,0.00800000000000004,1,123,1000,2,"bernoulli","fixed",0.000800000000000004,10,"10*eta0",0.00800000000000004,8.00000000000004,"fixed | 10*eta0"
1756,-735086.865031653,460.55419141161,1,0,0.00800000000000004,1,123,1000,2,"bernoulli","fixed",0.000800000000000004,10,"10*eta0",0.00800000000000004,8.00000000000004,"fixed | 10*eta0"
1757,-827659.386651322,470.331252422551,1,0,0.00800000000000004,1,123,1000,2,"bernoulli","fixed",0.000800000000000004,10,"10*eta0",0.00800000000000004,8.00000000000004,"fixed | 10*eta0"
1758,-899278.318494447,477.835773552181,1,0,0.00800000000000004,1,123,1000,2,"bernoulli","fixed",0.000800000000000004,10,"10*eta0",0.00800000000000004,8.00000000000004,"fixed | 10*eta0"
1759,-810954.261524856,468.860622827495,1,0,0.00800000000000004,1,123,1000,2,"bernoulli","fixed",0.000800000000000004,10,"10*eta0",0.00800000000000004,8.00000000000004,"fixed | 10*eta0"
1760,-719756.578876772,460.649663212356,1,0,0.00800000000000004,1,123,1000,2,"bernoulli","fixed",0.000800000000000004,10,"10*eta0",0.00800000000000004,8.00000000000004,"fixed | 10*eta0"
1761,-905593.088771084,491.505825717432,1,0,0.00800000000000004,1,123,1000,2,"bernoulli","fixed",0.000800000000000004,10,"10*eta0",0.00800000000000004,8.00000000000004,"fixed | 10*eta0"
1762,-873406.178174705,476.950352337601,1,0,0.00800000000000004,1,123,1000,2,"bernoulli","fixed",0.000800000000000004,10,"10*eta0",0.00800000000000004,8.00000000000004,"fixed | 10*eta0"
1763,-749976.116871902,463.720228344759,1,0,0.00800000000000004,1,123,1000,2,"bernoulli","fixed",0.000800000000000004,10,"10*eta0",0.00800000000000004,8.00000000000004,"fixed | 10*eta0"
1764,-800895.751925657,468.759210488501,1,0,0.00800000000000004,1,123,1000,2,"bernoulli","fixed",0.000800000000000004,10,"10*eta0",0.00800000000000004,8.00000000000004,"fixed | 10*eta0"
1765,-902134.30399713,482.897720783628,1,0,0.00800000000000004,1,123,1000,2,"bernoulli","fixed",0.000800000000000004,10,"10*eta0",0.00800000000000004,8.00000000000004,"fixed | 10*eta0"
1766,-830817.66120607,471.075577754233,1,0,0.00800000000000004,1,123,1000,2,"bernoulli","fixed",0.000800000000000004,10,"10*eta0",0.00800000000000004,8.00000000000004,"fixed | 10*eta0"
1767,-711233.257175208,461.729398380657,1,0,0.00800000000000004,1,123,1000,2,"bernoulli","fixed",0.000800000000000004,10,"10*eta0",0.00800000000000004,8.00000000000004,"fixed | 10*eta0"
1768,-891471.84855802,487.035863387084,1,0,0.00800000000000004,1,123,1000,2,"bernoulli","fixed",0.000800000000000004,10,"10*eta0",0.00800000000000004,8.00000000000004,"fixed | 10*eta0"
1769,-880250.732004239,475.747352730516,1,0,0.00800000000000004,1,123,1000,2,"bernoulli","fixed",0.000800000000000004,10,"10*eta0",0.00800000000000004,8.00000000000004,"fixed | 10*eta0"
1770,-769120.144076861,463.849474924225,1,0,0.00800000000000004,1,123,1000,2,"bernoulli","fixed",0.000800000000000004,10,"10*eta0",0.00800000000000004,8.00000000000004,"fixed | 10*eta0"
1771,-772962.430173744,466.931185908466,1,0,0.00800000000000004,1,123,1000,2,"bernoulli","fixed",0.000800000000000004,10,"10*eta0",0.00800000000000004,8.00000000000004,"fixed | 10*eta0"
1772,-906502.845437299,487.71220904161,1,0,0.00800000000000004,1,123,1000,2,"bernoulli","fixed",0.000800000000000004,10,"10*eta0",0.00800000000000004,8.00000000000004,"fixed | 10*eta0"
1773,-844188.927499145,472.260249827091,1,0,0.00800000000000004,1,123,1000,2,"bernoulli","fixed",0.000800000000000004,10,"10*eta0",0.00800000000000004,8.00000000000004,"fixed | 10*eta0"
1774,-715139.354632033,459.105441490248,1,0,0.00800000000000004,1,123,1000,2,"bernoulli","fixed",0.000800000000000004,10,"10*eta0",0.00800000000000004,8.00000000000004,"fixed | 10*eta0"
1775,-870583.062353089,482.110533147486,1,0,0.00800000000000004,1,123,1000,2,"bernoulli","fixed",0.000800000000000004,10,"10*eta0",0.00800000000000004,8.00000000000004,"fixed | 10*eta0"
1776,-889511.071533427,478.15768180998,1,0,0.00800000000000004,1,123,1000,2,"bernoulli","fixed",0.000800000000000004,10,"10*eta0",0.00800000000000004,8.00000000000004,"fixed | 10*eta0"
1777,-782935.007404618,466.095928656673,1,0,0.00800000000000004,1,123,1000,2,"bernoulli","fixed",0.000800000000000004,10,"10*eta0",0.00800000000000004,8.00000000000004,"fixed | 10*eta0"
1778,-749521.340215064,464.274991373839,1,0,0.00800000000000004,1,123,1000,2,"bernoulli","fixed",0.000800000000000004,10,"10*eta0",0.00800000000000004,8.00000000000004,"fixed | 10*eta0"
1779,-909677.945333492,488.611021247558,1,0,0.00800000000000004,1,123,1000,2,"bernoulli","fixed",0.000800000000000004,10,"10*eta0",0.00800000000000004,8.00000000000004,"fixed | 10*eta0"
1780,-858648.546989945,474.657998086226,1,0,0.00800000000000004,1,123,1000,2,"bernoulli","fixed",0.000800000000000004,10,"10*eta0",0.00800000000000004,8.00000000000004,"fixed | 10*eta0"
1781,-723829.521992164,462.232409936451,1,0,0.00800000000000004,1,123,1000,2,"bernoulli","fixed",0.000800000000000004,10,"10*eta0",0.00800000000000004,8.00000000000004,"fixed | 10*eta0"
1782,-844878.018380922,471.45788691671,1,0,0.00800000000000004,1,123,1000,2,"bernoulli","fixed",0.000800000000000004,10,"10*eta0",0.00800000000000004,8.00000000000004,"fixed | 10*eta0"
1783,-895274.997370323,477.909849995139,1,0,0.00800000000000004,1,123,1000,2,"bernoulli","fixed",0.000800000000000004,10,"10*eta0",0.00800000000000004,8.00000000000004,"fixed | 10*eta0"
1784,-803206.279451258,467.762363171147,1,0,0.00800000000000004,1,123,1000,2,"bernoulli","fixed",0.000800000000000004,10,"10*eta0",0.00800000000000004,8.00000000000004,"fixed | 10*eta0"
1785,-726999.38056202,462.967226038194,1,0,0.00800000000000004,1,123,1000,2,"bernoulli","fixed",0.000800000000000004,10,"10*eta0",0.00800000000000004,8.00000000000004,"fixed | 10*eta0"
1786,-908807.111029202,493.126509004306,1,0,0.00800000000000004,1,123,1000,2,"bernoulli","fixed",0.000800000000000004,10,"10*eta0",0.00800000000000004,8.00000000000004,"fixed | 10*eta0"
1787,-866939.755743863,474.592506197596,1,0,0.00800000000000004,1,123,1000,2,"bernoulli","fixed",0.000800000000000004,10,"10*eta0",0.00800000000000004,8.00000000000004,"fixed | 10*eta0"
1788,-742398.959114007,461.200760515426,1,0,0.00800000000000004,1,123,1000,2,"bernoulli","fixed",0.000800000000000004,10,"10*eta0",0.00800000000000004,8.00000000000004,"fixed | 10*eta0"
1789,-815517.803866737,469.681371512173,1,0,0.00800000000000004,1,123,1000,2,"bernoulli","fixed",0.000800000000000004,10,"10*eta0",0.00800000000000004,8.00000000000004,"fixed | 10*eta0"
1790,-901010.611032091,478.174511421093,1,0,0.00800000000000004,1,123,1000,2,"bernoulli","fixed",0.000800000000000004,10,"10*eta0",0.00800000000000004,8.00000000000004,"fixed | 10*eta0"
1791,-818622.445509485,469.644004389653,1,0,0.00800000000000004,1,123,1000,2,"bernoulli","fixed",0.000800000000000004,10,"10*eta0",0.00800000000000004,8.00000000000004,"fixed | 10*eta0"
1792,-715502.816645805,459.96945804828,1,0,0.00800000000000004,1,123,1000,2,"bernoulli","fixed",0.000800000000000004,10,"10*eta0",0.00800000000000004,8.00000000000004,"fixed | 10*eta0"
1793,-900816.927493408,490.926953475014,1,0,0.00800000000000004,1,123,1000,2,"bernoulli","fixed",0.000800000000000004,10,"10*eta0",0.00800000000000004,8.00000000000004,"fixed | 10*eta0"
1794,-876913.198795201,477.351090961425,1,0,0.00800000000000004,1,123,1000,2,"bernoulli","fixed",0.000800000000000004,10,"10*eta0",0.00800000000000004,8.00000000000004,"fixed | 10*eta0"
1795,-757083.163247464,464.155619085951,1,0,0.00800000000000004,1,123,1000,2,"bernoulli","fixed",0.000800000000000004,10,"10*eta0",0.00800000000000004,8.00000000000004,"fixed | 10*eta0"
1796,-789526.381216113,467.914478242018,1,0,0.00800000000000004,1,123,1000,2,"bernoulli","fixed",0.000800000000000004,10,"10*eta0",0.00800000000000004,8.00000000000004,"fixed | 10*eta0"
1797,-903735.481719584,484.078206416666,1,0,0.00800000000000004,1,123,1000,2,"bernoulli","fixed",0.000800000000000004,10,"10*eta0",0.00800000000000004,8.00000000000004,"fixed | 10*eta0"
1798,-837663.72105243,471.872878811485,1,0,0.00800000000000004,1,123,1000,2,"bernoulli","fixed",0.000800000000000004,10,"10*eta0",0.00800000000000004,8.00000000000004,"fixed | 10*eta0"
1799,-711018.887695967,461.648346759926,1,0,0.00800000000000004,1,123,1000,2,"bernoulli","fixed",0.000800000000000004,10,"10*eta0",0.00800000000000004,8.00000000000004,"fixed | 10*eta0"
1800,-883403.141707545,483.736566491069,1,0,0.00800000000000004,1,123,1000,2,"bernoulli","fixed",0.000800000000000004,10,"10*eta0",0.00800000000000004,8.00000000000004,"fixed | 10*eta0"
1801,-883753.545224616,476.219688505377,1,0,0.00800000000000004,1,123,1000,2,"bernoulli","fixed",0.000800000000000004,10,"10*eta0",0.00800000000000004,8.00000000000004,"fixed | 10*eta0"
1802,-776183.218416354,464.617172423369,1,0,0.00800000000000004,1,123,1000,2,"bernoulli","fixed",0.000800000000000004,10,"10*eta0",0.00800000000000004,8.00000000000004,"fixed | 10*eta0"
1803,-762023.885894314,466.075868373132,1,0,0.00800000000000004,1,123,1000,2,"bernoulli","fixed",0.000800000000000004,10,"10*eta0",0.00800000000000004,8.00000000000004,"fixed | 10*eta0"
1804,-907971.045912237,489.736157706507,1,0,0.00800000000000004,1,123,1000,2,"bernoulli","fixed",0.000800000000000004,10,"10*eta0",0.00800000000000004,8.00000000000004,"fixed | 10*eta0"
1805,-849998.030429383,472.861364287635,1,0,0.00800000000000004,1,123,1000,2,"bernoulli","fixed",0.000800000000000004,10,"10*eta0",0.00800000000000004,8.00000000000004,"fixed | 10*eta0"
1806,-718866.738573555,459.299360560661,1,0,0.00800000000000004,1,123,1000,2,"bernoulli","fixed",0.000800000000000004,10,"10*eta0",0.00800000000000004,8.00000000000004,"fixed | 10*eta0"
1807,-859742.837294664,477.82994171056,1,0,0.00800000000000004,1,123,1000,2,"bernoulli","fixed",0.000800000000000004,10,"10*eta0",0.00800000000000004,8.00000000000004,"fixed | 10*eta0"
1808,-892641.082091107,478.184640875833,1,0,0.00800000000000004,1,123,1000,2,"bernoulli","fixed",0.000800000000000004,10,"10*eta0",0.00800000000000004,8.00000000000004,"fixed | 10*eta0"
1809,-790306.683974513,466.800274021609,1,0,0.00800000000000004,1,123,1000,2,"bernoulli","fixed",0.000800000000000004,10,"10*eta0",0.00800000000000004,8.00000000000004,"fixed | 10*eta0"
1810,-739755.827148703,463.204370547585,1,0,0.00800000000000004,1,123,1000,2,"bernoulli","fixed",0.000800000000000004,10,"10*eta0",0.00800000000000004,8.00000000000004,"fixed | 10*eta0"
1811,-910297.599105283,489.824777079556,1,0,0.00800000000000004,1,123,1000,2,"bernoulli","fixed",0.000800000000000004,10,"10*eta0",0.00800000000000004,8.00000000000004,"fixed | 10*eta0"
1812,-863116.362129895,475.411830499961,1,0,0.00800000000000004,1,123,1000,2,"bernoulli","fixed",0.000800000000000004,10,"10*eta0",0.00800000000000004,8.00000000000004,"fixed | 10*eta0"
1813,-730377.597088415,462.590689130617,1,0,0.00800000000000004,1,123,1000,2,"bernoulli","fixed",0.000800000000000004,10,"10*eta0",0.00800000000000004,8.00000000000004,"fixed | 10*eta0"
1814,-832887.707114145,470.784244387651,1,0,0.00800000000000004,1,123,1000,2,"bernoulli","fixed",0.000800000000000004,10,"10*eta0",0.00800000000000004,8.00000000000004,"fixed | 10*eta0"
1815,-897565.667647778,479.569233080965,1,0,0.00800000000000004,1,123,1000,2,"bernoulli","fixed",0.000800000000000004,10,"10*eta0",0.00800000000000004,8.00000000000004,"fixed | 10*eta0"
1816,-810825.693778063,468.68499539837,1,0,0.00800000000000004,1,123,1000,2,"bernoulli","fixed",0.000800000000000004,10,"10*eta0",0.00800000000000004,8.00000000000004,"fixed | 10*eta0"
1817,-720341.665628826,462.493717981319,1,0,0.00800000000000004,1,123,1000,2,"bernoulli","fixed",0.000800000000000004,10,"10*eta0",0.00800000000000004,8.00000000000004,"fixed | 10*eta0"
1818,-906283.779841435,492.495134863169,1,0,0.00800000000000004,1,123,1000,2,"bernoulli","fixed",0.000800000000000004,10,"10*eta0",0.00800000000000004,8.00000000000004,"fixed | 10*eta0"
1819,-870678.267938711,474.927141242505,1,0,0.00800000000000004,1,123,1000,2,"bernoulli","fixed",0.000800000000000004,10,"10*eta0",0.00800000000000004,8.00000000000004,"fixed | 10*eta0"
1820,-749809.784703879,461.890913787587,1,0,0.00800000000000004,1,123,1000,2,"bernoulli","fixed",0.000800000000000004,10,"10*eta0",0.00800000000000004,8.00000000000004,"fixed | 10*eta0"
1821,-803621.501204582,468.996485208447,1,0,0.00800000000000004,1,123,1000,2,"bernoulli","fixed",0.000800000000000004,10,"10*eta0",0.00800000000000004,8.00000000000004,"fixed | 10*eta0"
1822,-902510.524788459,481.026433723638,1,0,0.00800000000000004,1,123,1000,2,"bernoulli","fixed",0.000800000000000004,10,"10*eta0",0.00800000000000004,8.00000000000004,"fixed | 10*eta0"
1823,-826069.270582969,470.406081123724,1,0,0.00800000000000004,1,123,1000,2,"bernoulli","fixed",0.000800000000000004,10,"10*eta0",0.00800000000000004,8.00000000000004,"fixed | 10*eta0"
1824,-713098.411719874,459.480620839326,1,0,0.00800000000000004,1,123,1000,2,"bernoulli","fixed",0.000800000000000004,10,"10*eta0",0.00800000000000004,8.00000000000004,"fixed | 10*eta0"
1825,-894421.144085112,489.506171485586,1,0,0.00800000000000004,1,123,1000,2,"bernoulli","fixed",0.000800000000000004,10,"10*eta0",0.00800000000000004,8.00000000000004,"fixed | 10*eta0"
1826,-880377.197248453,477.671453307856,1,0,0.00800000000000004,1,123,1000,2,"bernoulli","fixed",0.000800000000000004,10,"10*eta0",0.00800000000000004,8.00000000000004,"fixed | 10*eta0"
1827,-764024.889955241,464.59756765266,1,0,0.00800000000000004,1,123,1000,2,"bernoulli","fixed",0.000800000000000004,10,"10*eta0",0.00800000000000004,8.00000000000004,"fixed | 10*eta0"
1828,-778381.667417325,467.008145413002,1,0,0.00800000000000004,1,123,1000,2,"bernoulli","fixed",0.000800000000000004,10,"10*eta0",0.00800000000000004,8.00000000000004,"fixed | 10*eta0"
1829,-905453.592978453,485.254554968002,1,0,0.00800000000000004,1,123,1000,2,"bernoulli","fixed",0.000800000000000004,10,"10*eta0",0.00800000000000004,8.00000000000004,"fixed | 10*eta0"
1830,-844049.924016777,472.61046876916,1,0,0.00800000000000004,1,123,1000,2,"bernoulli","fixed",0.000800000000000004,10,"10*eta0",0.00800000000000004,8.00000000000004,"fixed | 10*eta0"
1831,-712411.206243867,461.672337555435,1,0,0.00800000000000004,1,123,1000,2,"bernoulli","fixed",0.000800000000000004,10,"10*eta0",0.00800000000000004,8.00000000000004,"fixed | 10*eta0"
1832,-874219.210223885,480.294100950504,1,0,0.00800000000000004,1,123,1000,2,"bernoulli","fixed",0.000800000000000004,10,"10*eta0",0.00800000000000004,8.00000000000004,"fixed | 10*eta0"
1833,-887183.694761007,476.565382069643,1,0,0.00800000000000004,1,123,1000,2,"bernoulli","fixed",0.000800000000000004,10,"10*eta0",0.00800000000000004,8.00000000000004,"fixed | 10*eta0"
1834,-783314.854381407,465.417029054282,1,0,0.00800000000000004,1,123,1000,2,"bernoulli","fixed",0.000800000000000004,10,"10*eta0",0.00800000000000004,8.00000000000004,"fixed | 10*eta0"
1835,-751472.1139643,465.185452351775,1,0,0.00800000000000004,1,123,1000,2,"bernoulli","fixed",0.000800000000000004,10,"10*eta0",0.00800000000000004,8.00000000000004,"fixed | 10*eta0"
1836,-909187.235432727,491.379799309539,1,0,0.00800000000000004,1,123,1000,2,"bernoulli","fixed",0.000800000000000004,10,"10*eta0",0.00800000000000004,8.00000000000004,"fixed | 10*eta0"
1837,-855246.504979157,473.408458210479,1,0,0.00800000000000004,1,123,1000,2,"bernoulli","fixed",0.000800000000000004,10,"10*eta0",0.00800000000000004,8.00000000000004,"fixed | 10*eta0"
1838,-724007.781048635,459.656055253473,1,0,0.00800000000000004,1,123,1000,2,"bernoulli","fixed",0.000800000000000004,10,"10*eta0",0.00800000000000004,8.00000000000004,"fixed | 10*eta0"
1839,-848149.835963203,472.654796763509,1,0,0.00800000000000004,1,123,1000,2,"bernoulli","fixed",0.000800000000000004,10,"10*eta0",0.00800000000000004,8.00000000000004,"fixed | 10*eta0"
1840,-895455.812377217,478.121918060961,1,0,0.00800000000000004,1,123,1000,2,"bernoulli","fixed",0.000800000000000004,10,"10*eta0",0.00800000000000004,8.00000000000004,"fixed | 10*eta0"
1841,-797884.685379724,467.543926364282,1,0,0.00800000000000004,1,123,1000,2,"bernoulli","fixed",0.000800000000000004,10,"10*eta0",0.00800000000000004,8.00000000000004,"fixed | 10*eta0"
1842,-731047.233215001,462.167828895557,1,0,0.00800000000000004,1,123,1000,2,"bernoulli","fixed",0.000800000000000004,10,"10*eta0",0.00800000000000004,8.00000000000004,"fixed | 10*eta0"
1843,-909819.214258001,490.493998611158,1,0,0.00800000000000004,1,123,1000,2,"bernoulli","fixed",0.000800000000000004,10,"10*eta0",0.00800000000000004,8.00000000000004,"fixed | 10*eta0"
1844,-867168.588846507,476.066261086426,1,0,0.00800000000000004,1,123,1000,2,"bernoulli","fixed",0.000800000000000004,10,"10*eta0",0.00800000000000004,8.00000000000004,"fixed | 10*eta0"
1845,-737563.669415888,462.994966635187,1,0,0.00800000000000004,1,123,1000,2,"bernoulli","fixed",0.000800000000000004,10,"10*eta0",0.00800000000000004,8.00000000000004,"fixed | 10*eta0"
1846,-820812.886470754,470.069068857366,1,0,0.00800000000000004,1,123,1000,2,"bernoulli","fixed",0.000800000000000004,10,"10*eta0",0.00800000000000004,8.00000000000004,"fixed | 10*eta0"
1847,-899449.019414825,480.911875523923,1,0,0.00800000000000004,1,123,1000,2,"bernoulli","fixed",0.000800000000000004,10,"10*eta0",0.00800000000000004,8.00000000000004,"fixed | 10*eta0"
1848,-818425.161734845,469.603101219252,1,0,0.00800000000000004,1,123,1000,2,"bernoulli","fixed",0.000800000000000004,10,"10*eta0",0.00800000000000004,8.00000000000004,"fixed | 10*eta0"
1849,-715437.886586961,462.116024387235,1,0,0.00800000000000004,1,123,1000,2,"bernoulli","fixed",0.000800000000000004,10,"10*eta0",0.00800000000000004,8.00000000000004,"fixed | 10*eta0"
1850,-902106.634174635,491.088041743538,1,0,0.00800000000000004,1,123,1000,2,"bernoulli","fixed",0.000800000000000004,10,"10*eta0",0.00800000000000004,8.00000000000004,"fixed | 10*eta0"
1851,-874274.925812816,475.21107972622,1,0,0.00800000000000004,1,123,1000,2,"bernoulli","fixed",0.000800000000000004,10,"10*eta0",0.00800000000000004,8.00000000000004,"fixed | 10*eta0"
1852,-757101.316104964,462.603921886172,1,0,0.00800000000000004,1,123,1000,2,"bernoulli","fixed",0.000800000000000004,10,"10*eta0",0.00800000000000004,8.00000000000004,"fixed | 10*eta0"
1853,-792021.4699744,468.270034827424,1,0,0.00800000000000004,1,123,1000,2,"bernoulli","fixed",0.000800000000000004,10,"10*eta0",0.00800000000000004,8.00000000000004,"fixed | 10*eta0"
1854,-903954.513196226,483.673723379429,1,0,0.00800000000000004,1,123,1000,2,"bernoulli","fixed",0.000800000000000004,10,"10*eta0",0.00800000000000004,8.00000000000004,"fixed | 10*eta0"
1855,-833177.575705469,471.132422226784,1,0,0.00800000000000004,1,123,1000,2,"bernoulli","fixed",0.000800000000000004,10,"10*eta0",0.00800000000000004,8.00000000000004,"fixed | 10*eta0"
1856,-712451.041044319,459.184110142365,1,0,0.00800000000000004,1,123,1000,2,"bernoulli","fixed",0.000800000000000004,10,"10*eta0",0.00800000000000004,8.00000000000004,"fixed | 10*eta0"
1857,-886592.558929573,487.427665289384,1,0,0.00800000000000004,1,123,1000,2,"bernoulli","fixed",0.000800000000000004,10,"10*eta0",0.00800000000000004,8.00000000000004,"fixed | 10*eta0"
1858,-883823.577345191,477.917335841618,1,0,0.00800000000000004,1,123,1000,2,"bernoulli","fixed",0.000800000000000004,10,"10*eta0",0.00800000000000004,8.00000000000004,"fixed | 10*eta0"
1859,-770942.660329156,465.053607925901,1,0,0.00800000000000004,1,123,1000,2,"bernoulli","fixed",0.000800000000000004,10,"10*eta0",0.00800000000000004,8.00000000000004,"fixed | 10*eta0"
1860,-767411.05974493,466.0374375258,1,0,0.00800000000000004,1,123,1000,2,"bernoulli","fixed",0.000800000000000004,10,"10*eta0",0.00800000000000004,8.00000000000004,"fixed | 10*eta0"
1861,-907212.628326775,486.326950123873,1,0,0.00800000000000004,1,123,1000,2,"bernoulli","fixed",0.000800000000000004,10,"10*eta0",0.00800000000000004,8.00000000000004,"fixed | 10*eta0"
1862,-849928.719026247,473.289124865995,1,0,0.00800000000000004,1,123,1000,2,"bernoulli","fixed",0.000800000000000004,10,"10*eta0",0.00800000000000004,8.00000000000004,"fixed | 10*eta0"
1863,-715397.914993581,461.799532008794,1,0,0.00800000000000004,1,123,1000,2,"bernoulli","fixed",0.000800000000000004,10,"10*eta0",0.00800000000000004,8.00000000000004,"fixed | 10*eta0"
1864,-864018.282757682,476.341579554875,1,0,0.00800000000000004,1,123,1000,2,"bernoulli","fixed",0.000800000000000004,10,"10*eta0",0.00800000000000004,8.00000000000004,"fixed | 10*eta0"
1865,-890450.330031451,476.772909085962,1,0,0.00800000000000004,1,123,1000,2,"bernoulli","fixed",0.000800000000000004,10,"10*eta0",0.00800000000000004,8.00000000000004,"fixed | 10*eta0"
1866,-790574.151509838,466.25591950338,1,0,0.00800000000000004,1,123,1000,2,"bernoulli","fixed",0.000800000000000004,10,"10*eta0",0.00800000000000004,8.00000000000004,"fixed | 10*eta0"
1867,-741529.467278794,464.27994982534,1,0,0.00800000000000004,1,123,1000,2,"bernoulli","fixed",0.000800000000000004,10,"10*eta0",0.00800000000000004,8.00000000000004,"fixed | 10*eta0"
1868,-909871.004513982,492.545204688114,1,0,0.00800000000000004,1,123,1000,2,"bernoulli","fixed",0.000800000000000004,10,"10*eta0",0.00800000000000004,8.00000000000004,"fixed | 10*eta0"
1869,-859959.420158354,473.898143905761,1,0,0.00800000000000004,1,123,1000,2,"bernoulli","fixed",0.000800000000000004,10,"10*eta0",0.00800000000000004,8.00000000000004,"fixed | 10*eta0"
1870,-730283.566656345,460.150228137764,1,0,0.00800000000000004,1,123,1000,2,"bernoulli","fixed",0.000800000000000004,10,"10*eta0",0.00800000000000004,8.00000000000004,"fixed | 10*eta0"
1871,-836093.99772757,470.761672889574,1,0,0.00800000000000004,1,123,1000,2,"bernoulli","fixed",0.000800000000000004,10,"10*eta0",0.00800000000000004,8.00000000000004,"fixed | 10*eta0"
1872,-897865.01407253,477.976154066766,1,0,0.00800000000000004,1,123,1000,2,"bernoulli","fixed",0.000800000000000004,10,"10*eta0",0.00800000000000004,8.00000000000004,"fixed | 10*eta0"
1873,-805601.515462648,468.317377509649,1,0,0.00800000000000004,1,123,1000,2,"bernoulli","fixed",0.000800000000000004,10,"10*eta0",0.00800000000000004,8.00000000000004,"fixed | 10*eta0"
1874,-723778.292972599,461.22188234185,1,0,0.00800000000000004,1,123,1000,2,"bernoulli","fixed",0.000800000000000004,10,"10*eta0",0.00800000000000004,8.00000000000004,"fixed | 10*eta0"
1875,-907892.623159788,491.373158589075,1,0,0.00800000000000004,1,123,1000,2,"bernoulli","fixed",0.000800000000000004,10,"10*eta0",0.00800000000000004,8.00000000000004,"fixed | 10*eta0"
1876,-870923.300028004,476.621911738816,1,0,0.00800000000000004,1,123,1000,2,"bernoulli","fixed",0.000800000000000004,10,"10*eta0",0.00800000000000004,8.00000000000004,"fixed | 10*eta0"
1877,-744939.691831297,463.42123923946,1,0,0.00800000000000004,1,123,1000,2,"bernoulli","fixed",0.000800000000000004,10,"10*eta0",0.00800000000000004,8.00000000000004,"fixed | 10*eta0"
1878,-808926.903454479,469.310871040955,1,0,0.00800000000000004,1,123,1000,2,"bernoulli","fixed",0.000800000000000004,10,"10*eta0",0.00800000000000004,8.00000000000004,"fixed | 10*eta0"
1879,-901066.567806373,482.097075691922,1,0,0.00800000000000004,1,123,1000,2,"bernoulli","fixed",0.000800000000000004,10,"10*eta0",0.00800000000000004,8.00000000000004,"fixed | 10*eta0"
1880,-825856.479461568,470.490757100059,1,0,0.00800000000000004,1,123,1000,2,"bernoulli","fixed",0.000800000000000004,10,"10*eta0",0.00800000000000004,8.00000000000004,"fixed | 10*eta0"
1881,-712347.481390614,461.848649854191,1,0,0.00800000000000004,1,123,1000,2,"bernoulli","fixed",0.000800000000000004,10,"10*eta0",0.00800000000000004,8.00000000000004,"fixed | 10*eta0"
1882,-896316.337382153,488.932066806494,1,0,0.00800000000000004,1,123,1000,2,"bernoulli","fixed",0.000800000000000004,10,"10*eta0",0.00800000000000004,8.00000000000004,"fixed | 10*eta0"
1883,-877815.556462537,475.450252379904,1,0,0.00800000000000004,1,123,1000,2,"bernoulli","fixed",0.000800000000000004,10,"10*eta0",0.00800000000000004,8.00000000000004,"fixed | 10*eta0"
1884,-764239.274313776,463.333799542084,1,0,0.00800000000000004,1,123,1000,2,"bernoulli","fixed",0.000800000000000004,10,"10*eta0",0.00800000000000004,8.00000000000004,"fixed | 10*eta0"
1885,-780673.716036717,467.495503494423,1,0,0.00800000000000004,1,123,1000,2,"bernoulli","fixed",0.000800000000000004,10,"10*eta0",0.00800000000000004,8.00000000000004,"fixed | 10*eta0"
1886,-905448.028899283,486.139422063266,1,0,0.00800000000000004,1,123,1000,2,"bernoulli","fixed",0.000800000000000004,10,"10*eta0",0.00800000000000004,8.00000000000004,"fixed | 10*eta0"
1887,-839859.263957455,471.815570800386,1,0,0.00800000000000004,1,123,1000,2,"bernoulli","fixed",0.000800000000000004,10,"10*eta0",0.00800000000000004,8.00000000000004,"fixed | 10*eta0"
1888,-713477.56092289,459.074482750821,1,0,0.00800000000000004,1,123,1000,2,"bernoulli","fixed",0.000800000000000004,10,"10*eta0",0.00800000000000004,8.00000000000004,"fixed | 10*eta0"
1889,-877510.67926914,484.564217313531,1,0,0.00800000000000004,1,123,1000,2,"bernoulli","fixed",0.000800000000000004,10,"10*eta0",0.00800000000000004,8.00000000000004,"fixed | 10*eta0"
1890,-887225.682672077,478.087662238686,1,0,0.00800000000000004,1,123,1000,2,"bernoulli","fixed",0.000800000000000004,10,"10*eta0",0.00800000000000004,8.00000000000004,"fixed | 10*eta0"
1891,-777970.073038439,465.633333420797,1,0,0.00800000000000004,1,123,1000,2,"bernoulli","fixed",0.000800000000000004,10,"10*eta0",0.00800000000000004,8.00000000000004,"fixed | 10*eta0"
1892,-756684.132508814,465.009114064211,1,0,0.00800000000000004,1,123,1000,2,"bernoulli","fixed",0.000800000000000004,10,"10*eta0",0.00800000000000004,8.00000000000004,"fixed | 10*eta0"
1893,-908814.796915403,487.764427634825,1,0,0.00800000000000004,1,123,1000,2,"bernoulli","fixed",0.000800000000000004,10,"10*eta0",0.00800000000000004,8.00000000000004,"fixed | 10*eta0"
1894,-855271.087880616,474.080700268571,1,0,0.00800000000000004,1,123,1000,2,"bernoulli","fixed",0.000800000000000004,10,"10*eta0",0.00800000000000004,8.00000000000004,"fixed | 10*eta0"
1895,-719915.463820059,462.025240917315,1,0,0.00800000000000004,1,123,1000,2,"bernoulli","fixed",0.000800000000000004,10,"10*eta0",0.00800000000000004,8.00000000000004,"fixed | 10*eta0"
1896,-852933.391192806,471.898667532287,1,0,0.00800000000000004,1,123,1000,2,"bernoulli","fixed",0.000800000000000004,10,"10*eta0",0.00800000000000004,8.00000000000004,"fixed | 10*eta0"
1897,-893435.87898537,476.833350931797,1,0,0.00800000000000004,1,123,1000,2,"bernoulli","fixed",0.000800000000000004,10,"10*eta0",0.00800000000000004,8.00000000000004,"fixed | 10*eta0"
1898,-797993.111351972,467.135228507895,1,0,0.00800000000000004,1,123,1000,2,"bernoulli","fixed",0.000800000000000004,10,"10*eta0",0.00800000000000004,8.00000000000004,"fixed | 10*eta0"
1899,-732506.160315975,463.391683733851,1,0,0.00800000000000004,1,123,1000,2,"bernoulli","fixed",0.000800000000000004,10,"10*eta0",0.00800000000000004,8.00000000000004,"fixed | 10*eta0"
1900,-909666.613614946,493.12420150959,1,0,0.00800000000000004,1,123,1000,2,"bernoulli","fixed",0.000800000000000004,10,"10*eta0",0.00800000000000004,8.00000000000004,"fixed | 10*eta0"
1901,-864212.190539056,474.328916258906,1,0,0.00800000000000004,1,123,1000,2,"bernoulli","fixed",0.000800000000000004,10,"10*eta0",0.00800000000000004,8.00000000000004,"fixed | 10*eta0"
1902,-737315.896630657,460.747523120198,1,0,0.00800000000000004,1,123,1000,2,"bernoulli","fixed",0.000800000000000004,10,"10*eta0",0.00800000000000004,8.00000000000004,"fixed | 10*eta0"
1903,-823889.762042892,470.133863780197,1,0,0.00800000000000004,1,123,1000,2,"bernoulli","fixed",0.000800000000000004,10,"10*eta0",0.00800000000000004,8.00000000000004,"fixed | 10*eta0"
1904,-899848.945178618,477.765097433637,1,0,0.00800000000000004,1,123,1000,2,"bernoulli","fixed",0.000800000000000004,10,"10*eta0",0.00800000000000004,8.00000000000004,"fixed | 10*eta0"
1905,-813339.530157691,469.103863869774,1,0,0.00800000000000004,1,123,1000,2,"bernoulli","fixed",0.000800000000000004,10,"10*eta0",0.00800000000000004,8.00000000000004,"fixed | 10*eta0"
1906,-718241.779434855,460.41973505875,1,0,0.00800000000000004,1,123,1000,2,"bernoulli","fixed",0.000800000000000004,10,"10*eta0",0.00800000000000004,8.00000000000004,"fixed | 10*eta0"
1907,-904298.439086102,491.423100191587,1,0,0.00800000000000004,1,123,1000,2,"bernoulli","fixed",0.000800000000000004,10,"10*eta0",0.00800000000000004,8.00000000000004,"fixed | 10*eta0"
1908,-874498.061799022,477.083315798471,1,0,0.00800000000000004,1,123,1000,2,"bernoulli","fixed",0.000800000000000004,10,"10*eta0",0.00800000000000004,8.00000000000004,"fixed | 10*eta0"
1909,-752196.138946283,463.854433292693,1,0,0.00800000000000004,1,123,1000,2,"bernoulli","fixed",0.000800000000000004,10,"10*eta0",0.00800000000000004,8.00000000000004,"fixed | 10*eta0"
1910,-797352.313211842,468.50428863906,1,0,0.00800000000000004,1,123,1000,2,"bernoulli","fixed",0.000800000000000004,10,"10*eta0",0.00800000000000004,8.00000000000004,"fixed | 10*eta0"
1911,-902617.913656256,483.259510661591,1,0,0.00800000000000004,1,123,1000,2,"bernoulli","fixed",0.000800000000000004,10,"10*eta0",0.00800000000000004,8.00000000000004,"fixed | 10*eta0"
1912,-832978.877432812,471.3283695833,1,0,0.00800000000000004,1,123,1000,2,"bernoulli","fixed",0.000800000000000004,10,"10*eta0",0.00800000000000004,8.00000000000004,"fixed | 10*eta0"
1913,-710993.429714828,461.692958883955,1,0,0.00800000000000004,1,123,1000,2,"bernoulli","fixed",0.000800000000000004,10,"10*eta0",0.00800000000000004,8.00000000000004,"fixed | 10*eta0"
1914,-889104.862161539,486.085527993098,1,0,0.00800000000000004,1,123,1000,2,"bernoulli","fixed",0.000800000000000004,10,"10*eta0",0.00800000000000004,8.00000000000004,"fixed | 10*eta0"
1915,-881337.232973301,475.906367551464,1,0,0.00800000000000004,1,123,1000,2,"bernoulli","fixed",0.000800000000000004,10,"10*eta0",0.00800000000000004,8.00000000000004,"fixed | 10*eta0"
1916,-771300.110083158,464.083786083491,1,0,0.00800000000000004,1,123,1000,2,"bernoulli","fixed",0.000800000000000004,10,"10*eta0",0.00800000000000004,8.00000000000004,"fixed | 10*eta0"
1917,-769550.15216187,466.67140255501,1,0,0.00800000000000004,1,123,1000,2,"bernoulli","fixed",0.000800000000000004,10,"10*eta0",0.00800000000000004,8.00000000000004,"fixed | 10*eta0"
1918,-906970.022423914,488.372810228989,1,0,0.00800000000000004,1,123,1000,2,"bernoulli","fixed",0.000800000000000004,10,"10*eta0",0.00800000000000004,8.00000000000004,"fixed | 10*eta0"
1919,-846043.53733613,472.451548665024,1,0,0.00800000000000004,1,123,1000,2,"bernoulli","fixed",0.000800000000000004,10,"10*eta0",0.00800000000000004,8.00000000000004,"fixed | 10*eta0"
1920,-716128.525072016,459.146921174102,1,0,0.00800000000000004,1,123,1000,2,"bernoulli","fixed",0.000800000000000004,10,"10*eta0",0.00800000000000004,8.00000000000004,"fixed | 10*eta0"
1921,-867328.269048216,480.881511379628,1,0,0.00800000000000004,1,123,1000,2,"bernoulli","fixed",0.000800000000000004,10,"10*eta0",0.00800000000000004,8.00000000000004,"fixed | 10*eta0"
1922,-890505.160625589,478.17559076805,1,0,0.00800000000000004,1,123,1000,2,"bernoulli","fixed",0.000800000000000004,10,"10*eta0",0.00800000000000004,8.00000000000004,"fixed | 10*eta0"
1923,-785189.550169562,466.30917586235,1,0,0.00800000000000004,1,123,1000,2,"bernoulli","fixed",0.000800000000000004,10,"10*eta0",0.00800000000000004,8.00000000000004,"fixed | 10*eta0"
1924,-746414.170821013,463.943597226585,1,0,0.00800000000000004,1,123,1000,2,"bernoulli","fixed",0.000800000000000004,10,"10*eta0",0.00800000000000004,8.00000000000004,"fixed | 10*eta0"
1925,-909962.961434245,489.037235794434,1,0,0.00800000000000004,1,123,1000,2,"bernoulli","fixed",0.000800000000000004,10,"10*eta0",0.00800000000000004,8.00000000000004,"fixed | 10*eta0"
1926,-860079.933672047,474.90146792826,1,0,0.00800000000000004,1,123,1000,2,"bernoulli","fixed",0.000800000000000004,10,"10*eta0",0.00800000000000004,8.00000000000004,"fixed | 10*eta0"
1927,-725756.805198606,462.336637009942,1,0,0.00800000000000004,1,123,1000,2,"bernoulli","fixed",0.000800000000000004,10,"10*eta0",0.00800000000000004,8.00000000000004,"fixed | 10*eta0"
1928,-841201.656263982,471.254150257216,1,0,0.00800000000000004,1,123,1000,2,"bernoulli","fixed",0.000800000000000004,10,"10*eta0",0.00800000000000004,8.00000000000004,"fixed | 10*eta0"
1929,-896030.412778174,478.464947133182,1,0,0.00800000000000004,1,123,1000,2,"bernoulli","fixed",0.000800000000000004,10,"10*eta0",0.00800000000000004,8.00000000000004,"fixed | 10*eta0"
1930,-805555.333740549,468.04642526617,1,0,0.00800000000000004,1,123,1000,2,"bernoulli","fixed",0.000800000000000004,10,"10*eta0",0.00800000000000004,8.00000000000004,"fixed | 10*eta0"
1931,-724765.48312225,462.812116283712,1,0,0.00800000000000004,1,123,1000,2,"bernoulli","fixed",0.000800000000000004,10,"10*eta0",0.00800000000000004,8.00000000000004,"fixed | 10*eta0"
1932,-908197.527009004,493.013452516505,1,0,0.00800000000000004,1,123,1000,2,"bernoulli","fixed",0.000800000000000004,10,"10*eta0",0.00800000000000004,8.00000000000004,"fixed | 10*eta0"
1933,-868117.100570341,474.70168859056,1,0,0.00800000000000004,1,123,1000,2,"bernoulli","fixed",0.000800000000000004,10,"10*eta0",0.00800000000000004,8.00000000000004,"fixed | 10*eta0"
1934,-744692.778993784,461.41068479162,1,0,0.00800000000000004,1,123,1000,2,"bernoulli","fixed",0.000800000000000004,10,"10*eta0",0.00800000000000004,8.00000000000004,"fixed | 10*eta0"
1935,-811809.666706702,469.473689522388,1,0,0.00800000000000004,1,123,1000,2,"bernoulli","fixed",0.000800000000000004,10,"10*eta0",0.00800000000000004,8.00000000000004,"fixed | 10*eta0"
1936,-901490.424355577,479.082592593184,1,0,0.00800000000000004,1,123,1000,2,"bernoulli","fixed",0.000800000000000004,10,"10*eta0",0.00800000000000004,8.00000000000004,"fixed | 10*eta0"
1937,-820953.760736638,469.882632026323,1,0,0.00800000000000004,1,123,1000,2,"bernoulli","fixed",0.000800000000000004,10,"10*eta0",0.00800000000000004,8.00000000000004,"fixed | 10*eta0"
1938,-714565.658234558,459.797625694021,1,0,0.00800000000000004,1,123,1000,2,"bernoulli","fixed",0.000800000000000004,10,"10*eta0",0.00800000000000004,8.00000000000004,"fixed | 10*eta0"
1939,-899005.227001689,490.569163098561,1,0,0.00800000000000004,1,123,1000,2,"bernoulli","fixed",0.000800000000000004,10,"10*eta0",0.00800000000000004,8.00000000000004,"fixed | 10*eta0"
1940,-877986.266906541,477.458305103387,1,0,0.00800000000000004,1,123,1000,2,"bernoulli","fixed",0.000800000000000004,10,"10*eta0",0.00800000000000004,8.00000000000004,"fixed | 10*eta0"
1941,-759240.464548489,464.291190866057,1,0,0.00800000000000004,1,123,1000,2,"bernoulli","fixed",0.000800000000000004,10,"10*eta0",0.00800000000000004,8.00000000000004,"fixed | 10*eta0"
1942,-786061.973373124,467.641211059119,1,0,0.00800000000000004,1,123,1000,2,"bernoulli","fixed",0.000800000000000004,10,"10*eta0",0.00800000000000004,8.00000000000004,"fixed | 10*eta0"
1943,-904254.821427061,484.445876003622,1,0,0.00800000000000004,1,123,1000,2,"bernoulli","fixed",0.000800000000000004,10,"10*eta0",0.00800000000000004,8.00000000000004,"fixed | 10*eta0"
1944,-839689.164739792,472.107175950314,1,0,0.00800000000000004,1,123,1000,2,"bernoulli","fixed",0.000800000000000004,10,"10*eta0",0.00800000000000004,8.00000000000004,"fixed | 10*eta0"
1945,-711278.464429809,461.644644029697,1,0,0.00800000000000004,1,123,1000,2,"bernoulli","fixed",0.000800000000000004,10,"10*eta0",0.00800000000000004,8.00000000000004,"fixed | 10*eta0"
1946,-880678.734853155,482.608621563224,1,0,0.00800000000000004,1,123,1000,2,"bernoulli","fixed",0.000800000000000004,10,"10*eta0",0.00800000000000004,8.00000000000004,"fixed | 10*eta0"
1947,-884824.938165791,476.340526515112,1,0,0.00800000000000004,1,123,1000,2,"bernoulli","fixed",0.000800000000000004,10,"10*eta0",0.00800000000000004,8.00000000000004,"fixed | 10*eta0"
1948,-778376.91713247,464.860578374876,1,0,0.00800000000000004,1,123,1000,2,"bernoulli","fixed",0.000800000000000004,10,"10*eta0",0.00800000000000004,8.00000000000004,"fixed | 10*eta0"
1949,-758712.812033214,465.803690541604,1,0,0.00800000000000004,1,123,1000,2,"bernoulli","fixed",0.000800000000000004,10,"10*eta0",0.00800000000000004,8.00000000000004,"fixed | 10*eta0"
1950,-908385.236828956,490.289106468778,1,0,0.00800000000000004,1,123,1000,2,"bernoulli","fixed",0.000800000000000004,10,"10*eta0",0.00800000000000004,8.00000000000004,"fixed | 10*eta0"
1951,-851679.906598294,473.03640705606,1,0,0.00800000000000004,1,123,1000,2,"bernoulli","fixed",0.000800000000000004,10,"10*eta0",0.00800000000000004,8.00000000000004,"fixed | 10*eta0"
1952,-720315.392411773,459.39318777978,1,0,0.00800000000000004,1,123,1000,2,"bernoulli","fixed",0.000800000000000004,10,"10*eta0",0.00800000000000004,8.00000000000004,"fixed | 10*eta0"
1953,-856227.68283888,476.326569119555,1,0,0.00800000000000004,1,123,1000,2,"bernoulli","fixed",0.000800000000000004,10,"10*eta0",0.00800000000000004,8.00000000000004,"fixed | 10*eta0"
1954,-893549.799625109,478.174724560649,1,0,0.00800000000000004,1,123,1000,2,"bernoulli","fixed",0.000800000000000004,10,"10*eta0",0.00800000000000004,8.00000000000004,"fixed | 10*eta0"
1955,-792628.790579576,467.026199435964,1,0,0.00800000000000004,1,123,1000,2,"bernoulli","fixed",0.000800000000000004,10,"10*eta0",0.00800000000000004,8.00000000000004,"fixed | 10*eta0"
1956,-736932.846112399,462.877822065168,1,0,0.00800000000000004,1,123,1000,2,"bernoulli","fixed",0.000800000000000004,10,"10*eta0",0.00800000000000004,8.00000000000004,"fixed | 10*eta0"
1957,-910284.967681719,490.094986423462,1,0,0.00800000000000004,1,123,1000,2,"bernoulli","fixed",0.000800000000000004,10,"10*eta0",0.00800000000000004,8.00000000000004,"fixed | 10*eta0"
1958,-864407.961567523,475.624756306859,1,0,0.00800000000000004,1,123,1000,2,"bernoulli","fixed",0.000800000000000004,10,"10*eta0",0.00800000000000004,8.00000000000004,"fixed | 10*eta0"
1959,-732552.622670878,462.711951458684,1,0,0.00800000000000004,1,123,1000,2,"bernoulli","fixed",0.000800000000000004,10,"10*eta0",0.00800000000000004,8.00000000000004,"fixed | 10*eta0"
1960,-829149.748594745,470.567645639085,1,0,0.00800000000000004,1,123,1000,2,"bernoulli","fixed",0.000800000000000004,10,"10*eta0",0.00800000000000004,8.00000000000004,"fixed | 10*eta0"
1961,-898186.703118563,480.010910540447,1,0,0.00800000000000004,1,123,1000,2,"bernoulli","fixed",0.000800000000000004,10,"10*eta0",0.00800000000000004,8.00000000000004,"fixed | 10*eta0"
1962,-813183.165975526,468.970483198479,1,0,0.00800000000000004,1,123,1000,2,"bernoulli","fixed",0.000800000000000004,10,"10*eta0",0.00800000000000004,8.00000000000004,"fixed | 10*eta0"
1963,-718632.456691985,462.365781745691,1,0,0.00800000000000004,1,123,1000,2,"bernoulli","fixed",0.000800000000000004,10,"10*eta0",0.00800000000000004,8.00000000000004,"fixed | 10*eta0"
1964,-905171.570349661,492.142902485734,1,0,0.00800000000000004,1,123,1000,2,"bernoulli","fixed",0.000800000000000004,10,"10*eta0",0.00800000000000004,8.00000000000004,"fixed | 10*eta0"
1965,-871800.169983459,475.020029524285,1,0,0.00800000000000004,1,123,1000,2,"bernoulli","fixed",0.000800000000000004,10,"10*eta0",0.00800000000000004,8.00000000000004,"fixed | 10*eta0"
1966,-752080.97353464,462.109378573033,1,0,0.00800000000000004,1,123,1000,2,"bernoulli","fixed",0.000800000000000004,10,"10*eta0",0.00800000000000004,8.00000000000004,"fixed | 10*eta0"
1967,-800005.822476365,468.776754256426,1,0,0.00800000000000004,1,123,1000,2,"bernoulli","fixed",0.000800000000000004,10,"10*eta0",0.00800000000000004,8.00000000000004,"fixed | 10*eta0"
1968,-902955.650203907,481.86368086004,1,0,0.00800000000000004,1,123,1000,2,"bernoulli","fixed",0.000800000000000004,10,"10*eta0",0.00800000000000004,8.00000000000004,"fixed | 10*eta0"
1969,-828306.915834375,470.634849546929,1,0,0.00800000000000004,1,123,1000,2,"bernoulli","fixed",0.000800000000000004,10,"10*eta0",0.00800000000000004,8.00000000000004,"fixed | 10*eta0"
1970,-712715.538605081,459.368686884494,1,0,0.00800000000000004,1,123,1000,2,"bernoulli","fixed",0.000800000000000004,10,"10*eta0",0.00800000000000004,8.00000000000004,"fixed | 10*eta0"
1971,-892145.427333061,488.947499675478,1,0,0.00800000000000004,1,123,1000,2,"bernoulli","fixed",0.000800000000000004,10,"10*eta0",0.00800000000000004,8.00000000000004,"fixed | 10*eta0"
1972,-881444.396199662,477.75529502788,1,0,0.00800000000000004,1,123,1000,2,"bernoulli","fixed",0.000800000000000004,10,"10*eta0",0.00800000000000004,8.00000000000004,"fixed | 10*eta0"
1973,-766158.439308246,464.736640455964,1,0,0.00800000000000004,1,123,1000,2,"bernoulli","fixed",0.000800000000000004,10,"10*eta0",0.00800000000000004,8.00000000000004,"fixed | 10*eta0"
1974,-774972.03684633,466.714917058199,1,0,0.00800000000000004,1,123,1000,2,"bernoulli","fixed",0.000800000000000004,10,"10*eta0",0.00800000000000004,8.00000000000004,"fixed | 10*eta0"
1975,-905999.964016881,485.602813166505,1,0,0.00800000000000004,1,123,1000,2,"bernoulli","fixed",0.000800000000000004,10,"10*eta0",0.00800000000000004,8.00000000000004,"fixed | 10*eta0"
1976,-845922.791535842,472.826513722066,1,0,0.00800000000000004,1,123,1000,2,"bernoulli","fixed",0.000800000000000004,10,"10*eta0",0.00800000000000004,8.00000000000004,"fixed | 10*eta0"
1977,-713164.955697886,461.700732529701,1,0,0.00800000000000004,1,123,1000,2,"bernoulli","fixed",0.000800000000000004,10,"10*eta0",0.00800000000000004,8.00000000000004,"fixed | 10*eta0"
1978,-871170.464853996,479.150794021015,1,0,0.00800000000000004,1,123,1000,2,"bernoulli","fixed",0.000800000000000004,10,"10*eta0",0.00800000000000004,8.00000000000004,"fixed | 10*eta0"
1979,-888215.922707574,476.64483979357,1,0,0.00800000000000004,1,123,1000,2,"bernoulli","fixed",0.000800000000000004,10,"10*eta0",0.00800000000000004,8.00000000000004,"fixed | 10*eta0"
1980,-785542.62515241,465.671909778119,1,0,0.00800000000000004,1,123,1000,2,"bernoulli","fixed",0.000800000000000004,10,"10*eta0",0.00800000000000004,8.00000000000004,"fixed | 10*eta0"
1981,-748321.339619755,464.905967277138,1,0,0.00800000000000004,1,123,1000,2,"bernoulli","fixed",0.000800000000000004,10,"10*eta0",0.00800000000000004,8.00000000000004,"fixed | 10*eta0"
1982,-909470.740135866,491.79593403803,1,0,0.00800000000000004,1,123,1000,2,"bernoulli","fixed",0.000800000000000004,10,"10*eta0",0.00800000000000004,8.00000000000004,"fixed | 10*eta0"
1983,-856757.68666658,473.566045948484,1,0,0.00800000000000004,1,123,1000,2,"bernoulli","fixed",0.000800000000000004,10,"10*eta0",0.00800000000000004,8.00000000000004,"fixed | 10*eta0"
1984,-725842.29029007,459.795566749655,1,0,0.00800000000000004,1,123,1000,2,"bernoulli","fixed",0.000800000000000004,10,"10*eta0",0.00800000000000004,8.00000000000004,"fixed | 10*eta0"
1985,-844458.572504419,471.177125101243,1,0,0.00800000000000004,1,123,1000,2,"bernoulli","fixed",0.000800000000000004,10,"10*eta0",0.00800000000000004,8.00000000000004,"fixed | 10*eta0"
1986,-896246.423892558,478.085136087224,1,0,0.00800000000000004,1,123,1000,2,"bernoulli","fixed",0.000800000000000004,10,"10*eta0",0.00800000000000004,8.00000000000004,"fixed | 10*eta0"
1987,-800259.493020722,467.780446680538,1,0,0.00800000000000004,1,123,1000,2,"bernoulli","fixed",0.000800000000000004,10,"10*eta0",0.00800000000000004,8.00000000000004,"fixed | 10*eta0"
1988,-728630.678142734,461.863120974561,1,0,0.00800000000000004,1,123,1000,2,"bernoulli","fixed",0.000800000000000004,10,"10*eta0",0.00800000000000004,8.00000000000004,"fixed | 10*eta0"
1989,-909391.939959215,490.800333500676,1,0,0.00800000000000004,1,123,1000,2,"bernoulli","fixed",0.000800000000000004,10,"10*eta0",0.00800000000000004,8.00000000000004,"fixed | 10*eta0"
1990,-868355.05021316,476.24840453991,1,0,0.00800000000000004,1,123,1000,2,"bernoulli","fixed",0.000800000000000004,10,"10*eta0",0.00800000000000004,8.00000000000004,"fixed | 10*eta0"
1991,-739841.343881425,463.125293951745,1,0,0.00800000000000004,1,123,1000,2,"bernoulli","fixed",0.000800000000000004,10,"10*eta0",0.00800000000000004,8.00000000000004,"fixed | 10*eta0"
1992,-817110.081834681,469.839499012783,1,0,0.00800000000000004,1,123,1000,2,"bernoulli","fixed",0.000800000000000004,10,"10*eta0",0.00800000000000004,8.00000000000004,"fixed | 10*eta0"
1993,-899968.292434089,481.287538238117,1,0,0.00800000000000004,1,123,1000,2,"bernoulli","fixed",0.000800000000000004,10,"10*eta0",0.00800000000000004,8.00000000000004,"fixed | 10*eta0"
1994,-820746.955135776,469.88180028149,1,0,0.00800000000000004,1,123,1000,2,"bernoulli","fixed",0.000800000000000004,10,"10*eta0",0.00800000000000004,8.00000000000004,"fixed | 10*eta0"
1995,-714290.945361008,462.021334486778,1,0,0.00800000000000004,1,123,1000,2,"bernoulli","fixed",0.000800000000000004,10,"10*eta0",0.00800000000000004,8.00000000000004,"fixed | 10*eta0"
1996,-900482.200476135,490.499119257788,1,0,0.00800000000000004,1,123,1000,2,"bernoulli","fixed",0.000800000000000004,10,"10*eta0",0.00800000000000004,8.00000000000004,"fixed | 10*eta0"
1997,-875372.433612247,475.289523305196,1,0,0.00800000000000004,1,123,1000,2,"bernoulli","fixed",0.000800000000000004,10,"10*eta0",0.00800000000000004,8.00000000000004,"fixed | 10*eta0"
1998,-759321.434969518,462.827664560371,1,0,0.00800000000000004,1,123,1000,2,"bernoulli","fixed",0.000800000000000004,10,"10*eta0",0.00800000000000004,8.00000000000004,"fixed | 10*eta0"
1999,-788489.945993451,468.035994270456,1,0,0.00800000000000004,1,123,1000,2,"bernoulli","fixed",0.000800000000000004,10,"10*eta0",0.00800000000000004,8.00000000000004,"fixed | 10*eta0"
2000,-904409.20637737,484.456387377718,1,0,0.00800000000000004,1,123,1000,2,"bernoulli","fixed",0.000800000000000004,10,"10*eta0",0.00800000000000004,8.00000000000004,"fixed | 10*eta0"
1,-337517.190512481,22.6305657430881,1,NA,NA,NA,123,1000,2,"bernoulli","linesearch",0.000800000000000004,10,"10*eta0",0.00800000000000004,8.00000000000004,"linesearch | 10*eta0"
2,-337499.324280321,21.9644770675569,1,4,0.000500000000000002,1,123,1000,2,"bernoulli","linesearch",0.000800000000000004,10,"10*eta0",0.00800000000000004,8.00000000000004,"linesearch | 10*eta0"
3,-337483.025364843,21.3154161724895,1,4,0.000500000000000002,1,123,1000,2,"bernoulli","linesearch",0.000800000000000004,10,"10*eta0",0.00800000000000004,8.00000000000004,"linesearch | 10*eta0"
4,-337468.111660716,20.6834849199298,1,4,0.000500000000000002,1,123,1000,2,"bernoulli","linesearch",0.000800000000000004,10,"10*eta0",0.00800000000000004,8.00000000000004,"linesearch | 10*eta0"
5,-337454.432429702,20.068714643221,1,4,0.000500000000000002,1,123,1000,2,"bernoulli","linesearch",0.000800000000000004,10,"10*eta0",0.00800000000000004,8.00000000000004,"linesearch | 10*eta0"
6,-337441.860465203,19.4710730629833,1,4,0.000500000000000002,1,123,1000,2,"bernoulli","linesearch",0.000800000000000004,10,"10*eta0",0.00800000000000004,8.00000000000004,"linesearch | 10*eta0"
7,-337430.286725345,18.8904708720351,1,4,0.000500000000000002,1,123,1000,2,"bernoulli","linesearch",0.000800000000000004,10,"10*eta0",0.00800000000000004,8.00000000000004,"linesearch | 10*eta0"
8,-337419.616553184,18.3267679873645,1,4,0.000500000000000002,1,123,1000,2,"bernoulli","linesearch",0.000800000000000004,10,"10*eta0",0.00800000000000004,8.00000000000004,"linesearch | 10*eta0"
9,-337409.766940738,17.7797794639295,1,4,0.000500000000000002,1,123,1000,2,"bernoulli","linesearch",0.000800000000000004,10,"10*eta0",0.00800000000000004,8.00000000000004,"linesearch | 10*eta0"
10,-337400.664496896,17.2492810634203,1,4,0.000500000000000002,1,123,1000,2,"bernoulli","linesearch",0.000800000000000004,10,"10*eta0",0.00800000000000004,8.00000000000004,"linesearch | 10*eta0"
11,-337392.243900785,16.7350144715241,1,4,0.000500000000000002,1,123,1000,2,"bernoulli","linesearch",0.000800000000000004,10,"10*eta0",0.00800000000000004,8.00000000000004,"linesearch | 10*eta0"
12,-337384.446698813,16.236692159297,1,4,0.000500000000000002,1,123,1000,2,"bernoulli","linesearch",0.000800000000000004,10,"10*eta0",0.00800000000000004,8.00000000000004,"linesearch | 10*eta0"
13,-337377.220350087,15.7540018873633,1,4,0.000500000000000002,1,123,1000,2,"bernoulli","linesearch",0.000800000000000004,10,"10*eta0",0.00800000000000004,8.00000000000004,"linesearch | 10*eta0"
14,-337370.517455574,15.28661085525,1,4,0.000500000000000002,1,123,1000,2,"bernoulli","linesearch",0.000800000000000004,10,"10*eta0",0.00800000000000004,8.00000000000004,"linesearch | 10*eta0"
15,-337364.29512509,14.8341695017894,1,4,0.000500000000000002,1,123,1000,2,"bernoulli","linesearch",0.000800000000000004,10,"10*eta0",0.00800000000000004,8.00000000000004,"linesearch | 10*eta0"
16,-337358.514450803,14.3963149658744,1,4,0.000500000000000002,1,123,1000,2,"bernoulli","linesearch",0.000800000000000004,10,"10*eta0",0.00800000000000004,8.00000000000004,"linesearch | 10*eta0"
17,-337353.140063051,13.9726742197503,1,4,0.000500000000000002,1,123,1000,2,"bernoulli","linesearch",0.000800000000000004,10,"10*eta0",0.00800000000000004,8.00000000000004,"linesearch | 10*eta0"
18,-337348.139751547,13.5628668893815,1,4,0.000500000000000002,1,123,1000,2,"bernoulli","linesearch",0.000800000000000004,10,"10*eta0",0.00800000000000004,8.00000000000004,"linesearch | 10*eta0"
19,-337343.484139281,13.1665077782281,1,4,0.000500000000000002,1,123,1000,2,"bernoulli","linesearch",0.000800000000000004,10,"10*eta0",0.00800000000000004,8.00000000000004,"linesearch | 10*eta0"
20,-337339.146398948,12.78320911202,1,4,0.000500000000000002,1,123,1000,2,"bernoulli","linesearch",0.000800000000000004,10,"10*eta0",0.00800000000000004,8.00000000000004,"linesearch | 10*eta0"
21,-337335.102004553,12.412582522882,1,4,0.000500000000000002,1,123,1000,2,"bernoulli","linesearch",0.000800000000000004,10,"10*eta0",0.00800000000000004,8.00000000000004,"linesearch | 10*eta0"
22,-337331.328512502,12.0542407915003,1,4,0.000500000000000002,1,123,1000,2,"bernoulli","linesearch",0.000800000000000004,10,"10*eta0",0.00800000000000004,8.00000000000004,"linesearch | 10*eta0"
23,-337327.805367154,11.7077993660014,1,4,0.000500000000000002,1,123,1000,2,"bernoulli","linesearch",0.000800000000000004,10,"10*eta0",0.00800000000000004,8.00000000000004,"linesearch | 10*eta0"
24,-337324.513727729,11.3728776759001,1,4,0.000500000000000002,1,123,1000,2,"bernoulli","linesearch",0.000800000000000004,10,"10*eta0",0.00800000000000004,8.00000000000004,"linesearch | 10*eta0"
25,-337321.436313121,11.0491002589313,1,4,0.000500000000000002,1,123,1000,2,"bernoulli","linesearch",0.000800000000000004,10,"10*eta0",0.00800000000000004,8.00000000000004,"linesearch | 10*eta0"
26,-337318.557262502,10.7360977178627,1,4,0.000500000000000002,1,123,1000,2,"bernoulli","linesearch",0.000800000000000004,10,"10*eta0",0.00800000000000004,8.00000000000004,"linesearch | 10*eta0"
27,-337315.862009779,10.4335075235428,1,4,0.000500000000000002,1,123,1000,2,"bernoulli","linesearch",0.000800000000000004,10,"10*eta0",0.00800000000000004,8.00000000000004,"linesearch | 10*eta0"
28,-337313.33717005,10.1409746795111,1,4,0.000500000000000002,1,123,1000,2,"bernoulli","linesearch",0.000800000000000004,10,"10*eta0",0.00800000000000004,8.00000000000004,"linesearch | 10*eta0"
29,-337310.970436778,9.8581522625184,1,4,0.000500000000000002,1,123,1000,2,"bernoulli","linesearch",0.000800000000000004,10,"10*eta0",0.00800000000000004,8.00000000000004,"linesearch | 10*eta0"
30,-337308.750488709,9.58470185230688,1,4,0.000500000000000002,1,123,1000,2,"bernoulli","linesearch",0.000800000000000004,10,"10*eta0",0.00800000000000004,8.00000000000004,"linesearch | 10*eta0"
31,-337306.666905148,9.32029386299475,1,4,0.000500000000000002,1,123,1000,2,"bernoulli","linesearch",0.000800000000000004,10,"10*eta0",0.00800000000000004,8.00000000000004,"linesearch | 10*eta0"
32,-337304.71008904,9.06460778742974,1,4,0.000500000000000002,1,123,1000,2,"bernoulli","linesearch",0.000800000000000004,10,"10*eta0",0.00800000000000004,8.00000000000004,"linesearch | 10*eta0"
33,-337302.871196982,8.81733236491789,1,4,0.000500000000000002,1,123,1000,2,"bernoulli","linesearch",0.000800000000000004,10,"10*eta0",0.00800000000000004,8.00000000000004,"linesearch | 10*eta0"
34,-337301.142075339,8.57816568182063,1,4,0.000500000000000002,1,123,1000,2,"bernoulli","linesearch",0.000800000000000004,10,"10*eta0",0.00800000000000004,8.00000000000004,"linesearch | 10*eta0"
35,-337299.515202366,8.34681521364322,1,4,0.000500000000000002,1,123,1000,2,"bernoulli","linesearch",0.000800000000000004,10,"10*eta0",0.00800000000000004,8.00000000000004,"linesearch | 10*eta0"
36,-337297.98363498,8.12299781641871,1,4,0.000500000000000002,1,123,1000,2,"bernoulli","linesearch",0.000800000000000004,10,"10*eta0",0.00800000000000004,8.00000000000004,"linesearch | 10*eta0"
37,-337296.540960624,7.9064396744253,1,4,0.000500000000000002,1,123,1000,2,"bernoulli","linesearch",0.000800000000000004,10,"10*eta0",0.00800000000000004,8.00000000000004,"linesearch | 10*eta0"
38,-337295.18125315,7.69687621056219,1,4,0.000500000000000002,1,123,1000,2,"bernoulli","linesearch",0.000800000000000004,10,"10*eta0",0.00800000000000004,8.00000000000004,"linesearch | 10*eta0"
39,-337293.899032591,7.49405196505029,1,4,0.000500000000000002,1,123,1000,2,"bernoulli","linesearch",0.000800000000000004,10,"10*eta0",0.00800000000000004,8.00000000000004,"linesearch | 10*eta0"
40,-337292.689228406,7.29935704721268,1,4,0.000500000000000002,1,123,1000,2,"bernoulli","linesearch",0.000800000000000004,10,"10*eta0",0.00800000000000004,8.00000000000004,"linesearch | 10*eta0"
41,-337291.547146037,7.1125736508508,1,4,0.000500000000000002,1,123,1000,2,"bernoulli","linesearch",0.000800000000000004,10,"10*eta0",0.00800000000000004,8.00000000000004,"linesearch | 10*eta0"
42,-337290.468436183,6.93156587925197,1,4,0.000500000000000002,1,123,1000,2,"bernoulli","linesearch",0.000800000000000004,10,"10*eta0",0.00800000000000004,8.00000000000004,"linesearch | 10*eta0"
43,-337289.449066886,6.75612726439528,1,4,0.000500000000000002,1,123,1000,2,"bernoulli","linesearch",0.000800000000000004,10,"10*eta0",0.00800000000000004,8.00000000000004,"linesearch | 10*eta0"
44,-337288.485297937,6.58605878987061,1,4,0.000500000000000002,1,123,1000,2,"bernoulli","linesearch",0.000800000000000004,10,"10*eta0",0.00800000000000004,8.00000000000004,"linesearch | 10*eta0"
45,-337287.57365753,6.42116870755285,1,4,0.000500000000000002,1,123,1000,2,"bernoulli","linesearch",0.000800000000000004,10,"10*eta0",0.00800000000000004,8.00000000000004,"linesearch | 10*eta0"
46,-337286.71092083,6.26127234559854,1,4,0.000500000000000002,1,123,1000,2,"bernoulli","linesearch",0.000800000000000004,10,"10*eta0",0.00800000000000004,8.00000000000004,"linesearch | 10*eta0"
47,-337285.894090467,6.10619190999683,1,4,0.000500000000000002,1,123,1000,2,"bernoulli","linesearch",0.000800000000000004,10,"10*eta0",0.00800000000000004,8.00000000000004,"linesearch | 10*eta0"
48,-337285.120378673,5.95575628162171,1,4,0.000500000000000002,1,123,1000,2,"bernoulli","linesearch",0.000800000000000004,10,"10*eta0",0.00800000000000004,8.00000000000004,"linesearch | 10*eta0"
49,-337284.387190902,5.80980081047563,1,4,0.000500000000000002,1,123,1000,2,"bernoulli","linesearch",0.000800000000000004,10,"10*eta0",0.00800000000000004,8.00000000000004,"linesearch | 10*eta0"
50,-337283.692110794,5.66816710858785,1,4,0.000500000000000002,1,123,1000,2,"bernoulli","linesearch",0.000800000000000004,10,"10*eta0",0.00800000000000004,8.00000000000004,"linesearch | 10*eta0"
51,-337283.032886495,5.53070284282416,1,4,0.000500000000000002,1,123,1000,2,"bernoulli","linesearch",0.000800000000000004,10,"10*eta0",0.00800000000000004,8.00000000000004,"linesearch | 10*eta0"
52,-337282.407418093,5.39726152868264,1,4,0.000500000000000002,1,123,1000,2,"bernoulli","linesearch",0.000800000000000004,10,"10*eta0",0.00800000000000004,8.00000000000004,"linesearch | 10*eta0"
53,-337281.813746056,5.26770232598838,1,4,0.000500000000000002,1,123,1000,2,"bernoulli","linesearch",0.000800000000000004,10,"10*eta0",0.00800000000000004,8.00000000000004,"linesearch | 10*eta0"
54,-337281.250040676,5.1418898372554,1,4,0.000500000000000002,1,123,1000,2,"bernoulli","linesearch",0.000800000000000004,10,"10*eta0",0.00800000000000004,8.00000000000004,"linesearch | 10*eta0"
55,-337280.714592356,5.01969390935756,1,4,0.000500000000000002,1,123,1000,2,"bernoulli","linesearch",0.000800000000000004,10,"10*eta0",0.00800000000000004,8.00000000000004,"linesearch | 10*eta0"
56,-337280.205802723,4.9009894390373,1,4,0.000500000000000002,1,123,1000,2,"bernoulli","linesearch",0.000800000000000004,10,"10*eta0",0.00800000000000004,8.00000000000004,"linesearch | 10*eta0"
57,-337279.722176454,4.78565618268252,1,4,0.000500000000000002,1,123,1000,2,"bernoulli","linesearch",0.000800000000000004,10,"10*eta0",0.00800000000000004,8.00000000000004,"linesearch | 10*eta0"
58,-337279.262313707,4.67357857071592,1,4,0.000500000000000002,1,123,1000,2,"bernoulli","linesearch",0.000800000000000004,10,"10*eta0",0.00800000000000004,8.00000000000004,"linesearch | 10*eta0"
59,-337278.824903328,4.56464552686438,1,4,0.000500000000000002,1,123,1000,2,"bernoulli","linesearch",0.000800000000000004,10,"10*eta0",0.00800000000000004,8.00000000000004,"linesearch | 10*eta0"
60,-337278.408716328,4.45875029251077,1,4,0.000500000000000002,1,123,1000,2,"bernoulli","linesearch",0.000800000000000004,10,"10*eta0",0.00800000000000004,8.00000000000004,"linesearch | 10*eta0"
61,-337278.012600205,4.35579025627302,1,4,0.000500000000000002,1,123,1000,2,"bernoulli","linesearch",0.000800000000000004,10,"10*eta0",0.00800000000000004,8.00000000000004,"linesearch | 10*eta0"
62,-337277.635473437,4.25566678890551,1,4,0.000500000000000002,1,123,1000,2,"bernoulli","linesearch",0.000800000000000004,10,"10*eta0",0.00800000000000004,8.00000000000004,"linesearch | 10*eta0"
63,-337277.276320585,4.1582850835754,1,4,0.000500000000000002,1,123,1000,2,"bernoulli","linesearch",0.000800000000000004,10,"10*eta0",0.00800000000000004,8.00000000000004,"linesearch | 10*eta0"
64,-337276.934187684,4.06355400152978,1,4,0.000500000000000002,1,123,1000,2,"bernoulli","linesearch",0.000800000000000004,10,"10*eta0",0.00800000000000004,8.00000000000004,"linesearch | 10*eta0"
65,-337276.608178049,3.97138592313844,1,4,0.000500000000000002,1,123,1000,2,"bernoulli","linesearch",0.000800000000000004,10,"10*eta0",0.00800000000000004,8.00000000000004,"linesearch | 10*eta0"
66,-337276.29744828,3.88169660427015,1,4,0.000500000000000002,1,123,1000,2,"bernoulli","linesearch",0.000800000000000004,10,"10*eta0",0.00800000000000004,8.00000000000004,"linesearch | 10*eta0"
67,-337276.001204838,3.79440503793893,1,4,0.000500000000000002,1,123,1000,2,"bernoulli","linesearch",0.000800000000000004,10,"10*eta0",0.00800000000000004,8.00000000000004,"linesearch | 10*eta0"
68,-337275.718700578,3.70943332113726,1,4,0.000500000000000002,1,123,1000,2,"bernoulli","linesearch",0.000800000000000004,10,"10*eta0",0.00800000000000004,8.00000000000004,"linesearch | 10*eta0"
69,-337275.449231695,3.62670652675896,1,4,0.000500000000000002,1,123,1000,2,"bernoulli","linesearch",0.000800000000000004,10,"10*eta0",0.00800000000000004,8.00000000000004,"linesearch | 10*eta0"
70,-337275.192134887,3.54615258050083,1,4,0.000500000000000002,1,123,1000,2,"bernoulli","linesearch",0.000800000000000004,10,"10*eta0",0.00800000000000004,8.00000000000004,"linesearch | 10*eta0"
71,-337274.946784713,3.46770214262348,1,4,0.000500000000000002,1,123,1000,2,"bernoulli","linesearch",0.000800000000000004,10,"10*eta0",0.00800000000000004,8.00000000000004,"linesearch | 10*eta0"
72,-337274.712591195,3.39128849444281,1,4,0.000500000000000002,1,123,1000,2,"bernoulli","linesearch",0.000800000000000004,10,"10*eta0",0.00800000000000004,8.00000000000004,"linesearch | 10*eta0"
73,-337274.488997457,3.31684742941857,1,4,0.000500000000000002,1,123,1000,2,"bernoulli","linesearch",0.000800000000000004,10,"10*eta0",0.00800000000000004,8.00000000000004,"linesearch | 10*eta0"
74,-337274.27547769,3.24431714870169,1,4,0.000500000000000002,1,123,1000,2,"bernoulli","linesearch",0.000800000000000004,10,"10*eta0",0.00800000000000004,8.00000000000004,"linesearch | 10*eta0"
75,-337274.071535198,3.17363816099953,1,4,0.000500000000000002,1,123,1000,2,"bernoulli","linesearch",0.000800000000000004,10,"10*eta0",0.00800000000000004,8.00000000000004,"linesearch | 10*eta0"
76,-337273.876700527,3.10475318661595,1,4,0.000500000000000002,1,123,1000,2,"bernoulli","linesearch",0.000800000000000004,10,"10*eta0",0.00800000000000004,8.00000000000004,"linesearch | 10*eta0"
77,-337273.690529824,3.03760706552362,1,4,0.000500000000000002,1,123,1000,2,"bernoulli","linesearch",0.000800000000000004,10,"10*eta0",0.00800000000000004,8.00000000000004,"linesearch | 10*eta0"
78,-337273.512603302,2.97214666932477,1,4,0.000500000000000002,1,123,1000,2,"bernoulli","linesearch",0.000800000000000004,10,"10*eta0",0.00800000000000004,8.00000000000004,"linesearch | 10*eta0"
79,-337273.342523652,2.90832081695892,1,4,0.000500000000000002,1,123,1000,2,"bernoulli","linesearch",0.000800000000000004,10,"10*eta0",0.00800000000000004,8.00000000000004,"linesearch | 10*eta0"
80,-337273.179914833,2.84608019401723,1,4,0.000500000000000002,1,123,1000,2,"bernoulli","linesearch",0.000800000000000004,10,"10*eta0",0.00800000000000004,8.00000000000004,"linesearch | 10*eta0"
81,-337273.0244207,2.78537727552474,1,4,0.000500000000000002,1,123,1000,2,"bernoulli","linesearch",0.000800000000000004,10,"10*eta0",0.00800000000000004,8.00000000000004,"linesearch | 10*eta0"
82,-337272.875703874,2.72616625205562,1,4,0.000500000000000002,1,123,1000,2,"bernoulli","linesearch",0.000800000000000004,10,"10*eta0",0.00800000000000004,8.00000000000004,"linesearch | 10*eta0"
83,-337272.73344455,2.66840295904812,1,4,0.000500000000000002,1,123,1000,2,"bernoulli","linesearch",0.000800000000000004,10,"10*eta0",0.00800000000000004,8.00000000000004,"linesearch | 10*eta0"
84,-337272.597339644,2.61204480919024,1,4,0.000500000000000002,1,123,1000,2,"bernoulli","linesearch",0.000800000000000004,10,"10*eta0",0.00800000000000004,8.00000000000004,"linesearch | 10*eta0"
85,-337272.467101658,2.55705072774979,1,4,0.000500000000000002,1,123,1000,2,"bernoulli","linesearch",0.000800000000000004,10,"10*eta0",0.00800000000000004,8.00000000000004,"linesearch | 10*eta0"
86,-337272.342457818,2.50338109072661,1,4,0.000500000000000002,1,123,1000,2,"bernoulli","linesearch",0.000800000000000004,10,"10*eta0",0.00800000000000004,8.00000000000004,"linesearch | 10*eta0"
87,-337272.223149277,2.45099766570803,1,4,0.000500000000000002,1,123,1000,2,"bernoulli","linesearch",0.000800000000000004,10,"10*eta0",0.00800000000000004,8.00000000000004,"linesearch | 10*eta0"
88,-337272.108930324,2.3998635553132,1,4,0.000500000000000002,1,123,1000,2,"bernoulli","linesearch",0.000800000000000004,10,"10*eta0",0.00800000000000004,8.00000000000004,"linesearch | 10*eta0"
89,-337271.999567599,2.34994314311441,1,4,0.000500000000000002,1,123,1000,2,"bernoulli","linesearch",0.000800000000000004,10,"10*eta0",0.00800000000000004,8.00000000000004,"linesearch | 10*eta0"
90,-337271.894839435,2.30120204192901,1,4,0.000500000000000002,1,123,1000,2,"bernoulli","linesearch",0.000800000000000004,10,"10*eta0",0.00800000000000004,8.00000000000004,"linesearch | 10*eta0"
91,-337271.794535233,2.25360704437833,1,4,0.000500000000000002,1,123,1000,2,"bernoulli","linesearch",0.000800000000000004,10,"10*eta0",0.00800000000000004,8.00000000000004,"linesearch | 10*eta0"
92,-337271.69845473,2.20712607561384,1,4,0.000500000000000002,1,123,1000,2,"bernoulli","linesearch",0.000800000000000004,10,"10*eta0",0.00800000000000004,8.00000000000004,"linesearch | 10*eta0"
93,-337271.606407633,2.16172814811541,1,4,0.000500000000000002,1,123,1000,2,"bernoulli","linesearch",0.000800000000000004,10,"10*eta0",0.00800000000000004,8.00000000000004,"linesearch | 10*eta0"
94,-337271.518212905,2.11738331846922,1,4,0.000500000000000002,1,123,1000,2,"bernoulli","linesearch",0.000800000000000004,10,"10*eta0",0.00800000000000004,8.00000000000004,"linesearch | 10*eta0"
95,-337271.433698324,2.07406264603731,1,4,0.000500000000000002,1,123,1000,2,"bernoulli","linesearch",0.000800000000000004,10,"10*eta0",0.00800000000000004,8.00000000000004,"linesearch | 10*eta0"
96,-337271.352700085,2.03173815343398,1,4,0.000500000000000002,1,123,1000,2,"bernoulli","linesearch",0.000800000000000004,10,"10*eta0",0.00800000000000004,8.00000000000004,"linesearch | 10*eta0"
97,-337271.275062193,1.99038278872776,1,4,0.000500000000000002,1,123,1000,2,"bernoulli","linesearch",0.000800000000000004,10,"10*eta0",0.00800000000000004,8.00000000000004,"linesearch | 10*eta0"
98,-337271.200636177,1.94997038929115,1,4,0.000500000000000002,1,123,1000,2,"bernoulli","linesearch",0.000800000000000004,10,"10*eta0",0.00800000000000004,8.00000000000004,"linesearch | 10*eta0"
99,-337271.129280656,1.91047564722382,1,4,0.000500000000000002,1,123,1000,2,"bernoulli","linesearch",0.000800000000000004,10,"10*eta0",0.00800000000000004,8.00000000000004,"linesearch | 10*eta0"
100,-337271.060860981,1.8718740762774,1,4,0.000500000000000002,1,123,1000,2,"bernoulli","linesearch",0.000800000000000004,10,"10*eta0",0.00800000000000004,8.00000000000004,"linesearch | 10*eta0"
101,-337270.995248804,1.83414198021434,1,4,0.000500000000000002,1,123,1000,2,"bernoulli","linesearch",0.000800000000000004,10,"10*eta0",0.00800000000000004,8.00000000000004,"linesearch | 10*eta0"
102,-337270.932321919,1.79725642253505,1,4,0.000500000000000002,1,123,1000,2,"bernoulli","linesearch",0.000800000000000004,10,"10*eta0",0.00800000000000004,8.00000000000004,"linesearch | 10*eta0"
103,-337270.871963783,1.76119519751118,1,4,0.000500000000000002,1,123,1000,2,"bernoulli","linesearch",0.000800000000000004,10,"10*eta0",0.00800000000000004,8.00000000000004,"linesearch | 10*eta0"
104,-337270.814063276,1.72593680246553,1,4,0.000500000000000002,1,123,1000,2,"bernoulli","linesearch",0.000800000000000004,10,"10*eta0",0.00800000000000004,8.00000000000004,"linesearch | 10*eta0"
105,-337270.758514455,1.69146041124153,1,4,0.000500000000000002,1,123,1000,2,"bernoulli","linesearch",0.000800000000000004,10,"10*eta0",0.00800000000000004,8.00000000000004,"linesearch | 10*eta0"
106,-337270.705216322,1.65774584880799,1,4,0.000500000000000002,1,123,1000,2,"bernoulli","linesearch",0.000800000000000004,10,"10*eta0",0.00800000000000004,8.00000000000004,"linesearch | 10*eta0"
107,-337270.654072446,1.62477356694748,1,4,0.000500000000000002,1,123,1000,2,"bernoulli","linesearch",0.000800000000000004,10,"10*eta0",0.00800000000000004,8.00000000000004,"linesearch | 10*eta0"
108,-337270.604990899,1.59252462097853,1,4,0.000500000000000002,1,123,1000,2,"bernoulli","linesearch",0.000800000000000004,10,"10*eta0",0.00800000000000004,8.00000000000004,"linesearch | 10*eta0"
109,-337270.55788388,1.56098064746457,1,4,0.000500000000000002,1,123,1000,2,"bernoulli","linesearch",0.000800000000000004,10,"10*eta0",0.00800000000000004,8.00000000000004,"linesearch | 10*eta0"
110,-337270.512667656,1.53012384286475,1,4,0.000500000000000002,1,123,1000,2,"bernoulli","linesearch",0.000800000000000004,10,"10*eta0",0.00800000000000004,8.00000000000004,"linesearch | 10*eta0"
111,-337270.46926218,1.49993694308324,1,4,0.000500000000000002,1,123,1000,2,"bernoulli","linesearch",0.000800000000000004,10,"10*eta0",0.00800000000000004,8.00000000000004,"linesearch | 10*eta0"
112,-337270.42759115,1.47040320387664,1,4,0.000500000000000002,1,123,1000,2,"bernoulli","linesearch",0.000800000000000004,10,"10*eta0",0.00800000000000004,8.00000000000004,"linesearch | 10*eta0"
113,-337270.387581609,1.44150638207986,1,4,0.000500000000000002,1,123,1000,2,"bernoulli","linesearch",0.000800000000000004,10,"10*eta0",0.00800000000000004,8.00000000000004,"linesearch | 10*eta0"
114,-337270.349163854,1.41323071761367,1,4,0.000500000000000002,1,123,1000,2,"bernoulli","linesearch",0.000800000000000004,10,"10*eta0",0.00800000000000004,8.00000000000004,"linesearch | 10*eta0"
115,-337270.312271368,1.38556091623819,1,4,0.000500000000000002,1,123,1000,2,"bernoulli","linesearch",0.000800000000000004,10,"10*eta0",0.00800000000000004,8.00000000000004,"linesearch | 10*eta0"
116,-337270.276840519,1.35848213301862,1,4,0.000500000000000002,1,123,1000,2,"bernoulli","linesearch",0.000800000000000004,10,"10*eta0",0.00800000000000004,8.00000000000004,"linesearch | 10*eta0"
117,-337270.242810541,1.33197995647098,1,4,0.000500000000000002,1,123,1000,2,"bernoulli","linesearch",0.000800000000000004,10,"10*eta0",0.00800000000000004,8.00000000000004,"linesearch | 10*eta0"
118,-337270.210123332,1.30604039335694,1,4,0.000500000000000002,1,123,1000,2,"bernoulli","linesearch",0.000800000000000004,10,"10*eta0",0.00800000000000004,8.00000000000004,"linesearch | 10*eta0"
119,-337270.178723331,1.28064985409883,1,4,0.000500000000000002,1,123,1000,2,"bernoulli","linesearch",0.000800000000000004,10,"10*eta0",0.00800000000000004,8.00000000000004,"linesearch | 10*eta0"
120,-337270.148557442,1.25579513878654,1,4,0.000500000000000002,1,123,1000,2,"bernoulli","linesearch",0.000800000000000004,10,"10*eta0",0.00800000000000004,8.00000000000004,"linesearch | 10*eta0"
121,-337270.119574862,1.23146342375009,1,4,0.000500000000000002,1,123,1000,2,"bernoulli","linesearch",0.000800000000000004,10,"10*eta0",0.00800000000000004,8.00000000000004,"linesearch | 10*eta0"
122,-337270.091727039,1.20764224867224,1,4,0.000500000000000002,1,123,1000,2,"bernoulli","linesearch",0.000800000000000004,10,"10*eta0",0.00800000000000004,8.00000000000004,"linesearch | 10*eta0"
123,-337270.064967495,1.18431950421721,1,4,0.000500000000000002,1,123,1000,2,"bernoulli","linesearch",0.000800000000000004,10,"10*eta0",0.00800000000000004,8.00000000000004,"linesearch | 10*eta0"
124,-337270.03925179,1.16148342015247,1,4,0.000500000000000002,1,123,1000,2,"bernoulli","linesearch",0.000800000000000004,10,"10*eta0",0.00800000000000004,8.00000000000004,"linesearch | 10*eta0"
125,-337270.014537338,1.13912255394163,1,4,0.000500000000000002,1,123,1000,2,"bernoulli","linesearch",0.000800000000000004,10,"10*eta0",0.00800000000000004,8.00000000000004,"linesearch | 10*eta0"
126,-337269.990783488,1.11722577978767,1,4,0.000500000000000002,1,123,1000,2,"bernoulli","linesearch",0.000800000000000004,10,"10*eta0",0.00800000000000004,8.00000000000004,"linesearch | 10*eta0"
127,-337269.967951237,1.09578227810648,1,4,0.000500000000000002,1,123,1000,2,"bernoulli","linesearch",0.000800000000000004,10,"10*eta0",0.00800000000000004,8.00000000000004,"linesearch | 10*eta0"
128,-337269.946003324,1.07478152541188,1,4,0.000500000000000002,1,123,1000,2,"bernoulli","linesearch",0.000800000000000004,10,"10*eta0",0.00800000000000004,8.00000000000004,"linesearch | 10*eta0"
129,-337269.924904015,1.05421328459396,1,4,0.000500000000000002,1,123,1000,2,"bernoulli","linesearch",0.000800000000000004,10,"10*eta0",0.00800000000000004,8.00000000000004,"linesearch | 10*eta0"
130,-337269.904619133,1.03406759557366,1,4,0.000500000000000002,1,123,1000,2,"bernoulli","linesearch",0.000800000000000004,10,"10*eta0",0.00800000000000004,8.00000000000004,"linesearch | 10*eta0"
131,-337269.885115945,1.01433476631696,1,4,0.000500000000000002,1,123,1000,2,"bernoulli","linesearch",0.000800000000000004,10,"10*eta0",0.00800000000000004,8.00000000000004,"linesearch | 10*eta0"
132,-337269.866363088,0.995005364193249,1,4,0.000500000000000002,1,123,1000,2,"bernoulli","linesearch",0.000800000000000004,10,"10*eta0",0.00800000000000004,8.00000000000004,"linesearch | 10*eta0"
133,-337269.848330506,0.976070207662946,1,4,0.000500000000000002,1,123,1000,2,"bernoulli","linesearch",0.000800000000000004,10,"10*eta0",0.00800000000000004,8.00000000000004,"linesearch | 10*eta0"
134,-337269.830989476,0.957520358280039,1,4,0.000500000000000002,1,123,1000,2,"bernoulli","linesearch",0.000800000000000004,10,"10*eta0",0.00800000000000004,8.00000000000004,"linesearch | 10*eta0"
135,-337269.814312387,0.939347112996073,1,4,0.000500000000000002,1,123,1000,2,"bernoulli","linesearch",0.000800000000000004,10,"10*eta0",0.00800000000000004,8.00000000000004,"linesearch | 10*eta0"
136,-337269.798272864,0.921541996752698,1,4,0.000500000000000002,1,123,1000,2,"bernoulli","linesearch",0.000800000000000004,10,"10*eta0",0.00800000000000004,8.00000000000004,"linesearch | 10*eta0"
137,-337269.782845542,0.904096755350449,1,4,0.000500000000000002,1,123,1000,2,"bernoulli","linesearch",0.000800000000000004,10,"10*eta0",0.00800000000000004,8.00000000000004,"linesearch | 10*eta0"
138,-337269.76800622,0.88700334858198,1,4,0.000500000000000002,1,123,1000,2,"bernoulli","linesearch",0.000800000000000004,10,"10*eta0",0.00800000000000004,8.00000000000004,"linesearch | 10*eta0"
139,-337269.753731641,0.870253943618492,1,4,0.000500000000000002,1,123,1000,2,"bernoulli","linesearch",0.000800000000000004,10,"10*eta0",0.00800000000000004,8.00000000000004,"linesearch | 10*eta0"
140,-337269.739999478,0.853840908638979,1,4,0.000500000000000002,1,123,1000,2,"bernoulli","linesearch",0.000800000000000004,10,"10*eta0",0.00800000000000004,8.00000000000004,"linesearch | 10*eta0"
141,-337269.726788376,0.837756806691577,1,4,0.000500000000000002,1,123,1000,2,"bernoulli","linesearch",0.000800000000000004,10,"10*eta0",0.00800000000000004,8.00000000000004,"linesearch | 10*eta0"
142,-337269.714077866,0.821994389777916,1,4,0.000500000000000002,1,123,1000,2,"bernoulli","linesearch",0.000800000000000004,10,"10*eta0",0.00800000000000004,8.00000000000004,"linesearch | 10*eta0"
143,-337269.701848283,0.806546593150555,1,4,0.000500000000000002,1,123,1000,2,"bernoulli","linesearch",0.000800000000000004,10,"10*eta0",0.00800000000000004,8.00000000000004,"linesearch | 10*eta0"
144,-337269.690080779,0.791406529815223,1,4,0.000500000000000002,1,123,1000,2,"bernoulli","linesearch",0.000800000000000004,10,"10*eta0",0.00800000000000004,8.00000000000004,"linesearch | 10*eta0"
145,-337269.678757299,0.776567485229075,1,4,0.000500000000000002,1,123,1000,2,"bernoulli","linesearch",0.000800000000000004,10,"10*eta0",0.00800000000000004,8.00000000000004,"linesearch | 10*eta0"
146,-337269.66786053,0.762022912186972,1,4,0.000500000000000002,1,123,1000,2,"bernoulli","linesearch",0.000800000000000004,10,"10*eta0",0.00800000000000004,8.00000000000004,"linesearch | 10*eta0"
147,-337269.657373787,0.74776642588814,1,4,0.000500000000000002,1,123,1000,2,"bernoulli","linesearch",0.000800000000000004,10,"10*eta0",0.00800000000000004,8.00000000000004,"linesearch | 10*eta0"
148,-337269.64728116,0.73379179917584,1,4,0.000500000000000002,1,123,1000,2,"bernoulli","linesearch",0.000800000000000004,10,"10*eta0",0.00800000000000004,8.00000000000004,"linesearch | 10*eta0"
149,-337269.637567335,0.720092957943006,1,4,0.000500000000000002,1,123,1000,2,"bernoulli","linesearch",0.000800000000000004,10,"10*eta0",0.00800000000000004,8.00000000000004,"linesearch | 10*eta0"
150,-337269.628217601,0.70666397669713,1,4,0.000500000000000002,1,123,1000,2,"bernoulli","linesearch",0.000800000000000004,10,"10*eta0",0.00800000000000004,8.00000000000004,"linesearch | 10*eta0"
151,-337269.619217914,0.693499074278112,1,4,0.000500000000000002,1,123,1000,2,"bernoulli","linesearch",0.000800000000000004,10,"10*eta0",0.00800000000000004,8.00000000000004,"linesearch | 10*eta0"
152,-337269.610554696,0.680592609722807,1,4,0.000500000000000002,1,123,1000,2,"bernoulli","linesearch",0.000800000000000004,10,"10*eta0",0.00800000000000004,8.00000000000004,"linesearch | 10*eta0"
153,-337269.602214976,0.667939078270468,1,4,0.000500000000000002,1,123,1000,2,"bernoulli","linesearch",0.000800000000000004,10,"10*eta0",0.00800000000000004,8.00000000000004,"linesearch | 10*eta0"
154,-337269.59418634,0.655533107503659,1,4,0.000500000000000002,1,123,1000,2,"bernoulli","linesearch",0.000800000000000004,10,"10*eta0",0.00800000000000004,8.00000000000004,"linesearch | 10*eta0"
155,-337269.586456768,0.643369453619005,1,4,0.000500000000000002,1,123,1000,2,"bernoulli","linesearch",0.000800000000000004,10,"10*eta0",0.00800000000000004,8.00000000000004,"linesearch | 10*eta0"
156,-337269.579014791,0.631442997822986,1,4,0.000500000000000002,1,123,1000,2,"bernoulli","linesearch",0.000800000000000004,10,"10*eta0",0.00800000000000004,8.00000000000004,"linesearch | 10*eta0"
157,-337269.571849382,0.619748742847667,1,4,0.000500000000000002,1,123,1000,2,"bernoulli","linesearch",0.000800000000000004,10,"10*eta0",0.00800000000000004,8.00000000000004,"linesearch | 10*eta0"
158,-337269.564949931,0.608281809581815,1,4,0.000500000000000002,1,123,1000,2,"bernoulli","linesearch",0.000800000000000004,10,"10*eta0",0.00800000000000004,8.00000000000004,"linesearch | 10*eta0"
159,-337269.55830634,0.597037433812955,1,4,0.000500000000000002,1,123,1000,2,"bernoulli","linesearch",0.000800000000000004,10,"10*eta0",0.00800000000000004,8.00000000000004,"linesearch | 10*eta0"
160,-337269.551908769,0.586010963075974,1,4,0.000500000000000002,1,123,1000,2,"bernoulli","linesearch",0.000800000000000004,10,"10*eta0",0.00800000000000004,8.00000000000004,"linesearch | 10*eta0"
161,-337269.545747871,0.575197853604443,1,4,0.000500000000000002,1,123,1000,2,"bernoulli","linesearch",0.000800000000000004,10,"10*eta0",0.00800000000000004,8.00000000000004,"linesearch | 10*eta0"
162,-337269.539814629,0.564593667380348,1,4,0.000500000000000002,1,123,1000,2,"bernoulli","linesearch",0.000800000000000004,10,"10*eta0",0.00800000000000004,8.00000000000004,"linesearch | 10*eta0"
163,-337269.534100408,0.554194069279028,1,4,0.000500000000000002,1,123,1000,2,"bernoulli","linesearch",0.000800000000000004,10,"10*eta0",0.00800000000000004,8.00000000000004,"linesearch | 10*eta0"
164,-337269.528596887,0.543994824305144,1,4,0.000500000000000002,1,123,1000,2,"bernoulli","linesearch",0.000800000000000004,10,"10*eta0",0.00800000000000004,8.00000000000004,"linesearch | 10*eta0"
165,-337269.523296067,0.533991794916811,1,4,0.000500000000000002,1,123,1000,2,"bernoulli","linesearch",0.000800000000000004,10,"10*eta0",0.00800000000000004,8.00000000000004,"linesearch | 10*eta0"
166,-337269.518190277,0.524180938434266,1,4,0.000500000000000002,1,123,1000,2,"bernoulli","linesearch",0.000800000000000004,10,"10*eta0",0.00800000000000004,8.00000000000004,"linesearch | 10*eta0"
167,-337269.513272147,0.514558304529987,1,4,0.000500000000000002,1,123,1000,2,"bernoulli","linesearch",0.000800000000000004,10,"10*eta0",0.00800000000000004,8.00000000000004,"linesearch | 10*eta0"
168,-337269.508534613,0.505120032797326,1,4,0.000500000000000002,1,123,1000,2,"bernoulli","linesearch",0.000800000000000004,10,"10*eta0",0.00800000000000004,8.00000000000004,"linesearch | 10*eta0"
169,-337269.503970836,0.49586235039482,1,4,0.000500000000000002,1,123,1000,2,"bernoulli","linesearch",0.000800000000000004,10,"10*eta0",0.00800000000000004,8.00000000000004,"linesearch | 10*eta0"
170,-337269.499574295,0.486781569763241,1,4,0.000500000000000002,1,123,1000,2,"bernoulli","linesearch",0.000800000000000004,10,"10*eta0",0.00800000000000004,8.00000000000004,"linesearch | 10*eta0"
171,-337269.49533869,0.47787408641286,1,4,0.000500000000000002,1,123,1000,2,"bernoulli","linesearch",0.000800000000000004,10,"10*eta0",0.00800000000000004,8.00000000000004,"linesearch | 10*eta0"
172,-337269.491257985,0.469136376778408,1,4,0.000500000000000002,1,123,1000,2,"bernoulli","linesearch",0.000800000000000004,10,"10*eta0",0.00800000000000004,8.00000000000004,"linesearch | 10*eta0"
173,-337269.487326365,0.460564996139318,1,4,0.000500000000000002,1,123,1000,2,"bernoulli","linesearch",0.000800000000000004,10,"10*eta0",0.00800000000000004,8.00000000000004,"linesearch | 10*eta0"
174,-337269.483538238,0.452156576602654,1,4,0.000500000000000002,1,123,1000,2,"bernoulli","linesearch",0.000800000000000004,10,"10*eta0",0.00800000000000004,8.00000000000004,"linesearch | 10*eta0"
175,-337269.479888247,0.443907825146947,1,4,0.000500000000000002,1,123,1000,2,"bernoulli","linesearch",0.000800000000000004,10,"10*eta0",0.00800000000000004,8.00000000000004,"linesearch | 10*eta0"
176,-337269.476371218,0.435815521724349,1,4,0.000500000000000002,1,123,1000,2,"bernoulli","linesearch",0.000800000000000004,10,"10*eta0",0.00800000000000004,8.00000000000004,"linesearch | 10*eta0"
177,-337269.472982196,0.427876517419363,1,4,0.000500000000000002,1,123,1000,2,"bernoulli","linesearch",0.000800000000000004,10,"10*eta0",0.00800000000000004,8.00000000000004,"linesearch | 10*eta0"
178,-337269.469716406,0.420087732661999,1,4,0.000500000000000002,1,123,1000,2,"bernoulli","linesearch",0.000800000000000004,10,"10*eta0",0.00800000000000004,8.00000000000004,"linesearch | 10*eta0"
179,-337269.466569265,0.412446155493491,1,4,0.000500000000000002,1,123,1000,2,"bernoulli","linesearch",0.000800000000000004,10,"10*eta0",0.00800000000000004,8.00000000000004,"linesearch | 10*eta0"
180,-337269.463536343,0.40494883988283,1,4,0.000500000000000002,1,123,1000,2,"bernoulli","linesearch",0.000800000000000004,10,"10*eta0",0.00800000000000004,8.00000000000004,"linesearch | 10*eta0"
181,-337269.460613433,0.397592904092256,1,4,0.000500000000000002,1,123,1000,2,"bernoulli","linesearch",0.000800000000000004,10,"10*eta0",0.00800000000000004,8.00000000000004,"linesearch | 10*eta0"
182,-337269.457796409,0.390375529090111,1,4,0.000500000000000002,1,123,1000,2,"bernoulli","linesearch",0.000800000000000004,10,"10*eta0",0.00800000000000004,8.00000000000004,"linesearch | 10*eta0"
183,-337269.455081344,0.383293957009431,1,4,0.000500000000000002,1,123,1000,2,"bernoulli","linesearch",0.000800000000000004,10,"10*eta0",0.00800000000000004,8.00000000000004,"linesearch | 10*eta0"
184,-337269.452464506,0.376345489650634,1,4,0.000500000000000002,1,123,1000,2,"bernoulli","linesearch",0.000800000000000004,10,"10*eta0",0.00800000000000004,8.00000000000004,"linesearch | 10*eta0"
185,-337269.44994223,0.369527487027014,1,4,0.000500000000000002,1,123,1000,2,"bernoulli","linesearch",0.000800000000000004,10,"10*eta0",0.00800000000000004,8.00000000000004,"linesearch | 10*eta0"
186,-337269.44751102,0.36283736595134,1,4,0.000500000000000002,1,123,1000,2,"bernoulli","linesearch",0.000800000000000004,10,"10*eta0",0.00800000000000004,8.00000000000004,"linesearch | 10*eta0"
187,-337269.445167528,0.356272598662448,1,4,0.000500000000000002,1,123,1000,2,"bernoulli","linesearch",0.000800000000000004,10,"10*eta0",0.00800000000000004,8.00000000000004,"linesearch | 10*eta0"
188,-337269.442908513,0.349830711490396,1,4,0.000500000000000002,1,123,1000,2,"bernoulli","linesearch",0.000800000000000004,10,"10*eta0",0.00800000000000004,8.00000000000004,"linesearch | 10*eta0"
189,-337269.440730863,0.343509283558736,1,4,0.000500000000000002,1,123,1000,2,"bernoulli","linesearch",0.000800000000000004,10,"10*eta0",0.00800000000000004,8.00000000000004,"linesearch | 10*eta0"
190,-337269.438631585,0.337323042289686,1,4,0.000500000000000002,1,123,1000,2,"bernoulli","linesearch",0.000800000000000004,10,"10*eta0",0.00800000000000004,8.00000000000004,"linesearch | 10*eta0"
191,-337269.436607806,0.331268607148694,1,4,0.000500000000000002,1,123,1000,2,"bernoulli","linesearch",0.000800000000000004,10,"10*eta0",0.00800000000000004,8.00000000000004,"linesearch | 10*eta0"
192,-337269.434656729,0.32532597220852,1,4,0.000500000000000002,1,123,1000,2,"bernoulli","linesearch",0.000800000000000004,10,"10*eta0",0.00800000000000004,8.00000000000004,"linesearch | 10*eta0"
193,-337269.43277572,0.319492970448241,1,4,0.000500000000000002,1,123,1000,2,"bernoulli","linesearch",0.000800000000000004,10,"10*eta0",0.00800000000000004,8.00000000000004,"linesearch | 10*eta0"
194,-337269.430962189,0.313767480379816,1,4,0.000500000000000002,1,123,1000,2,"bernoulli","linesearch",0.000800000000000004,10,"10*eta0",0.00800000000000004,8.00000000000004,"linesearch | 10*eta0"
195,-337269.429213662,0.308147424966974,1,4,0.000500000000000002,1,123,1000,2,"bernoulli","linesearch",0.000800000000000004,10,"10*eta0",0.00800000000000004,8.00000000000004,"linesearch | 10*eta0"
196,-337269.42752778,0.302630770574038,1,4,0.000500000000000002,1,123,1000,2,"bernoulli","linesearch",0.000800000000000004,10,"10*eta0",0.00800000000000004,8.00000000000004,"linesearch | 10*eta0"
197,-337269.425902217,0.297215525943816,1,4,0.000500000000000002,1,123,1000,2,"bernoulli","linesearch",0.000800000000000004,10,"10*eta0",0.00800000000000004,8.00000000000004,"linesearch | 10*eta0"
198,-337269.424334828,0.29189974120374,1,4,0.000500000000000002,1,123,1000,2,"bernoulli","linesearch",0.000800000000000004,10,"10*eta0",0.00800000000000004,8.00000000000004,"linesearch | 10*eta0"
199,-337269.422823445,0.286681506898999,1,4,0.000500000000000002,1,123,1000,2,"bernoulli","linesearch",0.000800000000000004,10,"10*eta0",0.00800000000000004,8.00000000000004,"linesearch | 10*eta0"
200,-337269.421366049,0.281558953052178,1,4,0.000500000000000002,1,123,1000,2,"bernoulli","linesearch",0.000800000000000004,10,"10*eta0",0.00800000000000004,8.00000000000004,"linesearch | 10*eta0"
201,-337269.419960663,0.276530248248168,1,4,0.000500000000000002,1,123,1000,2,"bernoulli","linesearch",0.000800000000000004,10,"10*eta0",0.00800000000000004,8.00000000000004,"linesearch | 10*eta0"
202,-337269.418605382,0.271593598743979,1,4,0.000500000000000002,1,123,1000,2,"bernoulli","linesearch",0.000800000000000004,10,"10*eta0",0.00800000000000004,8.00000000000004,"linesearch | 10*eta0"
203,-337269.41729842,0.266747247602279,1,4,0.000500000000000002,1,123,1000,2,"bernoulli","linesearch",0.000800000000000004,10,"10*eta0",0.00800000000000004,8.00000000000004,"linesearch | 10*eta0"
204,-337269.416038002,0.261989473848039,1,4,0.000500000000000002,1,123,1000,2,"bernoulli","linesearch",0.000800000000000004,10,"10*eta0",0.00800000000000004,8.00000000000004,"linesearch | 10*eta0"
205,-337269.414822435,0.25731859164781,1,4,0.000500000000000002,1,123,1000,2,"bernoulli","linesearch",0.000800000000000004,10,"10*eta0",0.00800000000000004,8.00000000000004,"linesearch | 10*eta0"
206,-337269.413650102,0.252732949510325,1,4,0.000500000000000002,1,123,1000,2,"bernoulli","linesearch",0.000800000000000004,10,"10*eta0",0.00800000000000004,8.00000000000004,"linesearch | 10*eta0"
207,-337269.412519437,0.248230929508516,1,4,0.000500000000000002,1,123,1000,2,"bernoulli","linesearch",0.000800000000000004,10,"10*eta0",0.00800000000000004,8.00000000000004,"linesearch | 10*eta0"
208,-337269.411428928,0.243810946521575,1,4,0.000500000000000002,1,123,1000,2,"bernoulli","linesearch",0.000800000000000004,10,"10*eta0",0.00800000000000004,8.00000000000004,"linesearch | 10*eta0"
209,-337269.41037711,0.239471447497079,1,4,0.000500000000000002,1,123,1000,2,"bernoulli","linesearch",0.000800000000000004,10,"10*eta0",0.00800000000000004,8.00000000000004,"linesearch | 10*eta0"
210,-337269.409362619,0.235210910732047,1,4,0.000500000000000002,1,123,1000,2,"bernoulli","linesearch",0.000800000000000004,10,"10*eta0",0.00800000000000004,8.00000000000004,"linesearch | 10*eta0"
211,-337269.408384076,0.231027845172479,1,4,0.000500000000000002,1,123,1000,2,"bernoulli","linesearch",0.000800000000000004,10,"10*eta0",0.00800000000000004,8.00000000000004,"linesearch | 10*eta0"
212,-337269.407440203,0.22692078973125,1,4,0.000500000000000002,1,123,1000,2,"bernoulli","linesearch",0.000800000000000004,10,"10*eta0",0.00800000000000004,8.00000000000004,"linesearch | 10*eta0"
213,-337269.406529736,0.222888312623128,1,4,0.000500000000000002,1,123,1000,2,"bernoulli","linesearch",0.000800000000000004,10,"10*eta0",0.00800000000000004,8.00000000000004,"linesearch | 10*eta0"
214,-337269.405651492,0.218929010716779,1,4,0.000500000000000002,1,123,1000,2,"bernoulli","linesearch",0.000800000000000004,10,"10*eta0",0.00800000000000004,8.00000000000004,"linesearch | 10*eta0"
215,-337269.40480428,0.215041508903338,1,4,0.000500000000000002,1,123,1000,2,"bernoulli","linesearch",0.000800000000000004,10,"10*eta0",0.00800000000000004,8.00000000000004,"linesearch | 10*eta0"
216,-337269.403987023,0.211224459480843,1,4,0.000500000000000002,1,123,1000,2,"bernoulli","linesearch",0.000800000000000004,10,"10*eta0",0.00800000000000004,8.00000000000004,"linesearch | 10*eta0"
217,-337269.403198618,0.207476541554067,1,4,0.000500000000000002,1,123,1000,2,"bernoulli","linesearch",0.000800000000000004,10,"10*eta0",0.00800000000000004,8.00000000000004,"linesearch | 10*eta0"
218,-337269.40243802,0.20379646044945,1,4,0.000500000000000002,1,123,1000,2,"bernoulli","linesearch",0.000800000000000004,10,"10*eta0",0.00800000000000004,8.00000000000004,"linesearch | 10*eta0"
219,-337269.401704256,0.200182947144581,1,4,0.000500000000000002,1,123,1000,2,"bernoulli","linesearch",0.000800000000000004,10,"10*eta0",0.00800000000000004,8.00000000000004,"linesearch | 10*eta0"
220,-337269.400996358,0.196634757711812,1,4,0.000500000000000002,1,123,1000,2,"bernoulli","linesearch",0.000800000000000004,10,"10*eta0",0.00800000000000004,8.00000000000004,"linesearch | 10*eta0"
221,-337269.4003134,0.193150672775689,1,4,0.000500000000000002,1,123,1000,2,"bernoulli","linesearch",0.000800000000000004,10,"10*eta0",0.00800000000000004,8.00000000000004,"linesearch | 10*eta0"
222,-337269.399654482,0.189729496983519,1,4,0.000500000000000002,1,123,1000,2,"bernoulli","linesearch",0.000800000000000004,10,"10*eta0",0.00800000000000004,8.00000000000004,"linesearch | 10*eta0"
223,-337269.399018742,0.186370058489169,1,4,0.000500000000000002,1,123,1000,2,"bernoulli","linesearch",0.000800000000000004,10,"10*eta0",0.00800000000000004,8.00000000000004,"linesearch | 10*eta0"
224,-337269.398405385,0.183071208449257,1,4,0.000500000000000002,1,123,1000,2,"bernoulli","linesearch",0.000800000000000004,10,"10*eta0",0.00800000000000004,8.00000000000004,"linesearch | 10*eta0"
225,-337269.397813553,0.17983182053164,1,4,0.000500000000000002,1,123,1000,2,"bernoulli","linesearch",0.000800000000000004,10,"10*eta0",0.00800000000000004,8.00000000000004,"linesearch | 10*eta0"
226,-337269.397242531,0.176650790435808,1,4,0.000500000000000002,1,123,1000,2,"bernoulli","linesearch",0.000800000000000004,10,"10*eta0",0.00800000000000004,8.00000000000004,"linesearch | 10*eta0"
227,-337269.396691535,0.173527035424732,1,4,0.000500000000000002,1,123,1000,2,"bernoulli","linesearch",0.000800000000000004,10,"10*eta0",0.00800000000000004,8.00000000000004,"linesearch | 10*eta0"
228,-337269.396159896,0.17045949386815,1,4,0.000500000000000002,1,123,1000,2,"bernoulli","linesearch",0.000800000000000004,10,"10*eta0",0.00800000000000004,8.00000000000004,"linesearch | 10*eta0"
229,-337269.395646875,0.167447124796476,1,4,0.000500000000000002,1,123,1000,2,"bernoulli","linesearch",0.000800000000000004,10,"10*eta0",0.00800000000000004,8.00000000000004,"linesearch | 10*eta0"
230,-337269.395151834,0.164488907465592,1,4,0.000500000000000002,1,123,1000,2,"bernoulli","linesearch",0.000800000000000004,10,"10*eta0",0.00800000000000004,8.00000000000004,"linesearch | 10*eta0"
231,-337269.394674153,0.161583840931714,1,4,0.000500000000000002,1,123,1000,2,"bernoulli","linesearch",0.000800000000000004,10,"10*eta0",0.00800000000000004,8.00000000000004,"linesearch | 10*eta0"
232,-337269.394213187,0.158730943636569,1,4,0.000500000000000002,1,123,1000,2,"bernoulli","linesearch",0.000800000000000004,10,"10*eta0",0.00800000000000004,8.00000000000004,"linesearch | 10*eta0"
233,-337269.39376834,0.155929253002038,1,4,0.000500000000000002,1,123,1000,2,"bernoulli","linesearch",0.000800000000000004,10,"10*eta0",0.00800000000000004,8.00000000000004,"linesearch | 10*eta0"
234,-337269.393339056,0.153177825034526,1,4,0.000500000000000002,1,123,1000,2,"bernoulli","linesearch",0.000800000000000004,10,"10*eta0",0.00800000000000004,8.00000000000004,"linesearch | 10*eta0"
235,-337269.392924774,0.150475733938433,1,4,0.000500000000000002,1,123,1000,2,"bernoulli","linesearch",0.000800000000000004,10,"10*eta0",0.00800000000000004,8.00000000000004,"linesearch | 10*eta0"
236,-337269.392524971,0.147822071738635,1,4,0.000500000000000002,1,123,1000,2,"bernoulli","linesearch",0.000800000000000004,10,"10*eta0",0.00800000000000004,8.00000000000004,"linesearch | 10*eta0"
237,-337269.392139116,0.145215947911767,1,4,0.000500000000000002,1,123,1000,2,"bernoulli","linesearch",0.000800000000000004,10,"10*eta0",0.00800000000000004,8.00000000000004,"linesearch | 10*eta0"
238,-337269.391766741,0.142656489026023,1,4,0.000500000000000002,1,123,1000,2,"bernoulli","linesearch",0.000800000000000004,10,"10*eta0",0.00800000000000004,8.00000000000004,"linesearch | 10*eta0"
239,-337269.391407365,0.140142838389089,1,4,0.000500000000000002,1,123,1000,2,"bernoulli","linesearch",0.000800000000000004,10,"10*eta0",0.00800000000000004,8.00000000000004,"linesearch | 10*eta0"
240,-337269.391060499,0.137674155704342,1,4,0.000500000000000002,1,123,1000,2,"bernoulli","linesearch",0.000800000000000004,10,"10*eta0",0.00800000000000004,8.00000000000004,"linesearch | 10*eta0"
241,-337269.390725725,0.135249616734802,1,4,0.000500000000000002,1,123,1000,2,"bernoulli","linesearch",0.000800000000000004,10,"10*eta0",0.00800000000000004,8.00000000000004,"linesearch | 10*eta0"
242,-337269.390402596,0.132868412974665,1,4,0.000500000000000002,1,123,1000,2,"bernoulli","linesearch",0.000800000000000004,10,"10*eta0",0.00800000000000004,8.00000000000004,"linesearch | 10*eta0"
243,-337269.390090739,0.130529751328553,1,4,0.000500000000000002,1,123,1000,2,"bernoulli","linesearch",0.000800000000000004,10,"10*eta0",0.00800000000000004,8.00000000000004,"linesearch | 10*eta0"
244,-337269.389789734,0.128232853797548,1,4,0.000500000000000002,1,123,1000,2,"bernoulli","linesearch",0.000800000000000004,10,"10*eta0",0.00800000000000004,8.00000000000004,"linesearch | 10*eta0"
245,-337269.389499178,0.125976957172787,1,4,0.000500000000000002,1,123,1000,2,"bernoulli","linesearch",0.000800000000000004,10,"10*eta0",0.00800000000000004,8.00000000000004,"linesearch | 10*eta0"
246,-337269.389218745,0.12376131273568,1,4,0.000500000000000002,1,123,1000,2,"bernoulli","linesearch",0.000800000000000004,10,"10*eta0",0.00800000000000004,8.00000000000004,"linesearch | 10*eta0"
247,-337269.388948049,0.121585185964812,1,4,0.000500000000000002,1,123,1000,2,"bernoulli","linesearch",0.000800000000000004,10,"10*eta0",0.00800000000000004,8.00000000000004,"linesearch | 10*eta0"
248,-337269.388686759,0.119447856249455,1,4,0.000500000000000002,1,123,1000,2,"bernoulli","linesearch",0.000800000000000004,10,"10*eta0",0.00800000000000004,8.00000000000004,"linesearch | 10*eta0"
249,-337269.388434517,0.117348616609506,1,4,0.000500000000000002,1,123,1000,2,"bernoulli","linesearch",0.000800000000000004,10,"10*eta0",0.00800000000000004,8.00000000000004,"linesearch | 10*eta0"
250,-337269.388191044,0.115286773421506,1,4,0.000500000000000002,1,123,1000,2,"bernoulli","linesearch",0.000800000000000004,10,"10*eta0",0.00800000000000004,8.00000000000004,"linesearch | 10*eta0"
251,-337269.38795602,0.113261646150779,1,4,0.000500000000000002,1,123,1000,2,"bernoulli","linesearch",0.000800000000000004,10,"10*eta0",0.00800000000000004,8.00000000000004,"linesearch | 10*eta0"
252,-337269.38772913,0.11127256708943,1,4,0.000500000000000002,1,123,1000,2,"bernoulli","linesearch",0.000800000000000004,10,"10*eta0",0.00800000000000004,8.00000000000004,"linesearch | 10*eta0"
253,-337269.387510116,0.109318881100192,1,4,0.000500000000000002,1,123,1000,2,"bernoulli","linesearch",0.000800000000000004,10,"10*eta0",0.00800000000000004,8.00000000000004,"linesearch | 10*eta0"
254,-337269.387298665,0.107399945365704,1,4,0.000500000000000002,1,123,1000,2,"bernoulli","linesearch",0.000800000000000004,10,"10*eta0",0.00800000000000004,8.00000000000004,"linesearch | 10*eta0"
255,-337269.387094555,0.105515129143442,1,4,0.000500000000000002,1,123,1000,2,"bernoulli","linesearch",0.000800000000000004,10,"10*eta0",0.00800000000000004,8.00000000000004,"linesearch | 10*eta0"
256,-337269.386897505,0.10366381352587,1,4,0.000500000000000002,1,123,1000,2,"bernoulli","linesearch",0.000800000000000004,10,"10*eta0",0.00800000000000004,8.00000000000004,"linesearch | 10*eta0"
257,-337269.386707261,0.101845391205824,1,4,0.000500000000000002,1,123,1000,2,"bernoulli","linesearch",0.000800000000000004,10,"10*eta0",0.00800000000000004,8.00000000000004,"linesearch | 10*eta0"
258,-337269.386523593,0.100059266246934,1,4,0.000500000000000002,1,123,1000,2,"bernoulli","linesearch",0.000800000000000004,10,"10*eta0",0.00800000000000004,8.00000000000004,"linesearch | 10*eta0"
259,-337269.386346284,0.0983048538591157,1,4,0.000500000000000002,1,123,1000,2,"bernoulli","linesearch",0.000800000000000004,10,"10*eta0",0.00800000000000004,8.00000000000004,"linesearch | 10*eta0"
260,-337269.386175097,0.0965815801786748,1,4,0.000500000000000002,1,123,1000,2,"bernoulli","linesearch",0.000800000000000004,10,"10*eta0",0.00800000000000004,8.00000000000004,"linesearch | 10*eta0"
261,-337269.386009817,0.0948888820533932,1,4,0.000500000000000002,1,123,1000,2,"bernoulli","linesearch",0.000800000000000004,10,"10*eta0",0.00800000000000004,8.00000000000004,"linesearch | 10*eta0"
262,-337269.385850246,0.0932262068319319,1,4,0.000500000000000002,1,123,1000,2,"bernoulli","linesearch",0.000800000000000004,10,"10*eta0",0.00800000000000004,8.00000000000004,"linesearch | 10*eta0"
263,-337269.385696186,0.0915930121579625,1,4,0.000500000000000002,1,123,1000,2,"bernoulli","linesearch",0.000800000000000004,10,"10*eta0",0.00800000000000004,8.00000000000004,"linesearch | 10*eta0"
264,-337269.385547424,0.0899887657685434,1,4,0.000500000000000002,1,123,1000,2,"bernoulli","linesearch",0.000800000000000004,10,"10*eta0",0.00800000000000004,8.00000000000004,"linesearch | 10*eta0"
265,-337269.385403806,0.088412945296761,1,4,0.000500000000000002,1,123,1000,2,"bernoulli","linesearch",0.000800000000000004,10,"10*eta0",0.00800000000000004,8.00000000000004,"linesearch | 10*eta0"
266,-337269.385265125,0.086865038078665,1,4,0.000500000000000002,1,123,1000,2,"bernoulli","linesearch",0.000800000000000004,10,"10*eta0",0.00800000000000004,8.00000000000004,"linesearch | 10*eta0"
267,-337269.38513123,0.0853445409641463,1,4,0.000500000000000002,1,123,1000,2,"bernoulli","linesearch",0.000800000000000004,10,"10*eta0",0.00800000000000004,8.00000000000004,"linesearch | 10*eta0"
268,-337269.385001935,0.0838509601318578,1,4,0.000500000000000002,1,123,1000,2,"bernoulli","linesearch",0.000800000000000004,10,"10*eta0",0.00800000000000004,8.00000000000004,"linesearch | 10*eta0"
269,-337269.384877103,0.0823838109079759,1,4,0.000500000000000002,1,123,1000,2,"bernoulli","linesearch",0.000800000000000004,10,"10*eta0",0.00800000000000004,8.00000000000004,"linesearch | 10*eta0"
270,-337269.384756556,0.0809426175888912,1,4,0.000500000000000002,1,123,1000,2,"bernoulli","linesearch",0.000800000000000004,10,"10*eta0",0.00800000000000004,8.00000000000004,"linesearch | 10*eta0"
271,-337269.384640155,0.0795269132673536,1,4,0.000500000000000002,1,123,1000,2,"bernoulli","linesearch",0.000800000000000004,10,"10*eta0",0.00800000000000004,8.00000000000004,"linesearch | 10*eta0"
272,-337269.384527759,0.0781362396625156,1,4,0.000500000000000002,1,123,1000,2,"bernoulli","linesearch",0.000800000000000004,10,"10*eta0",0.00800000000000004,8.00000000000004,"linesearch | 10*eta0"
273,-337269.384419227,0.0767701469532478,1,4,0.000500000000000002,1,123,1000,2,"bernoulli","linesearch",0.000800000000000004,10,"10*eta0",0.00800000000000004,8.00000000000004,"linesearch | 10*eta0"
274,-337269.38431443,0.0754281936151785,1,4,0.000500000000000002,1,123,1000,2,"bernoulli","linesearch",0.000800000000000004,10,"10*eta0",0.00800000000000004,8.00000000000004,"linesearch | 10*eta0"
275,-337269.384213212,0.074109946260844,1,4,0.000500000000000002,1,123,1000,2,"bernoulli","linesearch",0.000800000000000004,10,"10*eta0",0.00800000000000004,8.00000000000004,"linesearch | 10*eta0"
276,-337269.384115487,0.0728149794833254,1,4,0.000500000000000002,1,123,1000,2,"bernoulli","linesearch",0.000800000000000004,10,"10*eta0",0.00800000000000004,8.00000000000004,"linesearch | 10*eta0"
277,-337269.384021105,0.0715428757030105,1,4,0.000500000000000002,1,123,1000,2,"bernoulli","linesearch",0.000800000000000004,10,"10*eta0",0.00800000000000004,8.00000000000004,"linesearch | 10*eta0"
278,-337269.383929962,0.0702932250175299,1,4,0.000500000000000002,1,123,1000,2,"bernoulli","linesearch",0.000800000000000004,10,"10*eta0",0.00800000000000004,8.00000000000004,"linesearch | 10*eta0"
279,-337269.383841935,0.0690656250547576,1,4,0.000500000000000002,1,123,1000,2,"bernoulli","linesearch",0.000800000000000004,10,"10*eta0",0.00800000000000004,8.00000000000004,"linesearch | 10*eta0"
280,-337269.383756944,0.0678596808288262,1,4,0.000500000000000002,1,123,1000,2,"bernoulli","linesearch",0.000800000000000004,10,"10*eta0",0.00800000000000004,8.00000000000004,"linesearch | 10*eta0"
281,-337269.383674863,0.0666750045991143,1,4,0.000500000000000002,1,123,1000,2,"bernoulli","linesearch",0.000800000000000004,10,"10*eta0",0.00800000000000004,8.00000000000004,"linesearch | 10*eta0"
282,-337269.383595575,0.0655112157320348,1,4,0.000500000000000002,1,123,1000,2,"bernoulli","linesearch",0.000800000000000004,10,"10*eta0",0.00800000000000004,8.00000000000004,"linesearch | 10*eta0"
283,-337269.383519012,0.0643679405656824,1,4,0.000500000000000002,1,123,1000,2,"bernoulli","linesearch",0.000800000000000004,10,"10*eta0",0.00800000000000004,8.00000000000004,"linesearch | 10*eta0"
284,-337269.383445076,0.0632448122771837,1,4,0.000500000000000002,1,123,1000,2,"bernoulli","linesearch",0.000800000000000004,10,"10*eta0",0.00800000000000004,8.00000000000004,"linesearch | 10*eta0"
285,-337269.383373675,0.0621414707527937,1,4,0.000500000000000002,1,123,1000,2,"bernoulli","linesearch",0.000800000000000004,10,"10*eta0",0.00800000000000004,8.00000000000004,"linesearch | 10*eta0"
286,-337269.383304698,0.0610575624605773,1,4,0.000500000000000002,1,123,1000,2,"bernoulli","linesearch",0.000800000000000004,10,"10*eta0",0.00800000000000004,8.00000000000004,"linesearch | 10*eta0"
287,-337269.38323809,0.059992740325615,1,4,0.000500000000000002,1,123,1000,2,"bernoulli","linesearch",0.000800000000000004,10,"10*eta0",0.00800000000000004,8.00000000000004,"linesearch | 10*eta0"
288,-337269.383173763,0.0589466636078165,1,4,0.000500000000000002,1,123,1000,2,"bernoulli","linesearch",0.000800000000000004,10,"10*eta0",0.00800000000000004,8.00000000000004,"linesearch | 10*eta0"
289,-337269.383111609,0.0579189977821051,1,4,0.000500000000000002,1,123,1000,2,"bernoulli","linesearch",0.000800000000000004,10,"10*eta0",0.00800000000000004,8.00000000000004,"linesearch | 10*eta0"
290,-337269.383051591,0.056909414421008,1,4,0.000500000000000002,1,123,1000,2,"bernoulli","linesearch",0.000800000000000004,10,"10*eta0",0.00800000000000004,8.00000000000004,"linesearch | 10*eta0"
291,-337269.382993627,0.0559175910796647,1,4,0.000500000000000002,1,123,1000,2,"bernoulli","linesearch",0.000800000000000004,10,"10*eta0",0.00800000000000004,8.00000000000004,"linesearch | 10*eta0"
292,-337269.382937637,0.0549432111830403,1,4,0.000500000000000002,1,123,1000,2,"bernoulli","linesearch",0.000800000000000004,10,"10*eta0",0.00800000000000004,8.00000000000004,"linesearch | 10*eta0"
293,-337269.382883572,0.053985963915444,1,4,0.000500000000000002,1,123,1000,2,"bernoulli","linesearch",0.000800000000000004,10,"10*eta0",0.00800000000000004,8.00000000000004,"linesearch | 10*eta0"
294,-337269.382831349,0.0530455441122003,1,4,0.000500000000000002,1,123,1000,2,"bernoulli","linesearch",0.000800000000000004,10,"10*eta0",0.00800000000000004,8.00000000000004,"linesearch | 10*eta0"
295,-337269.382780887,0.0521216521535695,1,4,0.000500000000000002,1,123,1000,2,"bernoulli","linesearch",0.000800000000000004,10,"10*eta0",0.00800000000000004,8.00000000000004,"linesearch | 10*eta0"
296,-337269.382732156,0.0512139938605984,1,4,0.000500000000000002,1,123,1000,2,"bernoulli","linesearch",0.000800000000000004,10,"10*eta0",0.00800000000000004,8.00000000000004,"linesearch | 10*eta0"
297,-337269.382685088,0.0503222803932123,1,4,0.000500000000000002,1,123,1000,2,"bernoulli","linesearch",0.000800000000000004,10,"10*eta0",0.00800000000000004,8.00000000000004,"linesearch | 10*eta0"
298,-337269.382639615,0.0494462281501493,1,4,0.000500000000000002,1,123,1000,2,"bernoulli","linesearch",0.000800000000000004,10,"10*eta0",0.00800000000000004,8.00000000000004,"linesearch | 10*eta0"
299,-337269.382595702,0.0485855586710849,1,4,0.000500000000000002,1,123,1000,2,"bernoulli","linesearch",0.000800000000000004,10,"10*eta0",0.00800000000000004,8.00000000000004,"linesearch | 10*eta0"
300,-337269.382553286,0.0477399985404219,1,4,0.000500000000000002,1,123,1000,2,"bernoulli","linesearch",0.000800000000000004,10,"10*eta0",0.00800000000000004,8.00000000000004,"linesearch | 10*eta0"
301,-337269.38251229,0.046909279293147,1,4,0.000500000000000002,1,123,1000,2,"bernoulli","linesearch",0.000800000000000004,10,"10*eta0",0.00800000000000004,8.00000000000004,"linesearch | 10*eta0"
302,-337269.382472726,0.0460931373225105,1,4,0.000500000000000002,1,123,1000,2,"bernoulli","linesearch",0.000800000000000004,10,"10*eta0",0.00800000000000004,8.00000000000004,"linesearch | 10*eta0"
303,-337269.382434481,0.0452913137894648,1,4,0.000500000000000002,1,123,1000,2,"bernoulli","linesearch",0.000800000000000004,10,"10*eta0",0.00800000000000004,8.00000000000004,"linesearch | 10*eta0"
304,-337269.382397538,0.0445035545339033,1,4,0.000500000000000002,1,123,1000,2,"bernoulli","linesearch",0.000800000000000004,10,"10*eta0",0.00800000000000004,8.00000000000004,"linesearch | 10*eta0"
305,-337269.382361863,0.0437338002724911,1,4,0.000500000000000002,1,123,1000,2,"bernoulli","linesearch",0.000800000000000004,10,"10*eta0",0.00800000000000004,8.00000000000004,"linesearch | 10*eta0"
306,-337269.382327379,0.0429778411108294,1,4,0.000500000000000002,1,123,1000,2,"bernoulli","linesearch",0.000800000000000004,10,"10*eta0",0.00800000000000004,8.00000000000004,"linesearch | 10*eta0"
307,-337269.382294069,0.042235124462372,1,4,0.000500000000000002,1,123,1000,2,"bernoulli","linesearch",0.000800000000000004,10,"10*eta0",0.00800000000000004,8.00000000000004,"linesearch | 10*eta0"
308,-337269.382261907,0.0415054143015246,1,4,0.000500000000000002,1,123,1000,2,"bernoulli","linesearch",0.000800000000000004,10,"10*eta0",0.00800000000000004,8.00000000000004,"linesearch | 10*eta0"
309,-337269.382230848,0.040788478907811,1,4,0.000500000000000002,1,123,1000,2,"bernoulli","linesearch",0.000800000000000004,10,"10*eta0",0.00800000000000004,8.00000000000004,"linesearch | 10*eta0"
310,-337269.382200824,0.0400840907847865,1,4,0.000500000000000002,1,123,1000,2,"bernoulli","linesearch",0.000800000000000004,10,"10*eta0",0.00800000000000004,8.00000000000004,"linesearch | 10*eta0"
311,-337269.382171805,0.0393920265805955,1,4,0.000500000000000002,1,123,1000,2,"bernoulli","linesearch",0.000800000000000004,10,"10*eta0",0.00800000000000004,8.00000000000004,"linesearch | 10*eta0"
312,-337269.382143795,0.0387120670100499,1,4,0.000500000000000002,1,123,1000,2,"bernoulli","linesearch",0.000800000000000004,10,"10*eta0",0.00800000000000004,8.00000000000004,"linesearch | 10*eta0"
313,-337269.382116732,0.03804399677829,1,4,0.000500000000000002,1,123,1000,2,"bernoulli","linesearch",0.000800000000000004,10,"10*eta0",0.00800000000000004,8.00000000000004,"linesearch | 10*eta0"
314,-337269.382090573,0.0373876045058994,1,4,0.000500000000000002,1,123,1000,2,"bernoulli","linesearch",0.000800000000000004,10,"10*eta0",0.00800000000000004,8.00000000000004,"linesearch | 10*eta0"
315,-337269.382065314,0.0367426826554721,1,4,0.000500000000000002,1,123,1000,2,"bernoulli","linesearch",0.000800000000000004,10,"10*eta0",0.00800000000000004,8.00000000000004,"linesearch | 10*eta0"
316,-337269.382040898,0.036109027459691,1,4,0.000500000000000002,1,123,1000,2,"bernoulli","linesearch",0.000800000000000004,10,"10*eta0",0.00800000000000004,8.00000000000004,"linesearch | 10*eta0"
317,-337269.38201732,0.035486438850736,1,4,0.000500000000000002,1,123,1000,2,"bernoulli","linesearch",0.000800000000000004,10,"10*eta0",0.00800000000000004,8.00000000000004,"linesearch | 10*eta0"
318,-337269.381994549,0.0348747203910951,1,4,0.000500000000000002,1,123,1000,2,"bernoulli","linesearch",0.000800000000000004,10,"10*eta0",0.00800000000000004,8.00000000000004,"linesearch | 10*eta0"
319,-337269.381972518,0.0342736792057556,1,4,0.000500000000000002,1,123,1000,2,"bernoulli","linesearch",0.000800000000000004,10,"10*eta0",0.00800000000000004,8.00000000000004,"linesearch | 10*eta0"
320,-337269.38195126,0.033683125915612,1,4,0.000500000000000002,1,123,1000,2,"bernoulli","linesearch",0.000800000000000004,10,"10*eta0",0.00800000000000004,8.00000000000004,"linesearch | 10*eta0"
321,-337269.381930693,0.033102874572353,1,4,0.000500000000000002,1,123,1000,2,"bernoulli","linesearch",0.000800000000000004,10,"10*eta0",0.00800000000000004,8.00000000000004,"linesearch | 10*eta0"
322,-337269.381910845,0.032532742594409,1,4,0.000500000000000002,1,123,1000,2,"bernoulli","linesearch",0.000800000000000004,10,"10*eta0",0.00800000000000004,8.00000000000004,"linesearch | 10*eta0"
323,-337269.381891667,0.031972550704297,1,4,0.000500000000000002,1,123,1000,2,"bernoulli","linesearch",0.000800000000000004,10,"10*eta0",0.00800000000000004,8.00000000000004,"linesearch | 10*eta0"
324,-337269.38187315,0.0314221228670659,1,4,0.000500000000000002,1,123,1000,2,"bernoulli","linesearch",0.000800000000000004,10,"10*eta0",0.00800000000000004,8.00000000000004,"linesearch | 10*eta0"
325,-337269.381855235,0.0308812862300154,1,4,0.000500000000000002,1,123,1000,2,"bernoulli","linesearch",0.000800000000000004,10,"10*eta0",0.00800000000000004,8.00000000000004,"linesearch | 10*eta0"
326,-337269.381837924,0.0303498710635586,1,4,0.000500000000000002,1,123,1000,2,"bernoulli","linesearch",0.000800000000000004,10,"10*eta0",0.00800000000000004,8.00000000000004,"linesearch | 10*eta0"
327,-337269.381821214,0.0298277107031829,1,4,0.000500000000000002,1,123,1000,2,"bernoulli","linesearch",0.000800000000000004,10,"10*eta0",0.00800000000000004,8.00000000000004,"linesearch | 10*eta0"
328,-337269.381805074,0.0293146414926363,1,4,0.000500000000000002,1,123,1000,2,"bernoulli","linesearch",0.000800000000000004,10,"10*eta0",0.00800000000000004,8.00000000000004,"linesearch | 10*eta0"
329,-337269.381789462,0.0288105027280567,1,4,0.000500000000000002,1,123,1000,2,"bernoulli","linesearch",0.000800000000000004,10,"10*eta0",0.00800000000000004,8.00000000000004,"linesearch | 10*eta0"
330,-337269.381774373,0.0283151366032945,1,4,0.000500000000000002,1,123,1000,2,"bernoulli","linesearch",0.000800000000000004,10,"10*eta0",0.00800000000000004,8.00000000000004,"linesearch | 10*eta0"
331,-337269.381759814,0.0278283881562514,1,4,0.000500000000000002,1,123,1000,2,"bernoulli","linesearch",0.000800000000000004,10,"10*eta0",0.00800000000000004,8.00000000000004,"linesearch | 10*eta0"
332,-337269.38174573,0.0273501052162652,1,4,0.000500000000000002,1,123,1000,2,"bernoulli","linesearch",0.000800000000000004,10,"10*eta0",0.00800000000000004,8.00000000000004,"linesearch | 10*eta0"
333,-337269.381732126,0.0268801383524596,1,4,0.000500000000000002,1,123,1000,2,"bernoulli","linesearch",0.000800000000000004,10,"10*eta0",0.00800000000000004,8.00000000000004,"linesearch | 10*eta0"
334,-337269.381718975,0.0264183408231239,1,4,0.000500000000000002,1,123,1000,2,"bernoulli","linesearch",0.000800000000000004,10,"10*eta0",0.00800000000000004,8.00000000000004,"linesearch | 10*eta0"
335,-337269.38170628,0.0259645685260664,1,4,0.000500000000000002,1,123,1000,2,"bernoulli","linesearch",0.000800000000000004,10,"10*eta0",0.00800000000000004,8.00000000000004,"linesearch | 10*eta0"
336,-337269.381694013,0.0255186799498711,1,4,0.000500000000000002,1,123,1000,2,"bernoulli","linesearch",0.000800000000000004,10,"10*eta0",0.00800000000000004,8.00000000000004,"linesearch | 10*eta0"
337,-337269.381682127,0.0250805361261446,1,4,0.000500000000000002,1,123,1000,2,"bernoulli","linesearch",0.000800000000000004,10,"10*eta0",0.00800000000000004,8.00000000000004,"linesearch | 10*eta0"
338,-337269.381670678,0.0246500005826572,1,4,0.000500000000000002,1,123,1000,2,"bernoulli","linesearch",0.000800000000000004,10,"10*eta0",0.00800000000000004,8.00000000000004,"linesearch | 10*eta0"
339,-337269.381659599,0.0242269392973311,1,4,0.000500000000000002,1,123,1000,2,"bernoulli","linesearch",0.000800000000000004,10,"10*eta0",0.00800000000000004,8.00000000000004,"linesearch | 10*eta0"
340,-337269.381648902,0.0238112206531548,1,4,0.000500000000000002,1,123,1000,2,"bernoulli","linesearch",0.000800000000000004,10,"10*eta0",0.00800000000000004,8.00000000000004,"linesearch | 10*eta0"
341,-337269.381638572,0.0234027153939804,1,4,0.000500000000000002,1,123,1000,2,"bernoulli","linesearch",0.000800000000000004,10,"10*eta0",0.00800000000000004,8.00000000000004,"linesearch | 10*eta0"
342,-337269.381628566,0.0230012965810909,1,4,0.000500000000000002,1,123,1000,2,"bernoulli","linesearch",0.000800000000000004,10,"10*eta0",0.00800000000000004,8.00000000000004,"linesearch | 10*eta0"
343,-337269.381618916,0.0226068395506213,1,4,0.000500000000000002,1,123,1000,2,"bernoulli","linesearch",0.000800000000000004,10,"10*eta0",0.00800000000000004,8.00000000000004,"linesearch | 10*eta0"
344,-337269.381609573,0.0222192218718179,1,4,0.000500000000000002,1,123,1000,2,"bernoulli","linesearch",0.000800000000000004,10,"10*eta0",0.00800000000000004,8.00000000000004,"linesearch | 10*eta0"
345,-337269.381600552,0.0218383233060514,1,4,0.000500000000000002,1,123,1000,2,"bernoulli","linesearch",0.000800000000000004,10,"10*eta0",0.00800000000000004,8.00000000000004,"linesearch | 10*eta0"
346,-337269.381591831,0.0214640257666469,1,4,0.000500000000000002,1,123,1000,2,"bernoulli","linesearch",0.000800000000000004,10,"10*eta0",0.00800000000000004,8.00000000000004,"linesearch | 10*eta0"
347,-337269.381583421,0.0210962132794225,1,4,0.000500000000000002,1,123,1000,2,"bernoulli","linesearch",0.000800000000000004,10,"10*eta0",0.00800000000000004,8.00000000000004,"linesearch | 10*eta0"
348,-337269.381575267,0.020734771943992,1,4,0.000500000000000002,1,123,1000,2,"bernoulli","linesearch",0.000800000000000004,10,"10*eta0",0.00800000000000004,8.00000000000004,"linesearch | 10*eta0"
349,-337269.381567423,0.0203795898958393,1,4,0.000500000000000002,1,123,1000,2,"bernoulli","linesearch",0.000800000000000004,10,"10*eta0",0.00800000000000004,8.00000000000004,"linesearch | 10*eta0"
350,-337269.381559815,0.0200305572690741,1,4,0.000500000000000002,1,123,1000,2,"bernoulli","linesearch",0.000800000000000004,10,"10*eta0",0.00800000000000004,8.00000000000004,"linesearch | 10*eta0"
351,-337269.381552467,0.0196875661598897,1,4,0.000500000000000002,1,123,1000,2,"bernoulli","linesearch",0.000800000000000004,10,"10*eta0",0.00800000000000004,8.00000000000004,"linesearch | 10*eta0"
352,-337269.381545363,0.0193505105906868,1,4,0.000500000000000002,1,123,1000,2,"bernoulli","linesearch",0.000800000000000004,10,"10*eta0",0.00800000000000004,8.00000000000004,"linesearch | 10*eta0"
353,-337269.381538497,0.0190192864749371,1,4,0.000500000000000002,1,123,1000,2,"bernoulli","linesearch",0.000800000000000004,10,"10*eta0",0.00800000000000004,8.00000000000004,"linesearch | 10*eta0"
354,-337269.381531871,0.0186937915826866,1,4,0.000500000000000002,1,123,1000,2,"bernoulli","linesearch",0.000800000000000004,10,"10*eta0",0.00800000000000004,8.00000000000004,"linesearch | 10*eta0"
355,-337269.381525477,0.0183739255066357,1,4,0.000500000000000002,1,123,1000,2,"bernoulli","linesearch",0.000800000000000004,10,"10*eta0",0.00800000000000004,8.00000000000004,"linesearch | 10*eta0"
356,-337269.381519272,0.0180595896289566,1,4,0.000500000000000002,1,123,1000,2,"bernoulli","linesearch",0.000800000000000004,10,"10*eta0",0.00800000000000004,8.00000000000004,"linesearch | 10*eta0"
357,-337269.381513282,0.0177506870887173,1,4,0.000500000000000002,1,123,1000,2,"bernoulli","linesearch",0.000800000000000004,10,"10*eta0",0.00800000000000004,8.00000000000004,"linesearch | 10*eta0"
358,-337269.381507482,0.0174471227498145,1,4,0.000500000000000002,1,123,1000,2,"bernoulli","linesearch",0.000800000000000004,10,"10*eta0",0.00800000000000004,8.00000000000004,"linesearch | 10*eta0"
359,-337269.381501912,0.0171488031696305,1,4,0.000500000000000002,1,123,1000,2,"bernoulli","linesearch",0.000800000000000004,10,"10*eta0",0.00800000000000004,8.00000000000004,"linesearch | 10*eta0"
360,-337269.381496504,0.0168556365682816,1,4,0.000500000000000002,1,123,1000,2,"bernoulli","linesearch",0.000800000000000004,10,"10*eta0",0.00800000000000004,8.00000000000004,"linesearch | 10*eta0"
361,-337269.381491286,0.0165675327983026,1,4,0.000500000000000002,1,123,1000,2,"bernoulli","linesearch",0.000800000000000004,10,"10*eta0",0.00800000000000004,8.00000000000004,"linesearch | 10*eta0"
362,-337269.381486237,0.0162844033150079,1,4,0.000500000000000002,1,123,1000,2,"bernoulli","linesearch",0.000800000000000004,10,"10*eta0",0.00800000000000004,8.00000000000004,"linesearch | 10*eta0"
363,-337269.38148135,0.0160061611474319,1,4,0.000500000000000002,1,123,1000,2,"bernoulli","linesearch",0.000800000000000004,10,"10*eta0",0.00800000000000004,8.00000000000004,"linesearch | 10*eta0"
364,-337269.381476636,0.0157327208697955,1,4,0.000500000000000002,1,123,1000,2,"bernoulli","linesearch",0.000800000000000004,10,"10*eta0",0.00800000000000004,8.00000000000004,"linesearch | 10*eta0"
365,-337269.381472083,0.0154639985733109,1,4,0.000500000000000002,1,123,1000,2,"bernoulli","linesearch",0.000800000000000004,10,"10*eta0",0.00800000000000004,8.00000000000004,"linesearch | 10*eta0"
366,-337269.381467675,0.0151999118388573,1,4,0.000500000000000002,1,123,1000,2,"bernoulli","linesearch",0.000800000000000004,10,"10*eta0",0.00800000000000004,8.00000000000004,"linesearch | 10*eta0"
367,-337269.381463412,0.0149403797099356,1,4,0.000500000000000002,1,123,1000,2,"bernoulli","linesearch",0.000800000000000004,10,"10*eta0",0.00800000000000004,8.00000000000004,"linesearch | 10*eta0"
368,-337269.381459322,0.0146853226661014,1,4,0.000500000000000002,1,123,1000,2,"bernoulli","linesearch",0.000800000000000004,10,"10*eta0",0.00800000000000004,8.00000000000004,"linesearch | 10*eta0"
369,-337269.381455331,0.0144346625970641,1,4,0.000500000000000002,1,123,1000,2,"bernoulli","linesearch",0.000800000000000004,10,"10*eta0",0.00800000000000004,8.00000000000004,"linesearch | 10*eta0"
370,-337269.381451479,0.0141883227771548,1,4,0.000500000000000002,1,123,1000,2,"bernoulli","linesearch",0.000800000000000004,10,"10*eta0",0.00800000000000004,8.00000000000004,"linesearch | 10*eta0"
371,-337269.381447754,0.0139462278402371,1,4,0.000500000000000002,1,123,1000,2,"bernoulli","linesearch",0.000800000000000004,10,"10*eta0",0.00800000000000004,8.00000000000004,"linesearch | 10*eta0"
372,-337269.381444169,0.0137083037551631,1,4,0.000500000000000002,1,123,1000,2,"bernoulli","linesearch",0.000800000000000004,10,"10*eta0",0.00800000000000004,8.00000000000004,"linesearch | 10*eta0"
373,-337269.381440693,0.0134744778016803,1,4,0.000500000000000002,1,123,1000,2,"bernoulli","linesearch",0.000800000000000004,10,"10*eta0",0.00800000000000004,8.00000000000004,"linesearch | 10*eta0"
374,-337269.381437354,0.0132446785467096,1,4,0.000500000000000002,1,123,1000,2,"bernoulli","linesearch",0.000800000000000004,10,"10*eta0",0.00800000000000004,8.00000000000004,"linesearch | 10*eta0"
375,-337269.381434106,0.0130188358211637,1,4,0.000500000000000002,1,123,1000,2,"bernoulli","linesearch",0.000800000000000004,10,"10*eta0",0.00800000000000004,8.00000000000004,"linesearch | 10*eta0"
376,-337269.381430971,0.0127968806970927,1,4,0.000500000000000002,1,123,1000,2,"bernoulli","linesearch",0.000800000000000004,10,"10*eta0",0.00800000000000004,8.00000000000004,"linesearch | 10*eta0"
377,-337269.381427939,0.0125787454653601,1,4,0.000500000000000002,1,123,1000,2,"bernoulli","linesearch",0.000800000000000004,10,"10*eta0",0.00800000000000004,8.00000000000004,"linesearch | 10*eta0"
378,-337269.381425008,0.0123643636136077,1,4,0.000500000000000002,1,123,1000,2,"bernoulli","linesearch",0.000800000000000004,10,"10*eta0",0.00800000000000004,8.00000000000004,"linesearch | 10*eta0"
379,-337269.381422191,0.0121536698047579,1,4,0.000500000000000002,1,123,1000,2,"bernoulli","linesearch",0.000800000000000004,10,"10*eta0",0.00800000000000004,8.00000000000004,"linesearch | 10*eta0"
380,-337269.381419452,0.0119465998558429,1,4,0.000500000000000002,1,123,1000,2,"bernoulli","linesearch",0.000800000000000004,10,"10*eta0",0.00800000000000004,8.00000000000004,"linesearch | 10*eta0"
381,-337269.38141679,0.0117430907171729,1,4,0.000500000000000002,1,123,1000,2,"bernoulli","linesearch",0.000800000000000004,10,"10*eta0",0.00800000000000004,8.00000000000004,"linesearch | 10*eta0"
382,-337269.381414242,0.0115430804520316,1,4,0.000500000000000002,1,123,1000,2,"bernoulli","linesearch",0.000800000000000004,10,"10*eta0",0.00800000000000004,8.00000000000004,"linesearch | 10*eta0"
383,-337269.381411782,0.0113465082165925,1,4,0.000500000000000002,1,123,1000,2,"bernoulli","linesearch",0.000800000000000004,10,"10*eta0",0.00800000000000004,8.00000000000004,"linesearch | 10*eta0"
384,-337269.381409399,0.0111533142403196,1,4,0.000500000000000002,1,123,1000,2,"bernoulli","linesearch",0.000800000000000004,10,"10*eta0",0.00800000000000004,8.00000000000004,"linesearch | 10*eta0"
385,-337269.381407067,0.0109634398067112,1,4,0.000500000000000002,1,123,1000,2,"bernoulli","linesearch",0.000800000000000004,10,"10*eta0",0.00800000000000004,8.00000000000004,"linesearch | 10*eta0"
386,-337269.381404847,0.0107768272342606,1,4,0.000500000000000002,1,123,1000,2,"bernoulli","linesearch",0.000800000000000004,10,"10*eta0",0.00800000000000004,8.00000000000004,"linesearch | 10*eta0"
387,-337269.381402673,0.0105934198579938,1,4,0.000500000000000002,1,123,1000,2,"bernoulli","linesearch",0.000800000000000004,10,"10*eta0",0.00800000000000004,8.00000000000004,"linesearch | 10*eta0"
388,-337269.38140059,0.0104131620111723,1,4,0.000500000000000002,1,123,1000,2,"bernoulli","linesearch",0.000800000000000004,10,"10*eta0",0.00800000000000004,8.00000000000004,"linesearch | 10*eta0"
389,-337269.381398577,0.0102359990074234,1,4,0.000500000000000002,1,123,1000,2,"bernoulli","linesearch",0.000800000000000004,10,"10*eta0",0.00800000000000004,8.00000000000004,"linesearch | 10*eta0"
390,-337269.381396619,0.0100618771231165,1,4,0.000500000000000002,1,123,1000,2,"bernoulli","linesearch",0.000800000000000004,10,"10*eta0",0.00800000000000004,8.00000000000004,"linesearch | 10*eta0"
391,-337269.381394753,0.00989074358018299,1,4,0.000500000000000002,1,123,1000,2,"bernoulli","linesearch",0.000800000000000004,10,"10*eta0",0.00800000000000004,8.00000000000004,"linesearch | 10*eta0"
1,-337517.190512481,22.6305657430881,1,NA,NA,NA,123,1000,2,"bernoulli","fixed",0.000800000000000004,5,"5*eta0",0.00400000000000002,4.00000000000002,"fixed | 5*eta0"
2,-337398.023130617,17.1641756066458,1,0,0.00400000000000002,1,123,1000,2,"bernoulli","fixed",0.000800000000000004,5,"5*eta0",0.00400000000000002,4.00000000000002,"fixed | 5*eta0"
3,-337342.324585262,13.0387646541018,1,0,0.00400000000000002,1,123,1000,2,"bernoulli","fixed",0.000800000000000004,5,"5*eta0",0.00400000000000002,4.00000000000002,"fixed | 5*eta0"
4,-337313.289679563,10.030418974248,1,0,0.00400000000000002,1,123,1000,2,"bernoulli","fixed",0.000800000000000004,5,"5*eta0",0.00400000000000002,4.00000000000002,"fixed | 5*eta0"
5,-337297.084239871,7.87088288979254,1,0,0.00400000000000002,1,123,1000,2,"bernoulli","fixed",0.000800000000000004,5,"5*eta0",0.00400000000000002,4.00000000000002,"fixed | 5*eta0"
6,-337287.468061141,6.27368342322442,1,0,0.00400000000000002,1,123,1000,2,"bernoulli","fixed",0.000800000000000004,5,"5*eta0",0.00400000000000002,4.00000000000002,"fixed | 5*eta0"
7,-337281.485801048,5.07967874592436,1,0,0.00400000000000002,1,123,1000,2,"bernoulli","fixed",0.000800000000000004,5,"5*eta0",0.00400000000000002,4.00000000000002,"fixed | 5*eta0"
8,-337277.633255533,4.14374019751446,1,0,0.00400000000000002,1,123,1000,2,"bernoulli","fixed",0.000800000000000004,5,"5*eta0",0.00400000000000002,4.00000000000002,"fixed | 5*eta0"
9,-337275.088237985,3.42212248146986,1,0,0.00400000000000002,1,123,1000,2,"bernoulli","fixed",0.000800000000000004,5,"5*eta0",0.00400000000000002,4.00000000000002,"fixed | 5*eta0"
10,-337273.374149607,2.83428703334164,1,0,0.00400000000000002,1,123,1000,2,"bernoulli","fixed",0.000800000000000004,5,"5*eta0",0.00400000000000002,4.00000000000002,"fixed | 5*eta0"
11,-337272.201986433,2.37159070715143,1,0,0.00400000000000002,1,123,1000,2,"bernoulli","fixed",0.000800000000000004,5,"5*eta0",0.00400000000000002,4.00000000000002,"fixed | 5*eta0"
12,-337271.390437428,1.98339705250193,1,0,0.00400000000000002,1,123,1000,2,"bernoulli","fixed",0.000800000000000004,5,"5*eta0",0.00400000000000002,4.00000000000002,"fixed | 5*eta0"
13,-337270.822740064,1.67447418993369,1,0,0.00400000000000002,1,123,1000,2,"bernoulli","fixed",0.000800000000000004,5,"5*eta0",0.00400000000000002,4.00000000000002,"fixed | 5*eta0"
14,-337270.422126024,1.4092801432415,1,0,0.00400000000000002,1,123,1000,2,"bernoulli","fixed",0.000800000000000004,5,"5*eta0",0.00400000000000002,4.00000000000002,"fixed | 5*eta0"
15,-337270.137266642,1.19741502808198,1,0,0.00400000000000002,1,123,1000,2,"bernoulli","fixed",0.000800000000000004,5,"5*eta0",0.00400000000000002,4.00000000000002,"fixed | 5*eta0"
16,-337269.933358458,1.01201773023244,1,0,0.00400000000000002,1,123,1000,2,"bernoulli","fixed",0.000800000000000004,5,"5*eta0",0.00400000000000002,4.00000000000002,"fixed | 5*eta0"
17,-337269.786523566,0.864073504288849,1,0,0.00400000000000002,1,123,1000,2,"bernoulli","fixed",0.000800000000000004,5,"5*eta0",0.00400000000000002,4.00000000000002,"fixed | 5*eta0"
18,-337269.680213113,0.73233549863885,1,0,0.00400000000000002,1,123,1000,2,"bernoulli","fixed",0.000800000000000004,5,"5*eta0",0.00400000000000002,4.00000000000002,"fixed | 5*eta0"
19,-337269.602857664,0.627739450703785,1,0,0.00400000000000002,1,123,1000,2,"bernoulli","fixed",0.000800000000000004,5,"5*eta0",0.00400000000000002,4.00000000000002,"fixed | 5*eta0"
20,-337269.546307048,0.534252525317598,1,0,0.00400000000000002,1,123,1000,2,"bernoulli","fixed",0.000800000000000004,5,"5*eta0",0.00400000000000002,4.00000000000002,"fixed | 5*eta0"
21,-337269.504781341,0.458409879048809,1,0,0.00400000000000002,1,123,1000,2,"bernoulli","fixed",0.000800000000000004,5,"5*eta0",0.00400000000000002,4.00000000000002,"fixed | 5*eta0"
22,-337269.474157087,0.391631226163764,1,0,0.00400000000000002,1,123,1000,2,"bernoulli","fixed",0.000800000000000004,5,"5*eta0",0.00400000000000002,4.00000000000002,"fixed | 5*eta0"
23,-337269.451476857,0.336336989934087,1,0,0.00400000000000002,1,123,1000,2,"bernoulli","fixed",0.000800000000000004,5,"5*eta0",0.00400000000000002,4.00000000000002,"fixed | 5*eta0"
24,-337269.434609259,0.287934183432992,1,0,0.00400000000000002,1,123,1000,2,"bernoulli","fixed",0.000800000000000004,5,"5*eta0",0.00400000000000002,4.00000000000002,"fixed | 5*eta0"
25,-337269.422011466,0.24765848096231,1,0,0.00400000000000002,1,123,1000,2,"bernoulli","fixed",0.000800000000000004,5,"5*eta0",0.00400000000000002,4.00000000000002,"fixed | 5*eta0"
26,-337269.412562082,0.212169626235209,1,0,0.00400000000000002,1,123,1000,2,"bernoulli","fixed",0.000800000000000004,5,"5*eta0",0.00400000000000002,4.00000000000002,"fixed | 5*eta0"
27,-337269.405442868,0.182730266364232,1,0,0.00400000000000002,1,123,1000,2,"bernoulli","fixed",0.000800000000000004,5,"5*eta0",0.00400000000000002,4.00000000000002,"fixed | 5*eta0"
28,-337269.400054722,0.156613097118216,1,0,0.00400000000000002,1,123,1000,2,"bernoulli","fixed",0.000800000000000004,5,"5*eta0",0.00400000000000002,4.00000000000002,"fixed | 5*eta0"
29,-337269.395957361,0.135040939318025,1,0,0.00400000000000002,1,123,1000,2,"bernoulli","fixed",0.000800000000000004,5,"5*eta0",0.00400000000000002,4.00000000000002,"fixed | 5*eta0"
30,-337269.392826227,0.115763392909001,1,0,0.00400000000000002,1,123,1000,2,"bernoulli","fixed",0.000800000000000004,5,"5*eta0",0.00400000000000002,4.00000000000002,"fixed | 5*eta0"
31,-337269.390421159,0.099980396572722,1,0,0.00400000000000002,1,123,1000,2,"bernoulli","fixed",0.000800000000000004,5,"5*eta0",0.00400000000000002,4.00000000000002,"fixed | 5*eta0"
32,-337269.388563958,0.0856641699003557,1,0,0.00400000000000002,1,123,1000,2,"bernoulli","fixed",0.000800000000000004,5,"5*eta0",0.00400000000000002,4.00000000000002,"fixed | 5*eta0"
33,-337269.387121897,0.0742265313517092,1,0,0.00400000000000002,1,123,1000,2,"bernoulli","fixed",0.000800000000000004,5,"5*eta0",0.00400000000000002,4.00000000000002,"fixed | 5*eta0"
34,-337269.385995823,0.0634495165414885,1,0,0.00400000000000002,1,123,1000,2,"bernoulli","fixed",0.000800000000000004,5,"5*eta0",0.00400000000000002,4.00000000000002,"fixed | 5*eta0"
35,-337269.385111351,0.0551982847421472,1,0,0.00400000000000002,1,123,1000,2,"bernoulli","fixed",0.000800000000000004,5,"5*eta0",0.00400000000000002,4.00000000000002,"fixed | 5*eta0"
36,-337269.384412507,0.0470322453457486,1,0,0.00400000000000002,1,123,1000,2,"bernoulli","fixed",0.000800000000000004,5,"5*eta0",0.00400000000000002,4.00000000000002,"fixed | 5*eta0"
37,-337269.383857067,0.0419938187519101,1,0,0.00400000000000002,1,123,1000,2,"bernoulli","fixed",0.000800000000000004,5,"5*eta0",0.00400000000000002,4.00000000000002,"fixed | 5*eta0"
38,-337269.383412892,0.039085176704066,1,0,0.00400000000000002,1,123,1000,2,"bernoulli","fixed",0.000800000000000004,5,"5*eta0",0.00400000000000002,4.00000000000002,"fixed | 5*eta0"
39,-337269.38305562,0.0363957340221743,1,0,0.00400000000000002,1,123,1000,2,"bernoulli","fixed",0.000800000000000004,5,"5*eta0",0.00400000000000002,4.00000000000002,"fixed | 5*eta0"
40,-337269.382766538,0.0338760453168641,1,0,0.00400000000000002,1,123,1000,2,"bernoulli","fixed",0.000800000000000004,5,"5*eta0",0.00400000000000002,4.00000000000002,"fixed | 5*eta0"
41,-337269.38253132,0.0315440202767254,1,0,0.00400000000000002,1,123,1000,2,"bernoulli","fixed",0.000800000000000004,5,"5*eta0",0.00400000000000002,4.00000000000002,"fixed | 5*eta0"
42,-337269.382338852,0.0293611120518321,1,0,0.00400000000000002,1,123,1000,2,"bernoulli","fixed",0.000800000000000004,5,"5*eta0",0.00400000000000002,4.00000000000002,"fixed | 5*eta0"
43,-337269.382180545,0.0273391368712715,1,0,0.00400000000000002,1,123,1000,2,"bernoulli","fixed",0.000800000000000004,5,"5*eta0",0.00400000000000002,4.00000000000002,"fixed | 5*eta0"
44,-337269.382049664,0.0254478777122996,1,0,0.00400000000000002,1,123,1000,2,"bernoulli","fixed",0.000800000000000004,5,"5*eta0",0.00400000000000002,4.00000000000002,"fixed | 5*eta0"
45,-337269.381940984,0.0236948272595967,1,0,0.00400000000000002,1,123,1000,2,"bernoulli","fixed",0.000800000000000004,5,"5*eta0",0.00400000000000002,4.00000000000002,"fixed | 5*eta0"
46,-337269.381850317,0.0220561650441089,1,0,0.00400000000000002,1,123,1000,2,"bernoulli","fixed",0.000800000000000004,5,"5*eta0",0.00400000000000002,4.00000000000002,"fixed | 5*eta0"
47,-337269.3817744,0.0205363435436368,1,0,0.00400000000000002,1,123,1000,2,"bernoulli","fixed",0.000800000000000004,5,"5*eta0",0.00400000000000002,4.00000000000002,"fixed | 5*eta0"
48,-337269.381710542,0.0191164780584461,1,0,0.00400000000000002,1,123,1000,2,"bernoulli","fixed",0.000800000000000004,5,"5*eta0",0.00400000000000002,4.00000000000002,"fixed | 5*eta0"
49,-337269.381656684,0.0177989091325134,1,0,0.00400000000000002,1,123,1000,2,"bernoulli","fixed",0.000800000000000004,5,"5*eta0",0.00400000000000002,4.00000000000002,"fixed | 5*eta0"
50,-337269.381611127,0.0165685796441875,1,0,0.00400000000000002,1,123,1000,2,"bernoulli","fixed",0.000800000000000004,5,"5*eta0",0.00400000000000002,4.00000000000002,"fixed | 5*eta0"
51,-337269.381572473,0.0154263873183444,1,0,0.00400000000000002,1,123,1000,2,"bernoulli","fixed",0.000800000000000004,5,"5*eta0",0.00400000000000002,4.00000000000002,"fixed | 5*eta0"
52,-337269.38153959,0.0143602584642494,1,0,0.00400000000000002,1,123,1000,2,"bernoulli","fixed",0.000800000000000004,5,"5*eta0",0.00400000000000002,4.00000000000002,"fixed | 5*eta0"
53,-337269.381511549,0.0133701280121968,1,0,0.00400000000000002,1,123,1000,2,"bernoulli","fixed",0.000800000000000004,5,"5*eta0",0.00400000000000002,4.00000000000002,"fixed | 5*eta0"
54,-337269.381487607,0.0124462599749677,1,0,0.00400000000000002,1,123,1000,2,"bernoulli","fixed",0.000800000000000004,5,"5*eta0",0.00400000000000002,4.00000000000002,"fixed | 5*eta0"
55,-337269.381467117,0.0115879686819902,1,0,0.00400000000000002,1,123,1000,2,"bernoulli","fixed",0.000800000000000004,5,"5*eta0",0.00400000000000002,4.00000000000002,"fixed | 5*eta0"
56,-337269.381449538,0.0107873597467936,1,0,0.00400000000000002,1,123,1000,2,"bernoulli","fixed",0.000800000000000004,5,"5*eta0",0.00400000000000002,4.00000000000002,"fixed | 5*eta0"
57,-337269.38143447,0.0100433687931769,1,0,0.00400000000000002,1,123,1000,2,"bernoulli","fixed",0.000800000000000004,5,"5*eta0",0.00400000000000002,4.00000000000002,"fixed | 5*eta0"
58,-337269.381421524,0.00934956016131172,1,0,0.00400000000000002,1,123,1000,2,"bernoulli","fixed",0.000800000000000004,5,"5*eta0",0.00400000000000002,4.00000000000002,"fixed | 5*eta0"
1,-337517.190512481,22.6305657430881,1,NA,NA,NA,123,1000,2,"bernoulli","linesearch",0.000800000000000004,5,"5*eta0",0.00400000000000002,4.00000000000002,"linesearch | 5*eta0"
2,-337499.324280321,21.9644770675569,1,3,0.000500000000000002,1,123,1000,2,"bernoulli","linesearch",0.000800000000000004,5,"5*eta0",0.00400000000000002,4.00000000000002,"linesearch | 5*eta0"
3,-337483.025364843,21.3154161724895,1,3,0.000500000000000002,1,123,1000,2,"bernoulli","linesearch",0.000800000000000004,5,"5*eta0",0.00400000000000002,4.00000000000002,"linesearch | 5*eta0"
4,-337468.111660716,20.6834849199298,1,3,0.000500000000000002,1,123,1000,2,"bernoulli","linesearch",0.000800000000000004,5,"5*eta0",0.00400000000000002,4.00000000000002,"linesearch | 5*eta0"
5,-337454.432429702,20.068714643221,1,3,0.000500000000000002,1,123,1000,2,"bernoulli","linesearch",0.000800000000000004,5,"5*eta0",0.00400000000000002,4.00000000000002,"linesearch | 5*eta0"
6,-337441.860465203,19.4710730629833,1,3,0.000500000000000002,1,123,1000,2,"bernoulli","linesearch",0.000800000000000004,5,"5*eta0",0.00400000000000002,4.00000000000002,"linesearch | 5*eta0"
7,-337430.286725345,18.8904708720351,1,3,0.000500000000000002,1,123,1000,2,"bernoulli","linesearch",0.000800000000000004,5,"5*eta0",0.00400000000000002,4.00000000000002,"linesearch | 5*eta0"
8,-337419.616553184,18.3267679873645,1,3,0.000500000000000002,1,123,1000,2,"bernoulli","linesearch",0.000800000000000004,5,"5*eta0",0.00400000000000002,4.00000000000002,"linesearch | 5*eta0"
9,-337409.766940738,17.7797794639295,1,3,0.000500000000000002,1,123,1000,2,"bernoulli","linesearch",0.000800000000000004,5,"5*eta0",0.00400000000000002,4.00000000000002,"linesearch | 5*eta0"
10,-337400.664496896,17.2492810634203,1,3,0.000500000000000002,1,123,1000,2,"bernoulli","linesearch",0.000800000000000004,5,"5*eta0",0.00400000000000002,4.00000000000002,"linesearch | 5*eta0"
11,-337392.243900785,16.7350144715241,1,3,0.000500000000000002,1,123,1000,2,"bernoulli","linesearch",0.000800000000000004,5,"5*eta0",0.00400000000000002,4.00000000000002,"linesearch | 5*eta0"
12,-337384.446698813,16.236692159297,1,3,0.000500000000000002,1,123,1000,2,"bernoulli","linesearch",0.000800000000000004,5,"5*eta0",0.00400000000000002,4.00000000000002,"linesearch | 5*eta0"
13,-337377.220350087,15.7540018873633,1,3,0.000500000000000002,1,123,1000,2,"bernoulli","linesearch",0.000800000000000004,5,"5*eta0",0.00400000000000002,4.00000000000002,"linesearch | 5*eta0"
14,-337370.517455574,15.28661085525,1,3,0.000500000000000002,1,123,1000,2,"bernoulli","linesearch",0.000800000000000004,5,"5*eta0",0.00400000000000002,4.00000000000002,"linesearch | 5*eta0"
15,-337364.29512509,14.8341695017894,1,3,0.000500000000000002,1,123,1000,2,"bernoulli","linesearch",0.000800000000000004,5,"5*eta0",0.00400000000000002,4.00000000000002,"linesearch | 5*eta0"
16,-337358.514450803,14.3963149658744,1,3,0.000500000000000002,1,123,1000,2,"bernoulli","linesearch",0.000800000000000004,5,"5*eta0",0.00400000000000002,4.00000000000002,"linesearch | 5*eta0"
17,-337353.140063051,13.9726742197503,1,3,0.000500000000000002,1,123,1000,2,"bernoulli","linesearch",0.000800000000000004,5,"5*eta0",0.00400000000000002,4.00000000000002,"linesearch | 5*eta0"
18,-337348.139751547,13.5628668893815,1,3,0.000500000000000002,1,123,1000,2,"bernoulli","linesearch",0.000800000000000004,5,"5*eta0",0.00400000000000002,4.00000000000002,"linesearch | 5*eta0"
19,-337343.484139281,13.1665077782281,1,3,0.000500000000000002,1,123,1000,2,"bernoulli","linesearch",0.000800000000000004,5,"5*eta0",0.00400000000000002,4.00000000000002,"linesearch | 5*eta0"
20,-337339.146398948,12.78320911202,1,3,0.000500000000000002,1,123,1000,2,"bernoulli","linesearch",0.000800000000000004,5,"5*eta0",0.00400000000000002,4.00000000000002,"linesearch | 5*eta0"
21,-337335.102004553,12.412582522882,1,3,0.000500000000000002,1,123,1000,2,"bernoulli","linesearch",0.000800000000000004,5,"5*eta0",0.00400000000000002,4.00000000000002,"linesearch | 5*eta0"
22,-337331.328512502,12.0542407915003,1,3,0.000500000000000002,1,123,1000,2,"bernoulli","linesearch",0.000800000000000004,5,"5*eta0",0.00400000000000002,4.00000000000002,"linesearch | 5*eta0"
23,-337327.805367154,11.7077993660014,1,3,0.000500000000000002,1,123,1000,2,"bernoulli","linesearch",0.000800000000000004,5,"5*eta0",0.00400000000000002,4.00000000000002,"linesearch | 5*eta0"
24,-337324.513727729,11.3728776759001,1,3,0.000500000000000002,1,123,1000,2,"bernoulli","linesearch",0.000800000000000004,5,"5*eta0",0.00400000000000002,4.00000000000002,"linesearch | 5*eta0"
25,-337321.436313121,11.0491002589313,1,3,0.000500000000000002,1,123,1000,2,"bernoulli","linesearch",0.000800000000000004,5,"5*eta0",0.00400000000000002,4.00000000000002,"linesearch | 5*eta0"
26,-337318.557262502,10.7360977178627,1,3,0.000500000000000002,1,123,1000,2,"bernoulli","linesearch",0.000800000000000004,5,"5*eta0",0.00400000000000002,4.00000000000002,"linesearch | 5*eta0"
27,-337315.862009779,10.4335075235428,1,3,0.000500000000000002,1,123,1000,2,"bernoulli","linesearch",0.000800000000000004,5,"5*eta0",0.00400000000000002,4.00000000000002,"linesearch | 5*eta0"
28,-337313.33717005,10.1409746795111,1,3,0.000500000000000002,1,123,1000,2,"bernoulli","linesearch",0.000800000000000004,5,"5*eta0",0.00400000000000002,4.00000000000002,"linesearch | 5*eta0"
29,-337310.970436778,9.8581522625184,1,3,0.000500000000000002,1,123,1000,2,"bernoulli","linesearch",0.000800000000000004,5,"5*eta0",0.00400000000000002,4.00000000000002,"linesearch | 5*eta0"
30,-337308.750488709,9.58470185230688,1,3,0.000500000000000002,1,123,1000,2,"bernoulli","linesearch",0.000800000000000004,5,"5*eta0",0.00400000000000002,4.00000000000002,"linesearch | 5*eta0"
31,-337306.666905148,9.32029386299475,1,3,0.000500000000000002,1,123,1000,2,"bernoulli","linesearch",0.000800000000000004,5,"5*eta0",0.00400000000000002,4.00000000000002,"linesearch | 5*eta0"
32,-337304.71008904,9.06460778742974,1,3,0.000500000000000002,1,123,1000,2,"bernoulli","linesearch",0.000800000000000004,5,"5*eta0",0.00400000000000002,4.00000000000002,"linesearch | 5*eta0"
33,-337302.871196982,8.81733236491789,1,3,0.000500000000000002,1,123,1000,2,"bernoulli","linesearch",0.000800000000000004,5,"5*eta0",0.00400000000000002,4.00000000000002,"linesearch | 5*eta0"
34,-337301.142075339,8.57816568182063,1,3,0.000500000000000002,1,123,1000,2,"bernoulli","linesearch",0.000800000000000004,5,"5*eta0",0.00400000000000002,4.00000000000002,"linesearch | 5*eta0"
35,-337299.515202366,8.34681521364322,1,3,0.000500000000000002,1,123,1000,2,"bernoulli","linesearch",0.000800000000000004,5,"5*eta0",0.00400000000000002,4.00000000000002,"linesearch | 5*eta0"
36,-337297.98363498,8.12299781641871,1,3,0.000500000000000002,1,123,1000,2,"bernoulli","linesearch",0.000800000000000004,5,"5*eta0",0.00400000000000002,4.00000000000002,"linesearch | 5*eta0"
37,-337296.540960624,7.9064396744253,1,3,0.000500000000000002,1,123,1000,2,"bernoulli","linesearch",0.000800000000000004,5,"5*eta0",0.00400000000000002,4.00000000000002,"linesearch | 5*eta0"
38,-337295.18125315,7.69687621056219,1,3,0.000500000000000002,1,123,1000,2,"bernoulli","linesearch",0.000800000000000004,5,"5*eta0",0.00400000000000002,4.00000000000002,"linesearch | 5*eta0"
39,-337293.899032591,7.49405196505029,1,3,0.000500000000000002,1,123,1000,2,"bernoulli","linesearch",0.000800000000000004,5,"5*eta0",0.00400000000000002,4.00000000000002,"linesearch | 5*eta0"
40,-337292.689228406,7.29935704721268,1,3,0.000500000000000002,1,123,1000,2,"bernoulli","linesearch",0.000800000000000004,5,"5*eta0",0.00400000000000002,4.00000000000002,"linesearch | 5*eta0"
41,-337291.547146037,7.1125736508508,1,3,0.000500000000000002,1,123,1000,2,"bernoulli","linesearch",0.000800000000000004,5,"5*eta0",0.00400000000000002,4.00000000000002,"linesearch | 5*eta0"
42,-337290.468436183,6.93156587925197,1,3,0.000500000000000002,1,123,1000,2,"bernoulli","linesearch",0.000800000000000004,5,"5*eta0",0.00400000000000002,4.00000000000002,"linesearch | 5*eta0"
43,-337289.449066886,6.75612726439528,1,3,0.000500000000000002,1,123,1000,2,"bernoulli","linesearch",0.000800000000000004,5,"5*eta0",0.00400000000000002,4.00000000000002,"linesearch | 5*eta0"
44,-337288.485297937,6.58605878987061,1,3,0.000500000000000002,1,123,1000,2,"bernoulli","linesearch",0.000800000000000004,5,"5*eta0",0.00400000000000002,4.00000000000002,"linesearch | 5*eta0"
45,-337287.57365753,6.42116870755285,1,3,0.000500000000000002,1,123,1000,2,"bernoulli","linesearch",0.000800000000000004,5,"5*eta0",0.00400000000000002,4.00000000000002,"linesearch | 5*eta0"
46,-337286.71092083,6.26127234559854,1,3,0.000500000000000002,1,123,1000,2,"bernoulli","linesearch",0.000800000000000004,5,"5*eta0",0.00400000000000002,4.00000000000002,"linesearch | 5*eta0"
47,-337285.894090467,6.10619190999683,1,3,0.000500000000000002,1,123,1000,2,"bernoulli","linesearch",0.000800000000000004,5,"5*eta0",0.00400000000000002,4.00000000000002,"linesearch | 5*eta0"
48,-337285.120378673,5.95575628162171,1,3,0.000500000000000002,1,123,1000,2,"bernoulli","linesearch",0.000800000000000004,5,"5*eta0",0.00400000000000002,4.00000000000002,"linesearch | 5*eta0"
49,-337284.387190902,5.80980081047563,1,3,0.000500000000000002,1,123,1000,2,"bernoulli","linesearch",0.000800000000000004,5,"5*eta0",0.00400000000000002,4.00000000000002,"linesearch | 5*eta0"
50,-337283.692110794,5.66816710858785,1,3,0.000500000000000002,1,123,1000,2,"bernoulli","linesearch",0.000800000000000004,5,"5*eta0",0.00400000000000002,4.00000000000002,"linesearch | 5*eta0"
51,-337283.032886495,5.53070284282416,1,3,0.000500000000000002,1,123,1000,2,"bernoulli","linesearch",0.000800000000000004,5,"5*eta0",0.00400000000000002,4.00000000000002,"linesearch | 5*eta0"
52,-337282.407418093,5.39726152868264,1,3,0.000500000000000002,1,123,1000,2,"bernoulli","linesearch",0.000800000000000004,5,"5*eta0",0.00400000000000002,4.00000000000002,"linesearch | 5*eta0"
53,-337281.813746056,5.26770232598838,1,3,0.000500000000000002,1,123,1000,2,"bernoulli","linesearch",0.000800000000000004,5,"5*eta0",0.00400000000000002,4.00000000000002,"linesearch | 5*eta0"
54,-337281.250040676,5.1418898372554,1,3,0.000500000000000002,1,123,1000,2,"bernoulli","linesearch",0.000800000000000004,5,"5*eta0",0.00400000000000002,4.00000000000002,"linesearch | 5*eta0"
55,-337280.714592356,5.01969390935756,1,3,0.000500000000000002,1,123,1000,2,"bernoulli","linesearch",0.000800000000000004,5,"5*eta0",0.00400000000000002,4.00000000000002,"linesearch | 5*eta0"
56,-337280.205802723,4.9009894390373,1,3,0.000500000000000002,1,123,1000,2,"bernoulli","linesearch",0.000800000000000004,5,"5*eta0",0.00400000000000002,4.00000000000002,"linesearch | 5*eta0"
57,-337279.722176454,4.78565618268252,1,3,0.000500000000000002,1,123,1000,2,"bernoulli","linesearch",0.000800000000000004,5,"5*eta0",0.00400000000000002,4.00000000000002,"linesearch | 5*eta0"
58,-337279.262313707,4.67357857071592,1,3,0.000500000000000002,1,123,1000,2,"bernoulli","linesearch",0.000800000000000004,5,"5*eta0",0.00400000000000002,4.00000000000002,"linesearch | 5*eta0"
59,-337278.824903328,4.56464552686438,1,3,0.000500000000000002,1,123,1000,2,"bernoulli","linesearch",0.000800000000000004,5,"5*eta0",0.00400000000000002,4.00000000000002,"linesearch | 5*eta0"
60,-337278.408716328,4.45875029251077,1,3,0.000500000000000002,1,123,1000,2,"bernoulli","linesearch",0.000800000000000004,5,"5*eta0",0.00400000000000002,4.00000000000002,"linesearch | 5*eta0"
61,-337278.012600205,4.35579025627302,1,3,0.000500000000000002,1,123,1000,2,"bernoulli","linesearch",0.000800000000000004,5,"5*eta0",0.00400000000000002,4.00000000000002,"linesearch | 5*eta0"
62,-337277.635473437,4.25566678890551,1,3,0.000500000000000002,1,123,1000,2,"bernoulli","linesearch",0.000800000000000004,5,"5*eta0",0.00400000000000002,4.00000000000002,"linesearch | 5*eta0"
63,-337277.276320585,4.1582850835754,1,3,0.000500000000000002,1,123,1000,2,"bernoulli","linesearch",0.000800000000000004,5,"5*eta0",0.00400000000000002,4.00000000000002,"linesearch | 5*eta0"
64,-337276.934187684,4.06355400152978,1,3,0.000500000000000002,1,123,1000,2,"bernoulli","linesearch",0.000800000000000004,5,"5*eta0",0.00400000000000002,4.00000000000002,"linesearch | 5*eta0"
65,-337276.608178049,3.97138592313844,1,3,0.000500000000000002,1,123,1000,2,"bernoulli","linesearch",0.000800000000000004,5,"5*eta0",0.00400000000000002,4.00000000000002,"linesearch | 5*eta0"
66,-337276.29744828,3.88169660427015,1,3,0.000500000000000002,1,123,1000,2,"bernoulli","linesearch",0.000800000000000004,5,"5*eta0",0.00400000000000002,4.00000000000002,"linesearch | 5*eta0"
67,-337276.001204838,3.79440503793893,1,3,0.000500000000000002,1,123,1000,2,"bernoulli","linesearch",0.000800000000000004,5,"5*eta0",0.00400000000000002,4.00000000000002,"linesearch | 5*eta0"
68,-337275.718700578,3.70943332113726,1,3,0.000500000000000002,1,123,1000,2,"bernoulli","linesearch",0.000800000000000004,5,"5*eta0",0.00400000000000002,4.00000000000002,"linesearch | 5*eta0"
69,-337275.449231695,3.62670652675896,1,3,0.000500000000000002,1,123,1000,2,"bernoulli","linesearch",0.000800000000000004,5,"5*eta0",0.00400000000000002,4.00000000000002,"linesearch | 5*eta0"
70,-337275.192134887,3.54615258050083,1,3,0.000500000000000002,1,123,1000,2,"bernoulli","linesearch",0.000800000000000004,5,"5*eta0",0.00400000000000002,4.00000000000002,"linesearch | 5*eta0"
71,-337274.946784713,3.46770214262348,1,3,0.000500000000000002,1,123,1000,2,"bernoulli","linesearch",0.000800000000000004,5,"5*eta0",0.00400000000000002,4.00000000000002,"linesearch | 5*eta0"
72,-337274.712591195,3.39128849444281,1,3,0.000500000000000002,1,123,1000,2,"bernoulli","linesearch",0.000800000000000004,5,"5*eta0",0.00400000000000002,4.00000000000002,"linesearch | 5*eta0"
73,-337274.488997457,3.31684742941857,1,3,0.000500000000000002,1,123,1000,2,"bernoulli","linesearch",0.000800000000000004,5,"5*eta0",0.00400000000000002,4.00000000000002,"linesearch | 5*eta0"
74,-337274.27547769,3.24431714870169,1,3,0.000500000000000002,1,123,1000,2,"bernoulli","linesearch",0.000800000000000004,5,"5*eta0",0.00400000000000002,4.00000000000002,"linesearch | 5*eta0"
75,-337274.071535198,3.17363816099953,1,3,0.000500000000000002,1,123,1000,2,"bernoulli","linesearch",0.000800000000000004,5,"5*eta0",0.00400000000000002,4.00000000000002,"linesearch | 5*eta0"
76,-337273.876700527,3.10475318661595,1,3,0.000500000000000002,1,123,1000,2,"bernoulli","linesearch",0.000800000000000004,5,"5*eta0",0.00400000000000002,4.00000000000002,"linesearch | 5*eta0"
77,-337273.690529824,3.03760706552362,1,3,0.000500000000000002,1,123,1000,2,"bernoulli","linesearch",0.000800000000000004,5,"5*eta0",0.00400000000000002,4.00000000000002,"linesearch | 5*eta0"
78,-337273.512603302,2.97214666932477,1,3,0.000500000000000002,1,123,1000,2,"bernoulli","linesearch",0.000800000000000004,5,"5*eta0",0.00400000000000002,4.00000000000002,"linesearch | 5*eta0"
79,-337273.342523652,2.90832081695892,1,3,0.000500000000000002,1,123,1000,2,"bernoulli","linesearch",0.000800000000000004,5,"5*eta0",0.00400000000000002,4.00000000000002,"linesearch | 5*eta0"
80,-337273.179914833,2.84608019401723,1,3,0.000500000000000002,1,123,1000,2,"bernoulli","linesearch",0.000800000000000004,5,"5*eta0",0.00400000000000002,4.00000000000002,"linesearch | 5*eta0"
81,-337273.0244207,2.78537727552474,1,3,0.000500000000000002,1,123,1000,2,"bernoulli","linesearch",0.000800000000000004,5,"5*eta0",0.00400000000000002,4.00000000000002,"linesearch | 5*eta0"
82,-337272.875703874,2.72616625205562,1,3,0.000500000000000002,1,123,1000,2,"bernoulli","linesearch",0.000800000000000004,5,"5*eta0",0.00400000000000002,4.00000000000002,"linesearch | 5*eta0"
83,-337272.73344455,2.66840295904812,1,3,0.000500000000000002,1,123,1000,2,"bernoulli","linesearch",0.000800000000000004,5,"5*eta0",0.00400000000000002,4.00000000000002,"linesearch | 5*eta0"
84,-337272.597339644,2.61204480919024,1,3,0.000500000000000002,1,123,1000,2,"bernoulli","linesearch",0.000800000000000004,5,"5*eta0",0.00400000000000002,4.00000000000002,"linesearch | 5*eta0"
85,-337272.467101658,2.55705072774979,1,3,0.000500000000000002,1,123,1000,2,"bernoulli","linesearch",0.000800000000000004,5,"5*eta0",0.00400000000000002,4.00000000000002,"linesearch | 5*eta0"
86,-337272.342457818,2.50338109072661,1,3,0.000500000000000002,1,123,1000,2,"bernoulli","linesearch",0.000800000000000004,5,"5*eta0",0.00400000000000002,4.00000000000002,"linesearch | 5*eta0"
87,-337272.223149277,2.45099766570803,1,3,0.000500000000000002,1,123,1000,2,"bernoulli","linesearch",0.000800000000000004,5,"5*eta0",0.00400000000000002,4.00000000000002,"linesearch | 5*eta0"
88,-337272.108930324,2.3998635553132,1,3,0.000500000000000002,1,123,1000,2,"bernoulli","linesearch",0.000800000000000004,5,"5*eta0",0.00400000000000002,4.00000000000002,"linesearch | 5*eta0"
89,-337271.999567599,2.34994314311441,1,3,0.000500000000000002,1,123,1000,2,"bernoulli","linesearch",0.000800000000000004,5,"5*eta0",0.00400000000000002,4.00000000000002,"linesearch | 5*eta0"
90,-337271.894839435,2.30120204192901,1,3,0.000500000000000002,1,123,1000,2,"bernoulli","linesearch",0.000800000000000004,5,"5*eta0",0.00400000000000002,4.00000000000002,"linesearch | 5*eta0"
91,-337271.794535233,2.25360704437833,1,3,0.000500000000000002,1,123,1000,2,"bernoulli","linesearch",0.000800000000000004,5,"5*eta0",0.00400000000000002,4.00000000000002,"linesearch | 5*eta0"
92,-337271.69845473,2.20712607561384,1,3,0.000500000000000002,1,123,1000,2,"bernoulli","linesearch",0.000800000000000004,5,"5*eta0",0.00400000000000002,4.00000000000002,"linesearch | 5*eta0"
93,-337271.606407633,2.16172814811541,1,3,0.000500000000000002,1,123,1000,2,"bernoulli","linesearch",0.000800000000000004,5,"5*eta0",0.00400000000000002,4.00000000000002,"linesearch | 5*eta0"
94,-337271.518212905,2.11738331846922,1,3,0.000500000000000002,1,123,1000,2,"bernoulli","linesearch",0.000800000000000004,5,"5*eta0",0.00400000000000002,4.00000000000002,"linesearch | 5*eta0"
95,-337271.433698324,2.07406264603731,1,3,0.000500000000000002,1,123,1000,2,"bernoulli","linesearch",0.000800000000000004,5,"5*eta0",0.00400000000000002,4.00000000000002,"linesearch | 5*eta0"
96,-337271.352700085,2.03173815343398,1,3,0.000500000000000002,1,123,1000,2,"bernoulli","linesearch",0.000800000000000004,5,"5*eta0",0.00400000000000002,4.00000000000002,"linesearch | 5*eta0"
97,-337271.275062193,1.99038278872776,1,3,0.000500000000000002,1,123,1000,2,"bernoulli","linesearch",0.000800000000000004,5,"5*eta0",0.00400000000000002,4.00000000000002,"linesearch | 5*eta0"
98,-337271.200636177,1.94997038929115,1,3,0.000500000000000002,1,123,1000,2,"bernoulli","linesearch",0.000800000000000004,5,"5*eta0",0.00400000000000002,4.00000000000002,"linesearch | 5*eta0"
99,-337271.129280656,1.91047564722382,1,3,0.000500000000000002,1,123,1000,2,"bernoulli","linesearch",0.000800000000000004,5,"5*eta0",0.00400000000000002,4.00000000000002,"linesearch | 5*eta0"
100,-337271.060860981,1.8718740762774,1,3,0.000500000000000002,1,123,1000,2,"bernoulli","linesearch",0.000800000000000004,5,"5*eta0",0.00400000000000002,4.00000000000002,"linesearch | 5*eta0"
101,-337270.995248804,1.83414198021434,1,3,0.000500000000000002,1,123,1000,2,"bernoulli","linesearch",0.000800000000000004,5,"5*eta0",0.00400000000000002,4.00000000000002,"linesearch | 5*eta0"
102,-337270.932321919,1.79725642253505,1,3,0.000500000000000002,1,123,1000,2,"bernoulli","linesearch",0.000800000000000004,5,"5*eta0",0.00400000000000002,4.00000000000002,"linesearch | 5*eta0"
103,-337270.871963783,1.76119519751118,1,3,0.000500000000000002,1,123,1000,2,"bernoulli","linesearch",0.000800000000000004,5,"5*eta0",0.00400000000000002,4.00000000000002,"linesearch | 5*eta0"
104,-337270.814063276,1.72593680246553,1,3,0.000500000000000002,1,123,1000,2,"bernoulli","linesearch",0.000800000000000004,5,"5*eta0",0.00400000000000002,4.00000000000002,"linesearch | 5*eta0"
105,-337270.758514455,1.69146041124153,1,3,0.000500000000000002,1,123,1000,2,"bernoulli","linesearch",0.000800000000000004,5,"5*eta0",0.00400000000000002,4.00000000000002,"linesearch | 5*eta0"
106,-337270.705216322,1.65774584880799,1,3,0.000500000000000002,1,123,1000,2,"bernoulli","linesearch",0.000800000000000004,5,"5*eta0",0.00400000000000002,4.00000000000002,"linesearch | 5*eta0"
107,-337270.654072446,1.62477356694748,1,3,0.000500000000000002,1,123,1000,2,"bernoulli","linesearch",0.000800000000000004,5,"5*eta0",0.00400000000000002,4.00000000000002,"linesearch | 5*eta0"
108,-337270.604990899,1.59252462097853,1,3,0.000500000000000002,1,123,1000,2,"bernoulli","linesearch",0.000800000000000004,5,"5*eta0",0.00400000000000002,4.00000000000002,"linesearch | 5*eta0"
109,-337270.55788388,1.56098064746457,1,3,0.000500000000000002,1,123,1000,2,"bernoulli","linesearch",0.000800000000000004,5,"5*eta0",0.00400000000000002,4.00000000000002,"linesearch | 5*eta0"
110,-337270.512667656,1.53012384286475,1,3,0.000500000000000002,1,123,1000,2,"bernoulli","linesearch",0.000800000000000004,5,"5*eta0",0.00400000000000002,4.00000000000002,"linesearch | 5*eta0"
111,-337270.46926218,1.49993694308324,1,3,0.000500000000000002,1,123,1000,2,"bernoulli","linesearch",0.000800000000000004,5,"5*eta0",0.00400000000000002,4.00000000000002,"linesearch | 5*eta0"
112,-337270.42759115,1.47040320387664,1,3,0.000500000000000002,1,123,1000,2,"bernoulli","linesearch",0.000800000000000004,5,"5*eta0",0.00400000000000002,4.00000000000002,"linesearch | 5*eta0"
113,-337270.387581609,1.44150638207986,1,3,0.000500000000000002,1,123,1000,2,"bernoulli","linesearch",0.000800000000000004,5,"5*eta0",0.00400000000000002,4.00000000000002,"linesearch | 5*eta0"
114,-337270.349163854,1.41323071761367,1,3,0.000500000000000002,1,123,1000,2,"bernoulli","linesearch",0.000800000000000004,5,"5*eta0",0.00400000000000002,4.00000000000002,"linesearch | 5*eta0"
115,-337270.312271368,1.38556091623819,1,3,0.000500000000000002,1,123,1000,2,"bernoulli","linesearch",0.000800000000000004,5,"5*eta0",0.00400000000000002,4.00000000000002,"linesearch | 5*eta0"
116,-337270.276840519,1.35848213301862,1,3,0.000500000000000002,1,123,1000,2,"bernoulli","linesearch",0.000800000000000004,5,"5*eta0",0.00400000000000002,4.00000000000002,"linesearch | 5*eta0"
117,-337270.242810541,1.33197995647098,1,3,0.000500000000000002,1,123,1000,2,"bernoulli","linesearch",0.000800000000000004,5,"5*eta0",0.00400000000000002,4.00000000000002,"linesearch | 5*eta0"
118,-337270.210123332,1.30604039335694,1,3,0.000500000000000002,1,123,1000,2,"bernoulli","linesearch",0.000800000000000004,5,"5*eta0",0.00400000000000002,4.00000000000002,"linesearch | 5*eta0"
119,-337270.178723331,1.28064985409883,1,3,0.000500000000000002,1,123,1000,2,"bernoulli","linesearch",0.000800000000000004,5,"5*eta0",0.00400000000000002,4.00000000000002,"linesearch | 5*eta0"
120,-337270.148557442,1.25579513878654,1,3,0.000500000000000002,1,123,1000,2,"bernoulli","linesearch",0.000800000000000004,5,"5*eta0",0.00400000000000002,4.00000000000002,"linesearch | 5*eta0"
121,-337270.119574862,1.23146342375009,1,3,0.000500000000000002,1,123,1000,2,"bernoulli","linesearch",0.000800000000000004,5,"5*eta0",0.00400000000000002,4.00000000000002,"linesearch | 5*eta0"
122,-337270.091727039,1.20764224867224,1,3,0.000500000000000002,1,123,1000,2,"bernoulli","linesearch",0.000800000000000004,5,"5*eta0",0.00400000000000002,4.00000000000002,"linesearch | 5*eta0"
123,-337270.064967495,1.18431950421721,1,3,0.000500000000000002,1,123,1000,2,"bernoulli","linesearch",0.000800000000000004,5,"5*eta0",0.00400000000000002,4.00000000000002,"linesearch | 5*eta0"
124,-337270.03925179,1.16148342015247,1,3,0.000500000000000002,1,123,1000,2,"bernoulli","linesearch",0.000800000000000004,5,"5*eta0",0.00400000000000002,4.00000000000002,"linesearch | 5*eta0"
125,-337270.014537338,1.13912255394163,1,3,0.000500000000000002,1,123,1000,2,"bernoulli","linesearch",0.000800000000000004,5,"5*eta0",0.00400000000000002,4.00000000000002,"linesearch | 5*eta0"
126,-337269.990783488,1.11722577978767,1,3,0.000500000000000002,1,123,1000,2,"bernoulli","linesearch",0.000800000000000004,5,"5*eta0",0.00400000000000002,4.00000000000002,"linesearch | 5*eta0"
127,-337269.967951237,1.09578227810648,1,3,0.000500000000000002,1,123,1000,2,"bernoulli","linesearch",0.000800000000000004,5,"5*eta0",0.00400000000000002,4.00000000000002,"linesearch | 5*eta0"
128,-337269.946003324,1.07478152541188,1,3,0.000500000000000002,1,123,1000,2,"bernoulli","linesearch",0.000800000000000004,5,"5*eta0",0.00400000000000002,4.00000000000002,"linesearch | 5*eta0"
129,-337269.924904015,1.05421328459396,1,3,0.000500000000000002,1,123,1000,2,"bernoulli","linesearch",0.000800000000000004,5,"5*eta0",0.00400000000000002,4.00000000000002,"linesearch | 5*eta0"
130,-337269.904619133,1.03406759557366,1,3,0.000500000000000002,1,123,1000,2,"bernoulli","linesearch",0.000800000000000004,5,"5*eta0",0.00400000000000002,4.00000000000002,"linesearch | 5*eta0"
131,-337269.885115945,1.01433476631696,1,3,0.000500000000000002,1,123,1000,2,"bernoulli","linesearch",0.000800000000000004,5,"5*eta0",0.00400000000000002,4.00000000000002,"linesearch | 5*eta0"
132,-337269.866363088,0.995005364193249,1,3,0.000500000000000002,1,123,1000,2,"bernoulli","linesearch",0.000800000000000004,5,"5*eta0",0.00400000000000002,4.00000000000002,"linesearch | 5*eta0"
133,-337269.848330506,0.976070207662946,1,3,0.000500000000000002,1,123,1000,2,"bernoulli","linesearch",0.000800000000000004,5,"5*eta0",0.00400000000000002,4.00000000000002,"linesearch | 5*eta0"
134,-337269.830989476,0.957520358280039,1,3,0.000500000000000002,1,123,1000,2,"bernoulli","linesearch",0.000800000000000004,5,"5*eta0",0.00400000000000002,4.00000000000002,"linesearch | 5*eta0"
135,-337269.814312387,0.939347112996073,1,3,0.000500000000000002,1,123,1000,2,"bernoulli","linesearch",0.000800000000000004,5,"5*eta0",0.00400000000000002,4.00000000000002,"linesearch | 5*eta0"
136,-337269.798272864,0.921541996752698,1,3,0.000500000000000002,1,123,1000,2,"bernoulli","linesearch",0.000800000000000004,5,"5*eta0",0.00400000000000002,4.00000000000002,"linesearch | 5*eta0"
137,-337269.782845542,0.904096755350449,1,3,0.000500000000000002,1,123,1000,2,"bernoulli","linesearch",0.000800000000000004,5,"5*eta0",0.00400000000000002,4.00000000000002,"linesearch | 5*eta0"
138,-337269.76800622,0.88700334858198,1,3,0.000500000000000002,1,123,1000,2,"bernoulli","linesearch",0.000800000000000004,5,"5*eta0",0.00400000000000002,4.00000000000002,"linesearch | 5*eta0"
139,-337269.753731641,0.870253943618492,1,3,0.000500000000000002,1,123,1000,2,"bernoulli","linesearch",0.000800000000000004,5,"5*eta0",0.00400000000000002,4.00000000000002,"linesearch | 5*eta0"
140,-337269.739999478,0.853840908638979,1,3,0.000500000000000002,1,123,1000,2,"bernoulli","linesearch",0.000800000000000004,5,"5*eta0",0.00400000000000002,4.00000000000002,"linesearch | 5*eta0"
141,-337269.726788376,0.837756806691577,1,3,0.000500000000000002,1,123,1000,2,"bernoulli","linesearch",0.000800000000000004,5,"5*eta0",0.00400000000000002,4.00000000000002,"linesearch | 5*eta0"
142,-337269.714077866,0.821994389777916,1,3,0.000500000000000002,1,123,1000,2,"bernoulli","linesearch",0.000800000000000004,5,"5*eta0",0.00400000000000002,4.00000000000002,"linesearch | 5*eta0"
143,-337269.701848283,0.806546593150555,1,3,0.000500000000000002,1,123,1000,2,"bernoulli","linesearch",0.000800000000000004,5,"5*eta0",0.00400000000000002,4.00000000000002,"linesearch | 5*eta0"
144,-337269.690080779,0.791406529815223,1,3,0.000500000000000002,1,123,1000,2,"bernoulli","linesearch",0.000800000000000004,5,"5*eta0",0.00400000000000002,4.00000000000002,"linesearch | 5*eta0"
145,-337269.678757299,0.776567485229075,1,3,0.000500000000000002,1,123,1000,2,"bernoulli","linesearch",0.000800000000000004,5,"5*eta0",0.00400000000000002,4.00000000000002,"linesearch | 5*eta0"
146,-337269.66786053,0.762022912186972,1,3,0.000500000000000002,1,123,1000,2,"bernoulli","linesearch",0.000800000000000004,5,"5*eta0",0.00400000000000002,4.00000000000002,"linesearch | 5*eta0"
147,-337269.657373787,0.74776642588814,1,3,0.000500000000000002,1,123,1000,2,"bernoulli","linesearch",0.000800000000000004,5,"5*eta0",0.00400000000000002,4.00000000000002,"linesearch | 5*eta0"
148,-337269.64728116,0.73379179917584,1,3,0.000500000000000002,1,123,1000,2,"bernoulli","linesearch",0.000800000000000004,5,"5*eta0",0.00400000000000002,4.00000000000002,"linesearch | 5*eta0"
149,-337269.637567335,0.720092957943006,1,3,0.000500000000000002,1,123,1000,2,"bernoulli","linesearch",0.000800000000000004,5,"5*eta0",0.00400000000000002,4.00000000000002,"linesearch | 5*eta0"
150,-337269.628217601,0.70666397669713,1,3,0.000500000000000002,1,123,1000,2,"bernoulli","linesearch",0.000800000000000004,5,"5*eta0",0.00400000000000002,4.00000000000002,"linesearch | 5*eta0"
151,-337269.619217914,0.693499074278112,1,3,0.000500000000000002,1,123,1000,2,"bernoulli","linesearch",0.000800000000000004,5,"5*eta0",0.00400000000000002,4.00000000000002,"linesearch | 5*eta0"
152,-337269.610554696,0.680592609722807,1,3,0.000500000000000002,1,123,1000,2,"bernoulli","linesearch",0.000800000000000004,5,"5*eta0",0.00400000000000002,4.00000000000002,"linesearch | 5*eta0"
153,-337269.602214976,0.667939078270468,1,3,0.000500000000000002,1,123,1000,2,"bernoulli","linesearch",0.000800000000000004,5,"5*eta0",0.00400000000000002,4.00000000000002,"linesearch | 5*eta0"
154,-337269.59418634,0.655533107503659,1,3,0.000500000000000002,1,123,1000,2,"bernoulli","linesearch",0.000800000000000004,5,"5*eta0",0.00400000000000002,4.00000000000002,"linesearch | 5*eta0"
155,-337269.586456768,0.643369453619005,1,3,0.000500000000000002,1,123,1000,2,"bernoulli","linesearch",0.000800000000000004,5,"5*eta0",0.00400000000000002,4.00000000000002,"linesearch | 5*eta0"
156,-337269.579014791,0.631442997822986,1,3,0.000500000000000002,1,123,1000,2,"bernoulli","linesearch",0.000800000000000004,5,"5*eta0",0.00400000000000002,4.00000000000002,"linesearch | 5*eta0"
157,-337269.571849382,0.619748742847667,1,3,0.000500000000000002,1,123,1000,2,"bernoulli","linesearch",0.000800000000000004,5,"5*eta0",0.00400000000000002,4.00000000000002,"linesearch | 5*eta0"
158,-337269.564949931,0.608281809581815,1,3,0.000500000000000002,1,123,1000,2,"bernoulli","linesearch",0.000800000000000004,5,"5*eta0",0.00400000000000002,4.00000000000002,"linesearch | 5*eta0"
159,-337269.55830634,0.597037433812955,1,3,0.000500000000000002,1,123,1000,2,"bernoulli","linesearch",0.000800000000000004,5,"5*eta0",0.00400000000000002,4.00000000000002,"linesearch | 5*eta0"
160,-337269.551908769,0.586010963075974,1,3,0.000500000000000002,1,123,1000,2,"bernoulli","linesearch",0.000800000000000004,5,"5*eta0",0.00400000000000002,4.00000000000002,"linesearch | 5*eta0"
161,-337269.545747871,0.575197853604443,1,3,0.000500000000000002,1,123,1000,2,"bernoulli","linesearch",0.000800000000000004,5,"5*eta0",0.00400000000000002,4.00000000000002,"linesearch | 5*eta0"
162,-337269.539814629,0.564593667380348,1,3,0.000500000000000002,1,123,1000,2,"bernoulli","linesearch",0.000800000000000004,5,"5*eta0",0.00400000000000002,4.00000000000002,"linesearch | 5*eta0"
163,-337269.534100408,0.554194069279028,1,3,0.000500000000000002,1,123,1000,2,"bernoulli","linesearch",0.000800000000000004,5,"5*eta0",0.00400000000000002,4.00000000000002,"linesearch | 5*eta0"
164,-337269.528596887,0.543994824305144,1,3,0.000500000000000002,1,123,1000,2,"bernoulli","linesearch",0.000800000000000004,5,"5*eta0",0.00400000000000002,4.00000000000002,"linesearch | 5*eta0"
165,-337269.523296067,0.533991794916811,1,3,0.000500000000000002,1,123,1000,2,"bernoulli","linesearch",0.000800000000000004,5,"5*eta0",0.00400000000000002,4.00000000000002,"linesearch | 5*eta0"
166,-337269.518190277,0.524180938434266,1,3,0.000500000000000002,1,123,1000,2,"bernoulli","linesearch",0.000800000000000004,5,"5*eta0",0.00400000000000002,4.00000000000002,"linesearch | 5*eta0"
167,-337269.513272147,0.514558304529987,1,3,0.000500000000000002,1,123,1000,2,"bernoulli","linesearch",0.000800000000000004,5,"5*eta0",0.00400000000000002,4.00000000000002,"linesearch | 5*eta0"
168,-337269.508534613,0.505120032797326,1,3,0.000500000000000002,1,123,1000,2,"bernoulli","linesearch",0.000800000000000004,5,"5*eta0",0.00400000000000002,4.00000000000002,"linesearch | 5*eta0"
169,-337269.503970836,0.49586235039482,1,3,0.000500000000000002,1,123,1000,2,"bernoulli","linesearch",0.000800000000000004,5,"5*eta0",0.00400000000000002,4.00000000000002,"linesearch | 5*eta0"
170,-337269.499574295,0.486781569763241,1,3,0.000500000000000002,1,123,1000,2,"bernoulli","linesearch",0.000800000000000004,5,"5*eta0",0.00400000000000002,4.00000000000002,"linesearch | 5*eta0"
171,-337269.49533869,0.47787408641286,1,3,0.000500000000000002,1,123,1000,2,"bernoulli","linesearch",0.000800000000000004,5,"5*eta0",0.00400000000000002,4.00000000000002,"linesearch | 5*eta0"
172,-337269.491257985,0.469136376778408,1,3,0.000500000000000002,1,123,1000,2,"bernoulli","linesearch",0.000800000000000004,5,"5*eta0",0.00400000000000002,4.00000000000002,"linesearch | 5*eta0"
173,-337269.487326365,0.460564996139318,1,3,0.000500000000000002,1,123,1000,2,"bernoulli","linesearch",0.000800000000000004,5,"5*eta0",0.00400000000000002,4.00000000000002,"linesearch | 5*eta0"
174,-337269.483538238,0.452156576602654,1,3,0.000500000000000002,1,123,1000,2,"bernoulli","linesearch",0.000800000000000004,5,"5*eta0",0.00400000000000002,4.00000000000002,"linesearch | 5*eta0"
175,-337269.479888247,0.443907825146947,1,3,0.000500000000000002,1,123,1000,2,"bernoulli","linesearch",0.000800000000000004,5,"5*eta0",0.00400000000000002,4.00000000000002,"linesearch | 5*eta0"
176,-337269.476371218,0.435815521724349,1,3,0.000500000000000002,1,123,1000,2,"bernoulli","linesearch",0.000800000000000004,5,"5*eta0",0.00400000000000002,4.00000000000002,"linesearch | 5*eta0"
177,-337269.472982196,0.427876517419363,1,3,0.000500000000000002,1,123,1000,2,"bernoulli","linesearch",0.000800000000000004,5,"5*eta0",0.00400000000000002,4.00000000000002,"linesearch | 5*eta0"
178,-337269.469716406,0.420087732661999,1,3,0.000500000000000002,1,123,1000,2,"bernoulli","linesearch",0.000800000000000004,5,"5*eta0",0.00400000000000002,4.00000000000002,"linesearch | 5*eta0"
179,-337269.466569265,0.412446155493491,1,3,0.000500000000000002,1,123,1000,2,"bernoulli","linesearch",0.000800000000000004,5,"5*eta0",0.00400000000000002,4.00000000000002,"linesearch | 5*eta0"
180,-337269.463536343,0.40494883988283,1,3,0.000500000000000002,1,123,1000,2,"bernoulli","linesearch",0.000800000000000004,5,"5*eta0",0.00400000000000002,4.00000000000002,"linesearch | 5*eta0"
181,-337269.460613433,0.397592904092256,1,3,0.000500000000000002,1,123,1000,2,"bernoulli","linesearch",0.000800000000000004,5,"5*eta0",0.00400000000000002,4.00000000000002,"linesearch | 5*eta0"
182,-337269.457796409,0.390375529090111,1,3,0.000500000000000002,1,123,1000,2,"bernoulli","linesearch",0.000800000000000004,5,"5*eta0",0.00400000000000002,4.00000000000002,"linesearch | 5*eta0"
183,-337269.455081344,0.383293957009431,1,3,0.000500000000000002,1,123,1000,2,"bernoulli","linesearch",0.000800000000000004,5,"5*eta0",0.00400000000000002,4.00000000000002,"linesearch | 5*eta0"
184,-337269.452464506,0.376345489650634,1,3,0.000500000000000002,1,123,1000,2,"bernoulli","linesearch",0.000800000000000004,5,"5*eta0",0.00400000000000002,4.00000000000002,"linesearch | 5*eta0"
185,-337269.44994223,0.369527487027014,1,3,0.000500000000000002,1,123,1000,2,"bernoulli","linesearch",0.000800000000000004,5,"5*eta0",0.00400000000000002,4.00000000000002,"linesearch | 5*eta0"
186,-337269.44751102,0.36283736595134,1,3,0.000500000000000002,1,123,1000,2,"bernoulli","linesearch",0.000800000000000004,5,"5*eta0",0.00400000000000002,4.00000000000002,"linesearch | 5*eta0"
187,-337269.445167528,0.356272598662448,1,3,0.000500000000000002,1,123,1000,2,"bernoulli","linesearch",0.000800000000000004,5,"5*eta0",0.00400000000000002,4.00000000000002,"linesearch | 5*eta0"
188,-337269.442908513,0.349830711490396,1,3,0.000500000000000002,1,123,1000,2,"bernoulli","linesearch",0.000800000000000004,5,"5*eta0",0.00400000000000002,4.00000000000002,"linesearch | 5*eta0"
189,-337269.440730863,0.343509283558736,1,3,0.000500000000000002,1,123,1000,2,"bernoulli","linesearch",0.000800000000000004,5,"5*eta0",0.00400000000000002,4.00000000000002,"linesearch | 5*eta0"
190,-337269.438631585,0.337323042289686,1,3,0.000500000000000002,1,123,1000,2,"bernoulli","linesearch",0.000800000000000004,5,"5*eta0",0.00400000000000002,4.00000000000002,"linesearch | 5*eta0"
191,-337269.436607806,0.331268607148694,1,3,0.000500000000000002,1,123,1000,2,"bernoulli","linesearch",0.000800000000000004,5,"5*eta0",0.00400000000000002,4.00000000000002,"linesearch | 5*eta0"
192,-337269.434656729,0.32532597220852,1,3,0.000500000000000002,1,123,1000,2,"bernoulli","linesearch",0.000800000000000004,5,"5*eta0",0.00400000000000002,4.00000000000002,"linesearch | 5*eta0"
193,-337269.43277572,0.319492970448241,1,3,0.000500000000000002,1,123,1000,2,"bernoulli","linesearch",0.000800000000000004,5,"5*eta0",0.00400000000000002,4.00000000000002,"linesearch | 5*eta0"
194,-337269.430962189,0.313767480379816,1,3,0.000500000000000002,1,123,1000,2,"bernoulli","linesearch",0.000800000000000004,5,"5*eta0",0.00400000000000002,4.00000000000002,"linesearch | 5*eta0"
195,-337269.429213662,0.308147424966974,1,3,0.000500000000000002,1,123,1000,2,"bernoulli","linesearch",0.000800000000000004,5,"5*eta0",0.00400000000000002,4.00000000000002,"linesearch | 5*eta0"
196,-337269.42752778,0.302630770574038,1,3,0.000500000000000002,1,123,1000,2,"bernoulli","linesearch",0.000800000000000004,5,"5*eta0",0.00400000000000002,4.00000000000002,"linesearch | 5*eta0"
197,-337269.425902217,0.297215525943816,1,3,0.000500000000000002,1,123,1000,2,"bernoulli","linesearch",0.000800000000000004,5,"5*eta0",0.00400000000000002,4.00000000000002,"linesearch | 5*eta0"
198,-337269.424334828,0.29189974120374,1,3,0.000500000000000002,1,123,1000,2,"bernoulli","linesearch",0.000800000000000004,5,"5*eta0",0.00400000000000002,4.00000000000002,"linesearch | 5*eta0"
199,-337269.422823445,0.286681506898999,1,3,0.000500000000000002,1,123,1000,2,"bernoulli","linesearch",0.000800000000000004,5,"5*eta0",0.00400000000000002,4.00000000000002,"linesearch | 5*eta0"
200,-337269.421366049,0.281558953052178,1,3,0.000500000000000002,1,123,1000,2,"bernoulli","linesearch",0.000800000000000004,5,"5*eta0",0.00400000000000002,4.00000000000002,"linesearch | 5*eta0"
201,-337269.419960663,0.276530248248168,1,3,0.000500000000000002,1,123,1000,2,"bernoulli","linesearch",0.000800000000000004,5,"5*eta0",0.00400000000000002,4.00000000000002,"linesearch | 5*eta0"
202,-337269.418605382,0.271593598743979,1,3,0.000500000000000002,1,123,1000,2,"bernoulli","linesearch",0.000800000000000004,5,"5*eta0",0.00400000000000002,4.00000000000002,"linesearch | 5*eta0"
203,-337269.41729842,0.266747247602279,1,3,0.000500000000000002,1,123,1000,2,"bernoulli","linesearch",0.000800000000000004,5,"5*eta0",0.00400000000000002,4.00000000000002,"linesearch | 5*eta0"
204,-337269.416038002,0.261989473848039,1,3,0.000500000000000002,1,123,1000,2,"bernoulli","linesearch",0.000800000000000004,5,"5*eta0",0.00400000000000002,4.00000000000002,"linesearch | 5*eta0"
205,-337269.414822435,0.25731859164781,1,3,0.000500000000000002,1,123,1000,2,"bernoulli","linesearch",0.000800000000000004,5,"5*eta0",0.00400000000000002,4.00000000000002,"linesearch | 5*eta0"
206,-337269.413650102,0.252732949510325,1,3,0.000500000000000002,1,123,1000,2,"bernoulli","linesearch",0.000800000000000004,5,"5*eta0",0.00400000000000002,4.00000000000002,"linesearch | 5*eta0"
207,-337269.412519437,0.248230929508516,1,3,0.000500000000000002,1,123,1000,2,"bernoulli","linesearch",0.000800000000000004,5,"5*eta0",0.00400000000000002,4.00000000000002,"linesearch | 5*eta0"
208,-337269.411428928,0.243810946521575,1,3,0.000500000000000002,1,123,1000,2,"bernoulli","linesearch",0.000800000000000004,5,"5*eta0",0.00400000000000002,4.00000000000002,"linesearch | 5*eta0"
209,-337269.41037711,0.239471447497079,1,3,0.000500000000000002,1,123,1000,2,"bernoulli","linesearch",0.000800000000000004,5,"5*eta0",0.00400000000000002,4.00000000000002,"linesearch | 5*eta0"
210,-337269.409362619,0.235210910732047,1,3,0.000500000000000002,1,123,1000,2,"bernoulli","linesearch",0.000800000000000004,5,"5*eta0",0.00400000000000002,4.00000000000002,"linesearch | 5*eta0"
211,-337269.408384076,0.231027845172479,1,3,0.000500000000000002,1,123,1000,2,"bernoulli","linesearch",0.000800000000000004,5,"5*eta0",0.00400000000000002,4.00000000000002,"linesearch | 5*eta0"
212,-337269.407440203,0.22692078973125,1,3,0.000500000000000002,1,123,1000,2,"bernoulli","linesearch",0.000800000000000004,5,"5*eta0",0.00400000000000002,4.00000000000002,"linesearch | 5*eta0"
213,-337269.406529736,0.222888312623128,1,3,0.000500000000000002,1,123,1000,2,"bernoulli","linesearch",0.000800000000000004,5,"5*eta0",0.00400000000000002,4.00000000000002,"linesearch | 5*eta0"
214,-337269.405651492,0.218929010716779,1,3,0.000500000000000002,1,123,1000,2,"bernoulli","linesearch",0.000800000000000004,5,"5*eta0",0.00400000000000002,4.00000000000002,"linesearch | 5*eta0"
215,-337269.40480428,0.215041508903338,1,3,0.000500000000000002,1,123,1000,2,"bernoulli","linesearch",0.000800000000000004,5,"5*eta0",0.00400000000000002,4.00000000000002,"linesearch | 5*eta0"
216,-337269.403987023,0.211224459480843,1,3,0.000500000000000002,1,123,1000,2,"bernoulli","linesearch",0.000800000000000004,5,"5*eta0",0.00400000000000002,4.00000000000002,"linesearch | 5*eta0"
217,-337269.403198618,0.207476541554067,1,3,0.000500000000000002,1,123,1000,2,"bernoulli","linesearch",0.000800000000000004,5,"5*eta0",0.00400000000000002,4.00000000000002,"linesearch | 5*eta0"
218,-337269.40243802,0.20379646044945,1,3,0.000500000000000002,1,123,1000,2,"bernoulli","linesearch",0.000800000000000004,5,"5*eta0",0.00400000000000002,4.00000000000002,"linesearch | 5*eta0"
219,-337269.401704256,0.200182947144581,1,3,0.000500000000000002,1,123,1000,2,"bernoulli","linesearch",0.000800000000000004,5,"5*eta0",0.00400000000000002,4.00000000000002,"linesearch | 5*eta0"
220,-337269.400996358,0.196634757711812,1,3,0.000500000000000002,1,123,1000,2,"bernoulli","linesearch",0.000800000000000004,5,"5*eta0",0.00400000000000002,4.00000000000002,"linesearch | 5*eta0"
221,-337269.4003134,0.193150672775689,1,3,0.000500000000000002,1,123,1000,2,"bernoulli","linesearch",0.000800000000000004,5,"5*eta0",0.00400000000000002,4.00000000000002,"linesearch | 5*eta0"
222,-337269.399654482,0.189729496983519,1,3,0.000500000000000002,1,123,1000,2,"bernoulli","linesearch",0.000800000000000004,5,"5*eta0",0.00400000000000002,4.00000000000002,"linesearch | 5*eta0"
223,-337269.399018742,0.186370058489169,1,3,0.000500000000000002,1,123,1000,2,"bernoulli","linesearch",0.000800000000000004,5,"5*eta0",0.00400000000000002,4.00000000000002,"linesearch | 5*eta0"
224,-337269.398405385,0.183071208449257,1,3,0.000500000000000002,1,123,1000,2,"bernoulli","linesearch",0.000800000000000004,5,"5*eta0",0.00400000000000002,4.00000000000002,"linesearch | 5*eta0"
225,-337269.397813553,0.17983182053164,1,3,0.000500000000000002,1,123,1000,2,"bernoulli","linesearch",0.000800000000000004,5,"5*eta0",0.00400000000000002,4.00000000000002,"linesearch | 5*eta0"
226,-337269.397242531,0.176650790435808,1,3,0.000500000000000002,1,123,1000,2,"bernoulli","linesearch",0.000800000000000004,5,"5*eta0",0.00400000000000002,4.00000000000002,"linesearch | 5*eta0"
227,-337269.396691535,0.173527035424732,1,3,0.000500000000000002,1,123,1000,2,"bernoulli","linesearch",0.000800000000000004,5,"5*eta0",0.00400000000000002,4.00000000000002,"linesearch | 5*eta0"
228,-337269.396159896,0.17045949386815,1,3,0.000500000000000002,1,123,1000,2,"bernoulli","linesearch",0.000800000000000004,5,"5*eta0",0.00400000000000002,4.00000000000002,"linesearch | 5*eta0"
229,-337269.395646875,0.167447124796476,1,3,0.000500000000000002,1,123,1000,2,"bernoulli","linesearch",0.000800000000000004,5,"5*eta0",0.00400000000000002,4.00000000000002,"linesearch | 5*eta0"
230,-337269.395151834,0.164488907465592,1,3,0.000500000000000002,1,123,1000,2,"bernoulli","linesearch",0.000800000000000004,5,"5*eta0",0.00400000000000002,4.00000000000002,"linesearch | 5*eta0"
231,-337269.394674153,0.161583840931714,1,3,0.000500000000000002,1,123,1000,2,"bernoulli","linesearch",0.000800000000000004,5,"5*eta0",0.00400000000000002,4.00000000000002,"linesearch | 5*eta0"
232,-337269.394213187,0.158730943636569,1,3,0.000500000000000002,1,123,1000,2,"bernoulli","linesearch",0.000800000000000004,5,"5*eta0",0.00400000000000002,4.00000000000002,"linesearch | 5*eta0"
233,-337269.39376834,0.155929253002038,1,3,0.000500000000000002,1,123,1000,2,"bernoulli","linesearch",0.000800000000000004,5,"5*eta0",0.00400000000000002,4.00000000000002,"linesearch | 5*eta0"
234,-337269.393339056,0.153177825034526,1,3,0.000500000000000002,1,123,1000,2,"bernoulli","linesearch",0.000800000000000004,5,"5*eta0",0.00400000000000002,4.00000000000002,"linesearch | 5*eta0"
235,-337269.392924774,0.150475733938433,1,3,0.000500000000000002,1,123,1000,2,"bernoulli","linesearch",0.000800000000000004,5,"5*eta0",0.00400000000000002,4.00000000000002,"linesearch | 5*eta0"
236,-337269.392524971,0.147822071738635,1,3,0.000500000000000002,1,123,1000,2,"bernoulli","linesearch",0.000800000000000004,5,"5*eta0",0.00400000000000002,4.00000000000002,"linesearch | 5*eta0"
237,-337269.392139116,0.145215947911767,1,3,0.000500000000000002,1,123,1000,2,"bernoulli","linesearch",0.000800000000000004,5,"5*eta0",0.00400000000000002,4.00000000000002,"linesearch | 5*eta0"
238,-337269.391766741,0.142656489026023,1,3,0.000500000000000002,1,123,1000,2,"bernoulli","linesearch",0.000800000000000004,5,"5*eta0",0.00400000000000002,4.00000000000002,"linesearch | 5*eta0"
239,-337269.391407365,0.140142838389089,1,3,0.000500000000000002,1,123,1000,2,"bernoulli","linesearch",0.000800000000000004,5,"5*eta0",0.00400000000000002,4.00000000000002,"linesearch | 5*eta0"
240,-337269.391060499,0.137674155704342,1,3,0.000500000000000002,1,123,1000,2,"bernoulli","linesearch",0.000800000000000004,5,"5*eta0",0.00400000000000002,4.00000000000002,"linesearch | 5*eta0"
241,-337269.390725725,0.135249616734802,1,3,0.000500000000000002,1,123,1000,2,"bernoulli","linesearch",0.000800000000000004,5,"5*eta0",0.00400000000000002,4.00000000000002,"linesearch | 5*eta0"
242,-337269.390402596,0.132868412974665,1,3,0.000500000000000002,1,123,1000,2,"bernoulli","linesearch",0.000800000000000004,5,"5*eta0",0.00400000000000002,4.00000000000002,"linesearch | 5*eta0"
243,-337269.390090739,0.130529751328553,1,3,0.000500000000000002,1,123,1000,2,"bernoulli","linesearch",0.000800000000000004,5,"5*eta0",0.00400000000000002,4.00000000000002,"linesearch | 5*eta0"
244,-337269.389789734,0.128232853797548,1,3,0.000500000000000002,1,123,1000,2,"bernoulli","linesearch",0.000800000000000004,5,"5*eta0",0.00400000000000002,4.00000000000002,"linesearch | 5*eta0"
245,-337269.389499178,0.125976957172787,1,3,0.000500000000000002,1,123,1000,2,"bernoulli","linesearch",0.000800000000000004,5,"5*eta0",0.00400000000000002,4.00000000000002,"linesearch | 5*eta0"
246,-337269.389218745,0.12376131273568,1,3,0.000500000000000002,1,123,1000,2,"bernoulli","linesearch",0.000800000000000004,5,"5*eta0",0.00400000000000002,4.00000000000002,"linesearch | 5*eta0"
247,-337269.388948049,0.121585185964812,1,3,0.000500000000000002,1,123,1000,2,"bernoulli","linesearch",0.000800000000000004,5,"5*eta0",0.00400000000000002,4.00000000000002,"linesearch | 5*eta0"
248,-337269.388686759,0.119447856249455,1,3,0.000500000000000002,1,123,1000,2,"bernoulli","linesearch",0.000800000000000004,5,"5*eta0",0.00400000000000002,4.00000000000002,"linesearch | 5*eta0"
249,-337269.388434517,0.117348616609506,1,3,0.000500000000000002,1,123,1000,2,"bernoulli","linesearch",0.000800000000000004,5,"5*eta0",0.00400000000000002,4.00000000000002,"linesearch | 5*eta0"
250,-337269.388191044,0.115286773421506,1,3,0.000500000000000002,1,123,1000,2,"bernoulli","linesearch",0.000800000000000004,5,"5*eta0",0.00400000000000002,4.00000000000002,"linesearch | 5*eta0"
251,-337269.38795602,0.113261646150779,1,3,0.000500000000000002,1,123,1000,2,"bernoulli","linesearch",0.000800000000000004,5,"5*eta0",0.00400000000000002,4.00000000000002,"linesearch | 5*eta0"
252,-337269.38772913,0.11127256708943,1,3,0.000500000000000002,1,123,1000,2,"bernoulli","linesearch",0.000800000000000004,5,"5*eta0",0.00400000000000002,4.00000000000002,"linesearch | 5*eta0"
253,-337269.387510116,0.109318881100192,1,3,0.000500000000000002,1,123,1000,2,"bernoulli","linesearch",0.000800000000000004,5,"5*eta0",0.00400000000000002,4.00000000000002,"linesearch | 5*eta0"
254,-337269.387298665,0.107399945365704,1,3,0.000500000000000002,1,123,1000,2,"bernoulli","linesearch",0.000800000000000004,5,"5*eta0",0.00400000000000002,4.00000000000002,"linesearch | 5*eta0"
255,-337269.387094555,0.105515129143442,1,3,0.000500000000000002,1,123,1000,2,"bernoulli","linesearch",0.000800000000000004,5,"5*eta0",0.00400000000000002,4.00000000000002,"linesearch | 5*eta0"
256,-337269.386897505,0.10366381352587,1,3,0.000500000000000002,1,123,1000,2,"bernoulli","linesearch",0.000800000000000004,5,"5*eta0",0.00400000000000002,4.00000000000002,"linesearch | 5*eta0"
257,-337269.386707261,0.101845391205824,1,3,0.000500000000000002,1,123,1000,2,"bernoulli","linesearch",0.000800000000000004,5,"5*eta0",0.00400000000000002,4.00000000000002,"linesearch | 5*eta0"
258,-337269.386523593,0.100059266246934,1,3,0.000500000000000002,1,123,1000,2,"bernoulli","linesearch",0.000800000000000004,5,"5*eta0",0.00400000000000002,4.00000000000002,"linesearch | 5*eta0"
259,-337269.386346284,0.0983048538591157,1,3,0.000500000000000002,1,123,1000,2,"bernoulli","linesearch",0.000800000000000004,5,"5*eta0",0.00400000000000002,4.00000000000002,"linesearch | 5*eta0"
260,-337269.386175097,0.0965815801786748,1,3,0.000500000000000002,1,123,1000,2,"bernoulli","linesearch",0.000800000000000004,5,"5*eta0",0.00400000000000002,4.00000000000002,"linesearch | 5*eta0"
261,-337269.386009817,0.0948888820533932,1,3,0.000500000000000002,1,123,1000,2,"bernoulli","linesearch",0.000800000000000004,5,"5*eta0",0.00400000000000002,4.00000000000002,"linesearch | 5*eta0"
262,-337269.385850246,0.0932262068319319,1,3,0.000500000000000002,1,123,1000,2,"bernoulli","linesearch",0.000800000000000004,5,"5*eta0",0.00400000000000002,4.00000000000002,"linesearch | 5*eta0"
263,-337269.385696186,0.0915930121579625,1,3,0.000500000000000002,1,123,1000,2,"bernoulli","linesearch",0.000800000000000004,5,"5*eta0",0.00400000000000002,4.00000000000002,"linesearch | 5*eta0"
264,-337269.385547424,0.0899887657685434,1,3,0.000500000000000002,1,123,1000,2,"bernoulli","linesearch",0.000800000000000004,5,"5*eta0",0.00400000000000002,4.00000000000002,"linesearch | 5*eta0"
265,-337269.385403806,0.088412945296761,1,3,0.000500000000000002,1,123,1000,2,"bernoulli","linesearch",0.000800000000000004,5,"5*eta0",0.00400000000000002,4.00000000000002,"linesearch | 5*eta0"
266,-337269.385265125,0.086865038078665,1,3,0.000500000000000002,1,123,1000,2,"bernoulli","linesearch",0.000800000000000004,5,"5*eta0",0.00400000000000002,4.00000000000002,"linesearch | 5*eta0"
267,-337269.38513123,0.0853445409641463,1,3,0.000500000000000002,1,123,1000,2,"bernoulli","linesearch",0.000800000000000004,5,"5*eta0",0.00400000000000002,4.00000000000002,"linesearch | 5*eta0"
268,-337269.385001935,0.0838509601318578,1,3,0.000500000000000002,1,123,1000,2,"bernoulli","linesearch",0.000800000000000004,5,"5*eta0",0.00400000000000002,4.00000000000002,"linesearch | 5*eta0"
269,-337269.384877103,0.0823838109079759,1,3,0.000500000000000002,1,123,1000,2,"bernoulli","linesearch",0.000800000000000004,5,"5*eta0",0.00400000000000002,4.00000000000002,"linesearch | 5*eta0"
270,-337269.384756556,0.0809426175888912,1,3,0.000500000000000002,1,123,1000,2,"bernoulli","linesearch",0.000800000000000004,5,"5*eta0",0.00400000000000002,4.00000000000002,"linesearch | 5*eta0"
271,-337269.384640155,0.0795269132673536,1,3,0.000500000000000002,1,123,1000,2,"bernoulli","linesearch",0.000800000000000004,5,"5*eta0",0.00400000000000002,4.00000000000002,"linesearch | 5*eta0"
272,-337269.384527759,0.0781362396625156,1,3,0.000500000000000002,1,123,1000,2,"bernoulli","linesearch",0.000800000000000004,5,"5*eta0",0.00400000000000002,4.00000000000002,"linesearch | 5*eta0"
273,-337269.384419227,0.0767701469532478,1,3,0.000500000000000002,1,123,1000,2,"bernoulli","linesearch",0.000800000000000004,5,"5*eta0",0.00400000000000002,4.00000000000002,"linesearch | 5*eta0"
274,-337269.38431443,0.0754281936151785,1,3,0.000500000000000002,1,123,1000,2,"bernoulli","linesearch",0.000800000000000004,5,"5*eta0",0.00400000000000002,4.00000000000002,"linesearch | 5*eta0"
275,-337269.384213212,0.074109946260844,1,3,0.000500000000000002,1,123,1000,2,"bernoulli","linesearch",0.000800000000000004,5,"5*eta0",0.00400000000000002,4.00000000000002,"linesearch | 5*eta0"
276,-337269.384115487,0.0728149794833254,1,3,0.000500000000000002,1,123,1000,2,"bernoulli","linesearch",0.000800000000000004,5,"5*eta0",0.00400000000000002,4.00000000000002,"linesearch | 5*eta0"
277,-337269.384021105,0.0715428757030105,1,3,0.000500000000000002,1,123,1000,2,"bernoulli","linesearch",0.000800000000000004,5,"5*eta0",0.00400000000000002,4.00000000000002,"linesearch | 5*eta0"
278,-337269.383929962,0.0702932250175299,1,3,0.000500000000000002,1,123,1000,2,"bernoulli","linesearch",0.000800000000000004,5,"5*eta0",0.00400000000000002,4.00000000000002,"linesearch | 5*eta0"
279,-337269.383841935,0.0690656250547576,1,3,0.000500000000000002,1,123,1000,2,"bernoulli","linesearch",0.000800000000000004,5,"5*eta0",0.00400000000000002,4.00000000000002,"linesearch | 5*eta0"
280,-337269.383756944,0.0678596808288262,1,3,0.000500000000000002,1,123,1000,2,"bernoulli","linesearch",0.000800000000000004,5,"5*eta0",0.00400000000000002,4.00000000000002,"linesearch | 5*eta0"
281,-337269.383674863,0.0666750045991143,1,3,0.000500000000000002,1,123,1000,2,"bernoulli","linesearch",0.000800000000000004,5,"5*eta0",0.00400000000000002,4.00000000000002,"linesearch | 5*eta0"
282,-337269.383595575,0.0655112157320348,1,3,0.000500000000000002,1,123,1000,2,"bernoulli","linesearch",0.000800000000000004,5,"5*eta0",0.00400000000000002,4.00000000000002,"linesearch | 5*eta0"
283,-337269.383519012,0.0643679405656824,1,3,0.000500000000000002,1,123,1000,2,"bernoulli","linesearch",0.000800000000000004,5,"5*eta0",0.00400000000000002,4.00000000000002,"linesearch | 5*eta0"
284,-337269.383445076,0.0632448122771837,1,3,0.000500000000000002,1,123,1000,2,"bernoulli","linesearch",0.000800000000000004,5,"5*eta0",0.00400000000000002,4.00000000000002,"linesearch | 5*eta0"
285,-337269.383373675,0.0621414707527937,1,3,0.000500000000000002,1,123,1000,2,"bernoulli","linesearch",0.000800000000000004,5,"5*eta0",0.00400000000000002,4.00000000000002,"linesearch | 5*eta0"
286,-337269.383304698,0.0610575624605773,1,3,0.000500000000000002,1,123,1000,2,"bernoulli","linesearch",0.000800000000000004,5,"5*eta0",0.00400000000000002,4.00000000000002,"linesearch | 5*eta0"
287,-337269.38323809,0.059992740325615,1,3,0.000500000000000002,1,123,1000,2,"bernoulli","linesearch",0.000800000000000004,5,"5*eta0",0.00400000000000002,4.00000000000002,"linesearch | 5*eta0"
288,-337269.383173763,0.0589466636078165,1,3,0.000500000000000002,1,123,1000,2,"bernoulli","linesearch",0.000800000000000004,5,"5*eta0",0.00400000000000002,4.00000000000002,"linesearch | 5*eta0"
289,-337269.383111609,0.0579189977821051,1,3,0.000500000000000002,1,123,1000,2,"bernoulli","linesearch",0.000800000000000004,5,"5*eta0",0.00400000000000002,4.00000000000002,"linesearch | 5*eta0"
290,-337269.383051591,0.056909414421008,1,3,0.000500000000000002,1,123,1000,2,"bernoulli","linesearch",0.000800000000000004,5,"5*eta0",0.00400000000000002,4.00000000000002,"linesearch | 5*eta0"
291,-337269.382993627,0.0559175910796647,1,3,0.000500000000000002,1,123,1000,2,"bernoulli","linesearch",0.000800000000000004,5,"5*eta0",0.00400000000000002,4.00000000000002,"linesearch | 5*eta0"
292,-337269.382937637,0.0549432111830403,1,3,0.000500000000000002,1,123,1000,2,"bernoulli","linesearch",0.000800000000000004,5,"5*eta0",0.00400000000000002,4.00000000000002,"linesearch | 5*eta0"
293,-337269.382883572,0.053985963915444,1,3,0.000500000000000002,1,123,1000,2,"bernoulli","linesearch",0.000800000000000004,5,"5*eta0",0.00400000000000002,4.00000000000002,"linesearch | 5*eta0"
294,-337269.382831349,0.0530455441122003,1,3,0.000500000000000002,1,123,1000,2,"bernoulli","linesearch",0.000800000000000004,5,"5*eta0",0.00400000000000002,4.00000000000002,"linesearch | 5*eta0"
295,-337269.382780887,0.0521216521535695,1,3,0.000500000000000002,1,123,1000,2,"bernoulli","linesearch",0.000800000000000004,5,"5*eta0",0.00400000000000002,4.00000000000002,"linesearch | 5*eta0"
296,-337269.382732156,0.0512139938605984,1,3,0.000500000000000002,1,123,1000,2,"bernoulli","linesearch",0.000800000000000004,5,"5*eta0",0.00400000000000002,4.00000000000002,"linesearch | 5*eta0"
297,-337269.382685088,0.0503222803932123,1,3,0.000500000000000002,1,123,1000,2,"bernoulli","linesearch",0.000800000000000004,5,"5*eta0",0.00400000000000002,4.00000000000002,"linesearch | 5*eta0"
298,-337269.382639615,0.0494462281501493,1,3,0.000500000000000002,1,123,1000,2,"bernoulli","linesearch",0.000800000000000004,5,"5*eta0",0.00400000000000002,4.00000000000002,"linesearch | 5*eta0"
299,-337269.382595702,0.0485855586710849,1,3,0.000500000000000002,1,123,1000,2,"bernoulli","linesearch",0.000800000000000004,5,"5*eta0",0.00400000000000002,4.00000000000002,"linesearch | 5*eta0"
300,-337269.382553286,0.0477399985404219,1,3,0.000500000000000002,1,123,1000,2,"bernoulli","linesearch",0.000800000000000004,5,"5*eta0",0.00400000000000002,4.00000000000002,"linesearch | 5*eta0"
301,-337269.38251229,0.046909279293147,1,3,0.000500000000000002,1,123,1000,2,"bernoulli","linesearch",0.000800000000000004,5,"5*eta0",0.00400000000000002,4.00000000000002,"linesearch | 5*eta0"
302,-337269.382472726,0.0460931373225105,1,3,0.000500000000000002,1,123,1000,2,"bernoulli","linesearch",0.000800000000000004,5,"5*eta0",0.00400000000000002,4.00000000000002,"linesearch | 5*eta0"
303,-337269.382434481,0.0452913137894648,1,3,0.000500000000000002,1,123,1000,2,"bernoulli","linesearch",0.000800000000000004,5,"5*eta0",0.00400000000000002,4.00000000000002,"linesearch | 5*eta0"
304,-337269.382397538,0.0445035545339033,1,3,0.000500000000000002,1,123,1000,2,"bernoulli","linesearch",0.000800000000000004,5,"5*eta0",0.00400000000000002,4.00000000000002,"linesearch | 5*eta0"
305,-337269.382361863,0.0437338002724911,1,3,0.000500000000000002,1,123,1000,2,"bernoulli","linesearch",0.000800000000000004,5,"5*eta0",0.00400000000000002,4.00000000000002,"linesearch | 5*eta0"
306,-337269.382327379,0.0429778411108294,1,3,0.000500000000000002,1,123,1000,2,"bernoulli","linesearch",0.000800000000000004,5,"5*eta0",0.00400000000000002,4.00000000000002,"linesearch | 5*eta0"
307,-337269.382294069,0.042235124462372,1,3,0.000500000000000002,1,123,1000,2,"bernoulli","linesearch",0.000800000000000004,5,"5*eta0",0.00400000000000002,4.00000000000002,"linesearch | 5*eta0"
308,-337269.382261907,0.0415054143015246,1,3,0.000500000000000002,1,123,1000,2,"bernoulli","linesearch",0.000800000000000004,5,"5*eta0",0.00400000000000002,4.00000000000002,"linesearch | 5*eta0"
309,-337269.382230848,0.040788478907811,1,3,0.000500000000000002,1,123,1000,2,"bernoulli","linesearch",0.000800000000000004,5,"5*eta0",0.00400000000000002,4.00000000000002,"linesearch | 5*eta0"
310,-337269.382200824,0.0400840907847865,1,3,0.000500000000000002,1,123,1000,2,"bernoulli","linesearch",0.000800000000000004,5,"5*eta0",0.00400000000000002,4.00000000000002,"linesearch | 5*eta0"
311,-337269.382171805,0.0393920265805955,1,3,0.000500000000000002,1,123,1000,2,"bernoulli","linesearch",0.000800000000000004,5,"5*eta0",0.00400000000000002,4.00000000000002,"linesearch | 5*eta0"
312,-337269.382143795,0.0387120670100499,1,3,0.000500000000000002,1,123,1000,2,"bernoulli","linesearch",0.000800000000000004,5,"5*eta0",0.00400000000000002,4.00000000000002,"linesearch | 5*eta0"
313,-337269.382116732,0.03804399677829,1,3,0.000500000000000002,1,123,1000,2,"bernoulli","linesearch",0.000800000000000004,5,"5*eta0",0.00400000000000002,4.00000000000002,"linesearch | 5*eta0"
314,-337269.382090573,0.0373876045058994,1,3,0.000500000000000002,1,123,1000,2,"bernoulli","linesearch",0.000800000000000004,5,"5*eta0",0.00400000000000002,4.00000000000002,"linesearch | 5*eta0"
315,-337269.382065314,0.0367426826554721,1,3,0.000500000000000002,1,123,1000,2,"bernoulli","linesearch",0.000800000000000004,5,"5*eta0",0.00400000000000002,4.00000000000002,"linesearch | 5*eta0"
316,-337269.382040898,0.036109027459691,1,3,0.000500000000000002,1,123,1000,2,"bernoulli","linesearch",0.000800000000000004,5,"5*eta0",0.00400000000000002,4.00000000000002,"linesearch | 5*eta0"
317,-337269.38201732,0.035486438850736,1,3,0.000500000000000002,1,123,1000,2,"bernoulli","linesearch",0.000800000000000004,5,"5*eta0",0.00400000000000002,4.00000000000002,"linesearch | 5*eta0"
318,-337269.381994549,0.0348747203910951,1,3,0.000500000000000002,1,123,1000,2,"bernoulli","linesearch",0.000800000000000004,5,"5*eta0",0.00400000000000002,4.00000000000002,"linesearch | 5*eta0"
319,-337269.381972518,0.0342736792057556,1,3,0.000500000000000002,1,123,1000,2,"bernoulli","linesearch",0.000800000000000004,5,"5*eta0",0.00400000000000002,4.00000000000002,"linesearch | 5*eta0"
320,-337269.38195126,0.033683125915612,1,3,0.000500000000000002,1,123,1000,2,"bernoulli","linesearch",0.000800000000000004,5,"5*eta0",0.00400000000000002,4.00000000000002,"linesearch | 5*eta0"
321,-337269.381930693,0.033102874572353,1,3,0.000500000000000002,1,123,1000,2,"bernoulli","linesearch",0.000800000000000004,5,"5*eta0",0.00400000000000002,4.00000000000002,"linesearch | 5*eta0"
322,-337269.381910845,0.032532742594409,1,3,0.000500000000000002,1,123,1000,2,"bernoulli","linesearch",0.000800000000000004,5,"5*eta0",0.00400000000000002,4.00000000000002,"linesearch | 5*eta0"
323,-337269.381891667,0.031972550704297,1,3,0.000500000000000002,1,123,1000,2,"bernoulli","linesearch",0.000800000000000004,5,"5*eta0",0.00400000000000002,4.00000000000002,"linesearch | 5*eta0"
324,-337269.38187315,0.0314221228670659,1,3,0.000500000000000002,1,123,1000,2,"bernoulli","linesearch",0.000800000000000004,5,"5*eta0",0.00400000000000002,4.00000000000002,"linesearch | 5*eta0"
325,-337269.381855235,0.0308812862300154,1,3,0.000500000000000002,1,123,1000,2,"bernoulli","linesearch",0.000800000000000004,5,"5*eta0",0.00400000000000002,4.00000000000002,"linesearch | 5*eta0"
326,-337269.381837924,0.0303498710635586,1,3,0.000500000000000002,1,123,1000,2,"bernoulli","linesearch",0.000800000000000004,5,"5*eta0",0.00400000000000002,4.00000000000002,"linesearch | 5*eta0"
327,-337269.381821214,0.0298277107031829,1,3,0.000500000000000002,1,123,1000,2,"bernoulli","linesearch",0.000800000000000004,5,"5*eta0",0.00400000000000002,4.00000000000002,"linesearch | 5*eta0"
328,-337269.381805074,0.0293146414926363,1,3,0.000500000000000002,1,123,1000,2,"bernoulli","linesearch",0.000800000000000004,5,"5*eta0",0.00400000000000002,4.00000000000002,"linesearch | 5*eta0"
329,-337269.381789462,0.0288105027280567,1,3,0.000500000000000002,1,123,1000,2,"bernoulli","linesearch",0.000800000000000004,5,"5*eta0",0.00400000000000002,4.00000000000002,"linesearch | 5*eta0"
330,-337269.381774373,0.0283151366032945,1,3,0.000500000000000002,1,123,1000,2,"bernoulli","linesearch",0.000800000000000004,5,"5*eta0",0.00400000000000002,4.00000000000002,"linesearch | 5*eta0"
331,-337269.381759814,0.0278283881562514,1,3,0.000500000000000002,1,123,1000,2,"bernoulli","linesearch",0.000800000000000004,5,"5*eta0",0.00400000000000002,4.00000000000002,"linesearch | 5*eta0"
332,-337269.38174573,0.0273501052162652,1,3,0.000500000000000002,1,123,1000,2,"bernoulli","linesearch",0.000800000000000004,5,"5*eta0",0.00400000000000002,4.00000000000002,"linesearch | 5*eta0"
333,-337269.381732126,0.0268801383524596,1,3,0.000500000000000002,1,123,1000,2,"bernoulli","linesearch",0.000800000000000004,5,"5*eta0",0.00400000000000002,4.00000000000002,"linesearch | 5*eta0"
334,-337269.381718975,0.0264183408231239,1,3,0.000500000000000002,1,123,1000,2,"bernoulli","linesearch",0.000800000000000004,5,"5*eta0",0.00400000000000002,4.00000000000002,"linesearch | 5*eta0"
335,-337269.38170628,0.0259645685260664,1,3,0.000500000000000002,1,123,1000,2,"bernoulli","linesearch",0.000800000000000004,5,"5*eta0",0.00400000000000002,4.00000000000002,"linesearch | 5*eta0"
336,-337269.381694013,0.0255186799498711,1,3,0.000500000000000002,1,123,1000,2,"bernoulli","linesearch",0.000800000000000004,5,"5*eta0",0.00400000000000002,4.00000000000002,"linesearch | 5*eta0"
337,-337269.381682127,0.0250805361261446,1,3,0.000500000000000002,1,123,1000,2,"bernoulli","linesearch",0.000800000000000004,5,"5*eta0",0.00400000000000002,4.00000000000002,"linesearch | 5*eta0"
338,-337269.381670678,0.0246500005826572,1,3,0.000500000000000002,1,123,1000,2,"bernoulli","linesearch",0.000800000000000004,5,"5*eta0",0.00400000000000002,4.00000000000002,"linesearch | 5*eta0"
339,-337269.381659599,0.0242269392973311,1,3,0.000500000000000002,1,123,1000,2,"bernoulli","linesearch",0.000800000000000004,5,"5*eta0",0.00400000000000002,4.00000000000002,"linesearch | 5*eta0"
340,-337269.381648902,0.0238112206531548,1,3,0.000500000000000002,1,123,1000,2,"bernoulli","linesearch",0.000800000000000004,5,"5*eta0",0.00400000000000002,4.00000000000002,"linesearch | 5*eta0"
341,-337269.381638572,0.0234027153939804,1,3,0.000500000000000002,1,123,1000,2,"bernoulli","linesearch",0.000800000000000004,5,"5*eta0",0.00400000000000002,4.00000000000002,"linesearch | 5*eta0"
342,-337269.381628566,0.0230012965810909,1,3,0.000500000000000002,1,123,1000,2,"bernoulli","linesearch",0.000800000000000004,5,"5*eta0",0.00400000000000002,4.00000000000002,"linesearch | 5*eta0"
343,-337269.381618916,0.0226068395506213,1,3,0.000500000000000002,1,123,1000,2,"bernoulli","linesearch",0.000800000000000004,5,"5*eta0",0.00400000000000002,4.00000000000002,"linesearch | 5*eta0"
344,-337269.381609573,0.0222192218718179,1,3,0.000500000000000002,1,123,1000,2,"bernoulli","linesearch",0.000800000000000004,5,"5*eta0",0.00400000000000002,4.00000000000002,"linesearch | 5*eta0"
345,-337269.381600552,0.0218383233060514,1,3,0.000500000000000002,1,123,1000,2,"bernoulli","linesearch",0.000800000000000004,5,"5*eta0",0.00400000000000002,4.00000000000002,"linesearch | 5*eta0"
346,-337269.381591831,0.0214640257666469,1,3,0.000500000000000002,1,123,1000,2,"bernoulli","linesearch",0.000800000000000004,5,"5*eta0",0.00400000000000002,4.00000000000002,"linesearch | 5*eta0"
347,-337269.381583421,0.0210962132794225,1,3,0.000500000000000002,1,123,1000,2,"bernoulli","linesearch",0.000800000000000004,5,"5*eta0",0.00400000000000002,4.00000000000002,"linesearch | 5*eta0"
348,-337269.381575267,0.020734771943992,1,3,0.000500000000000002,1,123,1000,2,"bernoulli","linesearch",0.000800000000000004,5,"5*eta0",0.00400000000000002,4.00000000000002,"linesearch | 5*eta0"
349,-337269.381567423,0.0203795898958393,1,3,0.000500000000000002,1,123,1000,2,"bernoulli","linesearch",0.000800000000000004,5,"5*eta0",0.00400000000000002,4.00000000000002,"linesearch | 5*eta0"
350,-337269.381559815,0.0200305572690741,1,3,0.000500000000000002,1,123,1000,2,"bernoulli","linesearch",0.000800000000000004,5,"5*eta0",0.00400000000000002,4.00000000000002,"linesearch | 5*eta0"
351,-337269.381552467,0.0196875661598897,1,3,0.000500000000000002,1,123,1000,2,"bernoulli","linesearch",0.000800000000000004,5,"5*eta0",0.00400000000000002,4.00000000000002,"linesearch | 5*eta0"
352,-337269.381545363,0.0193505105906868,1,3,0.000500000000000002,1,123,1000,2,"bernoulli","linesearch",0.000800000000000004,5,"5*eta0",0.00400000000000002,4.00000000000002,"linesearch | 5*eta0"
353,-337269.381538497,0.0190192864749371,1,3,0.000500000000000002,1,123,1000,2,"bernoulli","linesearch",0.000800000000000004,5,"5*eta0",0.00400000000000002,4.00000000000002,"linesearch | 5*eta0"
354,-337269.381531871,0.0186937915826866,1,3,0.000500000000000002,1,123,1000,2,"bernoulli","linesearch",0.000800000000000004,5,"5*eta0",0.00400000000000002,4.00000000000002,"linesearch | 5*eta0"
355,-337269.381525477,0.0183739255066357,1,3,0.000500000000000002,1,123,1000,2,"bernoulli","linesearch",0.000800000000000004,5,"5*eta0",0.00400000000000002,4.00000000000002,"linesearch | 5*eta0"
356,-337269.381519272,0.0180595896289566,1,3,0.000500000000000002,1,123,1000,2,"bernoulli","linesearch",0.000800000000000004,5,"5*eta0",0.00400000000000002,4.00000000000002,"linesearch | 5*eta0"
357,-337269.381513282,0.0177506870887173,1,3,0.000500000000000002,1,123,1000,2,"bernoulli","linesearch",0.000800000000000004,5,"5*eta0",0.00400000000000002,4.00000000000002,"linesearch | 5*eta0"
358,-337269.381507482,0.0174471227498145,1,3,0.000500000000000002,1,123,1000,2,"bernoulli","linesearch",0.000800000000000004,5,"5*eta0",0.00400000000000002,4.00000000000002,"linesearch | 5*eta0"
359,-337269.381501912,0.0171488031696305,1,3,0.000500000000000002,1,123,1000,2,"bernoulli","linesearch",0.000800000000000004,5,"5*eta0",0.00400000000000002,4.00000000000002,"linesearch | 5*eta0"
360,-337269.381496504,0.0168556365682816,1,3,0.000500000000000002,1,123,1000,2,"bernoulli","linesearch",0.000800000000000004,5,"5*eta0",0.00400000000000002,4.00000000000002,"linesearch | 5*eta0"
361,-337269.381491286,0.0165675327983026,1,3,0.000500000000000002,1,123,1000,2,"bernoulli","linesearch",0.000800000000000004,5,"5*eta0",0.00400000000000002,4.00000000000002,"linesearch | 5*eta0"
362,-337269.381486237,0.0162844033150079,1,3,0.000500000000000002,1,123,1000,2,"bernoulli","linesearch",0.000800000000000004,5,"5*eta0",0.00400000000000002,4.00000000000002,"linesearch | 5*eta0"
363,-337269.38148135,0.0160061611474319,1,3,0.000500000000000002,1,123,1000,2,"bernoulli","linesearch",0.000800000000000004,5,"5*eta0",0.00400000000000002,4.00000000000002,"linesearch | 5*eta0"
364,-337269.381476636,0.0157327208697955,1,3,0.000500000000000002,1,123,1000,2,"bernoulli","linesearch",0.000800000000000004,5,"5*eta0",0.00400000000000002,4.00000000000002,"linesearch | 5*eta0"
365,-337269.381472083,0.0154639985733109,1,3,0.000500000000000002,1,123,1000,2,"bernoulli","linesearch",0.000800000000000004,5,"5*eta0",0.00400000000000002,4.00000000000002,"linesearch | 5*eta0"
366,-337269.381467675,0.0151999118388573,1,3,0.000500000000000002,1,123,1000,2,"bernoulli","linesearch",0.000800000000000004,5,"5*eta0",0.00400000000000002,4.00000000000002,"linesearch | 5*eta0"
367,-337269.381463412,0.0149403797099356,1,3,0.000500000000000002,1,123,1000,2,"bernoulli","linesearch",0.000800000000000004,5,"5*eta0",0.00400000000000002,4.00000000000002,"linesearch | 5*eta0"
368,-337269.381459322,0.0146853226661014,1,3,0.000500000000000002,1,123,1000,2,"bernoulli","linesearch",0.000800000000000004,5,"5*eta0",0.00400000000000002,4.00000000000002,"linesearch | 5*eta0"
369,-337269.381455331,0.0144346625970641,1,3,0.000500000000000002,1,123,1000,2,"bernoulli","linesearch",0.000800000000000004,5,"5*eta0",0.00400000000000002,4.00000000000002,"linesearch | 5*eta0"
370,-337269.381451479,0.0141883227771548,1,3,0.000500000000000002,1,123,1000,2,"bernoulli","linesearch",0.000800000000000004,5,"5*eta0",0.00400000000000002,4.00000000000002,"linesearch | 5*eta0"
371,-337269.381447754,0.0139462278402371,1,3,0.000500000000000002,1,123,1000,2,"bernoulli","linesearch",0.000800000000000004,5,"5*eta0",0.00400000000000002,4.00000000000002,"linesearch | 5*eta0"
372,-337269.381444169,0.0137083037551631,1,3,0.000500000000000002,1,123,1000,2,"bernoulli","linesearch",0.000800000000000004,5,"5*eta0",0.00400000000000002,4.00000000000002,"linesearch | 5*eta0"
373,-337269.381440693,0.0134744778016803,1,3,0.000500000000000002,1,123,1000,2,"bernoulli","linesearch",0.000800000000000004,5,"5*eta0",0.00400000000000002,4.00000000000002,"linesearch | 5*eta0"
374,-337269.381437354,0.0132446785467096,1,3,0.000500000000000002,1,123,1000,2,"bernoulli","linesearch",0.000800000000000004,5,"5*eta0",0.00400000000000002,4.00000000000002,"linesearch | 5*eta0"
375,-337269.381434106,0.0130188358211637,1,3,0.000500000000000002,1,123,1000,2,"bernoulli","linesearch",0.000800000000000004,5,"5*eta0",0.00400000000000002,4.00000000000002,"linesearch | 5*eta0"
376,-337269.381430971,0.0127968806970927,1,3,0.000500000000000002,1,123,1000,2,"bernoulli","linesearch",0.000800000000000004,5,"5*eta0",0.00400000000000002,4.00000000000002,"linesearch | 5*eta0"
377,-337269.381427939,0.0125787454653601,1,3,0.000500000000000002,1,123,1000,2,"bernoulli","linesearch",0.000800000000000004,5,"5*eta0",0.00400000000000002,4.00000000000002,"linesearch | 5*eta0"
378,-337269.381425008,0.0123643636136077,1,3,0.000500000000000002,1,123,1000,2,"bernoulli","linesearch",0.000800000000000004,5,"5*eta0",0.00400000000000002,4.00000000000002,"linesearch | 5*eta0"
379,-337269.381422191,0.0121536698047579,1,3,0.000500000000000002,1,123,1000,2,"bernoulli","linesearch",0.000800000000000004,5,"5*eta0",0.00400000000000002,4.00000000000002,"linesearch | 5*eta0"
380,-337269.381419452,0.0119465998558429,1,3,0.000500000000000002,1,123,1000,2,"bernoulli","linesearch",0.000800000000000004,5,"5*eta0",0.00400000000000002,4.00000000000002,"linesearch | 5*eta0"
381,-337269.38141679,0.0117430907171729,1,3,0.000500000000000002,1,123,1000,2,"bernoulli","linesearch",0.000800000000000004,5,"5*eta0",0.00400000000000002,4.00000000000002,"linesearch | 5*eta0"
382,-337269.381414242,0.0115430804520316,1,3,0.000500000000000002,1,123,1000,2,"bernoulli","linesearch",0.000800000000000004,5,"5*eta0",0.00400000000000002,4.00000000000002,"linesearch | 5*eta0"
383,-337269.381411782,0.0113465082165925,1,3,0.000500000000000002,1,123,1000,2,"bernoulli","linesearch",0.000800000000000004,5,"5*eta0",0.00400000000000002,4.00000000000002,"linesearch | 5*eta0"
384,-337269.381409399,0.0111533142403196,1,3,0.000500000000000002,1,123,1000,2,"bernoulli","linesearch",0.000800000000000004,5,"5*eta0",0.00400000000000002,4.00000000000002,"linesearch | 5*eta0"
385,-337269.381407067,0.0109634398067112,1,3,0.000500000000000002,1,123,1000,2,"bernoulli","linesearch",0.000800000000000004,5,"5*eta0",0.00400000000000002,4.00000000000002,"linesearch | 5*eta0"
386,-337269.381404847,0.0107768272342606,1,3,0.000500000000000002,1,123,1000,2,"bernoulli","linesearch",0.000800000000000004,5,"5*eta0",0.00400000000000002,4.00000000000002,"linesearch | 5*eta0"
387,-337269.381402673,0.0105934198579938,1,3,0.000500000000000002,1,123,1000,2,"bernoulli","linesearch",0.000800000000000004,5,"5*eta0",0.00400000000000002,4.00000000000002,"linesearch | 5*eta0"
388,-337269.38140059,0.0104131620111723,1,3,0.000500000000000002,1,123,1000,2,"bernoulli","linesearch",0.000800000000000004,5,"5*eta0",0.00400000000000002,4.00000000000002,"linesearch | 5*eta0"
389,-337269.381398577,0.0102359990074234,1,3,0.000500000000000002,1,123,1000,2,"bernoulli","linesearch",0.000800000000000004,5,"5*eta0",0.00400000000000002,4.00000000000002,"linesearch | 5*eta0"
390,-337269.381396619,0.0100618771231165,1,3,0.000500000000000002,1,123,1000,2,"bernoulli","linesearch",0.000800000000000004,5,"5*eta0",0.00400000000000002,4.00000000000002,"linesearch | 5*eta0"
391,-337269.381394753,0.00989074358018299,1,3,0.000500000000000002,1,123,1000,2,"bernoulli","linesearch",0.000800000000000004,5,"5*eta0",0.00400000000000002,4.00000000000002,"linesearch | 5*eta0"
